ISO-10303-21;
HEADER;
/* Generated by software containing ST-Developer
 * from STEP Tools, Inc. (www.steptools.com) 
 */

FILE_DESCRIPTION(
/* description */ (''),
/* implementation_level */ '2;1');

FILE_NAME(
/* name */ 'sensor holder.step',
/* time_stamp */ '2026-04-10T02:31:18+05:30',
/* author */ (''),
/* organization */ (''),
/* preprocessor_version */ 'ST-DEVELOPER v20.1',
/* originating_system */ 'Autodesk Translation Framework v14.24.0.0',
/* authorisation */ '');

FILE_SCHEMA (('AUTOMOTIVE_DESIGN { 1 0 10303 214 3 1 1 }'));
ENDSEC;

DATA;
#10=MECHANICAL_DESIGN_GEOMETRIC_PRESENTATION_REPRESENTATION('',(#13),#3943);
#11=SHAPE_REPRESENTATION_RELATIONSHIP('SRR','None',#3950,#12);
#12=ADVANCED_BREP_SHAPE_REPRESENTATION('',(#14),#3942);
#13=STYLED_ITEM('',(#3959),#14);
#14=MANIFOLD_SOLID_BREP('Body8',#1800);
#15=FACE_BOUND('',#501,.T.);
#16=FACE_BOUND('',#502,.T.);
#17=FACE_BOUND('',#578,.T.);
#18=FACE_BOUND('',#579,.T.);
#19=FACE_BOUND('',#580,.T.);
#20=FACE_BOUND('',#581,.T.);
#21=(
BOUNDED_SURFACE()
B_SPLINE_SURFACE(2,2,((#3037,#3038,#3039),(#3040,#3041,#3042),(#3043,#3044,
#3045)),.UNSPECIFIED.,.F.,.F.,.F.)
B_SPLINE_SURFACE_WITH_KNOTS((3,3),(3,3),(-1.5707963267949,0.),(-1.5707963267949,
0.),.UNSPECIFIED.)
GEOMETRIC_REPRESENTATION_ITEM()
RATIONAL_B_SPLINE_SURFACE(((1.,0.707106781186548,1.),(0.707106781186549,
0.500000000000001,0.707106781186549),(1.,0.707106781186548,1.)))
REPRESENTATION_ITEM('')
SURFACE()
);
#22=(
BOUNDED_SURFACE()
B_SPLINE_SURFACE(2,2,((#3125,#3126,#3127),(#3128,#3129,#3130),(#3131,#3132,
#3133)),.UNSPECIFIED.,.F.,.F.,.F.)
B_SPLINE_SURFACE_WITH_KNOTS((3,3),(3,3),(-1.5707963267949,0.),(0.,1.5707963267949),
 .UNSPECIFIED.)
GEOMETRIC_REPRESENTATION_ITEM()
RATIONAL_B_SPLINE_SURFACE(((1.,0.707106781186548,1.),(0.707106781186549,
0.500000000000001,0.707106781186549),(1.,0.707106781186548,1.)))
REPRESENTATION_ITEM('')
SURFACE()
);
#23=(
BOUNDED_SURFACE()
B_SPLINE_SURFACE(2,2,((#3156,#3157,#3158),(#3159,#3160,#3161),(#3162,#3163,
#3164)),.UNSPECIFIED.,.F.,.F.,.F.)
B_SPLINE_SURFACE_WITH_KNOTS((3,3),(3,3),(0.,1.5707963267949),(-3.14159265358979,
-1.5707963267949),.UNSPECIFIED.)
GEOMETRIC_REPRESENTATION_ITEM()
RATIONAL_B_SPLINE_SURFACE(((1.,0.707106781186548,1.),(0.707106781186547,
0.5,0.707106781186547),(1.,0.707106781186548,1.)))
REPRESENTATION_ITEM('')
SURFACE()
);
#24=(
BOUNDED_SURFACE()
B_SPLINE_SURFACE(2,2,((#3227,#3228,#3229),(#3230,#3231,#3232),(#3233,#3234,
#3235)),.UNSPECIFIED.,.F.,.F.,.F.)
B_SPLINE_SURFACE_WITH_KNOTS((3,3),(3,3),(0.,1.5707963267949),(1.5707963267949,
3.14159265358979),.UNSPECIFIED.)
GEOMETRIC_REPRESENTATION_ITEM()
RATIONAL_B_SPLINE_SURFACE(((1.,0.707106781186548,1.),(0.707106781186545,
0.499999999999998,0.707106781186545),(1.,0.707106781186548,1.)))
REPRESENTATION_ITEM('')
SURFACE()
);
#25=(
BOUNDED_SURFACE()
B_SPLINE_SURFACE(2,2,((#3260,#3261,#3262),(#3263,#3264,#3265),(#3266,#3267,
#3268)),.UNSPECIFIED.,.F.,.F.,.F.)
B_SPLINE_SURFACE_WITH_KNOTS((3,3),(3,3),(0.,1.5707963267949),(-3.14159265358979,
-1.5707963267949),.UNSPECIFIED.)
GEOMETRIC_REPRESENTATION_ITEM()
RATIONAL_B_SPLINE_SURFACE(((1.,0.707106781186548,1.),(0.707106781186545,
0.499999999999998,0.707106781186545),(1.,0.707106781186548,1.)))
REPRESENTATION_ITEM('')
SURFACE()
);
#26=(
BOUNDED_SURFACE()
B_SPLINE_SURFACE(2,2,((#3274,#3275,#3276),(#3277,#3278,#3279),(#3280,#3281,
#3282)),.UNSPECIFIED.,.F.,.F.,.F.)
B_SPLINE_SURFACE_WITH_KNOTS((3,3),(3,3),(0.,1.5707963267949),(1.5707963267949,
3.14159265358979),.UNSPECIFIED.)
GEOMETRIC_REPRESENTATION_ITEM()
RATIONAL_B_SPLINE_SURFACE(((1.,0.707106781186548,1.),(0.707106781186544,
0.499999999999997,0.707106781186544),(1.,0.707106781186548,1.)))
REPRESENTATION_ITEM('')
SURFACE()
);
#27=(
BOUNDED_SURFACE()
B_SPLINE_SURFACE(2,2,((#3646,#3647,#3648),(#3649,#3650,#3651),(#3652,#3653,
#3654)),.UNSPECIFIED.,.F.,.F.,.F.)
B_SPLINE_SURFACE_WITH_KNOTS((3,3),(3,3),(-1.5707963267949,1.48029736616688E-15),
(-3.14159265358979,-1.5707963267949),.UNSPECIFIED.)
GEOMETRIC_REPRESENTATION_ITEM()
RATIONAL_B_SPLINE_SURFACE(((1.,0.707106781186548,1.),(0.707106781186546,
0.499999999999999,0.707106781186546),(1.,0.707106781186548,1.)))
REPRESENTATION_ITEM('')
SURFACE()
);
#28=(
BOUNDED_SURFACE()
B_SPLINE_SURFACE(2,2,((#3828,#3829,#3830),(#3831,#3832,#3833),(#3834,#3835,
#3836)),.UNSPECIFIED.,.F.,.F.,.F.)
B_SPLINE_SURFACE_WITH_KNOTS((3,3),(3,3),(-1.5707963267949,0.),(-1.5707963267949,
0.),.UNSPECIFIED.)
GEOMETRIC_REPRESENTATION_ITEM()
RATIONAL_B_SPLINE_SURFACE(((1.,0.707106781186548,1.),(0.707106781186553,
0.500000000000004,0.707106781186553),(1.,0.707106781186548,1.)))
REPRESENTATION_ITEM('')
SURFACE()
);
#29=TOROIDAL_SURFACE('',#1852,0.15,0.05);
#30=TOROIDAL_SURFACE('',#1863,0.15,0.05);
#31=TOROIDAL_SURFACE('',#1881,0.1,0.05);
#32=TOROIDAL_SURFACE('',#1902,0.1,0.05);
#33=TOROIDAL_SURFACE('',#1943,0.885,0.3);
#34=TOROIDAL_SURFACE('',#1949,2.116,0.3);
#35=TOROIDAL_SURFACE('',#1967,0.885,0.3);
#36=TOROIDAL_SURFACE('',#1973,2.116,0.3);
#37=TOROIDAL_SURFACE('',#1985,2.116,0.3);
#38=TOROIDAL_SURFACE('',#2013,2.116,0.3);
#39=B_SPLINE_CURVE_WITH_KNOTS('',3,(#2839,#2840,#2841,#2842,#2843,#2844,
#2845,#2846),.UNSPECIFIED.,.F.,.F.,(4,1,1,2,4),(-0.255299851767303,-0.153179911060382,
-0.102119940706921,0.,0.000742836167998053),.UNSPECIFIED.);
#40=B_SPLINE_CURVE_WITH_KNOTS('',3,(#2847,#2848,#2849,#2850,#2851,#2852,
#2853,#2854),.UNSPECIFIED.,.F.,.F.,(4,2,1,1,4),(-0.000742836167998053,0.,
0.102119940706921,0.153179911060382,0.255299851767303),.UNSPECIFIED.);
#41=B_SPLINE_CURVE_WITH_KNOTS('',3,(#2942,#2943,#2944,#2945,#2946,#2947,
#2948,#2949),.UNSPECIFIED.,.F.,.F.,(4,1,1,2,4),(-0.255895353887354,-0.204716283109884,
-0.153537212332413,0.,0.000671886987844152),.UNSPECIFIED.);
#42=B_SPLINE_CURVE_WITH_KNOTS('',3,(#2950,#2951,#2952,#2953,#2954,#2955,
#2956,#2957),.UNSPECIFIED.,.F.,.F.,(4,2,1,1,4),(-0.000671886987844152,0.,
0.153537212332413,0.204716283109884,0.255895353887354),.UNSPECIFIED.);
#43=B_SPLINE_CURVE_WITH_KNOTS('',3,(#3077,#3078,#3079,#3080,#3081,#3082,
#3083,#3084,#3085,#3086),.UNSPECIFIED.,.F.,.F.,(4,2,2,2,4),(0.,0.190185026025918,
0.354283492888013,0.494541438043055,0.49584328648827),.UNSPECIFIED.);
#44=B_SPLINE_CURVE_WITH_KNOTS('',3,(#3102,#3103,#3104,#3105,#3106,#3107,
#3108,#3109),.UNSPECIFIED.,.F.,.F.,(4,2,2,4),(-0.00131383701230087,0.,0.167805193918904,
0.347337319728753),.UNSPECIFIED.);
#45=B_SPLINE_CURVE_WITH_KNOTS('',3,(#3152,#3153,#3154,#3155),
 .UNSPECIFIED.,.F.,.F.,(4,4),(0.,0.0259459420414371),.UNSPECIFIED.);
#46=B_SPLINE_CURVE_WITH_KNOTS('',3,(#3176,#3177,#3178,#3179),
 .UNSPECIFIED.,.F.,.F.,(4,4),(0.531146631926191,0.557092573967629),
 .UNSPECIFIED.);
#47=B_SPLINE_CURVE_WITH_KNOTS('',3,(#3184,#3185,#3186,#3187),
 .UNSPECIFIED.,.F.,.F.,(4,4),(0.,0.0259459420414379),.UNSPECIFIED.);
#48=B_SPLINE_CURVE_WITH_KNOTS('',3,(#3188,#3189,#3190,#3191,#3192,#3193,
#3194,#3195,#3196,#3197,#3198,#3199,#3200,#3201),.UNSPECIFIED.,.F.,.F.,
(4,2,2,2,2,2,4),(0.0203780038269848,0.0245339206612469,0.0421555126959994,
0.0792662876019487,0.116377062507898,0.13399865454265,0.138154571376912),
 .UNSPECIFIED.);
#49=B_SPLINE_CURVE_WITH_KNOTS('',3,(#3209,#3210,#3211,#3212),
 .UNSPECIFIED.,.F.,.F.,(4,4),(0.531146631926191,0.55709257396763),
 .UNSPECIFIED.);
#50=B_SPLINE_CURVE_WITH_KNOTS('',3,(#3241,#3242,#3243,#3244,#3245,#3246,
#3247,#3248,#3249,#3250,#3251,#3252,#3253,#3254),.UNSPECIFIED.,.F.,.F.,
(4,2,2,2,2,2,4),(0.020378003826982,0.024533920661247,0.0421555126959983,
0.0792662876019467,0.116377062507894,0.133998654542645,0.138154571376911),
 .UNSPECIFIED.);
#51=B_SPLINE_CURVE_WITH_KNOTS('',3,(#3331,#3332,#3333,#3334,#3335,#3336,
#3337,#3338),.UNSPECIFIED.,.F.,.F.,(4,1,1,1,1,4),(-0.507903131630421,-0.100051622526599,
0.103874132025311,0.511725641129133,0.715651395681044,0.919577150232954),
 .UNSPECIFIED.);
#52=B_SPLINE_CURVE_WITH_KNOTS('',3,(#3341,#3342,#3343,#3344,#3345,#3346,
#3347),.UNSPECIFIED.,.F.,.F.,(4,1,1,1,4),(-0.919577150232954,-0.715651395681044,
-0.511725641129133,-0.103874132025311,-0.000282933880697416),
 .UNSPECIFIED.);
#53=B_SPLINE_CURVE_WITH_KNOTS('',3,(#3387,#3388,#3389,#3390),
 .UNSPECIFIED.,.F.,.F.,(4,4),(-0.741653749195416,0.),.UNSPECIFIED.);
#54=B_SPLINE_CURVE_WITH_KNOTS('',3,(#3393,#3394,#3395,#3396),
 .UNSPECIFIED.,.F.,.F.,(4,4),(0.,0.741653749195416),.UNSPECIFIED.);
#55=B_SPLINE_CURVE_WITH_KNOTS('',3,(#3432,#3433,#3434,#3435),
 .UNSPECIFIED.,.F.,.F.,(4,4),(5.66028667232575E-17,0.741653116711117),
 .UNSPECIFIED.);
#56=B_SPLINE_CURVE_WITH_KNOTS('',3,(#3489,#3490,#3491,#3492,#3493,#3494,
#3495),.UNSPECIFIED.,.F.,.F.,(4,1,1,1,4),(7.23532686747459E-5,0.103860812568622,
0.511726660462511,0.664676353422719,0.9195925083564),.UNSPECIFIED.);
#57=B_SPLINE_CURVE_WITH_KNOTS('',3,(#3498,#3499,#3500,#3501,#3502,#3503,
#3504,#3505),.UNSPECIFIED.,.F.,.F.,(4,1,1,1,1,4),(-0.9195925083564,-0.664676353422719,
-0.511726660462511,-0.103860812568622,0.100072111378322,0.507937959272211),
 .UNSPECIFIED.);
#58=B_SPLINE_CURVE_WITH_KNOTS('',3,(#3545,#3546,#3547,#3548),
 .UNSPECIFIED.,.F.,.F.,(4,4),(-0.741654676424751,0.),.UNSPECIFIED.);
#59=B_SPLINE_CURVE_WITH_KNOTS('',3,(#3550,#3551,#3552,#3553),
 .UNSPECIFIED.,.F.,.F.,(4,4),(0.,0.741654676424751),.UNSPECIFIED.);
#60=B_SPLINE_CURVE_WITH_KNOTS('',3,(#3624,#3625,#3626,#3627),
 .UNSPECIFIED.,.F.,.F.,(4,4),(-0.741654048621201,0.),.UNSPECIFIED.);
#61=B_SPLINE_CURVE_WITH_KNOTS('',3,(#3630,#3631,#3632,#3633),
 .UNSPECIFIED.,.F.,.F.,(4,4),(0.,0.741654048621201),.UNSPECIFIED.);
#62=B_SPLINE_CURVE_WITH_KNOTS('',3,(#3711,#3712,#3713,#3714,#3715,#3716,
#3717,#3718),.UNSPECIFIED.,.F.,.F.,(4,2,2,4),(0.11313398586145,0.141384093592444,
0.215817910546465,0.290251727500487),.UNSPECIFIED.);
#63=B_SPLINE_CURVE_WITH_KNOTS('',3,(#3719,#3720,#3721,#3722,#3723,#3724),
 .UNSPECIFIED.,.F.,.F.,(4,2,4),(0.290251727500487,0.360412358423957,0.426606747740159),
 .UNSPECIFIED.);
#64=B_SPLINE_CURVE_WITH_KNOTS('',3,(#3726,#3727,#3728,#3729,#3730,#3731,
#3732,#3733,#3734,#3735,#3736,#3737,#3738,#3739,#3740,#3741,#3742,#3743,
#3744,#3745,#3746,#3747,#3748),.UNSPECIFIED.,.F.,.F.,(4,2,2,2,2,2,3,2,2,
2,4),(0.714979530074934,0.780672998808415,0.850828807394281,0.925243515555122,
0.999658223715963,1.07034863838747,1.14103905305897,1.21172946773047,1.28241988240197,
1.35683459056282,1.43124929872366),.UNSPECIFIED.);
#65=B_SPLINE_CURVE_WITH_KNOTS('',3,(#3749,#3750,#3751,#3752,#3753,#3754),
 .UNSPECIFIED.,.F.,.F.,(4,2,4),(1.43124929872366,1.50140510730952,1.567098576043),
 .UNSPECIFIED.);
#66=B_SPLINE_CURVE_WITH_KNOTS('',3,(#3773,#3774,#3775,#3776),
 .UNSPECIFIED.,.F.,.F.,(4,4),(-0.741653116711117,-5.66028667232575E-17),
 .UNSPECIFIED.);
#67=B_SPLINE_CURVE_WITH_KNOTS('',3,(#3876,#3877,#3878,#3879),
 .UNSPECIFIED.,.F.,.F.,(4,4),(1.42101296138101,1.5707963267949),
 .UNSPECIFIED.);
#68=B_SPLINE_CURVE_WITH_KNOTS('',3,(#3880,#3881,#3882,#3883,#3884,#3885,
#3886,#3887,#3888,#3889,#3890,#3891,#3892,#3893,#3894,#3895,#3896,#3897,
#3898,#3899,#3900,#3901,#3902,#3903,#3904,#3905,#3906,#3907,#3908,#3909),
 .UNSPECIFIED.,.F.,.F.,(4,2,2,2,2,2,2,2,2,2,2,2,2,2,4),(0.,0.0125317992560302,
0.0623772837811034,0.133623308846118,0.14452971607434,0.14982292584217,
0.154027805433854,0.15867975709246,0.166306654790508,0.182428860492747,
0.230785602082499,0.294961958765738,0.368089903411784,0.417950662344935,
0.463341493750364),.UNSPECIFIED.);
#69=B_SPLINE_CURVE_WITH_KNOTS('',3,(#3911,#3912,#3913,#3914,#3915,#3916),
 .UNSPECIFIED.,.F.,.F.,(4,2,4),(0.714530431688186,0.780724821004388,0.810348154298295),
 .UNSPECIFIED.);
#70=SPHERICAL_SURFACE('',#1843,0.05);
#71=SPHERICAL_SURFACE('',#1847,0.05);
#72=SPHERICAL_SURFACE('',#1919,0.0800000000000001);
#73=SPHERICAL_SURFACE('',#1933,0.0800000000000001);
#74=PLANE('',#1834);
#75=PLANE('',#1837);
#76=PLANE('',#1842);
#77=PLANE('',#1874);
#78=PLANE('',#1878);
#79=PLANE('',#1893);
#80=PLANE('',#1896);
#81=PLANE('',#1911);
#82=PLANE('',#1924);
#83=PLANE('',#1937);
#84=PLANE('',#1940);
#85=PLANE('',#1941);
#86=PLANE('',#1958);
#87=PLANE('',#1961);
#88=PLANE('',#1980);
#89=PLANE('',#2001);
#90=PLANE('',#2004);
#91=PLANE('',#2008);
#92=PLANE('',#2023);
#93=PLANE('',#2033);
#94=LINE('',#2626,#195);
#95=LINE('',#2627,#196);
#96=LINE('',#2673,#197);
#97=LINE('',#2674,#198);
#98=LINE('',#2720,#199);
#99=LINE('',#2721,#200);
#100=LINE('',#2764,#201);
#101=LINE('',#2765,#202);
#102=LINE('',#2768,#203);
#103=LINE('',#2770,#204);
#104=LINE('',#2771,#205);
#105=LINE('',#2774,#206);
#106=LINE('',#2778,#207);
#107=LINE('',#2782,#208);
#108=LINE('',#2786,#209);
#109=LINE('',#2862,#210);
#110=LINE('',#2863,#211);
#111=LINE('',#2865,#212);
#112=LINE('',#2866,#213);
#113=LINE('',#2871,#214);
#114=LINE('',#2872,#215);
#115=LINE('',#2965,#216);
#116=LINE('',#2966,#217);
#117=LINE('',#2971,#218);
#118=LINE('',#2972,#219);
#119=LINE('',#3008,#220);
#120=LINE('',#3011,#221);
#121=LINE('',#3013,#222);
#122=LINE('',#3015,#223);
#123=LINE('',#3018,#224);
#124=LINE('',#3021,#225);
#125=LINE('',#3023,#226);
#126=LINE('',#3026,#227);
#127=LINE('',#3055,#228);
#128=LINE('',#3056,#229);
#129=LINE('',#3059,#230);
#130=LINE('',#3062,#231);
#131=LINE('',#3065,#232);
#132=LINE('',#3066,#233);
#133=LINE('',#3069,#234);
#134=LINE('',#3073,#235);
#135=LINE('',#3075,#236);
#136=LINE('',#3088,#237);
#137=LINE('',#3090,#238);
#138=LINE('',#3094,#239);
#139=LINE('',#3098,#240);
#140=LINE('',#3100,#241);
#141=LINE('',#3111,#242);
#142=LINE('',#3113,#243);
#143=LINE('',#3138,#244);
#144=LINE('',#3141,#245);
#145=LINE('',#3144,#246);
#146=LINE('',#3147,#247);
#147=LINE('',#3148,#248);
#148=LINE('',#3180,#249);
#149=LINE('',#3182,#250);
#150=LINE('',#3207,#251);
#151=LINE('',#3214,#252);
#152=LINE('',#3216,#253);
#153=LINE('',#3217,#254);
#154=LINE('',#3219,#255);
#155=LINE('',#3221,#256);
#156=LINE('',#3222,#257);
#157=LINE('',#3225,#258);
#158=LINE('',#3258,#259);
#159=LINE('',#3272,#260);
#160=LINE('',#3285,#261);
#161=LINE('',#3286,#262);
#162=LINE('',#3288,#263);
#163=LINE('',#3358,#264);
#164=LINE('',#3359,#265);
#165=LINE('',#3422,#266);
#166=LINE('',#3425,#267);
#167=LINE('',#3428,#268);
#168=LINE('',#3431,#269);
#169=LINE('',#3438,#270);
#170=LINE('',#3440,#271);
#171=LINE('',#3444,#272);
#172=LINE('',#3516,#273);
#173=LINE('',#3517,#274);
#174=LINE('',#3576,#275);
#175=LINE('',#3578,#276);
#176=LINE('',#3644,#277);
#177=LINE('',#3645,#278);
#178=LINE('',#3664,#279);
#179=LINE('',#3665,#280);
#180=LINE('',#3704,#281);
#181=LINE('',#3707,#282);
#182=LINE('',#3757,#283);
#183=LINE('',#3758,#284);
#184=LINE('',#3761,#285);
#185=LINE('',#3765,#286);
#186=LINE('',#3766,#287);
#187=LINE('',#3769,#288);
#188=LINE('',#3779,#289);
#189=LINE('',#3918,#290);
#190=LINE('',#3921,#291);
#191=LINE('',#3926,#292);
#192=LINE('',#3929,#293);
#193=LINE('',#3933,#294);
#194=LINE('',#3937,#295);
#195=VECTOR('',#2048,1.);
#196=VECTOR('',#2049,1.);
#197=VECTOR('',#2060,1.);
#198=VECTOR('',#2061,1.);
#199=VECTOR('',#2072,1.);
#200=VECTOR('',#2073,1.);
#201=VECTOR('',#2082,1.);
#202=VECTOR('',#2083,1.);
#203=VECTOR('',#2086,1.);
#204=VECTOR('',#2087,1.);
#205=VECTOR('',#2088,1.);
#206=VECTOR('',#2091,1.);
#207=VECTOR('',#2096,1.);
#208=VECTOR('',#2099,1.);
#209=VECTOR('',#2104,1.);
#210=VECTOR('',#2137,1.);
#211=VECTOR('',#2138,1.);
#212=VECTOR('',#2141,1.);
#213=VECTOR('',#2142,1.);
#214=VECTOR('',#2147,1.);
#215=VECTOR('',#2148,1.);
#216=VECTOR('',#2165,1.);
#217=VECTOR('',#2166,1.);
#218=VECTOR('',#2171,1.);
#219=VECTOR('',#2172,1.);
#220=VECTOR('',#2179,1.);
#221=VECTOR('',#2182,1.);
#222=VECTOR('',#2185,1.);
#223=VECTOR('',#2188,1.);
#224=VECTOR('',#2191,1.);
#225=VECTOR('',#2194,1.);
#226=VECTOR('',#2197,1.);
#227=VECTOR('',#2200,1.);
#228=VECTOR('',#2223,1.);
#229=VECTOR('',#2224,1.);
#230=VECTOR('',#2227,1.);
#231=VECTOR('',#2230,1.);
#232=VECTOR('',#2233,1.);
#233=VECTOR('',#2234,1.);
#234=VECTOR('',#2237,1.);
#235=VECTOR('',#2242,1.);
#236=VECTOR('',#2243,1.);
#237=VECTOR('',#2244,1.);
#238=VECTOR('',#2245,1.);
#239=VECTOR('',#2248,1.);
#240=VECTOR('',#2251,1.);
#241=VECTOR('',#2252,1.);
#242=VECTOR('',#2253,1.);
#243=VECTOR('',#2254,1.);
#244=VECTOR('',#2275,1.);
#245=VECTOR('',#2278,1.);
#246=VECTOR('',#2281,1.);
#247=VECTOR('',#2284,1.);
#248=VECTOR('',#2285,1.);
#249=VECTOR('',#2300,1.);
#250=VECTOR('',#2301,1.);
#251=VECTOR('',#2310,1.);
#252=VECTOR('',#2313,1.);
#253=VECTOR('',#2316,1.);
#254=VECTOR('',#2317,1.);
#255=VECTOR('',#2318,1.);
#256=VECTOR('',#2319,1.);
#257=VECTOR('',#2320,1.);
#258=VECTOR('',#2323,1.);
#259=VECTOR('',#2338,1.);
#260=VECTOR('',#2347,1.);
#261=VECTOR('',#2354,1.);
#262=VECTOR('',#2355,1.);
#263=VECTOR('',#2358,1.);
#264=VECTOR('',#2375,1.);
#265=VECTOR('',#2376,1.);
#266=VECTOR('',#2395,1.);
#267=VECTOR('',#2398,1.);
#268=VECTOR('',#2401,1.);
#269=VECTOR('',#2404,1.);
#270=VECTOR('',#2407,1.);
#271=VECTOR('',#2408,1.);
#272=VECTOR('',#2411,1.);
#273=VECTOR('',#2432,1.);
#274=VECTOR('',#2433,1.);
#275=VECTOR('',#2448,1.);
#276=VECTOR('',#2451,0.585);
#277=VECTOR('',#2472,1.);
#278=VECTOR('',#2473,1.);
#279=VECTOR('',#2484,1.);
#280=VECTOR('',#2485,1.);
#281=VECTOR('',#2492,1.);
#282=VECTOR('',#2495,1.);
#283=VECTOR('',#2500,1.);
#284=VECTOR('',#2501,1.);
#285=VECTOR('',#2504,1.);
#286=VECTOR('',#2509,1.);
#287=VECTOR('',#2510,1.);
#288=VECTOR('',#2513,1.);
#289=VECTOR('',#2520,1.);
#290=VECTOR('',#2545,0.185216619556803);
#291=VECTOR('',#2550,1.);
#292=VECTOR('',#2559,1.);
#293=VECTOR('',#2562,0.185216619556803);
#294=VECTOR('',#2567,0.185216619556803);
#295=VECTOR('',#2572,0.185216619556803);
#296=CYLINDRICAL_SURFACE('',#1818,0.05);
#297=CYLINDRICAL_SURFACE('',#1823,0.05);
#298=CYLINDRICAL_SURFACE('',#1828,0.05);
#299=CYLINDRICAL_SURFACE('',#1833,0.05);
#300=CYLINDRICAL_SURFACE('',#1835,0.3);
#301=CYLINDRICAL_SURFACE('',#1840,0.3);
#302=CYLINDRICAL_SURFACE('',#1856,0.05);
#303=CYLINDRICAL_SURFACE('',#1857,0.05);
#304=CYLINDRICAL_SURFACE('',#1858,0.05);
#305=CYLINDRICAL_SURFACE('',#1867,0.05);
#306=CYLINDRICAL_SURFACE('',#1868,0.05);
#307=CYLINDRICAL_SURFACE('',#1872,0.05);
#308=CYLINDRICAL_SURFACE('',#1875,0.05);
#309=CYLINDRICAL_SURFACE('',#1876,0.05);
#310=CYLINDRICAL_SURFACE('',#1879,0.1);
#311=CYLINDRICAL_SURFACE('',#1890,0.15);
#312=CYLINDRICAL_SURFACE('',#1891,0.05);
#313=CYLINDRICAL_SURFACE('',#1894,0.08);
#314=CYLINDRICAL_SURFACE('',#1908,0.15);
#315=CYLINDRICAL_SURFACE('',#1909,0.05);
#316=CYLINDRICAL_SURFACE('',#1912,0.08);
#317=CYLINDRICAL_SURFACE('',#1918,0.1);
#318=CYLINDRICAL_SURFACE('',#1922,0.08);
#319=CYLINDRICAL_SURFACE('',#1925,0.05);
#320=CYLINDRICAL_SURFACE('',#1930,0.1);
#321=CYLINDRICAL_SURFACE('',#1931,0.05);
#322=CYLINDRICAL_SURFACE('',#1936,0.1);
#323=CYLINDRICAL_SURFACE('',#1939,0.05);
#324=CYLINDRICAL_SURFACE('',#1947,0.3);
#325=CYLINDRICAL_SURFACE('',#1957,0.3);
#326=CYLINDRICAL_SURFACE('',#1960,1.816);
#327=CYLINDRICAL_SURFACE('',#1964,0.584);
#328=CYLINDRICAL_SURFACE('',#1971,0.3);
#329=CYLINDRICAL_SURFACE('',#1979,1.816);
#330=CYLINDRICAL_SURFACE('',#1981,0.585);
#331=CYLINDRICAL_SURFACE('',#1989,0.3);
#332=CYLINDRICAL_SURFACE('',#1994,0.3);
#333=CYLINDRICAL_SURFACE('',#1998,0.584);
#334=CYLINDRICAL_SURFACE('',#1999,0.584);
#335=CYLINDRICAL_SURFACE('',#2002,0.527);
#336=CYLINDRICAL_SURFACE('',#2005,1.816);
#337=CYLINDRICAL_SURFACE('',#2009,0.3);
#338=CYLINDRICAL_SURFACE('',#2015,0.3);
#339=CYLINDRICAL_SURFACE('',#2018,0.3);
#340=CYLINDRICAL_SURFACE('',#2020,0.185216619556803);
#341=CYLINDRICAL_SURFACE('',#2022,1.816);
#342=CYLINDRICAL_SURFACE('',#2024,0.584);
#343=CYLINDRICAL_SURFACE('',#2025,0.08);
#344=CYLINDRICAL_SURFACE('',#2026,0.08);
#345=CYLINDRICAL_SURFACE('',#2027,0.185216619556803);
#346=CYLINDRICAL_SURFACE('',#2029,0.185216619556803);
#347=CYLINDRICAL_SURFACE('',#2031,0.185216619556803);
#348=FACE_OUTER_BOUND('',#462,.T.);
#349=FACE_OUTER_BOUND('',#463,.T.);
#350=FACE_OUTER_BOUND('',#464,.T.);
#351=FACE_OUTER_BOUND('',#465,.T.);
#352=FACE_OUTER_BOUND('',#466,.T.);
#353=FACE_OUTER_BOUND('',#467,.T.);
#354=FACE_OUTER_BOUND('',#468,.T.);
#355=FACE_OUTER_BOUND('',#469,.T.);
#356=FACE_OUTER_BOUND('',#470,.T.);
#357=FACE_OUTER_BOUND('',#471,.T.);
#358=FACE_OUTER_BOUND('',#472,.T.);
#359=FACE_OUTER_BOUND('',#473,.T.);
#360=FACE_OUTER_BOUND('',#474,.T.);
#361=FACE_OUTER_BOUND('',#475,.T.);
#362=FACE_OUTER_BOUND('',#476,.T.);
#363=FACE_OUTER_BOUND('',#477,.T.);
#364=FACE_OUTER_BOUND('',#478,.T.);
#365=FACE_OUTER_BOUND('',#479,.T.);
#366=FACE_OUTER_BOUND('',#480,.T.);
#367=FACE_OUTER_BOUND('',#481,.T.);
#368=FACE_OUTER_BOUND('',#482,.T.);
#369=FACE_OUTER_BOUND('',#483,.T.);
#370=FACE_OUTER_BOUND('',#484,.T.);
#371=FACE_OUTER_BOUND('',#485,.T.);
#372=FACE_OUTER_BOUND('',#486,.T.);
#373=FACE_OUTER_BOUND('',#487,.T.);
#374=FACE_OUTER_BOUND('',#488,.T.);
#375=FACE_OUTER_BOUND('',#489,.T.);
#376=FACE_OUTER_BOUND('',#490,.T.);
#377=FACE_OUTER_BOUND('',#491,.T.);
#378=FACE_OUTER_BOUND('',#492,.T.);
#379=FACE_OUTER_BOUND('',#493,.T.);
#380=FACE_OUTER_BOUND('',#494,.T.);
#381=FACE_OUTER_BOUND('',#495,.T.);
#382=FACE_OUTER_BOUND('',#496,.T.);
#383=FACE_OUTER_BOUND('',#497,.T.);
#384=FACE_OUTER_BOUND('',#498,.T.);
#385=FACE_OUTER_BOUND('',#499,.T.);
#386=FACE_OUTER_BOUND('',#500,.T.);
#387=FACE_OUTER_BOUND('',#503,.T.);
#388=FACE_OUTER_BOUND('',#504,.T.);
#389=FACE_OUTER_BOUND('',#505,.T.);
#390=FACE_OUTER_BOUND('',#506,.T.);
#391=FACE_OUTER_BOUND('',#507,.T.);
#392=FACE_OUTER_BOUND('',#508,.T.);
#393=FACE_OUTER_BOUND('',#509,.T.);
#394=FACE_OUTER_BOUND('',#510,.T.);
#395=FACE_OUTER_BOUND('',#511,.T.);
#396=FACE_OUTER_BOUND('',#512,.T.);
#397=FACE_OUTER_BOUND('',#513,.T.);
#398=FACE_OUTER_BOUND('',#514,.T.);
#399=FACE_OUTER_BOUND('',#515,.T.);
#400=FACE_OUTER_BOUND('',#516,.T.);
#401=FACE_OUTER_BOUND('',#517,.T.);
#402=FACE_OUTER_BOUND('',#518,.T.);
#403=FACE_OUTER_BOUND('',#519,.T.);
#404=FACE_OUTER_BOUND('',#520,.T.);
#405=FACE_OUTER_BOUND('',#521,.T.);
#406=FACE_OUTER_BOUND('',#522,.T.);
#407=FACE_OUTER_BOUND('',#523,.T.);
#408=FACE_OUTER_BOUND('',#524,.T.);
#409=FACE_OUTER_BOUND('',#525,.T.);
#410=FACE_OUTER_BOUND('',#526,.T.);
#411=FACE_OUTER_BOUND('',#527,.T.);
#412=FACE_OUTER_BOUND('',#528,.T.);
#413=FACE_OUTER_BOUND('',#529,.T.);
#414=FACE_OUTER_BOUND('',#530,.T.);
#415=FACE_OUTER_BOUND('',#531,.T.);
#416=FACE_OUTER_BOUND('',#532,.T.);
#417=FACE_OUTER_BOUND('',#533,.T.);
#418=FACE_OUTER_BOUND('',#534,.T.);
#419=FACE_OUTER_BOUND('',#535,.T.);
#420=FACE_OUTER_BOUND('',#536,.T.);
#421=FACE_OUTER_BOUND('',#537,.T.);
#422=FACE_OUTER_BOUND('',#538,.T.);
#423=FACE_OUTER_BOUND('',#539,.T.);
#424=FACE_OUTER_BOUND('',#540,.T.);
#425=FACE_OUTER_BOUND('',#541,.T.);
#426=FACE_OUTER_BOUND('',#542,.T.);
#427=FACE_OUTER_BOUND('',#543,.T.);
#428=FACE_OUTER_BOUND('',#544,.T.);
#429=FACE_OUTER_BOUND('',#545,.T.);
#430=FACE_OUTER_BOUND('',#546,.T.);
#431=FACE_OUTER_BOUND('',#547,.T.);
#432=FACE_OUTER_BOUND('',#548,.T.);
#433=FACE_OUTER_BOUND('',#549,.T.);
#434=FACE_OUTER_BOUND('',#550,.T.);
#435=FACE_OUTER_BOUND('',#551,.T.);
#436=FACE_OUTER_BOUND('',#552,.T.);
#437=FACE_OUTER_BOUND('',#553,.T.);
#438=FACE_OUTER_BOUND('',#554,.T.);
#439=FACE_OUTER_BOUND('',#555,.T.);
#440=FACE_OUTER_BOUND('',#556,.T.);
#441=FACE_OUTER_BOUND('',#557,.T.);
#442=FACE_OUTER_BOUND('',#558,.T.);
#443=FACE_OUTER_BOUND('',#559,.T.);
#444=FACE_OUTER_BOUND('',#560,.T.);
#445=FACE_OUTER_BOUND('',#561,.T.);
#446=FACE_OUTER_BOUND('',#562,.T.);
#447=FACE_OUTER_BOUND('',#563,.T.);
#448=FACE_OUTER_BOUND('',#564,.T.);
#449=FACE_OUTER_BOUND('',#565,.T.);
#450=FACE_OUTER_BOUND('',#566,.T.);
#451=FACE_OUTER_BOUND('',#567,.T.);
#452=FACE_OUTER_BOUND('',#568,.T.);
#453=FACE_OUTER_BOUND('',#569,.T.);
#454=FACE_OUTER_BOUND('',#570,.T.);
#455=FACE_OUTER_BOUND('',#571,.T.);
#456=FACE_OUTER_BOUND('',#572,.T.);
#457=FACE_OUTER_BOUND('',#573,.T.);
#458=FACE_OUTER_BOUND('',#574,.T.);
#459=FACE_OUTER_BOUND('',#575,.T.);
#460=FACE_OUTER_BOUND('',#576,.T.);
#461=FACE_OUTER_BOUND('',#577,.T.);
#462=EDGE_LOOP('',(#1134,#1135,#1136,#1137));
#463=EDGE_LOOP('',(#1138,#1139,#1140,#1141));
#464=EDGE_LOOP('',(#1142,#1143,#1144,#1145));
#465=EDGE_LOOP('',(#1146,#1147,#1148,#1149));
#466=EDGE_LOOP('',(#1150,#1151,#1152,#1153));
#467=EDGE_LOOP('',(#1154,#1155,#1156,#1157));
#468=EDGE_LOOP('',(#1158,#1159,#1160,#1161));
#469=EDGE_LOOP('',(#1162,#1163,#1164,#1165));
#470=EDGE_LOOP('',(#1166,#1167,#1168,#1169));
#471=EDGE_LOOP('',(#1170,#1171,#1172,#1173));
#472=EDGE_LOOP('',(#1174,#1175,#1176,#1177,#1178,#1179));
#473=EDGE_LOOP('',(#1180,#1181,#1182,#1183));
#474=EDGE_LOOP('',(#1184,#1185,#1186,#1187,#1188,#1189,#1190,#1191));
#475=EDGE_LOOP('',(#1192,#1193,#1194));
#476=EDGE_LOOP('',(#1195,#1196,#1197));
#477=EDGE_LOOP('',(#1198,#1199,#1200));
#478=EDGE_LOOP('',(#1201,#1202,#1203,#1204));
#479=EDGE_LOOP('',(#1205,#1206,#1207,#1208));
#480=EDGE_LOOP('',(#1209,#1210,#1211,#1212));
#481=EDGE_LOOP('',(#1213,#1214,#1215,#1216));
#482=EDGE_LOOP('',(#1217,#1218,#1219));
#483=EDGE_LOOP('',(#1220,#1221,#1222));
#484=EDGE_LOOP('',(#1223,#1224,#1225,#1226));
#485=EDGE_LOOP('',(#1227,#1228,#1229,#1230));
#486=EDGE_LOOP('',(#1231,#1232,#1233,#1234));
#487=EDGE_LOOP('',(#1235,#1236,#1237));
#488=EDGE_LOOP('',(#1238,#1239,#1240,#1241));
#489=EDGE_LOOP('',(#1242,#1243,#1244,#1245));
#490=EDGE_LOOP('',(#1246,#1247,#1248,#1249));
#491=EDGE_LOOP('',(#1250,#1251,#1252,#1253));
#492=EDGE_LOOP('',(#1254,#1255,#1256,#1257));
#493=EDGE_LOOP('',(#1258,#1259,#1260,#1261,#1262));
#494=EDGE_LOOP('',(#1263,#1264,#1265,#1266));
#495=EDGE_LOOP('',(#1267,#1268,#1269,#1270));
#496=EDGE_LOOP('',(#1271,#1272,#1273,#1274));
#497=EDGE_LOOP('',(#1275,#1276,#1277,#1278));
#498=EDGE_LOOP('',(#1279,#1280,#1281,#1282));
#499=EDGE_LOOP('',(#1283,#1284,#1285,#1286));
#500=EDGE_LOOP('',(#1287,#1288,#1289,#1290,#1291,#1292,#1293,#1294,#1295,
#1296,#1297,#1298,#1299,#1300,#1301,#1302));
#501=EDGE_LOOP('',(#1303));
#502=EDGE_LOOP('',(#1304));
#503=EDGE_LOOP('',(#1305,#1306,#1307,#1308));
#504=EDGE_LOOP('',(#1309,#1310,#1311,#1312));
#505=EDGE_LOOP('',(#1313,#1314,#1315,#1316));
#506=EDGE_LOOP('',(#1317,#1318,#1319,#1320));
#507=EDGE_LOOP('',(#1321,#1322,#1323,#1324));
#508=EDGE_LOOP('',(#1325,#1326,#1327,#1328,#1329));
#509=EDGE_LOOP('',(#1330,#1331,#1332,#1333));
#510=EDGE_LOOP('',(#1334,#1335,#1336,#1337,#1338,#1339));
#511=EDGE_LOOP('',(#1340,#1341,#1342));
#512=EDGE_LOOP('',(#1343,#1344,#1345,#1346,#1347,#1348,#1349,#1350));
#513=EDGE_LOOP('',(#1351,#1352,#1353,#1354,#1355,#1356,#1357,#1358));
#514=EDGE_LOOP('',(#1359,#1360,#1361,#1362));
#515=EDGE_LOOP('',(#1363,#1364,#1365,#1366));
#516=EDGE_LOOP('',(#1367,#1368,#1369,#1370,#1371,#1372));
#517=EDGE_LOOP('',(#1373,#1374,#1375,#1376));
#518=EDGE_LOOP('',(#1377,#1378,#1379));
#519=EDGE_LOOP('',(#1380,#1381,#1382,#1383));
#520=EDGE_LOOP('',(#1384,#1385,#1386,#1387,#1388));
#521=EDGE_LOOP('',(#1389,#1390,#1391,#1392));
#522=EDGE_LOOP('',(#1393,#1394,#1395,#1396));
#523=EDGE_LOOP('',(#1397,#1398,#1399,#1400));
#524=EDGE_LOOP('',(#1401,#1402,#1403,#1404));
#525=EDGE_LOOP('',(#1405,#1406,#1407,#1408,#1409,#1410,#1411,#1412,#1413,
#1414,#1415,#1416,#1417,#1418));
#526=EDGE_LOOP('',(#1419,#1420,#1421,#1422));
#527=EDGE_LOOP('',(#1423,#1424,#1425,#1426));
#528=EDGE_LOOP('',(#1427,#1428,#1429,#1430));
#529=EDGE_LOOP('',(#1431,#1432,#1433,#1434));
#530=EDGE_LOOP('',(#1435,#1436,#1437,#1438));
#531=EDGE_LOOP('',(#1439,#1440,#1441,#1442));
#532=EDGE_LOOP('',(#1443,#1444,#1445,#1446));
#533=EDGE_LOOP('',(#1447,#1448,#1449,#1450,#1451,#1452));
#534=EDGE_LOOP('',(#1453,#1454,#1455,#1456));
#535=EDGE_LOOP('',(#1457,#1458,#1459,#1460,#1461,#1462,#1463,#1464,#1465));
#536=EDGE_LOOP('',(#1466,#1467,#1468,#1469));
#537=EDGE_LOOP('',(#1470,#1471,#1472,#1473));
#538=EDGE_LOOP('',(#1474,#1475,#1476,#1477));
#539=EDGE_LOOP('',(#1478,#1479,#1480,#1481));
#540=EDGE_LOOP('',(#1482,#1483,#1484,#1485));
#541=EDGE_LOOP('',(#1486,#1487,#1488,#1489));
#542=EDGE_LOOP('',(#1490,#1491,#1492,#1493));
#543=EDGE_LOOP('',(#1494,#1495,#1496,#1497,#1498,#1499,#1500,#1501));
#544=EDGE_LOOP('',(#1502,#1503,#1504,#1505));
#545=EDGE_LOOP('',(#1506,#1507,#1508,#1509,#1510,#1511));
#546=EDGE_LOOP('',(#1512,#1513,#1514,#1515));
#547=EDGE_LOOP('',(#1516,#1517,#1518,#1519));
#548=EDGE_LOOP('',(#1520,#1521,#1522,#1523));
#549=EDGE_LOOP('',(#1524,#1525,#1526,#1527));
#550=EDGE_LOOP('',(#1528,#1529,#1530,#1531));
#551=EDGE_LOOP('',(#1532,#1533,#1534,#1535));
#552=EDGE_LOOP('',(#1536,#1537,#1538));
#553=EDGE_LOOP('',(#1539,#1540,#1541,#1542));
#554=EDGE_LOOP('',(#1543,#1544,#1545,#1546,#1547,#1548,#1549,#1550,#1551));
#555=EDGE_LOOP('',(#1552,#1553,#1554,#1555));
#556=EDGE_LOOP('',(#1556,#1557,#1558,#1559));
#557=EDGE_LOOP('',(#1560,#1561,#1562,#1563));
#558=EDGE_LOOP('',(#1564,#1565,#1566,#1567,#1568,#1569,#1570,#1571));
#559=EDGE_LOOP('',(#1572,#1573,#1574,#1575));
#560=EDGE_LOOP('',(#1576,#1577,#1578,#1579));
#561=EDGE_LOOP('',(#1580,#1581,#1582,#1583));
#562=EDGE_LOOP('',(#1584,#1585,#1586,#1587));
#563=EDGE_LOOP('',(#1588,#1589,#1590,#1591));
#564=EDGE_LOOP('',(#1592,#1593,#1594,#1595));
#565=EDGE_LOOP('',(#1596,#1597,#1598,#1599));
#566=EDGE_LOOP('',(#1600,#1601,#1602,#1603));
#567=EDGE_LOOP('',(#1604,#1605,#1606,#1607,#1608));
#568=EDGE_LOOP('',(#1609,#1610,#1611,#1612,#1613,#1614,#1615,#1616));
#569=EDGE_LOOP('',(#1617,#1618,#1619,#1620));
#570=EDGE_LOOP('',(#1621,#1622,#1623,#1624,#1625,#1626,#1627,#1628,#1629));
#571=EDGE_LOOP('',(#1630,#1631,#1632));
#572=EDGE_LOOP('',(#1633,#1634,#1635,#1636,#1637));
#573=EDGE_LOOP('',(#1638,#1639,#1640,#1641));
#574=EDGE_LOOP('',(#1642,#1643,#1644,#1645,#1646,#1647));
#575=EDGE_LOOP('',(#1648,#1649,#1650,#1651));
#576=EDGE_LOOP('',(#1652,#1653,#1654,#1655));
#577=EDGE_LOOP('',(#1656,#1657,#1658,#1659,#1660,#1661));
#578=EDGE_LOOP('',(#1662));
#579=EDGE_LOOP('',(#1663));
#580=EDGE_LOOP('',(#1664));
#581=EDGE_LOOP('',(#1665));
#582=ELLIPSE('',#1815,0.289751080231333,0.25);
#583=ELLIPSE('',#1817,0.333849799303856,0.3);
#584=ELLIPSE('',#1821,0.333849767506153,0.299999999999999);
#585=ELLIPSE('',#1822,0.289751043594173,0.25);
#586=ELLIPSE('',#1826,0.333850585684386,0.3);
#587=ELLIPSE('',#1827,0.289751986294844,0.25);
#588=ELLIPSE('',#1831,0.333850617482011,0.3);
#589=ELLIPSE('',#1832,0.289752022931885,0.25);
#590=ELLIPSE('',#1838,2.24548875748702,2.116);
#591=ELLIPSE('',#1839,2.24548875748702,2.116);
#592=ELLIPSE('',#1860,0.111803398874989,0.05);
#593=ELLIPSE('',#1861,0.111803398874989,0.05);
#594=ELLIPSE('',#1870,0.111803398874989,0.05);
#595=ELLIPSE('',#1871,0.11180339887499,0.05);
#596=ELLIPSE('',#1955,1.96535448176769,1.816);
#597=ELLIPSE('',#1956,2.24548841880878,2.116);
#598=ELLIPSE('',#1959,2.24548841880878,2.116);
#599=ELLIPSE('',#1965,1.05948666815586,0.584);
#600=ELLIPSE('',#1978,1.96535486871979,1.816);
#601=ELLIPSE('',#1983,1.96535486871979,1.816);
#602=ELLIPSE('',#1996,1.05948666815586,0.584);
#603=ELLIPSE('',#1997,1.05948666815586,0.584);
#604=ELLIPSE('',#2000,1.05948666815586,0.584);
#605=ELLIPSE('',#2006,1.96535448176769,1.816);
#606=CIRCLE('',#1814,0.0500000000000004);
#607=CIRCLE('',#1816,0.0499999999999998);
#608=CIRCLE('',#1819,0.0499999999999998);
#609=CIRCLE('',#1820,0.0499999999999998);
#610=CIRCLE('',#1824,0.0499999999999998);
#611=CIRCLE('',#1825,0.0499999999999998);
#612=CIRCLE('',#1829,0.0499999999999998);
#613=CIRCLE('',#1830,0.0499999999999998);
#614=CIRCLE('',#1836,0.3);
#615=CIRCLE('',#1841,0.300000000000002);
#616=CIRCLE('',#1844,0.0499999999999998);
#617=CIRCLE('',#1845,0.05);
#618=CIRCLE('',#1846,0.05);
#619=CIRCLE('',#1848,0.0500000000000007);
#620=CIRCLE('',#1849,0.05);
#621=CIRCLE('',#1850,0.05);
#622=CIRCLE('',#1851,0.0499999999999998);
#623=CIRCLE('',#1853,0.05);
#624=CIRCLE('',#1854,0.1);
#625=CIRCLE('',#1855,0.15);
#626=CIRCLE('',#1859,0.0499999999999998);
#627=CIRCLE('',#1862,0.0499999999999999);
#628=CIRCLE('',#1864,0.0500000000000004);
#629=CIRCLE('',#1865,0.15);
#630=CIRCLE('',#1866,0.1);
#631=CIRCLE('',#1869,0.0500000000000003);
#632=CIRCLE('',#1873,0.0499999999999998);
#633=CIRCLE('',#1877,0.0499999999999999);
#634=CIRCLE('',#1880,0.1);
#635=CIRCLE('',#1882,0.05);
#636=CIRCLE('',#1883,0.1);
#637=CIRCLE('',#1884,0.0499999999999999);
#638=CIRCLE('',#1885,0.15);
#639=CIRCLE('',#1886,0.08);
#640=CIRCLE('',#1887,0.15);
#641=CIRCLE('',#1888,0.0799999999999998);
#642=CIRCLE('',#1889,0.07);
#643=CIRCLE('',#1892,0.0499999999999999);
#644=CIRCLE('',#1895,0.0800000000000001);
#645=CIRCLE('',#1897,0.185216619556803);
#646=CIRCLE('',#1898,0.185216619556803);
#647=CIRCLE('',#1899,0.07);
#648=CIRCLE('',#1900,0.185216619556803);
#649=CIRCLE('',#1901,0.185216619556803);
#650=CIRCLE('',#1903,0.0499999999999998);
#651=CIRCLE('',#1904,0.1);
#652=CIRCLE('',#1905,0.15);
#653=CIRCLE('',#1906,0.08);
#654=CIRCLE('',#1907,0.15);
#655=CIRCLE('',#1910,0.0499999999999999);
#656=CIRCLE('',#1913,0.08);
#657=CIRCLE('',#1914,0.05);
#658=CIRCLE('',#1915,0.05);
#659=CIRCLE('',#1916,0.0499999999999999);
#660=CIRCLE('',#1917,0.1);
#661=CIRCLE('',#1920,0.08);
#662=CIRCLE('',#1921,0.0800000000000001);
#663=CIRCLE('',#1923,0.0800000000000001);
#664=CIRCLE('',#1926,0.05);
#665=CIRCLE('',#1927,0.0500000000000003);
#666=CIRCLE('',#1928,0.05);
#667=CIRCLE('',#1929,0.1);
#668=CIRCLE('',#1932,0.0499999999999999);
#669=CIRCLE('',#1934,0.05);
#670=CIRCLE('',#1935,0.1);
#671=CIRCLE('',#1938,0.05);
#672=CIRCLE('',#1942,0.3);
#673=CIRCLE('',#1944,0.3);
#674=CIRCLE('',#1945,0.585);
#675=CIRCLE('',#1946,0.885);
#676=CIRCLE('',#1948,0.3);
#677=CIRCLE('',#1950,0.3);
#678=CIRCLE('',#1951,1.816);
#679=CIRCLE('',#1952,2.116);
#680=CIRCLE('',#1953,0.299999999999999);
#681=CIRCLE('',#1954,0.3);
#682=CIRCLE('',#1962,0.227);
#683=CIRCLE('',#1963,2.116);
#684=CIRCLE('',#1966,0.3);
#685=CIRCLE('',#1968,0.3);
#686=CIRCLE('',#1969,0.885);
#687=CIRCLE('',#1970,0.585);
#688=CIRCLE('',#1972,0.3);
#689=CIRCLE('',#1974,0.299999999999999);
#690=CIRCLE('',#1975,2.116);
#691=CIRCLE('',#1976,1.816);
#692=CIRCLE('',#1977,0.3);
#693=CIRCLE('',#1982,0.3);
#694=CIRCLE('',#1984,0.299999999999999);
#695=CIRCLE('',#1986,0.300000000000001);
#696=CIRCLE('',#1987,2.116);
#697=CIRCLE('',#1988,1.816);
#698=CIRCLE('',#1990,0.3);
#699=CIRCLE('',#1991,0.3);
#700=CIRCLE('',#1992,0.227);
#701=CIRCLE('',#1993,0.527);
#702=CIRCLE('',#1995,0.3);
#703=CIRCLE('',#2003,0.527);
#704=CIRCLE('',#2007,1.816);
#705=CIRCLE('',#2010,0.3);
#706=CIRCLE('',#2011,0.300000000000001);
#707=CIRCLE('',#2012,0.300000000000001);
#708=CIRCLE('',#2014,0.3);
#709=CIRCLE('',#2016,0.3);
#710=CIRCLE('',#2017,0.3);
#711=CIRCLE('',#2019,0.300000000000001);
#712=CIRCLE('',#2021,0.185216619556803);
#713=CIRCLE('',#2028,0.185216619556803);
#714=CIRCLE('',#2030,0.185216619556803);
#715=CIRCLE('',#2032,0.185216619556803);
#716=VERTEX_POINT('',#2614);
#717=VERTEX_POINT('',#2615);
#718=VERTEX_POINT('',#2617);
#719=VERTEX_POINT('',#2619);
#720=VERTEX_POINT('',#2623);
#721=VERTEX_POINT('',#2624);
#722=VERTEX_POINT('',#2664);
#723=VERTEX_POINT('',#2665);
#724=VERTEX_POINT('',#2670);
#725=VERTEX_POINT('',#2671);
#726=VERTEX_POINT('',#2711);
#727=VERTEX_POINT('',#2712);
#728=VERTEX_POINT('',#2717);
#729=VERTEX_POINT('',#2718);
#730=VERTEX_POINT('',#2758);
#731=VERTEX_POINT('',#2759);
#732=VERTEX_POINT('',#2767);
#733=VERTEX_POINT('',#2769);
#734=VERTEX_POINT('',#2773);
#735=VERTEX_POINT('',#2777);
#736=VERTEX_POINT('',#2779);
#737=VERTEX_POINT('',#2781);
#738=VERTEX_POINT('',#2785);
#739=VERTEX_POINT('',#2790);
#740=VERTEX_POINT('',#2791);
#741=VERTEX_POINT('',#2793);
#742=VERTEX_POINT('',#2797);
#743=VERTEX_POINT('',#2798);
#744=VERTEX_POINT('',#2800);
#745=VERTEX_POINT('',#2835);
#746=VERTEX_POINT('',#2836);
#747=VERTEX_POINT('',#2838);
#748=VERTEX_POINT('',#2856);
#749=VERTEX_POINT('',#2857);
#750=VERTEX_POINT('',#2868);
#751=VERTEX_POINT('',#2869);
#752=VERTEX_POINT('',#2903);
#753=VERTEX_POINT('',#2938);
#754=VERTEX_POINT('',#2939);
#755=VERTEX_POINT('',#2941);
#756=VERTEX_POINT('',#2959);
#757=VERTEX_POINT('',#2960);
#758=VERTEX_POINT('',#2968);
#759=VERTEX_POINT('',#2969);
#760=VERTEX_POINT('',#3003);
#761=VERTEX_POINT('',#3007);
#762=VERTEX_POINT('',#3009);
#763=VERTEX_POINT('',#3017);
#764=VERTEX_POINT('',#3019);
#765=VERTEX_POINT('',#3025);
#766=VERTEX_POINT('',#3029);
#767=VERTEX_POINT('',#3030);
#768=VERTEX_POINT('',#3032);
#769=VERTEX_POINT('',#3034);
#770=VERTEX_POINT('',#3046);
#771=VERTEX_POINT('',#3047);
#772=VERTEX_POINT('',#3049);
#773=VERTEX_POINT('',#3051);
#774=VERTEX_POINT('',#3058);
#775=VERTEX_POINT('',#3060);
#776=VERTEX_POINT('',#3064);
#777=VERTEX_POINT('',#3068);
#778=VERTEX_POINT('',#3072);
#779=VERTEX_POINT('',#3074);
#780=VERTEX_POINT('',#3076);
#781=VERTEX_POINT('',#3087);
#782=VERTEX_POINT('',#3089);
#783=VERTEX_POINT('',#3091);
#784=VERTEX_POINT('',#3093);
#785=VERTEX_POINT('',#3095);
#786=VERTEX_POINT('',#3097);
#787=VERTEX_POINT('',#3099);
#788=VERTEX_POINT('',#3101);
#789=VERTEX_POINT('',#3110);
#790=VERTEX_POINT('',#3112);
#791=VERTEX_POINT('',#3115);
#792=VERTEX_POINT('',#3117);
#793=VERTEX_POINT('',#3120);
#794=VERTEX_POINT('',#3121);
#795=VERTEX_POINT('',#3134);
#796=VERTEX_POINT('',#3140);
#797=VERTEX_POINT('',#3142);
#798=VERTEX_POINT('',#3146);
#799=VERTEX_POINT('',#3150);
#800=VERTEX_POINT('',#3165);
#801=VERTEX_POINT('',#3166);
#802=VERTEX_POINT('',#3168);
#803=VERTEX_POINT('',#3170);
#804=VERTEX_POINT('',#3174);
#805=VERTEX_POINT('',#3175);
#806=VERTEX_POINT('',#3181);
#807=VERTEX_POINT('',#3183);
#808=VERTEX_POINT('',#3206);
#809=VERTEX_POINT('',#3208);
#810=VERTEX_POINT('',#3218);
#811=VERTEX_POINT('',#3220);
#812=VERTEX_POINT('',#3224);
#813=VERTEX_POINT('',#3236);
#814=VERTEX_POINT('',#3256);
#815=VERTEX_POINT('',#3330);
#816=VERTEX_POINT('',#3339);
#817=VERTEX_POINT('',#3349);
#818=VERTEX_POINT('',#3350);
#819=VERTEX_POINT('',#3355);
#820=VERTEX_POINT('',#3356);
#821=VERTEX_POINT('',#3361);
#822=VERTEX_POINT('',#3362);
#823=VERTEX_POINT('',#3386);
#824=VERTEX_POINT('',#3391);
#825=VERTEX_POINT('',#3417);
#826=VERTEX_POINT('',#3424);
#827=VERTEX_POINT('',#3426);
#828=VERTEX_POINT('',#3430);
#829=VERTEX_POINT('',#3437);
#830=VERTEX_POINT('',#3439);
#831=VERTEX_POINT('',#3441);
#832=VERTEX_POINT('',#3443);
#833=VERTEX_POINT('',#3488);
#834=VERTEX_POINT('',#3496);
#835=VERTEX_POINT('',#3507);
#836=VERTEX_POINT('',#3508);
#837=VERTEX_POINT('',#3513);
#838=VERTEX_POINT('',#3514);
#839=VERTEX_POINT('',#3519);
#840=VERTEX_POINT('',#3520);
#841=VERTEX_POINT('',#3544);
#842=VERTEX_POINT('',#3600);
#843=VERTEX_POINT('',#3623);
#844=VERTEX_POINT('',#3628);
#845=VERTEX_POINT('',#3635);
#846=VERTEX_POINT('',#3636);
#847=VERTEX_POINT('',#3641);
#848=VERTEX_POINT('',#3642);
#849=VERTEX_POINT('',#3655);
#850=VERTEX_POINT('',#3656);
#851=VERTEX_POINT('',#3661);
#852=VERTEX_POINT('',#3662);
#853=VERTEX_POINT('',#3706);
#854=VERTEX_POINT('',#3708);
#855=VERTEX_POINT('',#3710);
#856=VERTEX_POINT('',#3725);
#857=VERTEX_POINT('',#3756);
#858=VERTEX_POINT('',#3760);
#859=VERTEX_POINT('',#3764);
#860=VERTEX_POINT('',#3768);
#861=VERTEX_POINT('',#3770);
#862=VERTEX_POINT('',#3772);
#863=VERTEX_POINT('',#3875);
#864=VERTEX_POINT('',#3917);
#865=VERTEX_POINT('',#3928);
#866=VERTEX_POINT('',#3932);
#867=VERTEX_POINT('',#3936);
#868=EDGE_CURVE('',#716,#717,#606,.T.);
#869=EDGE_CURVE('',#717,#718,#582,.T.);
#870=EDGE_CURVE('',#718,#719,#607,.T.);
#871=EDGE_CURVE('',#719,#716,#583,.T.);
#872=EDGE_CURVE('',#720,#721,#608,.T.);
#873=EDGE_CURVE('',#721,#719,#94,.T.);
#874=EDGE_CURVE('',#718,#720,#95,.T.);
#875=EDGE_CURVE('',#722,#723,#609,.T.);
#876=EDGE_CURVE('',#723,#721,#584,.T.);
#877=EDGE_CURVE('',#720,#722,#585,.T.);
#878=EDGE_CURVE('',#724,#725,#610,.T.);
#879=EDGE_CURVE('',#725,#723,#96,.T.);
#880=EDGE_CURVE('',#722,#724,#97,.T.);
#881=EDGE_CURVE('',#726,#727,#611,.T.);
#882=EDGE_CURVE('',#727,#725,#586,.T.);
#883=EDGE_CURVE('',#724,#726,#587,.T.);
#884=EDGE_CURVE('',#728,#729,#612,.T.);
#885=EDGE_CURVE('',#729,#727,#98,.T.);
#886=EDGE_CURVE('',#726,#728,#99,.T.);
#887=EDGE_CURVE('',#730,#731,#613,.T.);
#888=EDGE_CURVE('',#731,#729,#588,.T.);
#889=EDGE_CURVE('',#728,#730,#589,.T.);
#890=EDGE_CURVE('',#716,#731,#100,.T.);
#891=EDGE_CURVE('',#730,#717,#101,.T.);
#892=EDGE_CURVE('',#732,#729,#102,.T.);
#893=EDGE_CURVE('',#733,#732,#103,.T.);
#894=EDGE_CURVE('',#727,#733,#104,.T.);
#895=EDGE_CURVE('',#731,#734,#105,.T.);
#896=EDGE_CURVE('',#732,#734,#614,.T.);
#897=EDGE_CURVE('',#735,#716,#106,.T.);
#898=EDGE_CURVE('',#736,#735,#590,.T.);
#899=EDGE_CURVE('',#737,#736,#107,.T.);
#900=EDGE_CURVE('',#734,#737,#591,.T.);
#901=EDGE_CURVE('',#719,#738,#108,.T.);
#902=EDGE_CURVE('',#738,#735,#615,.T.);
#903=EDGE_CURVE('',#739,#740,#616,.F.);
#904=EDGE_CURVE('',#741,#739,#617,.F.);
#905=EDGE_CURVE('',#740,#741,#618,.F.);
#906=EDGE_CURVE('',#742,#743,#619,.F.);
#907=EDGE_CURVE('',#744,#742,#620,.F.);
#908=EDGE_CURVE('',#743,#744,#621,.F.);
#909=EDGE_CURVE('',#745,#746,#622,.T.);
#910=EDGE_CURVE('',#746,#747,#39,.T.);
#911=EDGE_CURVE('',#747,#745,#40,.T.);
#912=EDGE_CURVE('',#748,#749,#623,.T.);
#913=EDGE_CURVE('',#749,#746,#624,.T.);
#914=EDGE_CURVE('',#745,#748,#625,.T.);
#915=EDGE_CURVE('',#742,#749,#109,.T.);
#916=EDGE_CURVE('',#748,#744,#110,.T.);
#917=EDGE_CURVE('',#744,#741,#111,.T.);
#918=EDGE_CURVE('',#739,#743,#112,.T.);
#919=EDGE_CURVE('',#750,#751,#626,.T.);
#920=EDGE_CURVE('',#751,#742,#113,.T.);
#921=EDGE_CURVE('',#743,#750,#114,.T.);
#922=EDGE_CURVE('',#750,#752,#592,.T.);
#923=EDGE_CURVE('',#752,#751,#593,.T.);
#924=EDGE_CURVE('',#753,#754,#627,.T.);
#925=EDGE_CURVE('',#754,#755,#41,.T.);
#926=EDGE_CURVE('',#755,#753,#42,.T.);
#927=EDGE_CURVE('',#756,#757,#628,.T.);
#928=EDGE_CURVE('',#757,#754,#629,.T.);
#929=EDGE_CURVE('',#753,#756,#630,.T.);
#930=EDGE_CURVE('',#741,#757,#115,.T.);
#931=EDGE_CURVE('',#756,#740,#116,.T.);
#932=EDGE_CURVE('',#758,#759,#631,.T.);
#933=EDGE_CURVE('',#759,#739,#117,.T.);
#934=EDGE_CURVE('',#740,#758,#118,.T.);
#935=EDGE_CURVE('',#758,#760,#594,.T.);
#936=EDGE_CURVE('',#760,#759,#595,.T.);
#937=EDGE_CURVE('',#752,#761,#119,.T.);
#938=EDGE_CURVE('',#762,#761,#632,.T.);
#939=EDGE_CURVE('',#762,#751,#120,.T.);
#940=EDGE_CURVE('',#750,#759,#121,.T.);
#941=EDGE_CURVE('',#760,#752,#122,.T.);
#942=EDGE_CURVE('',#758,#763,#123,.T.);
#943=EDGE_CURVE('',#764,#763,#633,.T.);
#944=EDGE_CURVE('',#764,#760,#124,.T.);
#945=EDGE_CURVE('',#763,#756,#125,.T.);
#946=EDGE_CURVE('',#755,#765,#126,.T.);
#947=EDGE_CURVE('',#763,#765,#634,.T.);
#948=EDGE_CURVE('',#766,#767,#635,.T.);
#949=EDGE_CURVE('',#767,#768,#636,.T.);
#950=EDGE_CURVE('',#768,#769,#637,.T.);
#951=EDGE_CURVE('',#769,#766,#638,.T.);
#952=EDGE_CURVE('',#770,#771,#639,.T.);
#953=EDGE_CURVE('',#771,#772,#640,.T.);
#954=EDGE_CURVE('',#772,#773,#641,.T.);
#955=EDGE_CURVE('',#773,#770,#642,.T.);
#956=EDGE_CURVE('',#771,#766,#127,.T.);
#957=EDGE_CURVE('',#769,#772,#128,.T.);
#958=EDGE_CURVE('',#766,#774,#129,.T.);
#959=EDGE_CURVE('',#775,#774,#643,.T.);
#960=EDGE_CURVE('',#775,#767,#130,.T.);
#961=EDGE_CURVE('',#776,#771,#131,.T.);
#962=EDGE_CURVE('',#774,#776,#132,.T.);
#963=EDGE_CURVE('',#770,#777,#133,.T.);
#964=EDGE_CURVE('',#776,#777,#644,.T.);
#965=EDGE_CURVE('',#778,#773,#134,.T.);
#966=EDGE_CURVE('',#779,#778,#135,.T.);
#967=EDGE_CURVE('',#780,#779,#43,.F.);
#968=EDGE_CURVE('',#781,#780,#136,.T.);
#969=EDGE_CURVE('',#782,#781,#137,.T.);
#970=EDGE_CURVE('',#782,#783,#645,.T.);
#971=EDGE_CURVE('',#784,#783,#138,.T.);
#972=EDGE_CURVE('',#784,#785,#646,.T.);
#973=EDGE_CURVE('',#786,#785,#139,.T.);
#974=EDGE_CURVE('',#787,#786,#140,.T.);
#975=EDGE_CURVE('',#787,#788,#44,.T.);
#976=EDGE_CURVE('',#789,#788,#141,.T.);
#977=EDGE_CURVE('',#790,#789,#142,.T.);
#978=EDGE_CURVE('',#777,#790,#647,.T.);
#979=EDGE_CURVE('',#791,#791,#648,.T.);
#980=EDGE_CURVE('',#792,#792,#649,.T.);
#981=EDGE_CURVE('',#793,#794,#650,.T.);
#982=EDGE_CURVE('',#794,#775,#651,.T.);
#983=EDGE_CURVE('',#774,#793,#652,.T.);
#984=EDGE_CURVE('',#790,#795,#653,.T.);
#985=EDGE_CURVE('',#795,#776,#654,.T.);
#986=EDGE_CURVE('',#795,#793,#143,.T.);
#987=EDGE_CURVE('',#793,#796,#144,.T.);
#988=EDGE_CURVE('',#797,#796,#655,.T.);
#989=EDGE_CURVE('',#797,#794,#145,.T.);
#990=EDGE_CURVE('',#798,#795,#146,.T.);
#991=EDGE_CURVE('',#796,#798,#147,.T.);
#992=EDGE_CURVE('',#789,#799,#656,.F.);
#993=EDGE_CURVE('',#798,#799,#45,.T.);
#994=EDGE_CURVE('',#800,#801,#657,.T.);
#995=EDGE_CURVE('',#801,#802,#658,.T.);
#996=EDGE_CURVE('',#802,#803,#659,.T.);
#997=EDGE_CURVE('',#803,#800,#660,.T.);
#998=EDGE_CURVE('',#804,#805,#46,.T.);
#999=EDGE_CURVE('',#805,#800,#148,.T.);
#1000=EDGE_CURVE('',#803,#806,#149,.T.);
#1001=EDGE_CURVE('',#806,#807,#47,.T.);
#1002=EDGE_CURVE('',#807,#804,#48,.T.);
#1003=EDGE_CURVE('',#778,#807,#661,.F.);
#1004=EDGE_CURVE('',#804,#778,#662,.F.);
#1005=EDGE_CURVE('',#806,#808,#150,.T.);
#1006=EDGE_CURVE('',#809,#808,#49,.T.);
#1007=EDGE_CURVE('',#809,#789,#663,.F.);
#1008=EDGE_CURVE('',#788,#779,#151,.T.);
#1009=EDGE_CURVE('',#765,#803,#152,.T.);
#1010=EDGE_CURVE('',#747,#755,#153,.T.);
#1011=EDGE_CURVE('',#810,#747,#154,.T.);
#1012=EDGE_CURVE('',#811,#810,#155,.T.);
#1013=EDGE_CURVE('',#808,#811,#156,.T.);
#1014=EDGE_CURVE('',#802,#812,#157,.T.);
#1015=EDGE_CURVE('',#765,#812,#664,.T.);
#1016=EDGE_CURVE('',#811,#813,#665,.T.);
#1017=EDGE_CURVE('',#813,#797,#666,.T.);
#1018=EDGE_CURVE('',#796,#811,#667,.T.);
#1019=EDGE_CURVE('',#799,#809,#50,.T.);
#1020=EDGE_CURVE('',#814,#810,#668,.T.);
#1021=EDGE_CURVE('',#814,#813,#158,.T.);
#1022=EDGE_CURVE('',#761,#814,#669,.T.);
#1023=EDGE_CURVE('',#810,#762,#670,.T.);
#1024=EDGE_CURVE('',#749,#762,#159,.T.);
#1025=EDGE_CURVE('',#812,#764,#671,.T.);
#1026=EDGE_CURVE('',#768,#801,#160,.T.);
#1027=EDGE_CURVE('',#800,#769,#161,.T.);
#1028=EDGE_CURVE('',#772,#805,#162,.T.);
#1029=EDGE_CURVE('',#787,#815,#51,.T.);
#1030=EDGE_CURVE('',#815,#816,#672,.T.);
#1031=EDGE_CURVE('',#816,#788,#52,.T.);
#1032=EDGE_CURVE('',#817,#818,#673,.T.);
#1033=EDGE_CURVE('',#818,#816,#674,.T.);
#1034=EDGE_CURVE('',#815,#817,#675,.T.);
#1035=EDGE_CURVE('',#819,#820,#676,.T.);
#1036=EDGE_CURVE('',#820,#818,#163,.T.);
#1037=EDGE_CURVE('',#817,#819,#164,.T.);
#1038=EDGE_CURVE('',#821,#822,#677,.T.);
#1039=EDGE_CURVE('',#822,#820,#678,.T.);
#1040=EDGE_CURVE('',#819,#821,#679,.T.);
#1041=EDGE_CURVE('',#821,#823,#53,.T.);
#1042=EDGE_CURVE('',#823,#824,#680,.T.);
#1043=EDGE_CURVE('',#824,#822,#54,.T.);
#1044=EDGE_CURVE('',#825,#733,#681,.T.);
#1045=EDGE_CURVE('',#733,#824,#596,.T.);
#1046=EDGE_CURVE('',#823,#825,#597,.T.);
#1047=EDGE_CURVE('',#825,#725,#165,.T.);
#1048=EDGE_CURVE('',#826,#823,#166,.T.);
#1049=EDGE_CURVE('',#827,#826,#598,.T.);
#1050=EDGE_CURVE('',#723,#827,#167,.T.);
#1051=EDGE_CURVE('',#821,#828,#168,.T.);
#1052=EDGE_CURVE('',#826,#828,#55,.T.);
#1053=EDGE_CURVE('',#829,#815,#169,.T.);
#1054=EDGE_CURVE('',#830,#829,#170,.T.);
#1055=EDGE_CURVE('',#831,#830,#682,.T.);
#1056=EDGE_CURVE('',#832,#831,#171,.T.);
#1057=EDGE_CURVE('',#828,#832,#683,.T.);
#1058=EDGE_CURVE('',#829,#786,#599,.T.);
#1059=EDGE_CURVE('',#779,#833,#56,.T.);
#1060=EDGE_CURVE('',#833,#834,#684,.T.);
#1061=EDGE_CURVE('',#834,#780,#57,.T.);
#1062=EDGE_CURVE('',#835,#836,#685,.T.);
#1063=EDGE_CURVE('',#836,#834,#686,.T.);
#1064=EDGE_CURVE('',#833,#835,#687,.T.);
#1065=EDGE_CURVE('',#837,#838,#688,.T.);
#1066=EDGE_CURVE('',#838,#836,#172,.T.);
#1067=EDGE_CURVE('',#835,#837,#173,.T.);
#1068=EDGE_CURVE('',#839,#840,#689,.T.);
#1069=EDGE_CURVE('',#840,#838,#690,.T.);
#1070=EDGE_CURVE('',#837,#839,#691,.T.);
#1071=EDGE_CURVE('',#839,#841,#58,.T.);
#1072=EDGE_CURVE('',#841,#737,#692,.T.);
#1073=EDGE_CURVE('',#737,#840,#59,.T.);
#1074=EDGE_CURVE('',#841,#732,#600,.T.);
#1075=EDGE_CURVE('',#837,#820,#174,.T.);
#1076=EDGE_CURVE('',#818,#835,#175,.T.);
#1077=EDGE_CURVE('',#842,#736,#693,.T.);
#1078=EDGE_CURVE('',#738,#842,#601,.T.);
#1079=EDGE_CURVE('',#842,#843,#60,.T.);
#1080=EDGE_CURVE('',#843,#844,#694,.T.);
#1081=EDGE_CURVE('',#844,#736,#61,.T.);
#1082=EDGE_CURVE('',#845,#846,#695,.T.);
#1083=EDGE_CURVE('',#846,#844,#696,.T.);
#1084=EDGE_CURVE('',#843,#845,#697,.T.);
#1085=EDGE_CURVE('',#847,#848,#698,.T.);
#1086=EDGE_CURVE('',#848,#846,#176,.T.);
#1087=EDGE_CURVE('',#845,#847,#177,.T.);
#1088=EDGE_CURVE('',#849,#850,#699,.T.);
#1089=EDGE_CURVE('',#850,#848,#700,.T.);
#1090=EDGE_CURVE('',#847,#849,#701,.T.);
#1091=EDGE_CURVE('',#851,#852,#702,.T.);
#1092=EDGE_CURVE('',#852,#850,#178,.T.);
#1093=EDGE_CURVE('',#849,#851,#179,.T.);
#1094=EDGE_CURVE('',#851,#781,#602,.T.);
#1095=EDGE_CURVE('',#781,#852,#603,.T.);
#1096=EDGE_CURVE('',#834,#852,#180,.F.);
#1097=EDGE_CURVE('',#851,#853,#181,.T.);
#1098=EDGE_CURVE('',#854,#853,#604,.T.);
#1099=EDGE_CURVE('',#855,#854,#62,.F.);
#1100=EDGE_CURVE('',#784,#855,#63,.F.);
#1101=EDGE_CURVE('',#856,#783,#64,.F.);
#1102=EDGE_CURVE('',#782,#856,#65,.F.);
#1103=EDGE_CURVE('',#857,#849,#182,.T.);
#1104=EDGE_CURVE('',#853,#857,#183,.T.);
#1105=EDGE_CURVE('',#847,#858,#184,.T.);
#1106=EDGE_CURVE('',#857,#858,#703,.T.);
#1107=EDGE_CURVE('',#859,#845,#185,.T.);
#1108=EDGE_CURVE('',#858,#859,#186,.T.);
#1109=EDGE_CURVE('',#738,#860,#187,.T.);
#1110=EDGE_CURVE('',#861,#860,#605,.T.);
#1111=EDGE_CURVE('',#862,#861,#66,.T.);
#1112=EDGE_CURVE('',#859,#862,#704,.T.);
#1113=EDGE_CURVE('',#860,#721,#188,.T.);
#1114=EDGE_CURVE('',#827,#860,#705,.T.);
#1115=EDGE_CURVE('',#826,#861,#706,.T.);
#1116=EDGE_CURVE('',#828,#862,#707,.T.);
#1117=EDGE_CURVE('',#832,#859,#708,.T.);
#1118=EDGE_CURVE('',#831,#858,#709,.T.);
#1119=EDGE_CURVE('',#830,#857,#710,.T.);
#1120=EDGE_CURVE('',#829,#853,#711,.T.);
#1121=EDGE_CURVE('',#863,#786,#67,.T.);
#1122=EDGE_CURVE('',#863,#854,#68,.T.);
#1123=EDGE_CURVE('',#863,#785,#69,.F.);
#1124=EDGE_CURVE('',#855,#864,#189,.T.);
#1125=EDGE_CURVE('',#864,#864,#712,.T.);
#1126=EDGE_CURVE('',#844,#840,#190,.T.);
#1127=EDGE_CURVE('',#754,#745,#191,.F.);
#1128=EDGE_CURVE('',#856,#865,#192,.T.);
#1129=EDGE_CURVE('',#865,#865,#713,.T.);
#1130=EDGE_CURVE('',#792,#866,#193,.T.);
#1131=EDGE_CURVE('',#866,#866,#714,.T.);
#1132=EDGE_CURVE('',#791,#867,#194,.T.);
#1133=EDGE_CURVE('',#867,#867,#715,.T.);
#1134=ORIENTED_EDGE('',*,*,#868,.T.);
#1135=ORIENTED_EDGE('',*,*,#869,.T.);
#1136=ORIENTED_EDGE('',*,*,#870,.T.);
#1137=ORIENTED_EDGE('',*,*,#871,.T.);
#1138=ORIENTED_EDGE('',*,*,#872,.T.);
#1139=ORIENTED_EDGE('',*,*,#873,.T.);
#1140=ORIENTED_EDGE('',*,*,#870,.F.);
#1141=ORIENTED_EDGE('',*,*,#874,.T.);
#1142=ORIENTED_EDGE('',*,*,#875,.T.);
#1143=ORIENTED_EDGE('',*,*,#876,.T.);
#1144=ORIENTED_EDGE('',*,*,#872,.F.);
#1145=ORIENTED_EDGE('',*,*,#877,.T.);
#1146=ORIENTED_EDGE('',*,*,#878,.T.);
#1147=ORIENTED_EDGE('',*,*,#879,.T.);
#1148=ORIENTED_EDGE('',*,*,#875,.F.);
#1149=ORIENTED_EDGE('',*,*,#880,.T.);
#1150=ORIENTED_EDGE('',*,*,#881,.T.);
#1151=ORIENTED_EDGE('',*,*,#882,.T.);
#1152=ORIENTED_EDGE('',*,*,#878,.F.);
#1153=ORIENTED_EDGE('',*,*,#883,.T.);
#1154=ORIENTED_EDGE('',*,*,#884,.T.);
#1155=ORIENTED_EDGE('',*,*,#885,.T.);
#1156=ORIENTED_EDGE('',*,*,#881,.F.);
#1157=ORIENTED_EDGE('',*,*,#886,.T.);
#1158=ORIENTED_EDGE('',*,*,#887,.T.);
#1159=ORIENTED_EDGE('',*,*,#888,.T.);
#1160=ORIENTED_EDGE('',*,*,#884,.F.);
#1161=ORIENTED_EDGE('',*,*,#889,.T.);
#1162=ORIENTED_EDGE('',*,*,#868,.F.);
#1163=ORIENTED_EDGE('',*,*,#890,.T.);
#1164=ORIENTED_EDGE('',*,*,#887,.F.);
#1165=ORIENTED_EDGE('',*,*,#891,.T.);
#1166=ORIENTED_EDGE('',*,*,#885,.F.);
#1167=ORIENTED_EDGE('',*,*,#892,.F.);
#1168=ORIENTED_EDGE('',*,*,#893,.F.);
#1169=ORIENTED_EDGE('',*,*,#894,.F.);
#1170=ORIENTED_EDGE('',*,*,#888,.F.);
#1171=ORIENTED_EDGE('',*,*,#895,.T.);
#1172=ORIENTED_EDGE('',*,*,#896,.F.);
#1173=ORIENTED_EDGE('',*,*,#892,.T.);
#1174=ORIENTED_EDGE('',*,*,#890,.F.);
#1175=ORIENTED_EDGE('',*,*,#897,.F.);
#1176=ORIENTED_EDGE('',*,*,#898,.F.);
#1177=ORIENTED_EDGE('',*,*,#899,.F.);
#1178=ORIENTED_EDGE('',*,*,#900,.F.);
#1179=ORIENTED_EDGE('',*,*,#895,.F.);
#1180=ORIENTED_EDGE('',*,*,#871,.F.);
#1181=ORIENTED_EDGE('',*,*,#901,.T.);
#1182=ORIENTED_EDGE('',*,*,#902,.T.);
#1183=ORIENTED_EDGE('',*,*,#897,.T.);
#1184=ORIENTED_EDGE('',*,*,#869,.F.);
#1185=ORIENTED_EDGE('',*,*,#891,.F.);
#1186=ORIENTED_EDGE('',*,*,#889,.F.);
#1187=ORIENTED_EDGE('',*,*,#886,.F.);
#1188=ORIENTED_EDGE('',*,*,#883,.F.);
#1189=ORIENTED_EDGE('',*,*,#880,.F.);
#1190=ORIENTED_EDGE('',*,*,#877,.F.);
#1191=ORIENTED_EDGE('',*,*,#874,.F.);
#1192=ORIENTED_EDGE('',*,*,#903,.F.);
#1193=ORIENTED_EDGE('',*,*,#904,.F.);
#1194=ORIENTED_EDGE('',*,*,#905,.F.);
#1195=ORIENTED_EDGE('',*,*,#906,.F.);
#1196=ORIENTED_EDGE('',*,*,#907,.F.);
#1197=ORIENTED_EDGE('',*,*,#908,.F.);
#1198=ORIENTED_EDGE('',*,*,#909,.T.);
#1199=ORIENTED_EDGE('',*,*,#910,.T.);
#1200=ORIENTED_EDGE('',*,*,#911,.T.);
#1201=ORIENTED_EDGE('',*,*,#912,.T.);
#1202=ORIENTED_EDGE('',*,*,#913,.T.);
#1203=ORIENTED_EDGE('',*,*,#909,.F.);
#1204=ORIENTED_EDGE('',*,*,#914,.T.);
#1205=ORIENTED_EDGE('',*,*,#907,.T.);
#1206=ORIENTED_EDGE('',*,*,#915,.T.);
#1207=ORIENTED_EDGE('',*,*,#912,.F.);
#1208=ORIENTED_EDGE('',*,*,#916,.T.);
#1209=ORIENTED_EDGE('',*,*,#908,.T.);
#1210=ORIENTED_EDGE('',*,*,#917,.T.);
#1211=ORIENTED_EDGE('',*,*,#904,.T.);
#1212=ORIENTED_EDGE('',*,*,#918,.T.);
#1213=ORIENTED_EDGE('',*,*,#919,.T.);
#1214=ORIENTED_EDGE('',*,*,#920,.T.);
#1215=ORIENTED_EDGE('',*,*,#906,.T.);
#1216=ORIENTED_EDGE('',*,*,#921,.T.);
#1217=ORIENTED_EDGE('',*,*,#919,.F.);
#1218=ORIENTED_EDGE('',*,*,#922,.T.);
#1219=ORIENTED_EDGE('',*,*,#923,.T.);
#1220=ORIENTED_EDGE('',*,*,#924,.T.);
#1221=ORIENTED_EDGE('',*,*,#925,.T.);
#1222=ORIENTED_EDGE('',*,*,#926,.T.);
#1223=ORIENTED_EDGE('',*,*,#927,.T.);
#1224=ORIENTED_EDGE('',*,*,#928,.T.);
#1225=ORIENTED_EDGE('',*,*,#924,.F.);
#1226=ORIENTED_EDGE('',*,*,#929,.T.);
#1227=ORIENTED_EDGE('',*,*,#905,.T.);
#1228=ORIENTED_EDGE('',*,*,#930,.T.);
#1229=ORIENTED_EDGE('',*,*,#927,.F.);
#1230=ORIENTED_EDGE('',*,*,#931,.T.);
#1231=ORIENTED_EDGE('',*,*,#932,.T.);
#1232=ORIENTED_EDGE('',*,*,#933,.T.);
#1233=ORIENTED_EDGE('',*,*,#903,.T.);
#1234=ORIENTED_EDGE('',*,*,#934,.T.);
#1235=ORIENTED_EDGE('',*,*,#932,.F.);
#1236=ORIENTED_EDGE('',*,*,#935,.T.);
#1237=ORIENTED_EDGE('',*,*,#936,.T.);
#1238=ORIENTED_EDGE('',*,*,#923,.F.);
#1239=ORIENTED_EDGE('',*,*,#937,.T.);
#1240=ORIENTED_EDGE('',*,*,#938,.F.);
#1241=ORIENTED_EDGE('',*,*,#939,.T.);
#1242=ORIENTED_EDGE('',*,*,#921,.F.);
#1243=ORIENTED_EDGE('',*,*,#918,.F.);
#1244=ORIENTED_EDGE('',*,*,#933,.F.);
#1245=ORIENTED_EDGE('',*,*,#940,.F.);
#1246=ORIENTED_EDGE('',*,*,#922,.F.);
#1247=ORIENTED_EDGE('',*,*,#940,.T.);
#1248=ORIENTED_EDGE('',*,*,#936,.F.);
#1249=ORIENTED_EDGE('',*,*,#941,.T.);
#1250=ORIENTED_EDGE('',*,*,#935,.F.);
#1251=ORIENTED_EDGE('',*,*,#942,.T.);
#1252=ORIENTED_EDGE('',*,*,#943,.F.);
#1253=ORIENTED_EDGE('',*,*,#944,.T.);
#1254=ORIENTED_EDGE('',*,*,#934,.F.);
#1255=ORIENTED_EDGE('',*,*,#931,.F.);
#1256=ORIENTED_EDGE('',*,*,#945,.F.);
#1257=ORIENTED_EDGE('',*,*,#942,.F.);
#1258=ORIENTED_EDGE('',*,*,#929,.F.);
#1259=ORIENTED_EDGE('',*,*,#926,.F.);
#1260=ORIENTED_EDGE('',*,*,#946,.T.);
#1261=ORIENTED_EDGE('',*,*,#947,.F.);
#1262=ORIENTED_EDGE('',*,*,#945,.T.);
#1263=ORIENTED_EDGE('',*,*,#948,.T.);
#1264=ORIENTED_EDGE('',*,*,#949,.T.);
#1265=ORIENTED_EDGE('',*,*,#950,.T.);
#1266=ORIENTED_EDGE('',*,*,#951,.T.);
#1267=ORIENTED_EDGE('',*,*,#952,.T.);
#1268=ORIENTED_EDGE('',*,*,#953,.T.);
#1269=ORIENTED_EDGE('',*,*,#954,.T.);
#1270=ORIENTED_EDGE('',*,*,#955,.T.);
#1271=ORIENTED_EDGE('',*,*,#953,.F.);
#1272=ORIENTED_EDGE('',*,*,#956,.T.);
#1273=ORIENTED_EDGE('',*,*,#951,.F.);
#1274=ORIENTED_EDGE('',*,*,#957,.T.);
#1275=ORIENTED_EDGE('',*,*,#948,.F.);
#1276=ORIENTED_EDGE('',*,*,#958,.T.);
#1277=ORIENTED_EDGE('',*,*,#959,.F.);
#1278=ORIENTED_EDGE('',*,*,#960,.T.);
#1279=ORIENTED_EDGE('',*,*,#956,.F.);
#1280=ORIENTED_EDGE('',*,*,#961,.F.);
#1281=ORIENTED_EDGE('',*,*,#962,.F.);
#1282=ORIENTED_EDGE('',*,*,#958,.F.);
#1283=ORIENTED_EDGE('',*,*,#952,.F.);
#1284=ORIENTED_EDGE('',*,*,#963,.T.);
#1285=ORIENTED_EDGE('',*,*,#964,.F.);
#1286=ORIENTED_EDGE('',*,*,#961,.T.);
#1287=ORIENTED_EDGE('',*,*,#955,.F.);
#1288=ORIENTED_EDGE('',*,*,#965,.F.);
#1289=ORIENTED_EDGE('',*,*,#966,.F.);
#1290=ORIENTED_EDGE('',*,*,#967,.F.);
#1291=ORIENTED_EDGE('',*,*,#968,.F.);
#1292=ORIENTED_EDGE('',*,*,#969,.F.);
#1293=ORIENTED_EDGE('',*,*,#970,.T.);
#1294=ORIENTED_EDGE('',*,*,#971,.F.);
#1295=ORIENTED_EDGE('',*,*,#972,.T.);
#1296=ORIENTED_EDGE('',*,*,#973,.F.);
#1297=ORIENTED_EDGE('',*,*,#974,.F.);
#1298=ORIENTED_EDGE('',*,*,#975,.T.);
#1299=ORIENTED_EDGE('',*,*,#976,.F.);
#1300=ORIENTED_EDGE('',*,*,#977,.F.);
#1301=ORIENTED_EDGE('',*,*,#978,.F.);
#1302=ORIENTED_EDGE('',*,*,#963,.F.);
#1303=ORIENTED_EDGE('',*,*,#979,.T.);
#1304=ORIENTED_EDGE('',*,*,#980,.T.);
#1305=ORIENTED_EDGE('',*,*,#981,.T.);
#1306=ORIENTED_EDGE('',*,*,#982,.T.);
#1307=ORIENTED_EDGE('',*,*,#959,.T.);
#1308=ORIENTED_EDGE('',*,*,#983,.T.);
#1309=ORIENTED_EDGE('',*,*,#984,.T.);
#1310=ORIENTED_EDGE('',*,*,#985,.T.);
#1311=ORIENTED_EDGE('',*,*,#964,.T.);
#1312=ORIENTED_EDGE('',*,*,#978,.T.);
#1313=ORIENTED_EDGE('',*,*,#985,.F.);
#1314=ORIENTED_EDGE('',*,*,#986,.T.);
#1315=ORIENTED_EDGE('',*,*,#983,.F.);
#1316=ORIENTED_EDGE('',*,*,#962,.T.);
#1317=ORIENTED_EDGE('',*,*,#981,.F.);
#1318=ORIENTED_EDGE('',*,*,#987,.T.);
#1319=ORIENTED_EDGE('',*,*,#988,.F.);
#1320=ORIENTED_EDGE('',*,*,#989,.T.);
#1321=ORIENTED_EDGE('',*,*,#986,.F.);
#1322=ORIENTED_EDGE('',*,*,#990,.F.);
#1323=ORIENTED_EDGE('',*,*,#991,.F.);
#1324=ORIENTED_EDGE('',*,*,#987,.F.);
#1325=ORIENTED_EDGE('',*,*,#984,.F.);
#1326=ORIENTED_EDGE('',*,*,#977,.T.);
#1327=ORIENTED_EDGE('',*,*,#992,.T.);
#1328=ORIENTED_EDGE('',*,*,#993,.F.);
#1329=ORIENTED_EDGE('',*,*,#990,.T.);
#1330=ORIENTED_EDGE('',*,*,#994,.T.);
#1331=ORIENTED_EDGE('',*,*,#995,.T.);
#1332=ORIENTED_EDGE('',*,*,#996,.T.);
#1333=ORIENTED_EDGE('',*,*,#997,.T.);
#1334=ORIENTED_EDGE('',*,*,#998,.T.);
#1335=ORIENTED_EDGE('',*,*,#999,.T.);
#1336=ORIENTED_EDGE('',*,*,#997,.F.);
#1337=ORIENTED_EDGE('',*,*,#1000,.T.);
#1338=ORIENTED_EDGE('',*,*,#1001,.T.);
#1339=ORIENTED_EDGE('',*,*,#1002,.T.);
#1340=ORIENTED_EDGE('',*,*,#1002,.F.);
#1341=ORIENTED_EDGE('',*,*,#1003,.F.);
#1342=ORIENTED_EDGE('',*,*,#1004,.F.);
#1343=ORIENTED_EDGE('',*,*,#1001,.F.);
#1344=ORIENTED_EDGE('',*,*,#1005,.T.);
#1345=ORIENTED_EDGE('',*,*,#1006,.F.);
#1346=ORIENTED_EDGE('',*,*,#1007,.T.);
#1347=ORIENTED_EDGE('',*,*,#976,.T.);
#1348=ORIENTED_EDGE('',*,*,#1008,.T.);
#1349=ORIENTED_EDGE('',*,*,#966,.T.);
#1350=ORIENTED_EDGE('',*,*,#1003,.T.);
#1351=ORIENTED_EDGE('',*,*,#1000,.F.);
#1352=ORIENTED_EDGE('',*,*,#1009,.F.);
#1353=ORIENTED_EDGE('',*,*,#946,.F.);
#1354=ORIENTED_EDGE('',*,*,#1010,.F.);
#1355=ORIENTED_EDGE('',*,*,#1011,.F.);
#1356=ORIENTED_EDGE('',*,*,#1012,.F.);
#1357=ORIENTED_EDGE('',*,*,#1013,.F.);
#1358=ORIENTED_EDGE('',*,*,#1005,.F.);
#1359=ORIENTED_EDGE('',*,*,#996,.F.);
#1360=ORIENTED_EDGE('',*,*,#1014,.T.);
#1361=ORIENTED_EDGE('',*,*,#1015,.F.);
#1362=ORIENTED_EDGE('',*,*,#1009,.T.);
#1363=ORIENTED_EDGE('',*,*,#1016,.T.);
#1364=ORIENTED_EDGE('',*,*,#1017,.T.);
#1365=ORIENTED_EDGE('',*,*,#988,.T.);
#1366=ORIENTED_EDGE('',*,*,#1018,.T.);
#1367=ORIENTED_EDGE('',*,*,#1006,.T.);
#1368=ORIENTED_EDGE('',*,*,#1013,.T.);
#1369=ORIENTED_EDGE('',*,*,#1018,.F.);
#1370=ORIENTED_EDGE('',*,*,#991,.T.);
#1371=ORIENTED_EDGE('',*,*,#993,.T.);
#1372=ORIENTED_EDGE('',*,*,#1019,.T.);
#1373=ORIENTED_EDGE('',*,*,#1016,.F.);
#1374=ORIENTED_EDGE('',*,*,#1012,.T.);
#1375=ORIENTED_EDGE('',*,*,#1020,.F.);
#1376=ORIENTED_EDGE('',*,*,#1021,.T.);
#1377=ORIENTED_EDGE('',*,*,#1019,.F.);
#1378=ORIENTED_EDGE('',*,*,#992,.F.);
#1379=ORIENTED_EDGE('',*,*,#1007,.F.);
#1380=ORIENTED_EDGE('',*,*,#938,.T.);
#1381=ORIENTED_EDGE('',*,*,#1022,.T.);
#1382=ORIENTED_EDGE('',*,*,#1020,.T.);
#1383=ORIENTED_EDGE('',*,*,#1023,.T.);
#1384=ORIENTED_EDGE('',*,*,#913,.F.);
#1385=ORIENTED_EDGE('',*,*,#1024,.T.);
#1386=ORIENTED_EDGE('',*,*,#1023,.F.);
#1387=ORIENTED_EDGE('',*,*,#1011,.T.);
#1388=ORIENTED_EDGE('',*,*,#910,.F.);
#1389=ORIENTED_EDGE('',*,*,#920,.F.);
#1390=ORIENTED_EDGE('',*,*,#939,.F.);
#1391=ORIENTED_EDGE('',*,*,#1024,.F.);
#1392=ORIENTED_EDGE('',*,*,#915,.F.);
#1393=ORIENTED_EDGE('',*,*,#1015,.T.);
#1394=ORIENTED_EDGE('',*,*,#1025,.T.);
#1395=ORIENTED_EDGE('',*,*,#943,.T.);
#1396=ORIENTED_EDGE('',*,*,#947,.T.);
#1397=ORIENTED_EDGE('',*,*,#950,.F.);
#1398=ORIENTED_EDGE('',*,*,#1026,.T.);
#1399=ORIENTED_EDGE('',*,*,#994,.F.);
#1400=ORIENTED_EDGE('',*,*,#1027,.T.);
#1401=ORIENTED_EDGE('',*,*,#957,.F.);
#1402=ORIENTED_EDGE('',*,*,#1027,.F.);
#1403=ORIENTED_EDGE('',*,*,#999,.F.);
#1404=ORIENTED_EDGE('',*,*,#1028,.F.);
#1405=ORIENTED_EDGE('',*,*,#949,.F.);
#1406=ORIENTED_EDGE('',*,*,#960,.F.);
#1407=ORIENTED_EDGE('',*,*,#982,.F.);
#1408=ORIENTED_EDGE('',*,*,#989,.F.);
#1409=ORIENTED_EDGE('',*,*,#1017,.F.);
#1410=ORIENTED_EDGE('',*,*,#1021,.F.);
#1411=ORIENTED_EDGE('',*,*,#1022,.F.);
#1412=ORIENTED_EDGE('',*,*,#937,.F.);
#1413=ORIENTED_EDGE('',*,*,#941,.F.);
#1414=ORIENTED_EDGE('',*,*,#944,.F.);
#1415=ORIENTED_EDGE('',*,*,#1025,.F.);
#1416=ORIENTED_EDGE('',*,*,#1014,.F.);
#1417=ORIENTED_EDGE('',*,*,#995,.F.);
#1418=ORIENTED_EDGE('',*,*,#1026,.F.);
#1419=ORIENTED_EDGE('',*,*,#975,.F.);
#1420=ORIENTED_EDGE('',*,*,#1029,.T.);
#1421=ORIENTED_EDGE('',*,*,#1030,.T.);
#1422=ORIENTED_EDGE('',*,*,#1031,.T.);
#1423=ORIENTED_EDGE('',*,*,#1032,.T.);
#1424=ORIENTED_EDGE('',*,*,#1033,.T.);
#1425=ORIENTED_EDGE('',*,*,#1030,.F.);
#1426=ORIENTED_EDGE('',*,*,#1034,.T.);
#1427=ORIENTED_EDGE('',*,*,#1035,.T.);
#1428=ORIENTED_EDGE('',*,*,#1036,.T.);
#1429=ORIENTED_EDGE('',*,*,#1032,.F.);
#1430=ORIENTED_EDGE('',*,*,#1037,.T.);
#1431=ORIENTED_EDGE('',*,*,#1038,.T.);
#1432=ORIENTED_EDGE('',*,*,#1039,.T.);
#1433=ORIENTED_EDGE('',*,*,#1035,.F.);
#1434=ORIENTED_EDGE('',*,*,#1040,.T.);
#1435=ORIENTED_EDGE('',*,*,#1038,.F.);
#1436=ORIENTED_EDGE('',*,*,#1041,.T.);
#1437=ORIENTED_EDGE('',*,*,#1042,.T.);
#1438=ORIENTED_EDGE('',*,*,#1043,.T.);
#1439=ORIENTED_EDGE('',*,*,#1044,.T.);
#1440=ORIENTED_EDGE('',*,*,#1045,.T.);
#1441=ORIENTED_EDGE('',*,*,#1042,.F.);
#1442=ORIENTED_EDGE('',*,*,#1046,.T.);
#1443=ORIENTED_EDGE('',*,*,#882,.F.);
#1444=ORIENTED_EDGE('',*,*,#894,.T.);
#1445=ORIENTED_EDGE('',*,*,#1044,.F.);
#1446=ORIENTED_EDGE('',*,*,#1047,.T.);
#1447=ORIENTED_EDGE('',*,*,#879,.F.);
#1448=ORIENTED_EDGE('',*,*,#1047,.F.);
#1449=ORIENTED_EDGE('',*,*,#1046,.F.);
#1450=ORIENTED_EDGE('',*,*,#1048,.F.);
#1451=ORIENTED_EDGE('',*,*,#1049,.F.);
#1452=ORIENTED_EDGE('',*,*,#1050,.F.);
#1453=ORIENTED_EDGE('',*,*,#1041,.F.);
#1454=ORIENTED_EDGE('',*,*,#1051,.T.);
#1455=ORIENTED_EDGE('',*,*,#1052,.F.);
#1456=ORIENTED_EDGE('',*,*,#1048,.T.);
#1457=ORIENTED_EDGE('',*,*,#1040,.F.);
#1458=ORIENTED_EDGE('',*,*,#1037,.F.);
#1459=ORIENTED_EDGE('',*,*,#1034,.F.);
#1460=ORIENTED_EDGE('',*,*,#1053,.F.);
#1461=ORIENTED_EDGE('',*,*,#1054,.F.);
#1462=ORIENTED_EDGE('',*,*,#1055,.F.);
#1463=ORIENTED_EDGE('',*,*,#1056,.F.);
#1464=ORIENTED_EDGE('',*,*,#1057,.F.);
#1465=ORIENTED_EDGE('',*,*,#1051,.F.);
#1466=ORIENTED_EDGE('',*,*,#1029,.F.);
#1467=ORIENTED_EDGE('',*,*,#974,.T.);
#1468=ORIENTED_EDGE('',*,*,#1058,.F.);
#1469=ORIENTED_EDGE('',*,*,#1053,.T.);
#1470=ORIENTED_EDGE('',*,*,#967,.T.);
#1471=ORIENTED_EDGE('',*,*,#1059,.T.);
#1472=ORIENTED_EDGE('',*,*,#1060,.T.);
#1473=ORIENTED_EDGE('',*,*,#1061,.T.);
#1474=ORIENTED_EDGE('',*,*,#1062,.T.);
#1475=ORIENTED_EDGE('',*,*,#1063,.T.);
#1476=ORIENTED_EDGE('',*,*,#1060,.F.);
#1477=ORIENTED_EDGE('',*,*,#1064,.T.);
#1478=ORIENTED_EDGE('',*,*,#1065,.T.);
#1479=ORIENTED_EDGE('',*,*,#1066,.T.);
#1480=ORIENTED_EDGE('',*,*,#1062,.F.);
#1481=ORIENTED_EDGE('',*,*,#1067,.T.);
#1482=ORIENTED_EDGE('',*,*,#1068,.T.);
#1483=ORIENTED_EDGE('',*,*,#1069,.T.);
#1484=ORIENTED_EDGE('',*,*,#1065,.F.);
#1485=ORIENTED_EDGE('',*,*,#1070,.T.);
#1486=ORIENTED_EDGE('',*,*,#1068,.F.);
#1487=ORIENTED_EDGE('',*,*,#1071,.T.);
#1488=ORIENTED_EDGE('',*,*,#1072,.T.);
#1489=ORIENTED_EDGE('',*,*,#1073,.T.);
#1490=ORIENTED_EDGE('',*,*,#896,.T.);
#1491=ORIENTED_EDGE('',*,*,#900,.T.);
#1492=ORIENTED_EDGE('',*,*,#1072,.F.);
#1493=ORIENTED_EDGE('',*,*,#1074,.T.);
#1494=ORIENTED_EDGE('',*,*,#1045,.F.);
#1495=ORIENTED_EDGE('',*,*,#893,.T.);
#1496=ORIENTED_EDGE('',*,*,#1074,.F.);
#1497=ORIENTED_EDGE('',*,*,#1071,.F.);
#1498=ORIENTED_EDGE('',*,*,#1070,.F.);
#1499=ORIENTED_EDGE('',*,*,#1075,.T.);
#1500=ORIENTED_EDGE('',*,*,#1039,.F.);
#1501=ORIENTED_EDGE('',*,*,#1043,.F.);
#1502=ORIENTED_EDGE('',*,*,#1036,.F.);
#1503=ORIENTED_EDGE('',*,*,#1075,.F.);
#1504=ORIENTED_EDGE('',*,*,#1067,.F.);
#1505=ORIENTED_EDGE('',*,*,#1076,.F.);
#1506=ORIENTED_EDGE('',*,*,#1033,.F.);
#1507=ORIENTED_EDGE('',*,*,#1076,.T.);
#1508=ORIENTED_EDGE('',*,*,#1064,.F.);
#1509=ORIENTED_EDGE('',*,*,#1059,.F.);
#1510=ORIENTED_EDGE('',*,*,#1008,.F.);
#1511=ORIENTED_EDGE('',*,*,#1031,.F.);
#1512=ORIENTED_EDGE('',*,*,#1077,.T.);
#1513=ORIENTED_EDGE('',*,*,#898,.T.);
#1514=ORIENTED_EDGE('',*,*,#902,.F.);
#1515=ORIENTED_EDGE('',*,*,#1078,.T.);
#1516=ORIENTED_EDGE('',*,*,#1077,.F.);
#1517=ORIENTED_EDGE('',*,*,#1079,.T.);
#1518=ORIENTED_EDGE('',*,*,#1080,.T.);
#1519=ORIENTED_EDGE('',*,*,#1081,.T.);
#1520=ORIENTED_EDGE('',*,*,#1082,.T.);
#1521=ORIENTED_EDGE('',*,*,#1083,.T.);
#1522=ORIENTED_EDGE('',*,*,#1080,.F.);
#1523=ORIENTED_EDGE('',*,*,#1084,.T.);
#1524=ORIENTED_EDGE('',*,*,#1085,.T.);
#1525=ORIENTED_EDGE('',*,*,#1086,.T.);
#1526=ORIENTED_EDGE('',*,*,#1082,.F.);
#1527=ORIENTED_EDGE('',*,*,#1087,.T.);
#1528=ORIENTED_EDGE('',*,*,#1088,.T.);
#1529=ORIENTED_EDGE('',*,*,#1089,.T.);
#1530=ORIENTED_EDGE('',*,*,#1085,.F.);
#1531=ORIENTED_EDGE('',*,*,#1090,.T.);
#1532=ORIENTED_EDGE('',*,*,#1091,.T.);
#1533=ORIENTED_EDGE('',*,*,#1092,.T.);
#1534=ORIENTED_EDGE('',*,*,#1088,.F.);
#1535=ORIENTED_EDGE('',*,*,#1093,.T.);
#1536=ORIENTED_EDGE('',*,*,#1091,.F.);
#1537=ORIENTED_EDGE('',*,*,#1094,.T.);
#1538=ORIENTED_EDGE('',*,*,#1095,.T.);
#1539=ORIENTED_EDGE('',*,*,#1061,.F.);
#1540=ORIENTED_EDGE('',*,*,#1096,.T.);
#1541=ORIENTED_EDGE('',*,*,#1095,.F.);
#1542=ORIENTED_EDGE('',*,*,#968,.T.);
#1543=ORIENTED_EDGE('',*,*,#1094,.F.);
#1544=ORIENTED_EDGE('',*,*,#1097,.T.);
#1545=ORIENTED_EDGE('',*,*,#1098,.F.);
#1546=ORIENTED_EDGE('',*,*,#1099,.F.);
#1547=ORIENTED_EDGE('',*,*,#1100,.F.);
#1548=ORIENTED_EDGE('',*,*,#971,.T.);
#1549=ORIENTED_EDGE('',*,*,#1101,.F.);
#1550=ORIENTED_EDGE('',*,*,#1102,.F.);
#1551=ORIENTED_EDGE('',*,*,#969,.T.);
#1552=ORIENTED_EDGE('',*,*,#1093,.F.);
#1553=ORIENTED_EDGE('',*,*,#1103,.F.);
#1554=ORIENTED_EDGE('',*,*,#1104,.F.);
#1555=ORIENTED_EDGE('',*,*,#1097,.F.);
#1556=ORIENTED_EDGE('',*,*,#1090,.F.);
#1557=ORIENTED_EDGE('',*,*,#1105,.T.);
#1558=ORIENTED_EDGE('',*,*,#1106,.F.);
#1559=ORIENTED_EDGE('',*,*,#1103,.T.);
#1560=ORIENTED_EDGE('',*,*,#1087,.F.);
#1561=ORIENTED_EDGE('',*,*,#1107,.F.);
#1562=ORIENTED_EDGE('',*,*,#1108,.F.);
#1563=ORIENTED_EDGE('',*,*,#1105,.F.);
#1564=ORIENTED_EDGE('',*,*,#1084,.F.);
#1565=ORIENTED_EDGE('',*,*,#1079,.F.);
#1566=ORIENTED_EDGE('',*,*,#1078,.F.);
#1567=ORIENTED_EDGE('',*,*,#1109,.T.);
#1568=ORIENTED_EDGE('',*,*,#1110,.F.);
#1569=ORIENTED_EDGE('',*,*,#1111,.F.);
#1570=ORIENTED_EDGE('',*,*,#1112,.F.);
#1571=ORIENTED_EDGE('',*,*,#1107,.T.);
#1572=ORIENTED_EDGE('',*,*,#873,.F.);
#1573=ORIENTED_EDGE('',*,*,#1113,.F.);
#1574=ORIENTED_EDGE('',*,*,#1109,.F.);
#1575=ORIENTED_EDGE('',*,*,#901,.F.);
#1576=ORIENTED_EDGE('',*,*,#876,.F.);
#1577=ORIENTED_EDGE('',*,*,#1050,.T.);
#1578=ORIENTED_EDGE('',*,*,#1114,.T.);
#1579=ORIENTED_EDGE('',*,*,#1113,.T.);
#1580=ORIENTED_EDGE('',*,*,#1115,.T.);
#1581=ORIENTED_EDGE('',*,*,#1110,.T.);
#1582=ORIENTED_EDGE('',*,*,#1114,.F.);
#1583=ORIENTED_EDGE('',*,*,#1049,.T.);
#1584=ORIENTED_EDGE('',*,*,#1116,.T.);
#1585=ORIENTED_EDGE('',*,*,#1111,.T.);
#1586=ORIENTED_EDGE('',*,*,#1115,.F.);
#1587=ORIENTED_EDGE('',*,*,#1052,.T.);
#1588=ORIENTED_EDGE('',*,*,#1117,.T.);
#1589=ORIENTED_EDGE('',*,*,#1112,.T.);
#1590=ORIENTED_EDGE('',*,*,#1116,.F.);
#1591=ORIENTED_EDGE('',*,*,#1057,.T.);
#1592=ORIENTED_EDGE('',*,*,#1118,.T.);
#1593=ORIENTED_EDGE('',*,*,#1108,.T.);
#1594=ORIENTED_EDGE('',*,*,#1117,.F.);
#1595=ORIENTED_EDGE('',*,*,#1056,.T.);
#1596=ORIENTED_EDGE('',*,*,#1119,.T.);
#1597=ORIENTED_EDGE('',*,*,#1106,.T.);
#1598=ORIENTED_EDGE('',*,*,#1118,.F.);
#1599=ORIENTED_EDGE('',*,*,#1055,.T.);
#1600=ORIENTED_EDGE('',*,*,#1120,.T.);
#1601=ORIENTED_EDGE('',*,*,#1104,.T.);
#1602=ORIENTED_EDGE('',*,*,#1119,.F.);
#1603=ORIENTED_EDGE('',*,*,#1054,.T.);
#1604=ORIENTED_EDGE('',*,*,#1121,.F.);
#1605=ORIENTED_EDGE('',*,*,#1122,.T.);
#1606=ORIENTED_EDGE('',*,*,#1098,.T.);
#1607=ORIENTED_EDGE('',*,*,#1120,.F.);
#1608=ORIENTED_EDGE('',*,*,#1058,.T.);
#1609=ORIENTED_EDGE('',*,*,#1122,.F.);
#1610=ORIENTED_EDGE('',*,*,#1123,.T.);
#1611=ORIENTED_EDGE('',*,*,#972,.F.);
#1612=ORIENTED_EDGE('',*,*,#1100,.T.);
#1613=ORIENTED_EDGE('',*,*,#1124,.T.);
#1614=ORIENTED_EDGE('',*,*,#1125,.F.);
#1615=ORIENTED_EDGE('',*,*,#1124,.F.);
#1616=ORIENTED_EDGE('',*,*,#1099,.T.);
#1617=ORIENTED_EDGE('',*,*,#1073,.F.);
#1618=ORIENTED_EDGE('',*,*,#899,.T.);
#1619=ORIENTED_EDGE('',*,*,#1081,.F.);
#1620=ORIENTED_EDGE('',*,*,#1126,.T.);
#1621=ORIENTED_EDGE('',*,*,#1069,.F.);
#1622=ORIENTED_EDGE('',*,*,#1126,.F.);
#1623=ORIENTED_EDGE('',*,*,#1083,.F.);
#1624=ORIENTED_EDGE('',*,*,#1086,.F.);
#1625=ORIENTED_EDGE('',*,*,#1089,.F.);
#1626=ORIENTED_EDGE('',*,*,#1092,.F.);
#1627=ORIENTED_EDGE('',*,*,#1096,.F.);
#1628=ORIENTED_EDGE('',*,*,#1063,.F.);
#1629=ORIENTED_EDGE('',*,*,#1066,.F.);
#1630=ORIENTED_EDGE('',*,*,#1121,.T.);
#1631=ORIENTED_EDGE('',*,*,#973,.T.);
#1632=ORIENTED_EDGE('',*,*,#1123,.F.);
#1633=ORIENTED_EDGE('',*,*,#954,.F.);
#1634=ORIENTED_EDGE('',*,*,#1028,.T.);
#1635=ORIENTED_EDGE('',*,*,#998,.F.);
#1636=ORIENTED_EDGE('',*,*,#1004,.T.);
#1637=ORIENTED_EDGE('',*,*,#965,.T.);
#1638=ORIENTED_EDGE('',*,*,#911,.F.);
#1639=ORIENTED_EDGE('',*,*,#1010,.T.);
#1640=ORIENTED_EDGE('',*,*,#925,.F.);
#1641=ORIENTED_EDGE('',*,*,#1127,.T.);
#1642=ORIENTED_EDGE('',*,*,#1102,.T.);
#1643=ORIENTED_EDGE('',*,*,#1128,.T.);
#1644=ORIENTED_EDGE('',*,*,#1129,.F.);
#1645=ORIENTED_EDGE('',*,*,#1128,.F.);
#1646=ORIENTED_EDGE('',*,*,#1101,.T.);
#1647=ORIENTED_EDGE('',*,*,#970,.F.);
#1648=ORIENTED_EDGE('',*,*,#980,.F.);
#1649=ORIENTED_EDGE('',*,*,#1130,.T.);
#1650=ORIENTED_EDGE('',*,*,#1131,.F.);
#1651=ORIENTED_EDGE('',*,*,#1130,.F.);
#1652=ORIENTED_EDGE('',*,*,#979,.F.);
#1653=ORIENTED_EDGE('',*,*,#1132,.T.);
#1654=ORIENTED_EDGE('',*,*,#1133,.F.);
#1655=ORIENTED_EDGE('',*,*,#1132,.F.);
#1656=ORIENTED_EDGE('',*,*,#914,.F.);
#1657=ORIENTED_EDGE('',*,*,#1127,.F.);
#1658=ORIENTED_EDGE('',*,*,#928,.F.);
#1659=ORIENTED_EDGE('',*,*,#930,.F.);
#1660=ORIENTED_EDGE('',*,*,#917,.F.);
#1661=ORIENTED_EDGE('',*,*,#916,.F.);
#1662=ORIENTED_EDGE('',*,*,#1133,.T.);
#1663=ORIENTED_EDGE('',*,*,#1125,.T.);
#1664=ORIENTED_EDGE('',*,*,#1131,.T.);
#1665=ORIENTED_EDGE('',*,*,#1129,.T.);
#1666=B_SPLINE_SURFACE_WITH_KNOTS('',3,3,((#2578,#2579,#2580,#2581,#2582,
#2583),(#2584,#2585,#2586,#2587,#2588,#2589),(#2590,#2591,#2592,#2593,#2594,
#2595),(#2596,#2597,#2598,#2599,#2600,#2601),(#2602,#2603,#2604,#2605,#2606,
#2607),(#2608,#2609,#2610,#2611,#2612,#2613)),.UNSPECIFIED.,.F.,.F.,.F.,
(4,1,1,4),(4,1,1,4),(0.,0.285714285714286,0.571428571428571,1.),(-0.84727490207259,
-0.439001087910244,-0.0307272737478974,0.581683447495622),.UNSPECIFIED.);
#1667=B_SPLINE_SURFACE_WITH_KNOTS('',3,3,((#2628,#2629,#2630,#2631,#2632,
#2633),(#2634,#2635,#2636,#2637,#2638,#2639),(#2640,#2641,#2642,#2643,#2644,
#2645),(#2646,#2647,#2648,#2649,#2650,#2651),(#2652,#2653,#2654,#2655,#2656,
#2657),(#2658,#2659,#2660,#2661,#2662,#2663)),.UNSPECIFIED.,.F.,.F.,.F.,
(4,1,1,4),(4,1,1,4),(0.,0.285714285714286,0.571428571428571,1.),(-0.58168288736659,
0.030727907055369,0.439001770003342,0.847275632951314),.UNSPECIFIED.);
#1668=B_SPLINE_SURFACE_WITH_KNOTS('',3,3,((#2675,#2676,#2677,#2678,#2679,
#2680),(#2681,#2682,#2683,#2684,#2685,#2686),(#2687,#2688,#2689,#2690,#2691,
#2692),(#2693,#2694,#2695,#2696,#2697,#2698),(#2699,#2700,#2701,#2702,#2703,
#2704),(#2705,#2706,#2707,#2708,#2709,#2710)),.UNSPECIFIED.,.F.,.F.,.F.,
(4,1,1,4),(4,1,1,4),(0.,0.285714285714286,0.571428571428571,1.),(-0.847284004254978,
-0.234874221729364,0.173398966621046,0.581672154971455),.UNSPECIFIED.);
#1669=B_SPLINE_SURFACE_WITH_KNOTS('',3,3,((#2722,#2723,#2724,#2725,#2726,
#2727),(#2728,#2729,#2730,#2731,#2732,#2733),(#2734,#2735,#2736,#2737,#2738,
#2739),(#2740,#2741,#2742,#2743,#2744,#2745),(#2746,#2747,#2748,#2749,#2750,
#2751),(#2752,#2753,#2754,#2755,#2756,#2757)),.UNSPECIFIED.,.F.,.F.,.F.,
(4,1,1,4),(4,1,1,4),(0.,0.285714285714286,0.571428571428571,1.),(-0.58167271509568,
0.0307369942502624,0.439010133814224,0.847283273378185),.UNSPECIFIED.);
#1670=B_SPLINE_SURFACE_WITH_KNOTS('',3,3,((#2803,#2804,#2805,#2806,#2807,
#2808,#2809,#2810),(#2811,#2812,#2813,#2814,#2815,#2816,#2817,#2818),(#2819,
#2820,#2821,#2822,#2823,#2824,#2825,#2826),(#2827,#2828,#2829,#2830,#2831,
#2832,#2833,#2834)),.UNSPECIFIED.,.F.,.F.,.F.,(4,4),(4,2,1,1,4),(0.,1.),
(-0.000742836167998053,0.,0.102119940706921,0.153179911060382,0.255299851767303),
 .UNSPECIFIED.);
#1671=B_SPLINE_SURFACE_WITH_KNOTS('',3,3,((#2873,#2874,#2875,#2876,#2877,
#2878),(#2879,#2880,#2881,#2882,#2883,#2884),(#2885,#2886,#2887,#2888,#2889,
#2890),(#2891,#2892,#2893,#2894,#2895,#2896),(#2897,#2898,#2899,#2900,#2901,
#2902)),.UNSPECIFIED.,.F.,.F.,.F.,(4,1,4),(4,1,1,4),(0.,0.5,1.),(-1.5707963267949,
-0.897597901025655,-0.448798950512827,3.65907884254029E-16),
 .UNSPECIFIED.);
#1672=B_SPLINE_SURFACE_WITH_KNOTS('',3,3,((#2906,#2907,#2908,#2909,#2910,
#2911,#2912,#2913),(#2914,#2915,#2916,#2917,#2918,#2919,#2920,#2921),(#2922,
#2923,#2924,#2925,#2926,#2927,#2928,#2929),(#2930,#2931,#2932,#2933,#2934,
#2935,#2936,#2937)),.UNSPECIFIED.,.F.,.F.,.F.,(4,4),(4,2,1,1,4),(0.,1.),
(-0.000671886987844152,0.,0.153537212332413,0.204716283109884,0.255895353887354),
 .UNSPECIFIED.);
#1673=B_SPLINE_SURFACE_WITH_KNOTS('',3,3,((#2973,#2974,#2975,#2976,#2977,
#2978),(#2979,#2980,#2981,#2982,#2983,#2984),(#2985,#2986,#2987,#2988,#2989,
#2990),(#2991,#2992,#2993,#2994,#2995,#2996),(#2997,#2998,#2999,#3000,#3001,
#3002)),.UNSPECIFIED.,.F.,.F.,.F.,(4,1,4),(4,1,1,4),(0.,0.5,1.),(-1.5707963267949,
-0.897597901025655,-0.448798950512827,3.65907884254048E-16),
 .UNSPECIFIED.);
#1674=B_SPLINE_SURFACE_WITH_KNOTS('',3,3,((#3290,#3291,#3292,#3293,#3294,
#3295,#3296,#3297),(#3298,#3299,#3300,#3301,#3302,#3303,#3304,#3305),(#3306,
#3307,#3308,#3309,#3310,#3311,#3312,#3313),(#3314,#3315,#3316,#3317,#3318,
#3319,#3320,#3321),(#3322,#3323,#3324,#3325,#3326,#3327,#3328,#3329)),
 .UNSPECIFIED.,.F.,.F.,.F.,(4,1,4),(4,1,1,1,1,4),(0.,0.571428571428571,
1.),(-0.507903131630421,-0.100051622526599,0.103874132025311,0.511725641129133,
0.715651395681044,0.919577150232954),.UNSPECIFIED.);
#1675=B_SPLINE_SURFACE_WITH_KNOTS('',3,3,((#3366,#3367,#3368,#3369),(#3370,
#3371,#3372,#3373),(#3374,#3375,#3376,#3377),(#3378,#3379,#3380,#3381),
(#3382,#3383,#3384,#3385)),.UNSPECIFIED.,.F.,.F.,.F.,(4,1,4),(4,4),(0.,
0.571428571428571,1.),(0.,0.741653749195416),.UNSPECIFIED.);
#1676=B_SPLINE_SURFACE_WITH_KNOTS('',3,3,((#3397,#3398,#3399,#3400),(#3401,
#3402,#3403,#3404),(#3405,#3406,#3407,#3408),(#3409,#3410,#3411,#3412),
(#3413,#3414,#3415,#3416)),.UNSPECIFIED.,.F.,.F.,.F.,(4,1,4),(4,4),(0.,
0.571428571428571,1.),(-1.18429406650666,-1.13470900284815),
 .UNSPECIFIED.);
#1677=B_SPLINE_SURFACE_WITH_KNOTS('',3,3,((#3448,#3449,#3450,#3451,#3452,
#3453,#3454,#3455),(#3456,#3457,#3458,#3459,#3460,#3461,#3462,#3463),(#3464,
#3465,#3466,#3467,#3468,#3469,#3470,#3471),(#3472,#3473,#3474,#3475,#3476,
#3477,#3478,#3479),(#3480,#3481,#3482,#3483,#3484,#3485,#3486,#3487)),
 .UNSPECIFIED.,.F.,.F.,.F.,(4,1,4),(4,1,1,1,1,4),(0.,0.571428571428571,
1.),(-0.507937959272211,-0.100072111378322,0.103860812568622,0.511726660462511,
0.664676353422719,0.9195925083564),.UNSPECIFIED.);
#1678=B_SPLINE_SURFACE_WITH_KNOTS('',3,3,((#3524,#3525,#3526,#3527),(#3528,
#3529,#3530,#3531),(#3532,#3533,#3534,#3535),(#3536,#3537,#3538,#3539),
(#3540,#3541,#3542,#3543)),.UNSPECIFIED.,.F.,.F.,.F.,(4,1,4),(4,4),(0.,
0.571428571428571,1.),(0.,0.741654676424751),.UNSPECIFIED.);
#1679=B_SPLINE_SURFACE_WITH_KNOTS('',3,3,((#3554,#3555,#3556,#3557),(#3558,
#3559,#3560,#3561),(#3562,#3563,#3564,#3565),(#3566,#3567,#3568,#3569),
(#3570,#3571,#3572,#3573)),.UNSPECIFIED.,.F.,.F.,.F.,(4,1,4),(4,4),(0.,
0.571428571428571,1.),(1.13470900284815,1.1842938370358),.UNSPECIFIED.);
#1680=B_SPLINE_SURFACE_WITH_KNOTS('',3,3,((#3580,#3581,#3582,#3583),(#3584,
#3585,#3586,#3587),(#3588,#3589,#3590,#3591),(#3592,#3593,#3594,#3595),
(#3596,#3597,#3598,#3599)),.UNSPECIFIED.,.F.,.F.,.F.,(4,1,4),(4,4),(0.,
0.571428571428571,1.),(-1.18429758196785,-1.13471670800274),
 .UNSPECIFIED.);
#1681=B_SPLINE_SURFACE_WITH_KNOTS('',3,3,((#3603,#3604,#3605,#3606),(#3607,
#3608,#3609,#3610),(#3611,#3612,#3613,#3614),(#3615,#3616,#3617,#3618),
(#3619,#3620,#3621,#3622)),.UNSPECIFIED.,.F.,.F.,.F.,(4,1,4),(4,4),(0.,
0.571428571428571,1.),(0.,0.741654048621201),.UNSPECIFIED.);
#1682=B_SPLINE_SURFACE_WITH_KNOTS('',3,3,((#3666,#3667,#3668,#3669,#3670,
#3671,#3672),(#3673,#3674,#3675,#3676,#3677,#3678,#3679),(#3680,#3681,#3682,
#3683,#3684,#3685,#3686),(#3687,#3688,#3689,#3690,#3691,#3692,#3693),(#3694,
#3695,#3696,#3697,#3698,#3699,#3700)),.UNSPECIFIED.,.F.,.F.,.F.,(4,1,4),
(4,1,1,1,4),(0.,0.571428571428571,1.),(-5.55111512312578E-17,0.448798950512828,
0.673198425769241,1.12199737628207,1.5707963267949),.UNSPECIFIED.);
#1683=B_SPLINE_SURFACE_WITH_KNOTS('',3,3,((#3782,#3783,#3784,#3785),(#3786,
#3787,#3788,#3789),(#3790,#3791,#3792,#3793),(#3794,#3795,#3796,#3797),
(#3798,#3799,#3800,#3801)),.UNSPECIFIED.,.F.,.F.,.F.,(4,1,4),(4,4),(0.,
0.571428571428571,1.),(1.13471670800274,1.18429781143834),.UNSPECIFIED.);
#1684=B_SPLINE_SURFACE_WITH_KNOTS('',3,3,((#3803,#3804,#3805,#3806),(#3807,
#3808,#3809,#3810),(#3811,#3812,#3813,#3814),(#3815,#3816,#3817,#3818),
(#3819,#3820,#3821,#3822)),.UNSPECIFIED.,.F.,.F.,.F.,(4,1,4),(4,4),(0.,
0.571428571428571,1.),(5.66028667232575E-17,0.741653116711117),
 .UNSPECIFIED.);
#1685=B_SPLINE_SURFACE_WITH_KNOTS('',3,3,((#3840,#3841,#3842,#3843,#3844,
#3845,#3846),(#3847,#3848,#3849,#3850,#3851,#3852,#3853),(#3854,#3855,#3856,
#3857,#3858,#3859,#3860),(#3861,#3862,#3863,#3864,#3865,#3866,#3867),(#3868,
#3869,#3870,#3871,#3872,#3873,#3874)),.UNSPECIFIED.,.F.,.F.,.F.,(4,1,4),
(4,1,1,1,4),(0.,0.571428571428571,1.),(0.,0.224399475256414,0.673198425769241,
1.12199737628207,1.5707963267949),.UNSPECIFIED.);
#1686=ADVANCED_FACE('',(#348),#1666,.F.);
#1687=ADVANCED_FACE('',(#349),#296,.T.);
#1688=ADVANCED_FACE('',(#350),#1667,.F.);
#1689=ADVANCED_FACE('',(#351),#297,.T.);
#1690=ADVANCED_FACE('',(#352),#1668,.F.);
#1691=ADVANCED_FACE('',(#353),#298,.T.);
#1692=ADVANCED_FACE('',(#354),#1669,.F.);
#1693=ADVANCED_FACE('',(#355),#299,.T.);
#1694=ADVANCED_FACE('',(#356),#74,.T.);
#1695=ADVANCED_FACE('',(#357),#300,.T.);
#1696=ADVANCED_FACE('',(#358),#75,.T.);
#1697=ADVANCED_FACE('',(#359),#301,.T.);
#1698=ADVANCED_FACE('',(#360),#76,.T.);
#1699=ADVANCED_FACE('',(#361),#70,.F.);
#1700=ADVANCED_FACE('',(#362),#71,.F.);
#1701=ADVANCED_FACE('',(#363),#1670,.T.);
#1702=ADVANCED_FACE('',(#364),#29,.F.);
#1703=ADVANCED_FACE('',(#365),#302,.F.);
#1704=ADVANCED_FACE('',(#366),#303,.F.);
#1705=ADVANCED_FACE('',(#367),#304,.F.);
#1706=ADVANCED_FACE('',(#368),#1671,.T.);
#1707=ADVANCED_FACE('',(#369),#1672,.T.);
#1708=ADVANCED_FACE('',(#370),#30,.F.);
#1709=ADVANCED_FACE('',(#371),#305,.F.);
#1710=ADVANCED_FACE('',(#372),#306,.F.);
#1711=ADVANCED_FACE('',(#373),#1673,.T.);
#1712=ADVANCED_FACE('',(#374),#307,.T.);
#1713=ADVANCED_FACE('',(#375),#77,.T.);
#1714=ADVANCED_FACE('',(#376),#308,.T.);
#1715=ADVANCED_FACE('',(#377),#309,.T.);
#1716=ADVANCED_FACE('',(#378),#78,.T.);
#1717=ADVANCED_FACE('',(#379),#310,.T.);
#1718=ADVANCED_FACE('',(#380),#31,.T.);
#1719=ADVANCED_FACE('',(#381),#21,.F.);
#1720=ADVANCED_FACE('',(#382),#311,.T.);
#1721=ADVANCED_FACE('',(#383),#312,.T.);
#1722=ADVANCED_FACE('',(#384),#79,.T.);
#1723=ADVANCED_FACE('',(#385),#313,.T.);
#1724=ADVANCED_FACE('',(#386,#15,#16),#80,.F.);
#1725=ADVANCED_FACE('',(#387),#32,.T.);
#1726=ADVANCED_FACE('',(#388),#22,.F.);
#1727=ADVANCED_FACE('',(#389),#314,.T.);
#1728=ADVANCED_FACE('',(#390),#315,.T.);
#1729=ADVANCED_FACE('',(#391),#81,.T.);
#1730=ADVANCED_FACE('',(#392),#316,.T.);
#1731=ADVANCED_FACE('',(#393),#23,.F.);
#1732=ADVANCED_FACE('',(#394),#317,.T.);
#1733=ADVANCED_FACE('',(#395),#72,.T.);
#1734=ADVANCED_FACE('',(#396),#318,.T.);
#1735=ADVANCED_FACE('',(#397),#82,.T.);
#1736=ADVANCED_FACE('',(#398),#319,.T.);
#1737=ADVANCED_FACE('',(#399),#24,.F.);
#1738=ADVANCED_FACE('',(#400),#320,.T.);
#1739=ADVANCED_FACE('',(#401),#321,.T.);
#1740=ADVANCED_FACE('',(#402),#73,.T.);
#1741=ADVANCED_FACE('',(#403),#25,.F.);
#1742=ADVANCED_FACE('',(#404),#322,.T.);
#1743=ADVANCED_FACE('',(#405),#83,.T.);
#1744=ADVANCED_FACE('',(#406),#26,.F.);
#1745=ADVANCED_FACE('',(#407),#323,.T.);
#1746=ADVANCED_FACE('',(#408),#84,.T.);
#1747=ADVANCED_FACE('',(#409),#85,.T.);
#1748=ADVANCED_FACE('',(#410),#1674,.F.);
#1749=ADVANCED_FACE('',(#411),#33,.T.);
#1750=ADVANCED_FACE('',(#412),#324,.T.);
#1751=ADVANCED_FACE('',(#413),#34,.T.);
#1752=ADVANCED_FACE('',(#414),#1675,.F.);
#1753=ADVANCED_FACE('',(#415),#1676,.F.);
#1754=ADVANCED_FACE('',(#416),#325,.T.);
#1755=ADVANCED_FACE('',(#417),#86,.T.);
#1756=ADVANCED_FACE('',(#418),#326,.F.);
#1757=ADVANCED_FACE('',(#419),#87,.T.);
#1758=ADVANCED_FACE('',(#420),#327,.F.);
#1759=ADVANCED_FACE('',(#421),#1677,.F.);
#1760=ADVANCED_FACE('',(#422),#35,.T.);
#1761=ADVANCED_FACE('',(#423),#328,.T.);
#1762=ADVANCED_FACE('',(#424),#36,.T.);
#1763=ADVANCED_FACE('',(#425),#1678,.F.);
#1764=ADVANCED_FACE('',(#426),#1679,.F.);
#1765=ADVANCED_FACE('',(#427),#329,.F.);
#1766=ADVANCED_FACE('',(#428),#88,.T.);
#1767=ADVANCED_FACE('',(#429),#330,.F.);
#1768=ADVANCED_FACE('',(#430),#1680,.F.);
#1769=ADVANCED_FACE('',(#431),#1681,.F.);
#1770=ADVANCED_FACE('',(#432),#37,.T.);
#1771=ADVANCED_FACE('',(#433),#331,.T.);
#1772=ADVANCED_FACE('',(#434),#27,.F.);
#1773=ADVANCED_FACE('',(#435),#332,.T.);
#1774=ADVANCED_FACE('',(#436),#1682,.F.);
#1775=ADVANCED_FACE('',(#437),#333,.F.);
#1776=ADVANCED_FACE('',(#438),#334,.F.);
#1777=ADVANCED_FACE('',(#439),#89,.T.);
#1778=ADVANCED_FACE('',(#440),#335,.T.);
#1779=ADVANCED_FACE('',(#441),#90,.T.);
#1780=ADVANCED_FACE('',(#442),#336,.F.);
#1781=ADVANCED_FACE('',(#443),#91,.T.);
#1782=ADVANCED_FACE('',(#444),#337,.T.);
#1783=ADVANCED_FACE('',(#445),#1683,.F.);
#1784=ADVANCED_FACE('',(#446),#1684,.F.);
#1785=ADVANCED_FACE('',(#447),#38,.T.);
#1786=ADVANCED_FACE('',(#448),#338,.T.);
#1787=ADVANCED_FACE('',(#449),#28,.F.);
#1788=ADVANCED_FACE('',(#450),#339,.T.);
#1789=ADVANCED_FACE('',(#451),#1685,.F.);
#1790=ADVANCED_FACE('',(#452),#340,.F.);
#1791=ADVANCED_FACE('',(#453),#341,.F.);
#1792=ADVANCED_FACE('',(#454),#92,.T.);
#1793=ADVANCED_FACE('',(#455),#342,.F.);
#1794=ADVANCED_FACE('',(#456),#343,.T.);
#1795=ADVANCED_FACE('',(#457),#344,.T.);
#1796=ADVANCED_FACE('',(#458),#345,.F.);
#1797=ADVANCED_FACE('',(#459),#346,.F.);
#1798=ADVANCED_FACE('',(#460),#347,.F.);
#1799=ADVANCED_FACE('',(#461,#17,#18,#19,#20),#93,.T.);
#1800=CLOSED_SHELL('',(#1686,#1687,#1688,#1689,#1690,#1691,#1692,#1693,
#1694,#1695,#1696,#1697,#1698,#1699,#1700,#1701,#1702,#1703,#1704,#1705,
#1706,#1707,#1708,#1709,#1710,#1711,#1712,#1713,#1714,#1715,#1716,#1717,
#1718,#1719,#1720,#1721,#1722,#1723,#1724,#1725,#1726,#1727,#1728,#1729,
#1730,#1731,#1732,#1733,#1734,#1735,#1736,#1737,#1738,#1739,#1740,#1741,
#1742,#1743,#1744,#1745,#1746,#1747,#1748,#1749,#1750,#1751,#1752,#1753,
#1754,#1755,#1756,#1757,#1758,#1759,#1760,#1761,#1762,#1763,#1764,#1765,
#1766,#1767,#1768,#1769,#1770,#1771,#1772,#1773,#1774,#1775,#1776,#1777,
#1778,#1779,#1780,#1781,#1782,#1783,#1784,#1785,#1786,#1787,#1788,#1789,
#1790,#1791,#1792,#1793,#1794,#1795,#1796,#1797,#1798,#1799));
#1801=DERIVED_UNIT_ELEMENT(#1803,1.);
#1802=DERIVED_UNIT_ELEMENT(#3945,-3.);
#1803=(
MASS_UNIT()
NAMED_UNIT(*)
SI_UNIT(.KILO.,.GRAM.)
);
#1804=DERIVED_UNIT((#1801,#1802));
#1805=MEASURE_REPRESENTATION_ITEM('density measure',
POSITIVE_RATIO_MEASURE(7850.),#1804);
#1806=PROPERTY_DEFINITION_REPRESENTATION(#1811,#1808);
#1807=PROPERTY_DEFINITION_REPRESENTATION(#1812,#1809);
#1808=REPRESENTATION('material name',(#1810),#3942);
#1809=REPRESENTATION('density',(#1805),#3942);
#1810=DESCRIPTIVE_REPRESENTATION_ITEM('Steel','Steel');
#1811=PROPERTY_DEFINITION('material property','material name',#3952);
#1812=PROPERTY_DEFINITION('material property','density of part',#3952);
#1813=AXIS2_PLACEMENT_3D('',#2577,#2034,#2035);
#1814=AXIS2_PLACEMENT_3D('',#2616,#2036,#2037);
#1815=AXIS2_PLACEMENT_3D('',#2618,#2038,#2039);
#1816=AXIS2_PLACEMENT_3D('',#2620,#2040,#2041);
#1817=AXIS2_PLACEMENT_3D('',#2621,#2042,#2043);
#1818=AXIS2_PLACEMENT_3D('',#2622,#2044,#2045);
#1819=AXIS2_PLACEMENT_3D('',#2625,#2046,#2047);
#1820=AXIS2_PLACEMENT_3D('',#2666,#2050,#2051);
#1821=AXIS2_PLACEMENT_3D('',#2667,#2052,#2053);
#1822=AXIS2_PLACEMENT_3D('',#2668,#2054,#2055);
#1823=AXIS2_PLACEMENT_3D('',#2669,#2056,#2057);
#1824=AXIS2_PLACEMENT_3D('',#2672,#2058,#2059);
#1825=AXIS2_PLACEMENT_3D('',#2713,#2062,#2063);
#1826=AXIS2_PLACEMENT_3D('',#2714,#2064,#2065);
#1827=AXIS2_PLACEMENT_3D('',#2715,#2066,#2067);
#1828=AXIS2_PLACEMENT_3D('',#2716,#2068,#2069);
#1829=AXIS2_PLACEMENT_3D('',#2719,#2070,#2071);
#1830=AXIS2_PLACEMENT_3D('',#2760,#2074,#2075);
#1831=AXIS2_PLACEMENT_3D('',#2761,#2076,#2077);
#1832=AXIS2_PLACEMENT_3D('',#2762,#2078,#2079);
#1833=AXIS2_PLACEMENT_3D('',#2763,#2080,#2081);
#1834=AXIS2_PLACEMENT_3D('',#2766,#2084,#2085);
#1835=AXIS2_PLACEMENT_3D('',#2772,#2089,#2090);
#1836=AXIS2_PLACEMENT_3D('',#2775,#2092,#2093);
#1837=AXIS2_PLACEMENT_3D('',#2776,#2094,#2095);
#1838=AXIS2_PLACEMENT_3D('',#2780,#2097,#2098);
#1839=AXIS2_PLACEMENT_3D('',#2783,#2100,#2101);
#1840=AXIS2_PLACEMENT_3D('',#2784,#2102,#2103);
#1841=AXIS2_PLACEMENT_3D('',#2787,#2105,#2106);
#1842=AXIS2_PLACEMENT_3D('',#2788,#2107,#2108);
#1843=AXIS2_PLACEMENT_3D('',#2789,#2109,#2110);
#1844=AXIS2_PLACEMENT_3D('',#2792,#2111,#2112);
#1845=AXIS2_PLACEMENT_3D('',#2794,#2113,#2114);
#1846=AXIS2_PLACEMENT_3D('',#2795,#2115,#2116);
#1847=AXIS2_PLACEMENT_3D('',#2796,#2117,#2118);
#1848=AXIS2_PLACEMENT_3D('',#2799,#2119,#2120);
#1849=AXIS2_PLACEMENT_3D('',#2801,#2121,#2122);
#1850=AXIS2_PLACEMENT_3D('',#2802,#2123,#2124);
#1851=AXIS2_PLACEMENT_3D('',#2837,#2125,#2126);
#1852=AXIS2_PLACEMENT_3D('',#2855,#2127,#2128);
#1853=AXIS2_PLACEMENT_3D('',#2858,#2129,#2130);
#1854=AXIS2_PLACEMENT_3D('',#2859,#2131,#2132);
#1855=AXIS2_PLACEMENT_3D('',#2860,#2133,#2134);
#1856=AXIS2_PLACEMENT_3D('',#2861,#2135,#2136);
#1857=AXIS2_PLACEMENT_3D('',#2864,#2139,#2140);
#1858=AXIS2_PLACEMENT_3D('',#2867,#2143,#2144);
#1859=AXIS2_PLACEMENT_3D('',#2870,#2145,#2146);
#1860=AXIS2_PLACEMENT_3D('',#2904,#2149,#2150);
#1861=AXIS2_PLACEMENT_3D('',#2905,#2151,#2152);
#1862=AXIS2_PLACEMENT_3D('',#2940,#2153,#2154);
#1863=AXIS2_PLACEMENT_3D('',#2958,#2155,#2156);
#1864=AXIS2_PLACEMENT_3D('',#2961,#2157,#2158);
#1865=AXIS2_PLACEMENT_3D('',#2962,#2159,#2160);
#1866=AXIS2_PLACEMENT_3D('',#2963,#2161,#2162);
#1867=AXIS2_PLACEMENT_3D('',#2964,#2163,#2164);
#1868=AXIS2_PLACEMENT_3D('',#2967,#2167,#2168);
#1869=AXIS2_PLACEMENT_3D('',#2970,#2169,#2170);
#1870=AXIS2_PLACEMENT_3D('',#3004,#2173,#2174);
#1871=AXIS2_PLACEMENT_3D('',#3005,#2175,#2176);
#1872=AXIS2_PLACEMENT_3D('',#3006,#2177,#2178);
#1873=AXIS2_PLACEMENT_3D('',#3010,#2180,#2181);
#1874=AXIS2_PLACEMENT_3D('',#3012,#2183,#2184);
#1875=AXIS2_PLACEMENT_3D('',#3014,#2186,#2187);
#1876=AXIS2_PLACEMENT_3D('',#3016,#2189,#2190);
#1877=AXIS2_PLACEMENT_3D('',#3020,#2192,#2193);
#1878=AXIS2_PLACEMENT_3D('',#3022,#2195,#2196);
#1879=AXIS2_PLACEMENT_3D('',#3024,#2198,#2199);
#1880=AXIS2_PLACEMENT_3D('',#3027,#2201,#2202);
#1881=AXIS2_PLACEMENT_3D('',#3028,#2203,#2204);
#1882=AXIS2_PLACEMENT_3D('',#3031,#2205,#2206);
#1883=AXIS2_PLACEMENT_3D('',#3033,#2207,#2208);
#1884=AXIS2_PLACEMENT_3D('',#3035,#2209,#2210);
#1885=AXIS2_PLACEMENT_3D('',#3036,#2211,#2212);
#1886=AXIS2_PLACEMENT_3D('',#3048,#2213,#2214);
#1887=AXIS2_PLACEMENT_3D('',#3050,#2215,#2216);
#1888=AXIS2_PLACEMENT_3D('',#3052,#2217,#2218);
#1889=AXIS2_PLACEMENT_3D('',#3053,#2219,#2220);
#1890=AXIS2_PLACEMENT_3D('',#3054,#2221,#2222);
#1891=AXIS2_PLACEMENT_3D('',#3057,#2225,#2226);
#1892=AXIS2_PLACEMENT_3D('',#3061,#2228,#2229);
#1893=AXIS2_PLACEMENT_3D('',#3063,#2231,#2232);
#1894=AXIS2_PLACEMENT_3D('',#3067,#2235,#2236);
#1895=AXIS2_PLACEMENT_3D('',#3070,#2238,#2239);
#1896=AXIS2_PLACEMENT_3D('',#3071,#2240,#2241);
#1897=AXIS2_PLACEMENT_3D('',#3092,#2246,#2247);
#1898=AXIS2_PLACEMENT_3D('',#3096,#2249,#2250);
#1899=AXIS2_PLACEMENT_3D('',#3114,#2255,#2256);
#1900=AXIS2_PLACEMENT_3D('',#3116,#2257,#2258);
#1901=AXIS2_PLACEMENT_3D('',#3118,#2259,#2260);
#1902=AXIS2_PLACEMENT_3D('',#3119,#2261,#2262);
#1903=AXIS2_PLACEMENT_3D('',#3122,#2263,#2264);
#1904=AXIS2_PLACEMENT_3D('',#3123,#2265,#2266);
#1905=AXIS2_PLACEMENT_3D('',#3124,#2267,#2268);
#1906=AXIS2_PLACEMENT_3D('',#3135,#2269,#2270);
#1907=AXIS2_PLACEMENT_3D('',#3136,#2271,#2272);
#1908=AXIS2_PLACEMENT_3D('',#3137,#2273,#2274);
#1909=AXIS2_PLACEMENT_3D('',#3139,#2276,#2277);
#1910=AXIS2_PLACEMENT_3D('',#3143,#2279,#2280);
#1911=AXIS2_PLACEMENT_3D('',#3145,#2282,#2283);
#1912=AXIS2_PLACEMENT_3D('',#3149,#2286,#2287);
#1913=AXIS2_PLACEMENT_3D('',#3151,#2288,#2289);
#1914=AXIS2_PLACEMENT_3D('',#3167,#2290,#2291);
#1915=AXIS2_PLACEMENT_3D('',#3169,#2292,#2293);
#1916=AXIS2_PLACEMENT_3D('',#3171,#2294,#2295);
#1917=AXIS2_PLACEMENT_3D('',#3172,#2296,#2297);
#1918=AXIS2_PLACEMENT_3D('',#3173,#2298,#2299);
#1919=AXIS2_PLACEMENT_3D('',#3202,#2302,#2303);
#1920=AXIS2_PLACEMENT_3D('',#3203,#2304,#2305);
#1921=AXIS2_PLACEMENT_3D('',#3204,#2306,#2307);
#1922=AXIS2_PLACEMENT_3D('',#3205,#2308,#2309);
#1923=AXIS2_PLACEMENT_3D('',#3213,#2311,#2312);
#1924=AXIS2_PLACEMENT_3D('',#3215,#2314,#2315);
#1925=AXIS2_PLACEMENT_3D('',#3223,#2321,#2322);
#1926=AXIS2_PLACEMENT_3D('',#3226,#2324,#2325);
#1927=AXIS2_PLACEMENT_3D('',#3237,#2326,#2327);
#1928=AXIS2_PLACEMENT_3D('',#3238,#2328,#2329);
#1929=AXIS2_PLACEMENT_3D('',#3239,#2330,#2331);
#1930=AXIS2_PLACEMENT_3D('',#3240,#2332,#2333);
#1931=AXIS2_PLACEMENT_3D('',#3255,#2334,#2335);
#1932=AXIS2_PLACEMENT_3D('',#3257,#2336,#2337);
#1933=AXIS2_PLACEMENT_3D('',#3259,#2339,#2340);
#1934=AXIS2_PLACEMENT_3D('',#3269,#2341,#2342);
#1935=AXIS2_PLACEMENT_3D('',#3270,#2343,#2344);
#1936=AXIS2_PLACEMENT_3D('',#3271,#2345,#2346);
#1937=AXIS2_PLACEMENT_3D('',#3273,#2348,#2349);
#1938=AXIS2_PLACEMENT_3D('',#3283,#2350,#2351);
#1939=AXIS2_PLACEMENT_3D('',#3284,#2352,#2353);
#1940=AXIS2_PLACEMENT_3D('',#3287,#2356,#2357);
#1941=AXIS2_PLACEMENT_3D('',#3289,#2359,#2360);
#1942=AXIS2_PLACEMENT_3D('',#3340,#2361,#2362);
#1943=AXIS2_PLACEMENT_3D('',#3348,#2363,#2364);
#1944=AXIS2_PLACEMENT_3D('',#3351,#2365,#2366);
#1945=AXIS2_PLACEMENT_3D('',#3352,#2367,#2368);
#1946=AXIS2_PLACEMENT_3D('',#3353,#2369,#2370);
#1947=AXIS2_PLACEMENT_3D('',#3354,#2371,#2372);
#1948=AXIS2_PLACEMENT_3D('',#3357,#2373,#2374);
#1949=AXIS2_PLACEMENT_3D('',#3360,#2377,#2378);
#1950=AXIS2_PLACEMENT_3D('',#3363,#2379,#2380);
#1951=AXIS2_PLACEMENT_3D('',#3364,#2381,#2382);
#1952=AXIS2_PLACEMENT_3D('',#3365,#2383,#2384);
#1953=AXIS2_PLACEMENT_3D('',#3392,#2385,#2386);
#1954=AXIS2_PLACEMENT_3D('',#3418,#2387,#2388);
#1955=AXIS2_PLACEMENT_3D('',#3419,#2389,#2390);
#1956=AXIS2_PLACEMENT_3D('',#3420,#2391,#2392);
#1957=AXIS2_PLACEMENT_3D('',#3421,#2393,#2394);
#1958=AXIS2_PLACEMENT_3D('',#3423,#2396,#2397);
#1959=AXIS2_PLACEMENT_3D('',#3427,#2399,#2400);
#1960=AXIS2_PLACEMENT_3D('',#3429,#2402,#2403);
#1961=AXIS2_PLACEMENT_3D('',#3436,#2405,#2406);
#1962=AXIS2_PLACEMENT_3D('',#3442,#2409,#2410);
#1963=AXIS2_PLACEMENT_3D('',#3445,#2412,#2413);
#1964=AXIS2_PLACEMENT_3D('',#3446,#2414,#2415);
#1965=AXIS2_PLACEMENT_3D('',#3447,#2416,#2417);
#1966=AXIS2_PLACEMENT_3D('',#3497,#2418,#2419);
#1967=AXIS2_PLACEMENT_3D('',#3506,#2420,#2421);
#1968=AXIS2_PLACEMENT_3D('',#3509,#2422,#2423);
#1969=AXIS2_PLACEMENT_3D('',#3510,#2424,#2425);
#1970=AXIS2_PLACEMENT_3D('',#3511,#2426,#2427);
#1971=AXIS2_PLACEMENT_3D('',#3512,#2428,#2429);
#1972=AXIS2_PLACEMENT_3D('',#3515,#2430,#2431);
#1973=AXIS2_PLACEMENT_3D('',#3518,#2434,#2435);
#1974=AXIS2_PLACEMENT_3D('',#3521,#2436,#2437);
#1975=AXIS2_PLACEMENT_3D('',#3522,#2438,#2439);
#1976=AXIS2_PLACEMENT_3D('',#3523,#2440,#2441);
#1977=AXIS2_PLACEMENT_3D('',#3549,#2442,#2443);
#1978=AXIS2_PLACEMENT_3D('',#3574,#2444,#2445);
#1979=AXIS2_PLACEMENT_3D('',#3575,#2446,#2447);
#1980=AXIS2_PLACEMENT_3D('',#3577,#2449,#2450);
#1981=AXIS2_PLACEMENT_3D('',#3579,#2452,#2453);
#1982=AXIS2_PLACEMENT_3D('',#3601,#2454,#2455);
#1983=AXIS2_PLACEMENT_3D('',#3602,#2456,#2457);
#1984=AXIS2_PLACEMENT_3D('',#3629,#2458,#2459);
#1985=AXIS2_PLACEMENT_3D('',#3634,#2460,#2461);
#1986=AXIS2_PLACEMENT_3D('',#3637,#2462,#2463);
#1987=AXIS2_PLACEMENT_3D('',#3638,#2464,#2465);
#1988=AXIS2_PLACEMENT_3D('',#3639,#2466,#2467);
#1989=AXIS2_PLACEMENT_3D('',#3640,#2468,#2469);
#1990=AXIS2_PLACEMENT_3D('',#3643,#2470,#2471);
#1991=AXIS2_PLACEMENT_3D('',#3657,#2474,#2475);
#1992=AXIS2_PLACEMENT_3D('',#3658,#2476,#2477);
#1993=AXIS2_PLACEMENT_3D('',#3659,#2478,#2479);
#1994=AXIS2_PLACEMENT_3D('',#3660,#2480,#2481);
#1995=AXIS2_PLACEMENT_3D('',#3663,#2482,#2483);
#1996=AXIS2_PLACEMENT_3D('',#3701,#2486,#2487);
#1997=AXIS2_PLACEMENT_3D('',#3702,#2488,#2489);
#1998=AXIS2_PLACEMENT_3D('',#3703,#2490,#2491);
#1999=AXIS2_PLACEMENT_3D('',#3705,#2493,#2494);
#2000=AXIS2_PLACEMENT_3D('',#3709,#2496,#2497);
#2001=AXIS2_PLACEMENT_3D('',#3755,#2498,#2499);
#2002=AXIS2_PLACEMENT_3D('',#3759,#2502,#2503);
#2003=AXIS2_PLACEMENT_3D('',#3762,#2505,#2506);
#2004=AXIS2_PLACEMENT_3D('',#3763,#2507,#2508);
#2005=AXIS2_PLACEMENT_3D('',#3767,#2511,#2512);
#2006=AXIS2_PLACEMENT_3D('',#3771,#2514,#2515);
#2007=AXIS2_PLACEMENT_3D('',#3777,#2516,#2517);
#2008=AXIS2_PLACEMENT_3D('',#3778,#2518,#2519);
#2009=AXIS2_PLACEMENT_3D('',#3780,#2521,#2522);
#2010=AXIS2_PLACEMENT_3D('',#3781,#2523,#2524);
#2011=AXIS2_PLACEMENT_3D('',#3802,#2525,#2526);
#2012=AXIS2_PLACEMENT_3D('',#3823,#2527,#2528);
#2013=AXIS2_PLACEMENT_3D('',#3824,#2529,#2530);
#2014=AXIS2_PLACEMENT_3D('',#3825,#2531,#2532);
#2015=AXIS2_PLACEMENT_3D('',#3826,#2533,#2534);
#2016=AXIS2_PLACEMENT_3D('',#3827,#2535,#2536);
#2017=AXIS2_PLACEMENT_3D('',#3837,#2537,#2538);
#2018=AXIS2_PLACEMENT_3D('',#3838,#2539,#2540);
#2019=AXIS2_PLACEMENT_3D('',#3839,#2541,#2542);
#2020=AXIS2_PLACEMENT_3D('',#3910,#2543,#2544);
#2021=AXIS2_PLACEMENT_3D('',#3919,#2546,#2547);
#2022=AXIS2_PLACEMENT_3D('',#3920,#2548,#2549);
#2023=AXIS2_PLACEMENT_3D('',#3922,#2551,#2552);
#2024=AXIS2_PLACEMENT_3D('',#3923,#2553,#2554);
#2025=AXIS2_PLACEMENT_3D('',#3924,#2555,#2556);
#2026=AXIS2_PLACEMENT_3D('',#3925,#2557,#2558);
#2027=AXIS2_PLACEMENT_3D('',#3927,#2560,#2561);
#2028=AXIS2_PLACEMENT_3D('',#3930,#2563,#2564);
#2029=AXIS2_PLACEMENT_3D('',#3931,#2565,#2566);
#2030=AXIS2_PLACEMENT_3D('',#3934,#2568,#2569);
#2031=AXIS2_PLACEMENT_3D('',#3935,#2570,#2571);
#2032=AXIS2_PLACEMENT_3D('',#3938,#2573,#2574);
#2033=AXIS2_PLACEMENT_3D('',#3939,#2575,#2576);
#2034=DIRECTION('axis',(0.,0.,1.));
#2035=DIRECTION('refdir',(1.,0.,0.));
#2036=DIRECTION('center_axis',(-1.,9.42530555803028E-15,5.23209562232636E-30));
#2037=DIRECTION('ref_axis',(-8.88178419700118E-15,-0.942333820619107,-0.334674424653866));
#2038=DIRECTION('center_axis',(-2.38141623006858E-32,1.01471195936629E-32,
-1.));
#2039=DIRECTION('ref_axis',(-0.79534352126817,-0.6061589586707,1.27896722538774E-32));
#2040=DIRECTION('center_axis',(6.12425640701642E-16,-1.,0.));
#2041=DIRECTION('ref_axis',(0.,0.,1.));
#2042=DIRECTION('center_axis',(-0.0602170944532426,-0.0458935419625371,
0.997129722925629));
#2043=DIRECTION('ref_axis',(-0.793060664992825,-0.604419114508203,-0.0757120575487016));
#2044=DIRECTION('center_axis',(-4.72855827498082E-33,1.,1.01471195936629E-32));
#2045=DIRECTION('ref_axis',(-0.843323552832231,0.,0.537406164123955));
#2046=DIRECTION('center_axis',(0.,-1.,0.));
#2047=DIRECTION('ref_axis',(0.,0.,1.));
#2048=DIRECTION('',(4.72855827498082E-33,-1.,-1.01471195936629E-32));
#2049=DIRECTION('',(-4.72855827498082E-33,1.,1.01471195936629E-32));
#2050=DIRECTION('center_axis',(-1.,-9.42530413644835E-15,1.67427034662076E-28));
#2051=DIRECTION('ref_axis',(0.,1.77635683940026E-14,1.));
#2052=DIRECTION('center_axis',(-0.0602171078027166,0.0458934903373726,0.997129724495529));
#2053=DIRECTION('ref_axis',(-0.793061058625279,0.604418600611101,-0.0757120368730793));
#2054=DIRECTION('center_axis',(-2.38141623006858E-32,1.01471195936629E-32,
-1.));
#2055=DIRECTION('ref_axis',(-0.795343914781506,0.606158442339978,2.50912112786018E-32));
#2056=DIRECTION('center_axis',(1.,-8.45770379878984E-33,-2.38141623006858E-32));
#2057=DIRECTION('ref_axis',(0.,0.816906978935206,0.576769440736031));
#2058=DIRECTION('center_axis',(-1.,0.,0.));
#2059=DIRECTION('ref_axis',(0.,0.,1.));
#2060=DIRECTION('',(-1.,8.45770379878984E-33,2.38141623006858E-32));
#2061=DIRECTION('',(1.,-8.45770379878984E-33,-2.38141623006858E-32));
#2062=DIRECTION('center_axis',(0.,1.,0.));
#2063=DIRECTION('ref_axis',(0.,0.,1.));
#2064=DIRECTION('center_axis',(0.0602179761952134,0.0458932285518092,0.997129684101343));
#2065=DIRECTION('ref_axis',(0.793066890766444,0.604410881508672,-0.0757125688638015));
#2066=DIRECTION('center_axis',(-2.38141623006858E-32,1.01471195936629E-32,
-1.));
#2067=DIRECTION('ref_axis',(0.795349795930697,0.606150725573268,-1.27899052219334E-32));
#2068=DIRECTION('center_axis',(-4.72865343882045E-33,-1.,-1.01471195936629E-32));
#2069=DIRECTION('ref_axis',(0.843325623224741,0.,0.537402915150823));
#2070=DIRECTION('center_axis',(9.79884543527567E-15,1.,0.));
#2071=DIRECTION('ref_axis',(0.,0.,1.));
#2072=DIRECTION('',(4.72865343882045E-33,1.,1.01471195936629E-32));
#2073=DIRECTION('',(-4.72865343882045E-33,-1.,-1.01471195936629E-32));
#2074=DIRECTION('center_axis',(1.,0.,0.));
#2075=DIRECTION('ref_axis',(0.,5.5511151231258E-16,1.));
#2076=DIRECTION('center_axis',(0.0602179628456219,-0.0458932801767364,0.997129682531486));
#2077=DIRECTION('ref_axis',(0.793066497141119,-0.604411395406853,-0.0757125895387097));
#2078=DIRECTION('center_axis',(-2.38141623006858E-32,1.01471195936629E-32,
-1.));
#2079=DIRECTION('ref_axis',(0.79534940242447,-0.606151241905054,-2.50912688985476E-32));
#2080=DIRECTION('center_axis',(-1.,-8.45771518776583E-33,2.38141623006858E-32));
#2081=DIRECTION('ref_axis',(0.,-0.816907101405614,0.576769267275119));
#2082=DIRECTION('',(1.,8.45771518776583E-33,-2.38141623006858E-32));
#2083=DIRECTION('',(-1.,-8.45771518776583E-33,2.38141623006858E-32));
#2084=DIRECTION('center_axis',(0.906411296684717,0.,-0.422396213574802));
#2085=DIRECTION('ref_axis',(-0.422396213574802,0.,-0.906411296684717));
#2086=DIRECTION('',(0.402076081590392,-0.306429998505567,0.862806745817854));
#2087=DIRECTION('',(0.,-1.,0.));
#2088=DIRECTION('',(-0.402076132430002,-0.306429624619374,-0.862806854913521));
#2089=DIRECTION('center_axis',(-0.402076081590392,0.306429998505567,-0.862806745817854));
#2090=DIRECTION('ref_axis',(0.599926431442776,-0.623702471824448,-0.501082332053734));
#2091=DIRECTION('',(-0.402076081590392,0.306429998505567,-0.862806745817854));
#2092=DIRECTION('center_axis',(-0.402076081590394,0.306429998505569,-0.862806745817852));
#2093=DIRECTION('ref_axis',(0.906411296684716,1.85037170770859E-16,-0.422396213574804));
#2094=DIRECTION('center_axis',(0.,-0.94233382061911,-0.334674424653859));
#2095=DIRECTION('ref_axis',(0.,0.334674424653859,-0.94233382061911));
#2096=DIRECTION('',(-0.402069297957519,-0.306430995470715,0.862809552945941));
#2097=DIRECTION('center_axis',(0.,-0.94233382061911,-0.334674424653859));
#2098=DIRECTION('ref_axis',(-1.23605943352354E-16,-0.334674424653859,0.94233382061911));
#2099=DIRECTION('',(-1.,0.,0.));
#2100=DIRECTION('center_axis',(0.,-0.94233382061911,-0.334674424653859));
#2101=DIRECTION('ref_axis',(-1.48327132022825E-16,-0.334674424653859,0.94233382061911));
#2102=DIRECTION('center_axis',(0.402069297957519,0.306430995470716,-0.862809552945941));
#2103=DIRECTION('ref_axis',(-0.599929199858635,-0.623703110460566,-0.501078222594829));
#2104=DIRECTION('',(0.402069297957519,0.306430995470716,-0.862809552945941));
#2105=DIRECTION('center_axis',(-0.402069297957519,-0.306430995470716,0.862809552945941));
#2106=DIRECTION('ref_axis',(-0.90641455128593,1.85037170770858E-16,-0.422389229523109));
#2107=DIRECTION('center_axis',(2.38141623006858E-32,-1.01471195936629E-32,
1.));
#2108=DIRECTION('ref_axis',(1.,0.,-2.38141623006858E-32));
#2109=DIRECTION('center_axis',(0.408248290463855,-0.816496580927734,0.408248290463855));
#2110=DIRECTION('ref_axis',(-0.577350269189631,-0.577350269189615,-0.577350269189631));
#2111=DIRECTION('center_axis',(1.,0.,0.));
#2112=DIRECTION('ref_axis',(0.,0.,-1.));
#2113=DIRECTION('center_axis',(0.,1.,1.77635683940025E-14));
#2114=DIRECTION('ref_axis',(-1.,0.,0.));
#2115=DIRECTION('center_axis',(4.44089209850062E-15,0.,1.));
#2116=DIRECTION('ref_axis',(0.,-1.,0.));
#2117=DIRECTION('center_axis',(-0.816496580927729,-0.40824829046386,0.40824829046386));
#2118=DIRECTION('ref_axis',(-0.577350269189623,0.577350269189638,-0.577350269189616));
#2119=DIRECTION('center_axis',(1.,0.,0.));
#2120=DIRECTION('ref_axis',(0.,1.,0.));
#2121=DIRECTION('center_axis',(0.,0.,1.));
#2122=DIRECTION('ref_axis',(-1.,0.,0.));
#2123=DIRECTION('center_axis',(0.,-1.,0.));
#2124=DIRECTION('ref_axis',(0.,0.,-1.));
#2125=DIRECTION('center_axis',(0.,-0.133333333333333,-0.991071249821234));
#2126=DIRECTION('ref_axis',(-1.,0.,0.));
#2127=DIRECTION('center_axis',(1.,0.,0.));
#2128=DIRECTION('ref_axis',(0.,0.,-1.));
#2129=DIRECTION('center_axis',(0.,0.,-1.));
#2130=DIRECTION('ref_axis',(-1.,0.,0.));
#2131=DIRECTION('center_axis',(-1.,0.,0.));
#2132=DIRECTION('ref_axis',(0.,-0.994936153005124,0.100508962005208));
#2133=DIRECTION('center_axis',(1.,0.,0.));
#2134=DIRECTION('ref_axis',(0.,-0.994936153005124,0.100508962005208));
#2135=DIRECTION('center_axis',(0.,0.,-1.));
#2136=DIRECTION('ref_axis',(-0.707106781186543,0.707106781186552,0.));
#2137=DIRECTION('',(0.,0.,1.));
#2138=DIRECTION('',(0.,0.,-1.));
#2139=DIRECTION('center_axis',(0.,1.,0.));
#2140=DIRECTION('ref_axis',(-0.707106781186546,0.,-0.707106781186549));
#2141=DIRECTION('',(0.,-1.,0.));
#2142=DIRECTION('',(0.,1.,0.));
#2143=DIRECTION('center_axis',(1.,0.,0.));
#2144=DIRECTION('ref_axis',(0.,0.707106781186554,-0.707106781186541));
#2145=DIRECTION('center_axis',(1.,2.22044604925028E-15,-2.22044604925032E-15));
#2146=DIRECTION('ref_axis',(-2.22044604925032E-15,0.,-1.));
#2147=DIRECTION('',(-1.,0.,0.));
#2148=DIRECTION('',(1.,0.,0.));
#2149=DIRECTION('center_axis',(0.,0.447213595499959,0.894427190999915));
#2150=DIRECTION('ref_axis',(0.,-0.894427190999915,0.44721359549996));
#2151=DIRECTION('center_axis',(-3.97205464519562E-15,-0.894427190999917,
-0.447213595499956));
#2152=DIRECTION('ref_axis',(0.,-0.447213595499956,0.894427190999917));
#2153=DIRECTION('center_axis',(2.96059473233372E-16,0.133333333333332,-0.991071249821234));
#2154=DIRECTION('ref_axis',(0.,-0.991071249821234,-0.133333333333332));
#2155=DIRECTION('center_axis',(-1.,0.,0.));
#2156=DIRECTION('ref_axis',(0.,0.,1.));
#2157=DIRECTION('center_axis',(0.,0.,-1.));
#2158=DIRECTION('ref_axis',(0.,-1.,0.));
#2159=DIRECTION('center_axis',(1.,0.,0.));
#2160=DIRECTION('ref_axis',(0.,0.994936153005124,0.100508962005208));
#2161=DIRECTION('center_axis',(-1.,0.,0.));
#2162=DIRECTION('ref_axis',(0.,0.994936153005124,0.100508962005208));
#2163=DIRECTION('center_axis',(0.,0.,-1.));
#2164=DIRECTION('ref_axis',(-0.707106781186547,-0.707106781186547,0.));
#2165=DIRECTION('',(0.,0.,1.));
#2166=DIRECTION('',(0.,0.,-1.));
#2167=DIRECTION('center_axis',(1.,0.,0.));
#2168=DIRECTION('ref_axis',(0.,-0.707106781186551,-0.707106781186544));
#2169=DIRECTION('center_axis',(1.,-2.2204460492503E-15,-2.22044604925034E-15));
#2170=DIRECTION('ref_axis',(-2.2204460492503E-15,-1.,0.));
#2171=DIRECTION('',(-1.,0.,0.));
#2172=DIRECTION('',(1.,0.,0.));
#2173=DIRECTION('center_axis',(0.,0.894427190999916,-0.447213595499959));
#2174=DIRECTION('ref_axis',(0.,0.447213595499959,0.894427190999916));
#2175=DIRECTION('center_axis',(0.,-0.447213595499958,0.894427190999916));
#2176=DIRECTION('ref_axis',(0.,0.894427190999916,0.447213595499958));
#2177=DIRECTION('center_axis',(0.,0.,-1.));
#2178=DIRECTION('ref_axis',(0.707106781186555,-0.70710678118654,0.));
#2179=DIRECTION('',(0.,0.,1.));
#2180=DIRECTION('center_axis',(0.,0.,1.));
#2181=DIRECTION('ref_axis',(0.,-1.,0.));
#2182=DIRECTION('',(0.,0.,-1.));
#2183=DIRECTION('center_axis',(0.,0.,1.));
#2184=DIRECTION('ref_axis',(0.,-1.,0.));
#2185=DIRECTION('',(0.,-1.,0.));
#2186=DIRECTION('center_axis',(0.,-1.,0.));
#2187=DIRECTION('ref_axis',(0.707106781186546,0.,0.707106781186549));
#2188=DIRECTION('',(0.,1.,0.));
#2189=DIRECTION('center_axis',(0.,0.,1.));
#2190=DIRECTION('ref_axis',(0.707106781186547,0.707106781186547,0.));
#2191=DIRECTION('',(0.,0.,1.));
#2192=DIRECTION('center_axis',(0.,0.,1.));
#2193=DIRECTION('ref_axis',(1.,-8.88178419700126E-15,0.));
#2194=DIRECTION('',(0.,0.,-1.));
#2195=DIRECTION('center_axis',(0.,1.,0.));
#2196=DIRECTION('ref_axis',(0.,0.,1.));
#2197=DIRECTION('',(-1.,0.,0.));
#2198=DIRECTION('center_axis',(1.,0.,0.));
#2199=DIRECTION('ref_axis',(0.,0.707106781186546,0.707106781186549));
#2200=DIRECTION('',(1.,0.,0.));
#2201=DIRECTION('center_axis',(1.,0.,0.));
#2202=DIRECTION('ref_axis',(0.,0.707106781186546,0.707106781186549));
#2203=DIRECTION('center_axis',(1.,0.,0.));
#2204=DIRECTION('ref_axis',(0.,0.,-1.));
#2205=DIRECTION('center_axis',(2.22044604925032E-15,-1.,-2.22044604925031E-15));
#2206=DIRECTION('ref_axis',(0.,2.22044604925031E-15,-1.));
#2207=DIRECTION('center_axis',(-1.,0.,0.));
#2208=DIRECTION('ref_axis',(0.,-0.707106781186548,-0.707106781186547));
#2209=DIRECTION('center_axis',(0.,0.,-1.));
#2210=DIRECTION('ref_axis',(1.,0.,0.));
#2211=DIRECTION('center_axis',(1.,0.,0.));
#2212=DIRECTION('ref_axis',(0.,-0.707106781186548,-0.707106781186547));
#2213=DIRECTION('center_axis',(0.,-1.,0.));
#2214=DIRECTION('ref_axis',(-1.,0.,0.));
#2215=DIRECTION('center_axis',(-1.,0.,0.));
#2216=DIRECTION('ref_axis',(0.,-0.707106781186548,-0.707106781186548));
#2217=DIRECTION('center_axis',(0.,0.,-1.));
#2218=DIRECTION('ref_axis',(0.,-1.,0.));
#2219=DIRECTION('center_axis',(1.,0.,0.));
#2220=DIRECTION('ref_axis',(0.,-0.707106781186548,-0.707106781186548));
#2221=DIRECTION('center_axis',(1.,0.,0.));
#2222=DIRECTION('ref_axis',(0.,-0.707106781186548,-0.707106781186548));
#2223=DIRECTION('',(1.,0.,0.));
#2224=DIRECTION('',(-1.,0.,0.));
#2225=DIRECTION('center_axis',(0.,1.,0.));
#2226=DIRECTION('ref_axis',(0.707106781186546,0.,-0.707106781186549));
#2227=DIRECTION('',(0.,1.,0.));
#2228=DIRECTION('center_axis',(0.,1.,0.));
#2229=DIRECTION('ref_axis',(1.,0.,4.44089209850063E-15));
#2230=DIRECTION('',(0.,-1.,0.));
#2231=DIRECTION('center_axis',(0.,0.,-1.));
#2232=DIRECTION('ref_axis',(0.,1.,0.));
#2233=DIRECTION('',(0.,-1.,0.));
#2234=DIRECTION('',(-1.,0.,0.));
#2235=DIRECTION('center_axis',(0.,-1.,0.));
#2236=DIRECTION('ref_axis',(-0.707106781186547,0.,-0.707106781186548));
#2237=DIRECTION('',(0.,1.,0.));
#2238=DIRECTION('center_axis',(0.,1.,0.));
#2239=DIRECTION('ref_axis',(0.,0.,-1.));
#2240=DIRECTION('center_axis',(1.,0.,0.));
#2241=DIRECTION('ref_axis',(0.,1.,0.));
#2242=DIRECTION('',(0.,0.,-1.));
#2243=DIRECTION('',(0.,-1.,0.));
#2244=DIRECTION('',(0.,0.,1.));
#2245=DIRECTION('',(0.,-1.,0.));
#2246=DIRECTION('center_axis',(1.,0.,0.));
#2247=DIRECTION('ref_axis',(0.,1.,0.));
#2248=DIRECTION('',(0.,-1.,0.));
#2249=DIRECTION('center_axis',(1.,0.,0.));
#2250=DIRECTION('ref_axis',(0.,1.,0.));
#2251=DIRECTION('',(0.,-1.,0.));
#2252=DIRECTION('',(0.,0.,-1.));
#2253=DIRECTION('',(0.,-1.,0.));
#2254=DIRECTION('',(0.,0.,1.));
#2255=DIRECTION('center_axis',(1.,0.,0.));
#2256=DIRECTION('ref_axis',(0.,0.70710678118655,-0.707106781186545));
#2257=DIRECTION('center_axis',(1.,0.,0.));
#2258=DIRECTION('ref_axis',(0.,1.,0.));
#2259=DIRECTION('center_axis',(1.,0.,0.));
#2260=DIRECTION('ref_axis',(0.,1.,0.));
#2261=DIRECTION('center_axis',(1.,0.,0.));
#2262=DIRECTION('ref_axis',(0.,0.,-1.));
#2263=DIRECTION('center_axis',(0.,0.,-1.));
#2264=DIRECTION('ref_axis',(0.,1.,0.));
#2265=DIRECTION('center_axis',(-1.,0.,0.));
#2266=DIRECTION('ref_axis',(0.,0.707106781186554,-0.707106781186541));
#2267=DIRECTION('center_axis',(1.,0.,0.));
#2268=DIRECTION('ref_axis',(0.,0.707106781186554,-0.707106781186541));
#2269=DIRECTION('center_axis',(0.,0.,-1.));
#2270=DIRECTION('ref_axis',(-1.,0.,0.));
#2271=DIRECTION('center_axis',(-1.,0.,0.));
#2272=DIRECTION('ref_axis',(0.,0.70710678118655,-0.707106781186545));
#2273=DIRECTION('center_axis',(1.,0.,0.));
#2274=DIRECTION('ref_axis',(0.,0.707106781186549,-0.707106781186546));
#2275=DIRECTION('',(1.,0.,0.));
#2276=DIRECTION('center_axis',(0.,0.,1.));
#2277=DIRECTION('ref_axis',(0.707106781186555,0.70710678118654,0.));
#2278=DIRECTION('',(0.,0.,1.));
#2279=DIRECTION('center_axis',(0.,0.,1.));
#2280=DIRECTION('ref_axis',(1.,0.,0.));
#2281=DIRECTION('',(0.,0.,-1.));
#2282=DIRECTION('center_axis',(0.,1.,0.));
#2283=DIRECTION('ref_axis',(0.,0.,1.));
#2284=DIRECTION('',(0.,0.,-1.));
#2285=DIRECTION('',(-1.,0.,0.));
#2286=DIRECTION('center_axis',(0.,0.,-1.));
#2287=DIRECTION('ref_axis',(-0.707106781186547,0.707106781186548,0.));
#2288=DIRECTION('center_axis',(0.,0.,1.));
#2289=DIRECTION('ref_axis',(-1.,0.,0.));
#2290=DIRECTION('center_axis',(0.,0.,1.));
#2291=DIRECTION('ref_axis',(0.,-1.,0.));
#2292=DIRECTION('center_axis',(-1.,0.,0.));
#2293=DIRECTION('ref_axis',(0.,-0.707106781186549,0.707106781186546));
#2294=DIRECTION('center_axis',(0.,-1.,0.));
#2295=DIRECTION('ref_axis',(1.,0.,0.));
#2296=DIRECTION('center_axis',(1.,0.,0.));
#2297=DIRECTION('ref_axis',(0.,-0.707106781186549,0.707106781186546));
#2298=DIRECTION('center_axis',(1.,0.,0.));
#2299=DIRECTION('ref_axis',(0.,-0.707106781186547,0.707106781186547));
#2300=DIRECTION('',(1.,0.,0.));
#2301=DIRECTION('',(-1.,0.,0.));
#2302=DIRECTION('center_axis',(0.408248290463862,-0.816496580927726,-0.408248290463864));
#2303=DIRECTION('ref_axis',(-0.577350269189625,-0.577350269189625,0.577350269189627));
#2304=DIRECTION('center_axis',(0.,-1.,0.));
#2305=DIRECTION('ref_axis',(-1.,0.,0.));
#2306=DIRECTION('center_axis',(0.,0.,1.));
#2307=DIRECTION('ref_axis',(0.,-1.,0.));
#2308=DIRECTION('center_axis',(0.,1.,0.));
#2309=DIRECTION('ref_axis',(-0.707106781186547,0.,0.707106781186548));
#2310=DIRECTION('',(0.,1.,0.));
#2311=DIRECTION('center_axis',(0.,1.,0.));
#2312=DIRECTION('ref_axis',(0.,0.,1.));
#2313=DIRECTION('',(0.,-1.,0.));
#2314=DIRECTION('center_axis',(0.,0.,1.));
#2315=DIRECTION('ref_axis',(0.,-1.,0.));
#2316=DIRECTION('',(0.,-1.,0.));
#2317=DIRECTION('',(0.,-1.,0.));
#2318=DIRECTION('',(-1.,0.,0.));
#2319=DIRECTION('',(0.,-1.,0.));
#2320=DIRECTION('',(1.,0.,0.));
#2321=DIRECTION('center_axis',(0.,-1.,0.));
#2322=DIRECTION('ref_axis',(0.707106781186546,0.,0.707106781186549));
#2323=DIRECTION('',(0.,1.,0.));
#2324=DIRECTION('center_axis',(0.,1.,0.));
#2325=DIRECTION('ref_axis',(0.,0.,1.));
#2326=DIRECTION('center_axis',(0.,1.,0.));
#2327=DIRECTION('ref_axis',(0.,0.,1.));
#2328=DIRECTION('center_axis',(-1.,0.,0.));
#2329=DIRECTION('ref_axis',(0.,0.707106781186554,0.707106781186541));
#2330=DIRECTION('center_axis',(1.,0.,0.));
#2331=DIRECTION('ref_axis',(0.,0.707106781186554,0.707106781186541));
#2332=DIRECTION('center_axis',(1.,0.,0.));
#2333=DIRECTION('ref_axis',(0.,0.707106781186546,0.707106781186549));
#2334=DIRECTION('center_axis',(0.,-1.,0.));
#2335=DIRECTION('ref_axis',(0.707106781186546,0.,0.707106781186549));
#2336=DIRECTION('center_axis',(0.,-1.,0.));
#2337=DIRECTION('ref_axis',(1.,0.,4.44089209850063E-15));
#2338=DIRECTION('',(0.,1.,0.));
#2339=DIRECTION('center_axis',(-0.408248290463862,-0.816496580927726,0.408248290463863));
#2340=DIRECTION('ref_axis',(-0.577350269189626,0.577350269189624,0.577350269189627));
#2341=DIRECTION('center_axis',(-1.,0.,0.));
#2342=DIRECTION('ref_axis',(0.,-0.707106781186554,0.707106781186541));
#2343=DIRECTION('center_axis',(1.,0.,0.));
#2344=DIRECTION('ref_axis',(0.,-0.707106781186554,0.707106781186541));
#2345=DIRECTION('center_axis',(1.,0.,0.));
#2346=DIRECTION('ref_axis',(0.,-0.707106781186546,0.707106781186549));
#2347=DIRECTION('',(1.,0.,0.));
#2348=DIRECTION('center_axis',(0.,-1.,0.));
#2349=DIRECTION('ref_axis',(0.,0.,-1.));
#2350=DIRECTION('center_axis',(-1.,0.,0.));
#2351=DIRECTION('ref_axis',(0.,0.707106781186546,0.707106781186549));
#2352=DIRECTION('center_axis',(0.,0.,-1.));
#2353=DIRECTION('ref_axis',(0.707106781186547,-0.707106781186547,0.));
#2354=DIRECTION('',(0.,0.,1.));
#2355=DIRECTION('',(0.,0.,-1.));
#2356=DIRECTION('center_axis',(0.,-1.,0.));
#2357=DIRECTION('ref_axis',(0.,0.,-1.));
#2358=DIRECTION('',(0.,0.,1.));
#2359=DIRECTION('center_axis',(1.,0.,0.));
#2360=DIRECTION('ref_axis',(0.,0.,-1.));
#2361=DIRECTION('center_axis',(0.95568660230641,3.50845689348237E-13,-0.294386001997429));
#2362=DIRECTION('ref_axis',(-3.67113746809385E-13,1.,0.));
#2363=DIRECTION('center_axis',(0.,1.,0.));
#2364=DIRECTION('ref_axis',(0.,0.,1.));
#2365=DIRECTION('center_axis',(0.,0.,-1.));
#2366=DIRECTION('ref_axis',(0.,1.,0.));
#2367=DIRECTION('center_axis',(0.,-1.,0.));
#2368=DIRECTION('ref_axis',(-0.850103870862029,0.,-0.526615047967103));
#2369=DIRECTION('center_axis',(0.,1.,0.));
#2370=DIRECTION('ref_axis',(-0.850103870862029,0.,-0.526615047967103));
#2371=DIRECTION('center_axis',(0.,0.,1.));
#2372=DIRECTION('ref_axis',(0.707106781186549,0.707106781186547,0.));
#2373=DIRECTION('center_axis',(0.,0.,-1.));
#2374=DIRECTION('ref_axis',(0.,1.,0.));
#2375=DIRECTION('',(0.,0.,-1.));
#2376=DIRECTION('',(0.,0.,1.));
#2377=DIRECTION('center_axis',(0.,1.,0.));
#2378=DIRECTION('ref_axis',(0.,0.,1.));
#2379=DIRECTION('center_axis',(-0.0422769804600241,0.,-0.999105928779918));
#2380=DIRECTION('ref_axis',(0.,1.,0.));
#2381=DIRECTION('center_axis',(0.,-1.,0.));
#2382=DIRECTION('ref_axis',(-0.999696438138783,0.,0.0246380107279626));
#2383=DIRECTION('center_axis',(0.,1.,0.));
#2384=DIRECTION('ref_axis',(-0.999696438138783,0.,0.0246380107279626));
#2385=DIRECTION('center_axis',(-0.35807458834564,-0.312482788716654,-0.879850610011133));
#2386=DIRECTION('ref_axis',(0.,0.942333962747487,-0.334674024466522));
#2387=DIRECTION('center_axis',(-0.402076132430004,-0.306429624619375,-0.862806854913519));
#2388=DIRECTION('ref_axis',(0.,0.942333962747636,-0.334674024466101));
#2389=DIRECTION('center_axis',(0.,-0.924006339236393,0.382377150273078));
#2390=DIRECTION('ref_axis',(4.76631918423662E-17,0.382377150273078,0.924006339236393));
#2391=DIRECTION('center_axis',(0.,0.942333962747637,-0.334674024466099));
#2392=DIRECTION('ref_axis',(4.94423847981423E-17,0.334674024466099,0.942333962747637));
#2393=DIRECTION('center_axis',(-0.402076132430002,-0.306429624619374,-0.862806854913521));
#2394=DIRECTION('ref_axis',(0.599926475867757,0.623702612080674,-0.50108210428695));
#2395=DIRECTION('',(0.402076132430002,0.306429624619374,0.862806854913521));
#2396=DIRECTION('center_axis',(0.,0.942333962747637,-0.334674024466099));
#2397=DIRECTION('ref_axis',(0.,0.334674024466099,0.942333962747637));
#2398=DIRECTION('',(1.,0.,0.));
#2399=DIRECTION('center_axis',(0.,0.942333962747637,-0.334674024466099));
#2400=DIRECTION('ref_axis',(-1.23605961995356E-16,0.334674024466099,0.942333962747637));
#2401=DIRECTION('',(0.402069348796602,-0.306430621583558,-0.862809662042672));
#2402=DIRECTION('center_axis',(1.,0.,0.));
#2403=DIRECTION('ref_axis',(0.,-0.98547804712932,0.169802881678084));
#2404=DIRECTION('',(-1.,0.,0.));
#2405=DIRECTION('center_axis',(0.,1.,0.));
#2406=DIRECTION('ref_axis',(0.,0.,-1.));
#2407=DIRECTION('',(0.,0.,1.));
#2408=DIRECTION('',(1.,0.,0.));
#2409=DIRECTION('center_axis',(0.,-1.,0.));
#2410=DIRECTION('ref_axis',(-0.707106781186548,0.,-0.707106781186547));
#2411=DIRECTION('',(0.,0.,-1.));
#2412=DIRECTION('center_axis',(0.,1.,0.));
#2413=DIRECTION('ref_axis',(0.999696487987012,0.,0.0246359880344567));
#2414=DIRECTION('center_axis',(0.,0.,1.));
#2415=DIRECTION('ref_axis',(0.707106781186548,-0.707106781186548,0.));
#2416=DIRECTION('center_axis',(1.04788767805603E-16,0.834366327174924,0.551210333789768));
#2417=DIRECTION('ref_axis',(0.,-0.551210333789768,0.834366327174924));
#2418=DIRECTION('center_axis',(0.955686602306226,7.78085198151182E-13,-0.294386001998026));
#2419=DIRECTION('ref_axis',(0.294386001998026,1.85037170770859E-16,0.955686602306226));
#2420=DIRECTION('center_axis',(0.,1.,0.));
#2421=DIRECTION('ref_axis',(0.,0.,1.));
#2422=DIRECTION('center_axis',(0.,0.,-1.));
#2423=DIRECTION('ref_axis',(1.,0.,0.));
#2424=DIRECTION('center_axis',(0.,-1.,0.));
#2425=DIRECTION('ref_axis',(-0.850103870862029,0.,-0.526615047967103));
#2426=DIRECTION('center_axis',(0.,1.,0.));
#2427=DIRECTION('ref_axis',(-0.850103870862029,0.,-0.526615047967103));
#2428=DIRECTION('center_axis',(0.,0.,1.));
#2429=DIRECTION('ref_axis',(0.707106781186547,-0.707106781186548,0.));
#2430=DIRECTION('center_axis',(0.,0.,-1.));
#2431=DIRECTION('ref_axis',(1.,7.40148683083438E-16,0.));
#2432=DIRECTION('',(0.,0.,-1.));
#2433=DIRECTION('',(0.,0.,1.));
#2434=DIRECTION('center_axis',(0.,-1.,0.));
#2435=DIRECTION('ref_axis',(0.,0.,-1.));
#2436=DIRECTION('center_axis',(-0.0422767928157639,0.,-0.999105936720032));
#2437=DIRECTION('ref_axis',(0.999105936720032,0.,-0.0422767928157639));
#2438=DIRECTION('center_axis',(0.,-1.,0.));
#2439=DIRECTION('ref_axis',(-0.999696440835512,0.,0.0246379013069233));
#2440=DIRECTION('center_axis',(0.,1.,0.));
#2441=DIRECTION('ref_axis',(-0.999696440835512,0.,0.0246379013069233));
#2442=DIRECTION('center_axis',(-0.358074746428597,0.312483142079509,-0.879850420177324));
#2443=DIRECTION('ref_axis',(0.926233113016408,1.85037170770859E-16,-0.376951217469758));
#2444=DIRECTION('center_axis',(-9.35075780607937E-17,0.924006157311895,
0.382377589889504));
#2445=DIRECTION('ref_axis',(-1.44754850428367E-16,-0.382377589889504,0.924006157311895));
#2446=DIRECTION('center_axis',(0.,-1.,0.));
#2447=DIRECTION('ref_axis',(-0.97632251246315,0.,0.216320021398024));
#2448=DIRECTION('',(0.,1.,0.));
#2449=DIRECTION('center_axis',(1.,0.,0.));
#2450=DIRECTION('ref_axis',(0.,1.,0.));
#2451=DIRECTION('',(0.,-1.,0.));
#2452=DIRECTION('center_axis',(0.,1.,0.));
#2453=DIRECTION('ref_axis',(0.552937415781386,0.,-0.833222787871889));
#2454=DIRECTION('center_axis',(-0.358071398158022,-0.312483571823535,0.879851630197708));
#2455=DIRECTION('ref_axis',(-0.926234524666622,5.55111512312578E-16,-0.376947748787011));
#2456=DIRECTION('center_axis',(-3.70178803326505E-17,0.924006157311895,
0.382377589889504));
#2457=DIRECTION('ref_axis',(0.,-0.382377589889504,0.924006157311895));
#2458=DIRECTION('center_axis',(-0.0422733241331531,-2.95794820782311E-15,
0.999106083490003));
#2459=DIRECTION('ref_axis',(-0.999106083490003,0.,-0.0422733241331531));
#2460=DIRECTION('center_axis',(0.,-1.,0.));
#2461=DIRECTION('ref_axis',(0.,0.,-1.));
#2462=DIRECTION('center_axis',(0.,0.,1.));
#2463=DIRECTION('ref_axis',(-1.,0.,0.));
#2464=DIRECTION('center_axis',(0.,-1.,0.));
#2465=DIRECTION('ref_axis',(0.99969649068352,0.,0.0246358786134338));
#2466=DIRECTION('center_axis',(0.,1.,0.));
#2467=DIRECTION('ref_axis',(0.99969649068352,0.,0.0246358786134338));
#2468=DIRECTION('center_axis',(0.,0.,1.));
#2469=DIRECTION('ref_axis',(-0.707106781186547,-0.707106781186548,0.));
#2470=DIRECTION('center_axis',(0.,0.,1.));
#2471=DIRECTION('ref_axis',(-1.,7.40148683083438E-16,0.));
#2472=DIRECTION('',(0.,0.,1.));
#2473=DIRECTION('',(0.,0.,-1.));
#2474=DIRECTION('center_axis',(-1.,0.,0.));
#2475=DIRECTION('ref_axis',(0.,0.,-1.));
#2476=DIRECTION('center_axis',(0.,1.,0.));
#2477=DIRECTION('ref_axis',(-0.707106781186548,0.,-0.707106781186547));
#2478=DIRECTION('center_axis',(0.,-1.,0.));
#2479=DIRECTION('ref_axis',(-0.707106781186548,0.,-0.707106781186547));
#2480=DIRECTION('center_axis',(-1.,0.,0.));
#2481=DIRECTION('ref_axis',(0.,-0.707106781186547,-0.707106781186548));
#2482=DIRECTION('center_axis',(-1.,0.,0.));
#2483=DIRECTION('ref_axis',(0.,0.,-1.));
#2484=DIRECTION('',(-1.,0.,0.));
#2485=DIRECTION('',(1.,0.,0.));
#2486=DIRECTION('center_axis',(2.09577535611205E-16,0.551210333789769,-0.834366327174924));
#2487=DIRECTION('ref_axis',(0.,0.834366327174924,0.551210333789769));
#2488=DIRECTION('center_axis',(2.69149232377404E-17,-0.834366327174924,
0.551210333789769));
#2489=DIRECTION('ref_axis',(0.,0.551210333789769,0.834366327174924));
#2490=DIRECTION('center_axis',(0.,0.,-1.));
#2491=DIRECTION('ref_axis',(0.707106781186547,0.707106781186548,0.));
#2492=DIRECTION('',(0.,0.,1.));
#2493=DIRECTION('center_axis',(0.,1.,0.));
#2494=DIRECTION('ref_axis',(0.707106781186547,0.,0.707106781186548));
#2495=DIRECTION('',(0.,1.,0.));
#2496=DIRECTION('center_axis',(0.,-0.551210333789768,-0.834366327174924));
#2497=DIRECTION('ref_axis',(0.,-0.834366327174924,0.551210333789768));
#2498=DIRECTION('center_axis',(0.,0.,-1.));
#2499=DIRECTION('ref_axis',(0.,-1.,0.));
#2500=DIRECTION('',(0.,-1.,0.));
#2501=DIRECTION('',(-1.,0.,0.));
#2502=DIRECTION('center_axis',(0.,-1.,0.));
#2503=DIRECTION('ref_axis',(-0.707106781186548,0.,-0.707106781186548));
#2504=DIRECTION('',(0.,1.,0.));
#2505=DIRECTION('center_axis',(0.,1.,0.));
#2506=DIRECTION('ref_axis',(-0.707106781186548,0.,-0.707106781186547));
#2507=DIRECTION('center_axis',(-1.,0.,0.));
#2508=DIRECTION('ref_axis',(0.,0.,1.));
#2509=DIRECTION('',(0.,-1.,0.));
#2510=DIRECTION('',(0.,0.,1.));
#2511=DIRECTION('center_axis',(0.,1.,0.));
#2512=DIRECTION('ref_axis',(0.976323345845507,0.,0.216316260038479));
#2513=DIRECTION('',(0.,1.,0.));
#2514=DIRECTION('center_axis',(-9.35074705558865E-17,-0.924006339236393,
0.382377150273078));
#2515=DIRECTION('ref_axis',(0.,0.382377150273078,0.924006339236393));
#2516=DIRECTION('center_axis',(0.,-1.,0.));
#2517=DIRECTION('ref_axis',(0.999696487987012,0.,0.0246359880344567));
#2518=DIRECTION('center_axis',(-0.90641455128593,0.,-0.422389229523109));
#2519=DIRECTION('ref_axis',(-0.422389229523109,0.,0.90641455128593));
#2520=DIRECTION('',(-0.402069348796602,0.306430621583558,0.862809662042672));
#2521=DIRECTION('center_axis',(0.402069348796602,-0.306430621583558,-0.862809662042672));
#2522=DIRECTION('ref_axis',(-0.599929244283175,0.623703250716267,-0.501077994826933));
#2523=DIRECTION('center_axis',(-0.402069348796601,0.306430621583558,0.862809662042673));
#2524=DIRECTION('ref_axis',(0.,0.942333962747637,-0.334674024466098));
#2525=DIRECTION('center_axis',(-0.358071240074861,0.312483218460095,0.879851820031119));
#2526=DIRECTION('ref_axis',(-2.96059473233374E-15,0.942333962747636,-0.334674024466101));
#2527=DIRECTION('center_axis',(-0.0422735117774132,0.,0.999106075550542));
#2528=DIRECTION('ref_axis',(0.,1.,0.));
#2529=DIRECTION('center_axis',(0.,1.,0.));
#2530=DIRECTION('ref_axis',(0.,0.,1.));
#2531=DIRECTION('center_axis',(0.,0.,1.));
#2532=DIRECTION('ref_axis',(0.,1.,0.));
#2533=DIRECTION('center_axis',(0.,0.,-1.));
#2534=DIRECTION('ref_axis',(-0.707106781186549,0.707106781186547,0.));
#2535=DIRECTION('center_axis',(0.,0.,1.));
#2536=DIRECTION('ref_axis',(0.,1.,0.));
#2537=DIRECTION('center_axis',(-1.,0.,0.));
#2538=DIRECTION('ref_axis',(0.,1.,0.));
#2539=DIRECTION('center_axis',(-1.,0.,0.));
#2540=DIRECTION('ref_axis',(0.,0.707106781186548,-0.707106781186547));
#2541=DIRECTION('center_axis',(-1.,0.,0.));
#2542=DIRECTION('ref_axis',(0.,1.,0.));
#2543=DIRECTION('center_axis',(-1.,0.,0.));
#2544=DIRECTION('ref_axis',(0.,1.,0.));
#2545=DIRECTION('',(1.,0.,0.));
#2546=DIRECTION('center_axis',(-1.,0.,0.));
#2547=DIRECTION('ref_axis',(0.,1.,0.));
#2548=DIRECTION('center_axis',(-1.,0.,0.));
#2549=DIRECTION('ref_axis',(0.,0.985478011073588,0.169803090933131));
#2550=DIRECTION('',(1.,0.,0.));
#2551=DIRECTION('center_axis',(0.,-1.,0.));
#2552=DIRECTION('ref_axis',(0.,0.,1.));
#2553=DIRECTION('center_axis',(0.,1.,0.));
#2554=DIRECTION('ref_axis',(0.707106781186547,0.,0.707106781186548));
#2555=DIRECTION('center_axis',(0.,0.,1.));
#2556=DIRECTION('ref_axis',(-0.707106781186547,-0.707106781186548,0.));
#2557=DIRECTION('center_axis',(0.,-1.,0.));
#2558=DIRECTION('ref_axis',(0.707106781186547,0.,0.707106781186547));
#2559=DIRECTION('',(0.,-1.,0.));
#2560=DIRECTION('center_axis',(-1.,0.,0.));
#2561=DIRECTION('ref_axis',(0.,1.,0.));
#2562=DIRECTION('',(1.,0.,0.));
#2563=DIRECTION('center_axis',(-1.,0.,0.));
#2564=DIRECTION('ref_axis',(0.,1.,0.));
#2565=DIRECTION('center_axis',(-1.,0.,0.));
#2566=DIRECTION('ref_axis',(0.,1.,0.));
#2567=DIRECTION('',(1.,0.,0.));
#2568=DIRECTION('center_axis',(-1.,0.,0.));
#2569=DIRECTION('ref_axis',(0.,1.,0.));
#2570=DIRECTION('center_axis',(-1.,0.,0.));
#2571=DIRECTION('ref_axis',(0.,1.,0.));
#2572=DIRECTION('',(1.,0.,0.));
#2573=DIRECTION('center_axis',(-1.,0.,0.));
#2574=DIRECTION('ref_axis',(0.,1.,0.));
#2575=DIRECTION('center_axis',(1.,0.,0.));
#2576=DIRECTION('ref_axis',(0.,1.,0.));
#2577=CARTESIAN_POINT('',(0.,0.,0.));
#2578=CARTESIAN_POINT('Ctrl Pts',(-3.28471523945175,-0.129182985584505,
4.55037482612219));
#2579=CARTESIAN_POINT('Ctrl Pts',(-3.32187390537101,-0.129182985584505,
4.55037482612219));
#2580=CARTESIAN_POINT('Ctrl Pts',(-3.39391043259823,-0.11421214768019,4.55037482612219));
#2581=CARTESIAN_POINT('Ctrl Pts',(-3.49180195571106,-0.0400861062703677,
4.55037482612219));
#2582=CARTESIAN_POINT('Ctrl Pts',(-3.52153765321685,0.0449989710347781,
4.55037482612219));
#2583=CARTESIAN_POINT('Ctrl Pts',(-3.52153765321685,0.0986123850266352,
4.55037482612219));
#2584=CARTESIAN_POINT('Ctrl Pts',(-3.28471523945175,-0.138288014330883,
4.55037482612219));
#2585=CARTESIAN_POINT('Ctrl Pts',(-3.32307866125856,-0.13854909938311,4.55037630367721));
#2586=CARTESIAN_POINT('Ctrl Pts',(-3.39789114181831,-0.123556855678048,
4.55037692104547));
#2587=CARTESIAN_POINT('Ctrl Pts',(-3.50060334215559,-0.046297967297478,
4.55037852536154));
#2588=CARTESIAN_POINT('Ctrl Pts',(-3.531392662714,0.0429487838747349,4.55037668123118));
#2589=CARTESIAN_POINT('Ctrl Pts',(-3.53109420533869,0.0986123850266352,
4.55037482612219));
#2590=CARTESIAN_POINT('Ctrl Pts',(-3.28471523945175,-0.156436419944644,
4.54526654813809));
#2591=CARTESIAN_POINT('Ctrl Pts',(-3.32548236336996,-0.157214803357981,
4.54496791554686));
#2592=CARTESIAN_POINT('Ctrl Pts',(-3.40582044837792,-0.142175242715566,
4.54443410096186));
#2593=CARTESIAN_POINT('Ctrl Pts',(-3.51813555438819,-0.0586680888541138,
4.54402172590997));
#2594=CARTESIAN_POINT('Ctrl Pts',(-3.55102106907382,0.0388597315663507,
4.54437674796432));
#2595=CARTESIAN_POINT('Ctrl Pts',(-3.55013183093262,0.0986123850266352,
4.54473661594947));
#2596=CARTESIAN_POINT('Ctrl Pts',(-3.28471523945175,-0.179106498265257,
4.52110247061278));
#2597=CARTESIAN_POINT('Ctrl Pts',(-3.3284742913191,-0.180017610275088,4.5195299951473));
#2598=CARTESIAN_POINT('Ctrl Pts',(-3.41529617989233,-0.163877128831784,
4.51675957648489));
#2599=CARTESIAN_POINT('Ctrl Pts',(-3.53798815221063,-0.0726431189205167,
4.51466978563559));
#2600=CARTESIAN_POINT('Ctrl Pts',(-3.57393124275608,0.0339737275096885,
4.5164637080258));
#2601=CARTESIAN_POINT('Ctrl Pts',(-3.57297661030253,0.0986123850266351,
4.51832593889074));
#2602=CARTESIAN_POINT('Ctrl Pts',(-3.28471523945175,-0.180870507001187,
4.49651106967763));
#2603=CARTESIAN_POINT('Ctrl Pts',(-3.32872549432591,-0.180804445554889,
4.49404463237864));
#2604=CARTESIAN_POINT('Ctrl Pts',(-3.41517963841015,-0.162669666250364,
4.4898678558922));
#2605=CARTESIAN_POINT('Ctrl Pts',(-3.53575358150259,-0.0709477870388549,
4.48685604582863));
#2606=CARTESIAN_POINT('Ctrl Pts',(-3.5726121958614,0.033952058691761,4.48942943533233));
#2607=CARTESIAN_POINT('Ctrl Pts',(-3.57291325781261,0.098612385026635,4.49224866150107));
#2608=CARTESIAN_POINT('Ctrl Pts',(-3.28471523945175,-0.176299676615461,
4.48364110488949));
#2609=CARTESIAN_POINT('Ctrl Pts',(-3.32810422664657,-0.175384038816458,
4.48106296804402));
#2610=CARTESIAN_POINT('Ctrl Pts',(-3.41258787924352,-0.155925111922825,
4.476856573516));
#2611=CARTESIAN_POINT('Ctrl Pts',(-3.52871924568186,-0.0659537743264383,
4.47398433930359));
#2612=CARTESIAN_POINT('Ctrl Pts',(-3.56553727661419,0.0352831476684939,
4.47642037748964));
#2613=CARTESIAN_POINT('Ctrl Pts',(-3.56685838078115,0.098612385026635,4.47925536464603));
#2614=CARTESIAN_POINT('',(-3.28471523945175,-0.176299676615461,4.48364110488949));
#2615=CARTESIAN_POINT('',(-3.28471523945175,-0.129182985584505,4.55037482612219));
#2616=CARTESIAN_POINT('Origin',(-3.28471523945175,-0.129182985584505,4.50037482612219));
#2617=CARTESIAN_POINT('',(-3.52153765321685,0.098612385026635,4.55037482612219));
#2618=CARTESIAN_POINT('Origin',(-3.24572566449124,0.136115780659235,4.55037482612219));
#2619=CARTESIAN_POINT('',(-3.56685838078115,0.098612385026635,4.47925536464603));
#2620=CARTESIAN_POINT('Origin',(-3.52153765321685,0.098612385026635,4.50037482612219));
#2621=CARTESIAN_POINT('Origin',(-3.24572566449124,0.136115780659235,4.50037482612219));
#2622=CARTESIAN_POINT('Origin',(-3.52153765321685,1.27499966031611,4.50037482612219));
#2623=CARTESIAN_POINT('',(-3.52153765321685,5.40138724011362,4.55037482612219));
#2624=CARTESIAN_POINT('',(-3.56685838078115,5.40138724011362,4.47925536464603));
#2625=CARTESIAN_POINT('Origin',(-3.52153765321685,5.40138724011362,4.50037482612219));
#2626=CARTESIAN_POINT('',(-3.56685838078115,1.27499966031611,4.47925536464603));
#2627=CARTESIAN_POINT('',(-3.52153765321685,1.27499966031611,4.55037482612219));
#2628=CARTESIAN_POINT('Ctrl Pts',(-3.52153765321685,5.40138724011362,4.55037482612219));
#2629=CARTESIAN_POINT('Ctrl Pts',(-3.52153765321685,5.45500065373281,4.55037482612219));
#2630=CARTESIAN_POINT('Ctrl Pts',(-3.4917907339333,5.54008050303984,4.55037482612219));
#2631=CARTESIAN_POINT('Ctrl Pts',(-3.39390589269007,5.61420885766801,4.55037482612219));
#2632=CARTESIAN_POINT('Ctrl Pts',(-3.32187386409533,5.62918262121206,4.55037482612219));
#2633=CARTESIAN_POINT('Ctrl Pts',(-3.28471519282987,5.62918262121206,4.55037482612219));
#2634=CARTESIAN_POINT('Ctrl Pts',(-3.53109420533869,5.40138724011362,4.55037482612219));
#2635=CARTESIAN_POINT('Ctrl Pts',(-3.5313926623855,5.45705084139706,4.55037668122914));
#2636=CARTESIAN_POINT('Ctrl Pts',(-3.50058947969086,5.54629409449505,4.55037902567273));
#2637=CARTESIAN_POINT('Ctrl Pts',(-3.39788584819168,5.62355458519561,4.55037730372209));
#2638=CARTESIAN_POINT('Ctrl Pts',(-3.32307861964781,5.63854873305259,4.55037630367694));
#2639=CARTESIAN_POINT('Ctrl Pts',(-3.28471519282987,5.63828764793616,4.55037482612219));
#2640=CARTESIAN_POINT('Ctrl Pts',(-3.55012997710525,5.40138724011362,4.54473589821226));
#2641=CARTESIAN_POINT('Ctrl Pts',(-3.55101921426771,5.46113989471109,4.5443760306232));
#2642=CARTESIAN_POINT('Ctrl Pts',(-3.51811664399676,5.55866780941798,4.5440208910923));
#2643=CARTESIAN_POINT('Ctrl Pts',(-3.40581349796012,5.64217497333116,4.54443321129198));
#2644=CARTESIAN_POINT('Ctrl Pts',(-3.3254823210944,5.65721289791259,4.54496720764639));
#2645=CARTESIAN_POINT('Ctrl Pts',(-3.28471519282987,5.65643451430551,4.54526584023911));
#2646=CARTESIAN_POINT('Ctrl Pts',(-3.57297367255883,5.40138724011362,4.51832570493421));
#2647=CARTESIAN_POINT('Ctrl Pts',(-3.57392830396167,5.4660258999694,4.51646347611893));
#2648=CARTESIAN_POINT('Ctrl Pts',(-3.53796219737087,5.57264122869133,4.51467123332928));
#2649=CARTESIAN_POINT('Ctrl Pts',(-3.41528626716801,5.6638744624363,4.5167600310849));
#2650=CARTESIAN_POINT('Ctrl Pts',(-3.32847424874062,5.68001480404495,4.5195296195997));
#2651=CARTESIAN_POINT('Ctrl Pts',(-3.28471519282987,5.67910369147731,4.52110209519231));
#2652=CARTESIAN_POINT('Ctrl Pts',(-3.57291325781261,5.40138724011362,4.49224866150107));
#2653=CARTESIAN_POINT('Ctrl Pts',(-3.57261219619276,5.46604756879266,4.48942943843529));
#2654=CARTESIAN_POINT('Ctrl Pts',(-3.53574259053369,5.57095106419922,4.48685458698021));
#2655=CARTESIAN_POINT('Ctrl Pts',(-3.41517651766223,5.66267409715662,4.48986631907029));
#2656=CARTESIAN_POINT('Ctrl Pts',(-3.32872545273629,5.68080408267248,4.49404465089622));
#2657=CARTESIAN_POINT('Ctrl Pts',(-3.28471519282987,5.68087014325438,4.49651108876966));
#2658=CARTESIAN_POINT('Ctrl Pts',(-3.56685838078115,5.40138724011362,4.47925536464603));
#2659=CARTESIAN_POINT('Ctrl Pts',(-3.56553727806825,5.46471647948856,4.47642038060995));
#2660=CARTESIAN_POINT('Ctrl Pts',(-3.52870627518529,5.56594750568407,4.47398540290162));
#2661=CARTESIAN_POINT('Ctrl Pts',(-3.41258265675003,5.65592141180949,4.47685705719898));
#2662=CARTESIAN_POINT('Ctrl Pts',(-3.32810418596346,5.67538368242012,4.4810629870305));
#2663=CARTESIAN_POINT('Ctrl Pts',(-3.28471519282987,5.67629931934944,4.48364112489888));
#2664=CARTESIAN_POINT('',(-3.28471519282987,5.62918262121206,4.55037482612219));
#2665=CARTESIAN_POINT('',(-3.28471519282987,5.67629931934944,4.48364112489888));
#2666=CARTESIAN_POINT('Origin',(-3.28471519282987,5.62918262121206,4.50037482612219));
#2667=CARTESIAN_POINT('Origin',(-3.24572566449124,5.36388389498229,4.50037482612219));
#2668=CARTESIAN_POINT('Origin',(-3.24572566449124,5.36388389498229,4.55037482612219));
#2669=CARTESIAN_POINT('Origin',(-3.04411477927782,5.62918262121206,4.50037482612219));
#2670=CARTESIAN_POINT('',(-1.69174468964756,5.62918262121206,4.55037482612219));
#2671=CARTESIAN_POINT('',(-1.69174468964756,5.67629931934944,4.48364112489888));
#2672=CARTESIAN_POINT('Origin',(-1.69174468964756,5.62918262121206,4.50037482612219));
#2673=CARTESIAN_POINT('',(-3.04411477927782,5.67629931934944,4.48364112489888));
#2674=CARTESIAN_POINT('',(-3.04411477927782,5.62918262121206,4.55037482612219));
#2675=CARTESIAN_POINT('Ctrl Pts',(-1.69174468964756,5.62918262121206,4.55037482612219));
#2676=CARTESIAN_POINT('Ctrl Pts',(-1.63600659350372,5.62918262121206,4.55037482612219));
#2677=CARTESIAN_POINT('Ctrl Pts',(-1.54755383182034,5.60057221589977,4.55037482612218));
#2678=CARTESIAN_POINT('Ctrl Pts',(-1.47048842976974,5.50641732237438,4.55037482612219));
#2679=CARTESIAN_POINT('Ctrl Pts',(-1.45492202359512,5.43713006485552,4.55037482612219));
#2680=CARTESIAN_POINT('Ctrl Pts',(-1.45492202359512,5.40138786021774,4.55037482612219));
#2681=CARTESIAN_POINT('Ctrl Pts',(-1.69174468964756,5.63828764793616,4.55037482612219));
#2682=CARTESIAN_POINT('Ctrl Pts',(-1.6341994690404,5.63867928157117,4.55037704248804));
#2683=CARTESIAN_POINT('Ctrl Pts',(-1.54190447872174,5.60956636688651,4.55037781060334));
#2684=CARTESIAN_POINT('Ctrl Pts',(-1.46104734148249,5.51089153675603,4.55037797547033));
#2685=CARTESIAN_POINT('Ctrl Pts',(-1.44516646439546,5.43849686499594,4.55037606286329));
#2686=CARTESIAN_POINT('Ctrl Pts',(-1.44536543478207,5.40138786021774,4.55037482612219));
#2687=CARTESIAN_POINT('Ctrl Pts',(-1.69174468964756,5.65643486656729,4.54526600101332));
#2688=CARTESIAN_POINT('Ctrl Pts',(-1.63059393455858,5.65760245974777,4.54481804530671));
#2689=CARTESIAN_POINT('Ctrl Pts',(-1.53065514436521,5.62748573113955,4.54419181763516));
#2690=CARTESIAN_POINT('Ctrl Pts',(-1.44224305222227,5.51980323664099,4.54413683364551));
#2691=CARTESIAN_POINT('Ctrl Pts',(-1.42573634367182,5.44122291714198,4.54449610450506));
#2692=CARTESIAN_POINT('Ctrl Pts',(-1.4263291655042,5.40138786021774,4.54473601606044));
#2693=CARTESIAN_POINT('Ctrl Pts',(-1.69174468964756,5.67910424232743,4.52110218466259));
#2694=CARTESIAN_POINT('Ctrl Pts',(-1.62610606510589,5.68047093197883,4.51874343537534));
#2695=CARTESIAN_POINT('Ctrl Pts',(-1.51760454077955,5.64792980638339,4.51553145150115));
#2696=CARTESIAN_POINT('Ctrl Pts',(-1.42081434107547,5.5300583998493,4.51525472122257));
#2697=CARTESIAN_POINT('Ctrl Pts',(-1.40284880901307,5.44448026254402,4.51708404728048));
#2698=CARTESIAN_POINT('Ctrl Pts',(-1.4034852220205,5.40138786021774,4.51832553047229));
#2699=CARTESIAN_POINT('Ctrl Pts',(-1.69174468964756,5.68087014325438,4.49651108876966));
#2700=CARTESIAN_POINT('Ctrl Pts',(-1.62572926096092,5.68077105087343,4.49281137565274));
#2701=CARTESIAN_POINT('Ctrl Pts',(-1.51852579775634,5.6459708689403,4.48808855743148));
#2702=CARTESIAN_POINT('Ctrl Pts',(-1.42298413841308,5.52921185745937,4.48769643462243));
#2703=CARTESIAN_POINT('Ctrl Pts',(-1.40374717737674,5.4444946863533,4.49036884319764));
#2704=CARTESIAN_POINT('Ctrl Pts',(-1.4035464583669,5.40138786021774,4.49224831553033));
#2705=CARTESIAN_POINT('Ctrl Pts',(-1.69174468964756,5.67629931934944,4.48364112489888));
#2706=CARTESIAN_POINT('Ctrl Pts',(-1.62666115654846,5.67492584305222,4.47977385923953));
#2707=CARTESIAN_POINT('Ctrl Pts',(-1.52267278311499,5.63895103677396,4.47514961681362));
#2708=CARTESIAN_POINT('Ctrl Pts',(-1.43036593168609,5.52583436137361,4.47478131733293));
#2709=CARTESIAN_POINT('Ctrl Pts',(-1.41048220414468,5.44360727350746,4.47736504214416));
#2710=CARTESIAN_POINT('Ctrl Pts',(-1.40960145876089,5.40138786021774,4.47925501544345));
#2711=CARTESIAN_POINT('',(-1.45492202359512,5.40138786021774,4.55037482612219));
#2712=CARTESIAN_POINT('',(-1.40960145876088,5.40138786021774,4.47925501544345));
#2713=CARTESIAN_POINT('Origin',(-1.45492202359512,5.40138786021774,4.50037482612219));
#2714=CARTESIAN_POINT('Origin',(-1.73073500266367,5.36388389498229,4.50037482612219));
#2715=CARTESIAN_POINT('Origin',(-1.73073500266367,5.36388389498229,4.55037482612219));
#2716=CARTESIAN_POINT('Origin',(-1.45492202359512,4.22499994339645,4.50037482612219));
#2717=CARTESIAN_POINT('',(-1.45492202359512,0.0986117649216816,4.55037482612219));
#2718=CARTESIAN_POINT('',(-1.40960145876089,0.0986117649216811,4.47925501544345));
#2719=CARTESIAN_POINT('Origin',(-1.45492202359512,0.0986117649216816,4.50037482612219));
#2720=CARTESIAN_POINT('',(-1.40960145876088,4.22499994339645,4.47925501544345));
#2721=CARTESIAN_POINT('',(-1.45492202359512,4.22499994339645,4.55037482612219));
#2722=CARTESIAN_POINT('Ctrl Pts',(-1.45492202359512,0.0986117649216816,
4.55037482612219));
#2723=CARTESIAN_POINT('Ctrl Pts',(-1.45492202359512,0.0449984575925113,
4.55037482612219));
#2724=CARTESIAN_POINT('Ctrl Pts',(-1.48465097012488,-0.0400895038905357,
4.55037482612219));
#2725=CARTESIAN_POINT('Ctrl Pts',(-1.58254692992695,-0.114213816501579,
4.55037482612219));
#2726=CARTESIAN_POINT('Ctrl Pts',(-1.6545859176085,-0.129182985584505,4.55037482612219));
#2727=CARTESIAN_POINT('Ctrl Pts',(-1.69174464302474,-0.129182985584505,
4.55037482612219));
#2728=CARTESIAN_POINT('Ctrl Pts',(-1.44536543478207,0.0986117649216816,
4.55037482612219));
#2729=CARTESIAN_POINT('Ctrl Pts',(-1.44506697887367,0.0429482578860914,
4.55037668123588));
#2730=CARTESIAN_POINT('Ctrl Pts',(-1.47584796703443,-0.0463003766553216,
4.55037823261237));
#2731=CARTESIAN_POINT('Ctrl Pts',(-1.57856586826035,-0.123557974347747,
4.550376702213));
#2732=CARTESIAN_POINT('Ctrl Pts',(-1.65338116763123,-0.138549103356682,
4.5503763036997));
#2733=CARTESIAN_POINT('Ctrl Pts',(-1.69174464302474,-0.138288014330883,
4.55037482612219));
#2734=CARTESIAN_POINT('Ctrl Pts',(-1.426326564297,0.0986117649216816,4.5447370428033));
#2735=CARTESIAN_POINT('Ctrl Pts',(-1.4254373305697,0.038859180672694,4.54437717507414));
#2736=CARTESIAN_POINT('Ctrl Pts',(-1.45831254071601,-0.0586685841064754,
4.54402222306533));
#2737=CARTESIAN_POINT('Ctrl Pts',(-1.57063566515652,-0.14217542122579,4.54443465913319));
#2738=CARTESIAN_POINT('Ctrl Pts',(-1.65097747731187,-0.157215786329587,
4.54496837414458));
#2739=CARTESIAN_POINT('Ctrl Pts',(-1.69174464302474,-0.156437391069679,
4.54526701128083));
#2740=CARTESIAN_POINT('Ctrl Pts',(-1.40348102954935,0.0986117649216815,
4.5183258481731));
#2741=CARTESIAN_POINT('Ctrl Pts',(-1.40252640898752,0.0339731637712821,
4.51646362133573));
#2742=CARTESIAN_POINT('Ctrl Pts',(-1.43845561717375,-0.0726446646002287,
4.51466869348462));
#2743=CARTESIAN_POINT('Ctrl Pts',(-1.56115832147083,-0.163878870976396,
4.51675925458509));
#2744=CARTESIAN_POINT('Ctrl Pts',(-1.6479855640405,-0.180019215131939,4.51953021304584));
#2745=CARTESIAN_POINT('Ctrl Pts',(-1.69174464302474,-0.179108089255481,
4.52110271244353));
#2746=CARTESIAN_POINT('Ctrl Pts',(-1.4035464583669,0.0986117649216814,4.49224831553033));
#2747=CARTESIAN_POINT('Ctrl Pts',(-1.40384753721305,0.0339515280626905,
4.48942910392835));
#2748=CARTESIAN_POINT('Ctrl Pts',(-1.44069951946812,-0.0709460866679115,
4.48685661723634));
#2749=CARTESIAN_POINT('Ctrl Pts',(-1.56127869302802,-0.162666891051007,
4.48986864531026));
#2750=CARTESIAN_POINT('Ctrl Pts',(-1.64773436226603,-0.180804444549469,
4.49404459484081));
#2751=CARTESIAN_POINT('Ctrl Pts',(-1.69174464302474,-0.180870507001186,
4.49651106967762));
#2752=CARTESIAN_POINT('Ctrl Pts',(-1.40960145876089,0.0986117649216813,
4.47925501544345));
#2753=CARTESIAN_POINT('Ctrl Pts',(-1.41092257829066,0.0352826470040828,
4.47642005237425));
#2754=CARTESIAN_POINT('Ctrl Pts',(-1.44773279351251,-0.0659575358606425,
4.47398345064896));
#2755=CARTESIAN_POINT('Ctrl Pts',(-1.56386921600031,-0.155926982600246,
4.47685620210548));
#2756=CARTESIAN_POINT('Ctrl Pts',(-1.64835562689757,-0.175384024880951,
4.48106292880619));
#2757=CARTESIAN_POINT('Ctrl Pts',(-1.69174464302474,-0.17629967661546,4.48364110488949));
#2758=CARTESIAN_POINT('',(-1.69174464302474,-0.129182985584505,4.55037482612219));
#2759=CARTESIAN_POINT('',(-1.69174464302474,-0.176299676615461,4.48364110488949));
#2760=CARTESIAN_POINT('Origin',(-1.69174464302474,-0.129182985584505,4.50037482612219));
#2761=CARTESIAN_POINT('Origin',(-1.73073500266367,0.136115780659235,4.50037482612219));
#2762=CARTESIAN_POINT('Origin',(-1.73073500266367,0.136115780659235,4.55037482612219));
#2763=CARTESIAN_POINT('Origin',(-1.9323442305451,-0.129182985584506,4.50037482612219));
#2764=CARTESIAN_POINT('',(-1.9323442305451,-0.176299676615461,4.48364110488949));
#2765=CARTESIAN_POINT('',(-1.9323442305451,-0.129182985584506,4.55037482612219));
#2766=CARTESIAN_POINT('Origin',(-1.37645895617874,5.70000008493662,4.55037482612219));
#2767=CARTESIAN_POINT('',(-1.67251130301156,0.29898046843214,3.91508221942896));
#2768=CARTESIAN_POINT('',(-1.70624369158838,0.324688577554918,3.84269658459709));
#2769=CARTESIAN_POINT('',(-1.67251130301156,5.20101942651944,3.91508221942896));
#2770=CARTESIAN_POINT('',(-1.67251130301156,2.92757722576429,3.91508221942896));
#2771=CARTESIAN_POINT('',(-1.52251420760963,5.31533497507046,4.23695788349224));
#2772=CARTESIAN_POINT('Origin',(-1.97816708059379,0.324688577554918,3.96941544866953));
#2773=CARTESIAN_POINT('',(-1.94443469201697,0.0162803222464063,3.94139875610524));
#2774=CARTESIAN_POINT('',(-1.97816708059379,0.0419884313691848,3.86901312127337));
#2775=CARTESIAN_POINT('Origin',(-1.94443469201697,0.298980468432139,4.0418010835014));
#2776=CARTESIAN_POINT('Origin',(-1.37645895617874,-0.200000481224054,4.55037482612219));
#2777=CARTESIAN_POINT('',(-3.03202680947897,0.0162829640731921,3.94139131758426));
#2778=CARTESIAN_POINT('',(-3.1820262153345,-0.0980367999322212,4.26327841755886));
#2779=CARTESIAN_POINT('',(-2.99008774580543,0.0504325848362601,3.84523714434668));
#2780=CARTESIAN_POINT('Origin',(-4.95,0.333711704707522,3.04761570791337));
#2781=CARTESIAN_POINT('',(-1.98637765537483,0.0504325848362159,3.84523714434681));
#2782=CARTESIAN_POINT('',(-1.15522947808937,0.0504325848362601,3.84523714434668));
#2783=CARTESIAN_POINT('Origin',(-0.0264683882321108,0.333714311449067,3.04760836818096));
#2784=CARTESIAN_POINT('Origin',(-3.1820262153345,0.184663346253512,4.36368074495501));
#2785=CARTESIAN_POINT('',(-3.30395117486475,0.298983110258925,3.91507687612349));
#2786=CARTESIAN_POINT('',(-3.45395058072028,0.184663346253512,4.23696397609808));
#2787=CARTESIAN_POINT('Origin',(-3.03202680947897,0.298983110258925,4.04179364498042));
#2788=CARTESIAN_POINT('Origin',(-2.48822950491146,2.74999980185628,4.55037482612219));
#2789=CARTESIAN_POINT('Origin',(-0.584,-0.650000010430813,-1.15000001788139));
#2790=CARTESIAN_POINT('',(-0.584,-0.650000010430812,-1.20000001788139));
#2791=CARTESIAN_POINT('',(-0.584,-0.700000010430813,-1.15000001788139));
#2792=CARTESIAN_POINT('Origin',(-0.584,-0.650000010430813,-1.15000001788139));
#2793=CARTESIAN_POINT('',(-0.634,-0.650000010430813,-1.15000001788139));
#2794=CARTESIAN_POINT('Origin',(-0.584,-0.650000010430813,-1.15000001788139));
#2795=CARTESIAN_POINT('Origin',(-0.584,-0.650000010430813,-1.15000001788139));
#2796=CARTESIAN_POINT('Origin',(-0.584,6.1500000923872,-1.15000001788139));
#2797=CARTESIAN_POINT('',(-0.584,6.2000000923872,-1.15000001788139));
#2798=CARTESIAN_POINT('',(-0.584,6.1500000923872,-1.20000001788139));
#2799=CARTESIAN_POINT('Origin',(-0.584,6.1500000923872,-1.15000001788139));
#2800=CARTESIAN_POINT('',(-0.634,6.1500000923872,-1.15000001788139));
#2801=CARTESIAN_POINT('Origin',(-0.584,6.1500000923872,-1.15000001788139));
#2802=CARTESIAN_POINT('Origin',(-0.584,6.1500000923872,-1.15000001788139));
#2803=CARTESIAN_POINT('Ctrl Pts',(-0.714,6.3000000923872,2.00000002980232));
#2804=CARTESIAN_POINT('Ctrl Pts',(-0.713831281120485,6.29987927028804,2.00000002980232));
#2805=CARTESIAN_POINT('Ctrl Pts',(-0.713662640721705,6.29975850954322,1.99999996271504));
#2806=CARTESIAN_POINT('Ctrl Pts',(-0.69028385553551,6.28301557433308,1.99990810599162));
#2807=CARTESIAN_POINT('Ctrl Pts',(-0.654821496669515,6.25764605211076,1.99316843908271));
#2808=CARTESIAN_POINT('Ctrl Pts',(-0.604575860821421,6.22059518727949,1.9659206838935));
#2809=CARTESIAN_POINT('Ctrl Pts',(-0.584,6.20391874342602,1.93582406030634));
#2810=CARTESIAN_POINT('Ctrl Pts',(-0.584,6.20089296740508,1.91333336313566));
#2811=CARTESIAN_POINT('Ctrl Pts',(-0.714,6.3000000923872,2.00000002980232));
#2812=CARTESIAN_POINT('Ctrl Pts',(-0.713851515682989,6.29985695762077,1.99999847466876));
#2813=CARTESIAN_POINT('Ctrl Pts',(-0.713707399202825,6.299720614233,2.0000014314693));
#2814=CARTESIAN_POINT('Ctrl Pts',(-0.693225864763134,6.28001592799133,1.99983722270792));
#2815=CARTESIAN_POINT('Ctrl Pts',(-0.662535305200077,6.25081320074567,1.99089281077947));
#2816=CARTESIAN_POINT('Ctrl Pts',(-0.621648420195738,6.21288531934193,1.95717527021465));
#2817=CARTESIAN_POINT('Ctrl Pts',(-0.609232129221685,6.20250396357912,1.92814739738819));
#2818=CARTESIAN_POINT('Ctrl Pts',(-0.610179938779915,6.20089296740508,1.91333336313566));
#2819=CARTESIAN_POINT('Ctrl Pts',(-0.714,6.3000000923872,2.00000002980232));
#2820=CARTESIAN_POINT('Ctrl Pts',(-0.713872320329914,6.2998376612248,1.999998417813));
#2821=CARTESIAN_POINT('Ctrl Pts',(-0.713751566869953,6.2996794201324,2.00000148168092));
#2822=CARTESIAN_POINT('Ctrl Pts',(-0.696190370124069,6.2772614479985,1.99983936169349));
#2823=CARTESIAN_POINT('Ctrl Pts',(-0.670238038528943,6.24364682150883,1.99108329968527));
#2824=CARTESIAN_POINT('Ctrl Pts',(-0.638525329524743,6.19698080767562,1.95818956172706));
#2825=CARTESIAN_POINT('Ctrl Pts',(-0.632598302326521,6.18007839340445,1.9304422916361));
#2826=CARTESIAN_POINT('Ctrl Pts',(-0.634,6.17728558956087,1.91650937129833));
#2827=CARTESIAN_POINT('Ctrl Pts',(-0.714,6.3000000923872,2.00000002980232));
#2828=CARTESIAN_POINT('Ctrl Pts',(-0.713896172997227,6.29981885923846,2.00000002980232));
#2829=CARTESIAN_POINT('Ctrl Pts',(-0.713792394290281,6.29963771812122,1.9999999678756));
#2830=CARTESIAN_POINT('Ctrl Pts',(-0.699405449560308,6.27452331530612,1.99991517705395));
#2831=CARTESIAN_POINT('Ctrl Pts',(-0.677582459488931,6.23646903197255,1.99369394606113));
#2832=CARTESIAN_POINT('Ctrl Pts',(-0.646662068197796,6.18089273472565,1.96854217204032));
#2833=CARTESIAN_POINT('Ctrl Pts',(-0.634,6.15587806894543,1.94076067334449));
#2834=CARTESIAN_POINT('Ctrl Pts',(-0.634,6.15133940491401,1.92000002980232));
#2835=CARTESIAN_POINT('',(-0.634,6.15133940491401,1.92000002980232));
#2836=CARTESIAN_POINT('',(-0.584,6.20089296740508,1.91333336313566));
#2837=CARTESIAN_POINT('Origin',(-0.584,6.15133940491401,1.92000002980232));
#2838=CARTESIAN_POINT('',(-0.714,6.3000000923872,2.00000002980232));
#2839=CARTESIAN_POINT('Ctrl Pts',(-0.584,6.20089296740508,1.91333336313566));
#2840=CARTESIAN_POINT('Ctrl Pts',(-0.584,6.20391874342602,1.93582406030634));
#2841=CARTESIAN_POINT('Ctrl Pts',(-0.604575860821421,6.22059518727949,1.9659206838935));
#2842=CARTESIAN_POINT('Ctrl Pts',(-0.654821496669515,6.25764605211076,1.99316843908271));
#2843=CARTESIAN_POINT('Ctrl Pts',(-0.69028385553551,6.28301557433308,1.99990810599162));
#2844=CARTESIAN_POINT('Ctrl Pts',(-0.713662640721705,6.29975850954322,1.99999996271504));
#2845=CARTESIAN_POINT('Ctrl Pts',(-0.713831281120485,6.29987927028804,2.00000002980232));
#2846=CARTESIAN_POINT('Ctrl Pts',(-0.714,6.3000000923872,2.00000002980232));
#2847=CARTESIAN_POINT('Ctrl Pts',(-0.714,6.3000000923872,2.00000002980232));
#2848=CARTESIAN_POINT('Ctrl Pts',(-0.713896172997227,6.29981885923846,2.00000002980232));
#2849=CARTESIAN_POINT('Ctrl Pts',(-0.713792394290281,6.29963771812122,1.9999999678756));
#2850=CARTESIAN_POINT('Ctrl Pts',(-0.699405449560308,6.27452331530612,1.99991517705395));
#2851=CARTESIAN_POINT('Ctrl Pts',(-0.677582459488931,6.23646903197255,1.99369394606113));
#2852=CARTESIAN_POINT('Ctrl Pts',(-0.646662068197796,6.18089273472565,1.96854217204032));
#2853=CARTESIAN_POINT('Ctrl Pts',(-0.634,6.15587806894543,1.94076067334449));
#2854=CARTESIAN_POINT('Ctrl Pts',(-0.634,6.15133940491401,1.92000002980232));
#2855=CARTESIAN_POINT('Origin',(-0.584,6.3000000923872,1.90000002980232));
#2856=CARTESIAN_POINT('',(-0.634,6.1500000923872,1.90000002980232));
#2857=CARTESIAN_POINT('',(-0.584,6.2000000923872,1.90000002980232));
#2858=CARTESIAN_POINT('Origin',(-0.584,6.1500000923872,1.90000002980232));
#2859=CARTESIAN_POINT('Origin',(-0.584,6.3000000923872,1.90000002980232));
#2860=CARTESIAN_POINT('Origin',(-0.634,6.3000000923872,1.90000002980232));
#2861=CARTESIAN_POINT('Origin',(-0.584,6.1500000923872,1.12500001676381));
#2862=CARTESIAN_POINT('',(-0.584,6.2000000923872,1.12500001676381));
#2863=CARTESIAN_POINT('',(-0.634,6.1500000923872,1.12500001676381));
#2864=CARTESIAN_POINT('Origin',(-0.584,4.4750000666827,-1.15000001788139));
#2865=CARTESIAN_POINT('',(-0.634,4.4750000666827,-1.15000001788139));
#2866=CARTESIAN_POINT('',(-0.584,4.4750000666827,-1.20000001788139));
#2867=CARTESIAN_POINT('Origin',(-0.634,6.1500000923872,-1.15000001788139));
#2868=CARTESIAN_POINT('',(0.975,6.1500000923872,-1.20000001788139));
#2869=CARTESIAN_POINT('',(0.975,6.2000000923872,-1.15000001788139));
#2870=CARTESIAN_POINT('Origin',(0.975,6.1500000923872,-1.15000001788139));
#2871=CARTESIAN_POINT('',(-0.634,6.2000000923872,-1.15000001788139));
#2872=CARTESIAN_POINT('',(-0.634,6.1500000923872,-1.20000001788139));
#2873=CARTESIAN_POINT('Ctrl Pts',(1.025,6.2500000923872,-1.25000001788139));
#2874=CARTESIAN_POINT('Ctrl Pts',(1.025,6.22756014486156,-1.23878004411857));
#2875=CARTESIAN_POINT('Ctrl Pts',(1.01844407711421,6.19029631612677,-1.22014812975118));
#2876=CARTESIAN_POINT('Ctrl Pts',(0.997413554947424,6.15684257928641,-1.203421261331));
#2877=CARTESIAN_POINT('Ctrl Pts',(0.982479982508547,6.1500000923872,-1.20000001788139));
#2878=CARTESIAN_POINT('Ctrl Pts',(0.975,6.1500000923872,-1.20000001788139));
#2879=CARTESIAN_POINT('Ctrl Pts',(1.025,6.2500000923872,-1.25000001788139));
#2880=CARTESIAN_POINT('Ctrl Pts',(1.025,6.2294301404887,-1.23691004849144));
#2881=CARTESIAN_POINT('Ctrl Pts',(1.01582233691693,6.19525816752378,-1.21523231875151));
#2882=CARTESIAN_POINT('Ctrl Pts',(0.992016890950423,6.16762222077184,-1.20121543159112));
#2883=CARTESIAN_POINT('Ctrl Pts',(0.980502383140855,6.16309006177716,-1.20000001788139));
#2884=CARTESIAN_POINT('Ctrl Pts',(0.975,6.16309006177716,-1.20000001788139));
#2885=CARTESIAN_POINT('Ctrl Pts',(1.025,6.2500000923872,-1.25000001788139));
#2886=CARTESIAN_POINT('Ctrl Pts',(1.025,6.23317013174297,-1.23317005723716));
#2887=CARTESIAN_POINT('Ctrl Pts',(1.01325330244066,6.20525386802247,-1.20525379351666));
#2888=CARTESIAN_POINT('Ctrl Pts',(0.98602660884486,6.18916034755025,-1.18916027304445));
#2889=CARTESIAN_POINT('Ctrl Pts',(0.978257582315055,6.18915375307797,-1.18915367857216));
#2890=CARTESIAN_POINT('Ctrl Pts',(0.975,6.18915375307797,-1.18915367857216));
#2891=CARTESIAN_POINT('Ctrl Pts',(1.025,6.2500000923872,-1.25000001788139));
#2892=CARTESIAN_POINT('Ctrl Pts',(1.025,6.23691012299724,-1.22943006598289));
#2893=CARTESIAN_POINT('Ctrl Pts',(1.01582233691693,6.21523239325732,-1.19525809301797));
#2894=CARTESIAN_POINT('Ctrl Pts',(0.992016890950423,6.20121550609692,-1.16762214626604));
#2895=CARTESIAN_POINT('Ctrl Pts',(0.980502383140855,6.2000000923872,-1.16308998727135));
#2896=CARTESIAN_POINT('Ctrl Pts',(0.975,6.2000000923872,-1.16308998727135));
#2897=CARTESIAN_POINT('Ctrl Pts',(1.025,6.2500000923872,-1.25000001788139));
#2898=CARTESIAN_POINT('Ctrl Pts',(1.025,6.23878011862438,-1.22756007035575));
#2899=CARTESIAN_POINT('Ctrl Pts',(1.01844407711421,6.22014820425699,-1.19029624162096));
#2900=CARTESIAN_POINT('Ctrl Pts',(0.997413554947424,6.20342133583681,-1.15684250478061));
#2901=CARTESIAN_POINT('Ctrl Pts',(0.982479982508547,6.2000000923872,-1.15000001788139));
#2902=CARTESIAN_POINT('Ctrl Pts',(0.975,6.2000000923872,-1.15000001788139));
#2903=CARTESIAN_POINT('',(1.025,6.2500000923872,-1.25000001788139));
#2904=CARTESIAN_POINT('Origin',(0.975,6.2500000923872,-1.25000001788139));
#2905=CARTESIAN_POINT('Origin',(0.975,6.2500000923872,-1.25000001788139));
#2906=CARTESIAN_POINT('Ctrl Pts',(-0.714,-0.800000010430812,2.00000002980232));
#2907=CARTESIAN_POINT('Ctrl Pts',(-0.713906089609614,-0.799836087026691,
2.00000002980232));
#2908=CARTESIAN_POINT('Ctrl Pts',(-0.713811965828998,-0.799671850497921,
1.99999995036661));
#2909=CARTESIAN_POINT('Ctrl Pts',(-0.692328092916691,-0.762151554946841,
1.99989573912558));
#2910=CARTESIAN_POINT('Ctrl Pts',(-0.662841594955102,-0.710924194759704,
1.98884996581531));
#2911=CARTESIAN_POINT('Ctrl Pts',(-0.638187802438712,-0.664184651039962,
1.95076572981188));
#2912=CARTESIAN_POINT('Ctrl Pts',(-0.634,-0.653613948325515,1.9304045642926));
#2913=CARTESIAN_POINT('Ctrl Pts',(-0.634,-0.651339322957627,1.92000002980232));
#2914=CARTESIAN_POINT('Ctrl Pts',(-0.714,-0.800000010430812,2.00000002980232));
#2915=CARTESIAN_POINT('Ctrl Pts',(-0.713886106388462,-0.799854031259771,
2.00000851987276));
#2916=CARTESIAN_POINT('Ctrl Pts',(-0.713773265336551,-0.799708534079569,
1.99999129768551));
#2917=CARTESIAN_POINT('Ctrl Pts',(-0.687765391399543,-0.766361929328578,
2.00045244838396));
#2918=CARTESIAN_POINT('Ctrl Pts',(-0.65241334318194,-0.720733656605919,
1.98206247669676));
#2919=CARTESIAN_POINT('Ctrl Pts',(-0.634275095869959,-0.685478787126808,
1.93995373196746));
#2920=CARTESIAN_POINT('Ctrl Pts',(-0.633595831197523,-0.678904159878183,
1.92392807440913));
#2921=CARTESIAN_POINT('Ctrl Pts',(-0.634,-0.677285507604481,1.91650937129833));
#2922=CARTESIAN_POINT('Ctrl Pts',(-0.714,-0.800000010430812,2.00000002980232));
#2923=CARTESIAN_POINT('Ctrl Pts',(-0.713866293620744,-0.799872408971096,
2.00000834371534));
#2924=CARTESIAN_POINT('Ctrl Pts',(-0.71373422894144,-0.799744923608428,
1.99999147851974));
#2925=CARTESIAN_POINT('Ctrl Pts',(-0.683280704992109,-0.77053827336331,
2.00043565101778));
#2926=CARTESIAN_POINT('Ctrl Pts',(-0.641479013773226,-0.730853510467832,
1.98182763477425));
#2927=CARTESIAN_POINT('Ctrl Pts',(-0.613118529147996,-0.705672735135081,
1.93815750107626));
#2928=CARTESIAN_POINT('Ctrl Pts',(-0.609926210366621,-0.70200035225646,
1.92118195420419));
#2929=CARTESIAN_POINT('Ctrl Pts',(-0.610179938779915,-0.700892885448689,
1.91333336313566));
#2930=CARTESIAN_POINT('Ctrl Pts',(-0.714,-0.800000010430812,2.00000002980232));
#2931=CARTESIAN_POINT('Ctrl Pts',(-0.713847395615664,-0.799890728161442,
2.00000002980232));
#2932=CARTESIAN_POINT('Ctrl Pts',(-0.713694444472121,-0.799781237142218,
1.99999994374697));
#2933=CARTESIAN_POINT('Ctrl Pts',(-0.678783150989608,-0.774767706774796,
1.99988704823584));
#2934=CARTESIAN_POINT('Ctrl Pts',(-0.630867591802042,-0.740616133316741,
1.98792079381638));
#2935=CARTESIAN_POINT('Ctrl Pts',(-0.590805178962903,-0.709456437503571,
1.94666287147934));
#2936=CARTESIAN_POINT('Ctrl Pts',(-0.584,-0.702409302360611,1.92460494216677));
#2937=CARTESIAN_POINT('Ctrl Pts',(-0.584,-0.700892885448689,1.91333336313566));
#2938=CARTESIAN_POINT('',(-0.584,-0.700892885448689,1.91333336313566));
#2939=CARTESIAN_POINT('',(-0.634,-0.651339322957627,1.92000002980232));
#2940=CARTESIAN_POINT('Origin',(-0.584,-0.651339322957628,1.92000002980232));
#2941=CARTESIAN_POINT('',(-0.714,-0.800000010430812,2.00000002980232));
#2942=CARTESIAN_POINT('Ctrl Pts',(-0.634,-0.651339322957627,1.92000002980232));
#2943=CARTESIAN_POINT('Ctrl Pts',(-0.634,-0.653613948325515,1.9304045642926));
#2944=CARTESIAN_POINT('Ctrl Pts',(-0.638187802438712,-0.664184651039962,
1.95076572981188));
#2945=CARTESIAN_POINT('Ctrl Pts',(-0.662841594955102,-0.710924194759704,
1.98884996581531));
#2946=CARTESIAN_POINT('Ctrl Pts',(-0.692328092916691,-0.762151554946841,
1.99989573912558));
#2947=CARTESIAN_POINT('Ctrl Pts',(-0.713811965828998,-0.799671850497921,
1.99999995036661));
#2948=CARTESIAN_POINT('Ctrl Pts',(-0.713906089609614,-0.799836087026691,
2.00000002980232));
#2949=CARTESIAN_POINT('Ctrl Pts',(-0.714,-0.800000010430812,2.00000002980232));
#2950=CARTESIAN_POINT('Ctrl Pts',(-0.714,-0.800000010430812,2.00000002980232));
#2951=CARTESIAN_POINT('Ctrl Pts',(-0.713847395615664,-0.799890728161442,
2.00000002980232));
#2952=CARTESIAN_POINT('Ctrl Pts',(-0.713694444472121,-0.799781237142218,
1.99999994374697));
#2953=CARTESIAN_POINT('Ctrl Pts',(-0.678783150989608,-0.774767706774796,
1.99988704823584));
#2954=CARTESIAN_POINT('Ctrl Pts',(-0.630867591802042,-0.740616133316741,
1.98792079381638));
#2955=CARTESIAN_POINT('Ctrl Pts',(-0.590805178962903,-0.709456437503571,
1.94666287147934));
#2956=CARTESIAN_POINT('Ctrl Pts',(-0.584,-0.702409302360611,1.92460494216677));
#2957=CARTESIAN_POINT('Ctrl Pts',(-0.584,-0.700892885448689,1.91333336313566));
#2958=CARTESIAN_POINT('Origin',(-0.584,-0.800000010430812,1.90000002980232));
#2959=CARTESIAN_POINT('',(-0.584,-0.700000010430813,1.90000002980232));
#2960=CARTESIAN_POINT('',(-0.634,-0.650000010430812,1.90000002980232));
#2961=CARTESIAN_POINT('Origin',(-0.584,-0.650000010430812,1.90000002980232));
#2962=CARTESIAN_POINT('Origin',(-0.634,-0.800000010430812,1.90000002980232));
#2963=CARTESIAN_POINT('Origin',(-0.584,-0.800000010430812,1.90000002980232));
#2964=CARTESIAN_POINT('Origin',(-0.584,-0.650000010430813,-0.475000007078052));
#2965=CARTESIAN_POINT('',(-0.634,-0.650000010430813,-0.475000007078052));
#2966=CARTESIAN_POINT('',(-0.584,-0.700000010430813,-0.475000007078052));
#2967=CARTESIAN_POINT('Origin',(-0.634,-0.650000010430813,-1.15000001788139));
#2968=CARTESIAN_POINT('',(0.975,-0.700000010430813,-1.15000001788139));
#2969=CARTESIAN_POINT('',(0.975,-0.650000010430812,-1.20000001788139));
#2970=CARTESIAN_POINT('Origin',(0.975,-0.650000010430813,-1.15000001788139));
#2971=CARTESIAN_POINT('',(-0.634,-0.650000010430813,-1.20000001788139));
#2972=CARTESIAN_POINT('',(-0.634,-0.700000010430813,-1.15000001788139));
#2973=CARTESIAN_POINT('Ctrl Pts',(1.025,-0.750000010430813,-1.25000001788139));
#2974=CARTESIAN_POINT('Ctrl Pts',(1.025,-0.738780036667992,-1.22756007035575));
#2975=CARTESIAN_POINT('Ctrl Pts',(1.01845104124744,-0.720145422985884,-1.19029084299154));
#2976=CARTESIAN_POINT('Ctrl Pts',(0.997416270737481,-0.703419246538925,
-1.15683849009762));
#2977=CARTESIAN_POINT('Ctrl Pts',(0.982479982508547,-0.700000010430813,
-1.15000001788139));
#2978=CARTESIAN_POINT('Ctrl Pts',(0.975,-0.700000010430813,-1.15000001788139));
#2979=CARTESIAN_POINT('Ctrl Pts',(1.025,-0.750000010430813,-1.25000001788139));
#2980=CARTESIAN_POINT('Ctrl Pts',(1.025,-0.736910041040855,-1.22943006598289));
#2981=CARTESIAN_POINT('Ctrl Pts',(1.01583700778951,-0.715250166795123,-1.19526308146535));
#2982=CARTESIAN_POINT('Ctrl Pts',(0.992017950603142,-0.701230781979391,
-1.16762804655923));
#2983=CARTESIAN_POINT('Ctrl Pts',(0.980502383140855,-0.700000010430813,
-1.16308998727135));
#2984=CARTESIAN_POINT('Ctrl Pts',(0.975,-0.700000010430813,-1.16308998727135));
#2985=CARTESIAN_POINT('Ctrl Pts',(1.025,-0.750000010430813,-1.25000001788139));
#2986=CARTESIAN_POINT('Ctrl Pts',(1.025,-0.733170049786582,-1.23317005723716));
#2987=CARTESIAN_POINT('Ctrl Pts',(1.01326146596657,-0.705265383063098,-1.20526539051368));
#2988=CARTESIAN_POINT('Ctrl Pts',(0.985994568314701,-0.689181807739524,
-1.1891818151901));
#2989=CARTESIAN_POINT('Ctrl Pts',(0.978257582315055,-0.68916439997116,-1.18916440742174));
#2990=CARTESIAN_POINT('Ctrl Pts',(0.975,-0.68916439997116,-1.18916440742174));
#2991=CARTESIAN_POINT('Ctrl Pts',(1.025,-0.750000010430813,-1.25000001788139));
#2992=CARTESIAN_POINT('Ctrl Pts',(1.025,-0.729430058532308,-1.23691004849144));
#2993=CARTESIAN_POINT('Ctrl Pts',(1.01583700778951,-0.695263074014769,-1.2152501742457));
#2994=CARTESIAN_POINT('Ctrl Pts',(0.992017950603142,-0.667628039108653,
-1.20123078942997));
#2995=CARTESIAN_POINT('Ctrl Pts',(0.980502383140855,-0.66308997982077,-1.20000001788139));
#2996=CARTESIAN_POINT('Ctrl Pts',(0.975,-0.66308997982077,-1.20000001788139));
#2997=CARTESIAN_POINT('Ctrl Pts',(1.025,-0.750000010430813,-1.25000001788139));
#2998=CARTESIAN_POINT('Ctrl Pts',(1.025,-0.727560062905171,-1.23878004411857));
#2999=CARTESIAN_POINT('Ctrl Pts',(1.01845104124744,-0.690290835540956,-1.22014543043646));
#3000=CARTESIAN_POINT('Ctrl Pts',(0.997416270737481,-0.656838482647037,
-1.20341925398951));
#3001=CARTESIAN_POINT('Ctrl Pts',(0.982479982508547,-0.650000010430813,
-1.20000001788139));
#3002=CARTESIAN_POINT('Ctrl Pts',(0.975,-0.650000010430813,-1.20000001788139));
#3003=CARTESIAN_POINT('',(1.025,-0.750000010430813,-1.25000001788139));
#3004=CARTESIAN_POINT('Origin',(0.975,-0.750000010430813,-1.25000001788139));
#3005=CARTESIAN_POINT('Origin',(0.975,-0.750000010430813,-1.25000001788139));
#3006=CARTESIAN_POINT('Origin',(0.975,6.2500000923872,1.12500001676381));
#3007=CARTESIAN_POINT('',(1.025,6.2500000923872,1.90000002980232));
#3008=CARTESIAN_POINT('',(1.025,6.2500000923872,1.12500001676381));
#3009=CARTESIAN_POINT('',(0.975,6.2000000923872,1.90000002980232));
#3010=CARTESIAN_POINT('Origin',(0.975,6.2500000923872,1.90000002980232));
#3011=CARTESIAN_POINT('',(0.975,6.2000000923872,1.12500001676381));
#3012=CARTESIAN_POINT('Origin',(-0.634,6.2000000923872,-1.20000001788139));
#3013=CARTESIAN_POINT('',(0.975,4.4750000666827,-1.20000001788139));
#3014=CARTESIAN_POINT('Origin',(0.975,4.4750000666827,-1.25000001788139));
#3015=CARTESIAN_POINT('',(1.025,4.4750000666827,-1.25000001788139));
#3016=CARTESIAN_POINT('Origin',(0.975,-0.750000010430813,-0.475000007078052));
#3017=CARTESIAN_POINT('',(0.975,-0.700000010430812,1.90000002980232));
#3018=CARTESIAN_POINT('',(0.975,-0.700000010430813,-0.475000007078052));
#3019=CARTESIAN_POINT('',(1.025,-0.750000010430813,1.90000002980232));
#3020=CARTESIAN_POINT('Origin',(0.975,-0.750000010430812,1.90000002980232));
#3021=CARTESIAN_POINT('',(1.025,-0.750000010430813,-0.475000007078052));
#3022=CARTESIAN_POINT('Origin',(-0.634,-0.700000010430813,-1.20000001788139));
#3023=CARTESIAN_POINT('',(-0.634,-0.700000010430813,1.90000002980232));
#3024=CARTESIAN_POINT('Origin',(-0.634,-0.800000010430812,1.90000002980232));
#3025=CARTESIAN_POINT('',(0.975,-0.800000010430812,2.00000002980232));
#3026=CARTESIAN_POINT('',(-0.634,-0.800000010430812,2.00000002980232));
#3027=CARTESIAN_POINT('Origin',(0.975,-0.800000010430812,1.90000002980232));
#3028=CARTESIAN_POINT('Origin',(0.975,-0.850000014901161,-1.35000002235174));
#3029=CARTESIAN_POINT('',(0.975,-0.850000014901161,-1.50000002235174));
#3030=CARTESIAN_POINT('',(1.025,-0.850000014901161,-1.45000002235174));
#3031=CARTESIAN_POINT('Origin',(0.975,-0.850000014901161,-1.45000002235174));
#3032=CARTESIAN_POINT('',(1.025,-0.950000014901161,-1.35000002235174));
#3033=CARTESIAN_POINT('Origin',(1.025,-0.850000014901161,-1.35000002235174));
#3034=CARTESIAN_POINT('',(0.975,-1.00000001490116,-1.35000002235174));
#3035=CARTESIAN_POINT('Origin',(0.975,-0.950000014901161,-1.35000002235174));
#3036=CARTESIAN_POINT('Origin',(0.975,-0.850000014901161,-1.35000002235174));
#3037=CARTESIAN_POINT('Ctrl Pts',(-0.934,-0.920000014901161,-1.35000002235174));
#3038=CARTESIAN_POINT('Ctrl Pts',(-0.934,-0.920000014901161,-1.42000002235174));
#3039=CARTESIAN_POINT('Ctrl Pts',(-0.934,-0.850000014901161,-1.42000002235174));
#3040=CARTESIAN_POINT('Ctrl Pts',(-0.934,-1.00000001490116,-1.35000002235174));
#3041=CARTESIAN_POINT('Ctrl Pts',(-0.934,-1.00000001490116,-1.50000002235174));
#3042=CARTESIAN_POINT('Ctrl Pts',(-0.934,-0.850000014901161,-1.50000002235174));
#3043=CARTESIAN_POINT('Ctrl Pts',(-0.854,-1.00000001490116,-1.35000002235174));
#3044=CARTESIAN_POINT('Ctrl Pts',(-0.854,-1.00000001490116,-1.50000002235174));
#3045=CARTESIAN_POINT('Ctrl Pts',(-0.854,-0.850000014901161,-1.50000002235174));
#3046=CARTESIAN_POINT('',(-0.934,-0.850000014901161,-1.42000002235174));
#3047=CARTESIAN_POINT('',(-0.854,-0.850000014901161,-1.50000002235174));
#3048=CARTESIAN_POINT('Origin',(-0.854,-0.850000014901161,-1.42000002235174));
#3049=CARTESIAN_POINT('',(-0.854,-1.00000001490116,-1.35000002235174));
#3050=CARTESIAN_POINT('Origin',(-0.854,-0.850000014901161,-1.35000002235174));
#3051=CARTESIAN_POINT('',(-0.934,-0.920000014901161,-1.35000002235174));
#3052=CARTESIAN_POINT('Origin',(-0.854,-0.920000014901161,-1.35000002235174));
#3053=CARTESIAN_POINT('Origin',(-0.934,-0.850000014901161,-1.35000002235174));
#3054=CARTESIAN_POINT('Origin',(-0.634,-0.850000014901161,-1.35000002235174));
#3055=CARTESIAN_POINT('',(-0.634,-0.850000014901161,-1.50000002235174));
#3056=CARTESIAN_POINT('',(-0.634,-1.00000001490116,-1.35000002235174));
#3057=CARTESIAN_POINT('Origin',(0.975,0.875000013038516,-1.45000002235174));
#3058=CARTESIAN_POINT('',(0.975,6.35000009685755,-1.50000002235174));
#3059=CARTESIAN_POINT('',(0.975,0.875000013038516,-1.50000002235174));
#3060=CARTESIAN_POINT('',(1.025,6.35000009685755,-1.45000002235174));
#3061=CARTESIAN_POINT('Origin',(0.975,6.35000009685755,-1.45000002235174));
#3062=CARTESIAN_POINT('',(1.025,0.875000013038516,-1.45000002235174));
#3063=CARTESIAN_POINT('Origin',(-0.634,-1.00000001490116,-1.50000002235174));
#3064=CARTESIAN_POINT('',(-0.854,6.35000009685755,-1.50000002235174));
#3065=CARTESIAN_POINT('',(-0.854,0.875000013038516,-1.50000002235174));
#3066=CARTESIAN_POINT('',(-0.634,6.35000009685755,-1.50000002235174));
#3067=CARTESIAN_POINT('Origin',(-0.854,0.875000013038516,-1.42000002235174));
#3068=CARTESIAN_POINT('',(-0.934,6.35000009685755,-1.42000002235174));
#3069=CARTESIAN_POINT('',(-0.934,0.875000013038516,-1.42000002235174));
#3070=CARTESIAN_POINT('Origin',(-0.854,6.35000009685755,-1.42000002235174));
#3071=CARTESIAN_POINT('Origin',(-0.934,2.75000004097819,0.25000000372529));
#3072=CARTESIAN_POINT('',(-0.934,-0.920000014901161,1.92000002980232));
#3073=CARTESIAN_POINT('',(-0.934,-0.920000014901161,1.12500001676381));
#3074=CARTESIAN_POINT('',(-0.934,0.0392720321321631,1.92000002980232));
#3075=CARTESIAN_POINT('',(-0.934,4.62500006891787,1.92000002980232));
#3076=CARTESIAN_POINT('',(-0.934,-0.428845633408043,1.77933332371398));
#3077=CARTESIAN_POINT('Ctrl Pts',(-0.934,0.0392720321321637,1.92000002980232));
#3078=CARTESIAN_POINT('Ctrl Pts',(-0.934,-0.0241229765431425,1.92000002980232));
#3079=CARTESIAN_POINT('Ctrl Pts',(-0.934,-0.0883375534423773,1.91347344887673));
#3080=CARTESIAN_POINT('Ctrl Pts',(-0.934,-0.20393640097066,1.88867277144167));
#3081=CARTESIAN_POINT('Ctrl Pts',(-0.934,-0.256477419737079,1.87201093602529));
#3082=CARTESIAN_POINT('Ctrl Pts',(-0.934,-0.34936406185135,1.83040433125422));
#3083=CARTESIAN_POINT('Ctrl Pts',(-0.934,-0.389378848290171,1.8075133384475));
#3084=CARTESIAN_POINT('Ctrl Pts',(-0.934,-0.428133517464302,1.77984322800553));
#3085=CARTESIAN_POINT('Ctrl Pts',(-0.934,-0.428489690671717,1.77958843774121));
#3086=CARTESIAN_POINT('Ctrl Pts',(-0.934,-0.428845633408043,1.77933332371398));
#3087=CARTESIAN_POINT('',(-0.934,-0.428845633408043,0.265274035909818));
#3088=CARTESIAN_POINT('',(-0.934,-0.428845633408043,0.549637019817554));
#3089=CARTESIAN_POINT('',(-0.934,3.38196078018277,0.265274035909818));
#3090=CARTESIAN_POINT('',(-0.934,4.04742287817131,0.265274035909818));
#3091=CARTESIAN_POINT('',(-0.934,3.6507010133819,0.265274035909818));
#3092=CARTESIAN_POINT('Origin',(-0.934,3.51633089678234,0.39274900570808));
#3093=CARTESIAN_POINT('',(-0.934,5.4822188048487,0.265274035909818));
#3094=CARTESIAN_POINT('',(-0.934,4.04742287817131,0.265274035909818));
#3095=CARTESIAN_POINT('',(-0.934,5.75026811338524,0.265274035909818));
#3096=CARTESIAN_POINT('Origin',(-0.934,5.61624345911697,0.393112168751003));
#3097=CARTESIAN_POINT('',(-0.934,5.92884571536443,0.265274035909818));
#3098=CARTESIAN_POINT('',(-0.934,4.04742287817131,0.265274035909818));
#3099=CARTESIAN_POINT('',(-0.934,5.92884571536443,1.77933332371398));
#3100=CARTESIAN_POINT('',(-0.934,5.92884571536443,1.00018741492374));
#3101=CARTESIAN_POINT('',(-0.934,5.46072804982422,1.92000002980232));
#3102=CARTESIAN_POINT('Ctrl Pts',(-0.934,5.92884571536443,1.77933332371398));
#3103=CARTESIAN_POINT('Ctrl Pts',(-0.934,5.92848975591316,1.77958844972127));
#3104=CARTESIAN_POINT('Ctrl Pts',(-0.934,5.928133566014,1.77984325190325));
#3105=CARTESIAN_POINT('Ctrl Pts',(-0.934,5.88225435387573,1.81260014713202));
#3106=CARTESIAN_POINT('Ctrl Pts',(-0.934,5.820529569504,1.84870615011363));
#3107=CARTESIAN_POINT('Ctrl Pts',(-0.934,5.64914721239642,1.90595536449917));
#3108=CARTESIAN_POINT('Ctrl Pts',(-0.934,5.5537248271505,1.92000002980232));
#3109=CARTESIAN_POINT('Ctrl Pts',(-0.934,5.46072804982422,1.92000002980232));
#3110=CARTESIAN_POINT('',(-0.934,6.42000009685755,1.92000002980232));
#3111=CARTESIAN_POINT('',(-0.934,4.62500006891787,1.92000002980232));
#3112=CARTESIAN_POINT('',(-0.934,6.42000009685755,-1.35000002235174));
#3113=CARTESIAN_POINT('',(-0.934,6.42000009685755,-0.625000009313226));
#3114=CARTESIAN_POINT('Origin',(-0.934,6.35000009685755,-1.35000002235174));
#3115=CARTESIAN_POINT('',(-0.934,3.33111427722553,-0.857103853476195));
#3116=CARTESIAN_POINT('Origin',(-0.934,3.51633089678234,-0.857103853476195));
#3117=CARTESIAN_POINT('',(-0.934,5.43136686688389,-0.857103853476195));
#3118=CARTESIAN_POINT('Origin',(-0.934,5.61658348644069,-0.857103853476195));
#3119=CARTESIAN_POINT('Origin',(0.975,6.35000009685755,-1.35000002235174));
#3120=CARTESIAN_POINT('',(0.975,6.50000009685755,-1.35000002235174));
#3121=CARTESIAN_POINT('',(1.025,6.45000009685755,-1.35000002235174));
#3122=CARTESIAN_POINT('Origin',(0.975,6.45000009685755,-1.35000002235174));
#3123=CARTESIAN_POINT('Origin',(1.025,6.35000009685755,-1.35000002235174));
#3124=CARTESIAN_POINT('Origin',(0.975,6.35000009685755,-1.35000002235174));
#3125=CARTESIAN_POINT('Ctrl Pts',(-0.934,6.35000009685755,-1.42000002235174));
#3126=CARTESIAN_POINT('Ctrl Pts',(-0.934,6.42000009685755,-1.42000002235174));
#3127=CARTESIAN_POINT('Ctrl Pts',(-0.934,6.42000009685755,-1.35000002235174));
#3128=CARTESIAN_POINT('Ctrl Pts',(-0.934,6.35000009685755,-1.50000002235174));
#3129=CARTESIAN_POINT('Ctrl Pts',(-0.934,6.50000009685755,-1.50000002235174));
#3130=CARTESIAN_POINT('Ctrl Pts',(-0.934,6.50000009685755,-1.35000002235174));
#3131=CARTESIAN_POINT('Ctrl Pts',(-0.854,6.35000009685755,-1.50000002235174));
#3132=CARTESIAN_POINT('Ctrl Pts',(-0.854,6.50000009685755,-1.50000002235174));
#3133=CARTESIAN_POINT('Ctrl Pts',(-0.854,6.50000009685755,-1.35000002235174));
#3134=CARTESIAN_POINT('',(-0.854,6.50000009685755,-1.35000002235174));
#3135=CARTESIAN_POINT('Origin',(-0.854,6.42000009685755,-1.35000002235174));
#3136=CARTESIAN_POINT('Origin',(-0.854,6.35000009685755,-1.35000002235174));
#3137=CARTESIAN_POINT('Origin',(-0.634,6.35000009685755,-1.35000002235174));
#3138=CARTESIAN_POINT('',(-0.634,6.50000009685755,-1.35000002235174));
#3139=CARTESIAN_POINT('Origin',(0.975,6.45000009685755,-0.625000009313226));
#3140=CARTESIAN_POINT('',(0.975,6.50000009685755,1.90000002980232));
#3141=CARTESIAN_POINT('',(0.975,6.50000009685755,-0.625000009313226));
#3142=CARTESIAN_POINT('',(1.025,6.45000009685755,1.90000002980232));
#3143=CARTESIAN_POINT('Origin',(0.975,6.45000009685755,1.90000002980232));
#3144=CARTESIAN_POINT('',(1.025,6.45000009685755,-0.625000009313226));
#3145=CARTESIAN_POINT('Origin',(-0.634,6.50000009685755,-1.50000002235174));
#3146=CARTESIAN_POINT('',(-0.854,6.50000009685755,1.90000002980232));
#3147=CARTESIAN_POINT('',(-0.854,6.50000009685755,-0.625000009313226));
#3148=CARTESIAN_POINT('',(-0.634,6.50000009685755,1.90000002980232));
#3149=CARTESIAN_POINT('Origin',(-0.854,6.42000009685755,-0.625000009313226));
#3150=CARTESIAN_POINT('',(-0.871865709850242,6.49797968656888,1.92000002980232));
#3151=CARTESIAN_POINT('Origin',(-0.854,6.42000009685755,1.92000002980232));
#3152=CARTESIAN_POINT('Ctrl Pts',(-0.854,6.50000009685755,1.90000002980232));
#3153=CARTESIAN_POINT('Ctrl Pts',(-0.859765764898097,6.50000009685755,1.90644635092954));
#3154=CARTESIAN_POINT('Ctrl Pts',(-0.865810971755616,6.49936687255457,1.91320423411574));
#3155=CARTESIAN_POINT('Ctrl Pts',(-0.871865709850242,6.49797968656888,1.92000002980232));
#3156=CARTESIAN_POINT('Ctrl Pts',(0.975,-0.900000014901161,2.00000002980232));
#3157=CARTESIAN_POINT('Ctrl Pts',(0.975,-1.00000001490116,2.00000002980232));
#3158=CARTESIAN_POINT('Ctrl Pts',(0.975,-1.00000001490116,1.90000002980232));
#3159=CARTESIAN_POINT('Ctrl Pts',(1.025,-0.900000014901161,2.00000002980232));
#3160=CARTESIAN_POINT('Ctrl Pts',(1.025,-1.00000001490116,2.00000002980232));
#3161=CARTESIAN_POINT('Ctrl Pts',(1.025,-1.00000001490116,1.90000002980232));
#3162=CARTESIAN_POINT('Ctrl Pts',(1.025,-0.900000014901161,1.95000002980232));
#3163=CARTESIAN_POINT('Ctrl Pts',(1.025,-0.950000014901161,1.95000002980232));
#3164=CARTESIAN_POINT('Ctrl Pts',(1.025,-0.950000014901161,1.90000002980232));
#3165=CARTESIAN_POINT('',(0.975,-1.00000001490116,1.90000002980232));
#3166=CARTESIAN_POINT('',(1.025,-0.950000014901161,1.90000002980232));
#3167=CARTESIAN_POINT('Origin',(0.975,-0.950000014901161,1.90000002980232));
#3168=CARTESIAN_POINT('',(1.025,-0.900000014901161,1.95000002980232));
#3169=CARTESIAN_POINT('Origin',(1.025,-0.900000014901161,1.90000002980232));
#3170=CARTESIAN_POINT('',(0.975,-0.900000014901161,2.00000002980232));
#3171=CARTESIAN_POINT('Origin',(0.975,-0.900000014901161,1.95000002980232));
#3172=CARTESIAN_POINT('Origin',(0.975,-0.900000014901161,1.90000002980232));
#3173=CARTESIAN_POINT('Origin',(-0.634,-0.900000014901161,1.90000002980232));
#3174=CARTESIAN_POINT('',(-0.871865709850244,-0.997979604612488,1.92000002980232));
#3175=CARTESIAN_POINT('',(-0.854,-1.00000001490116,1.90000002980232));
#3176=CARTESIAN_POINT('Ctrl Pts',(-0.871865709850244,-0.997979604612488,
1.92000002980232));
#3177=CARTESIAN_POINT('Ctrl Pts',(-0.865810971755619,-0.999366790598183,
1.91320423411574));
#3178=CARTESIAN_POINT('Ctrl Pts',(-0.859765764898097,-1.00000001490116,
1.90644635092954));
#3179=CARTESIAN_POINT('Ctrl Pts',(-0.854,-1.00000001490116,1.90000002980232));
#3180=CARTESIAN_POINT('',(-0.634,-1.00000001490116,1.90000002980232));
#3181=CARTESIAN_POINT('',(-0.854,-0.900000014901162,2.00000002980232));
#3182=CARTESIAN_POINT('',(-0.634,-0.900000014901161,2.00000002980232));
#3183=CARTESIAN_POINT('',(-0.871865709850244,-0.920000014901161,1.99797961951365));
#3184=CARTESIAN_POINT('Ctrl Pts',(-0.854,-0.900000014901162,2.00000002980232));
#3185=CARTESIAN_POINT('Ctrl Pts',(-0.859765764898097,-0.906446336028375,
2.00000002980232));
#3186=CARTESIAN_POINT('Ctrl Pts',(-0.865810971755619,-0.913204219214577,
1.99936680549934));
#3187=CARTESIAN_POINT('Ctrl Pts',(-0.871865709850244,-0.920000014901161,
1.99797961951365));
#3188=CARTESIAN_POINT('Ctrl Pts',(-0.871865709850244,-0.920000014901161,
1.99797961951365));
#3189=CARTESIAN_POINT('Ctrl Pts',(-0.87281430546072,-0.921064711979258,
1.99776228913265));
#3190=CARTESIAN_POINT('Ctrl Pts',(-0.873695663229996,-0.922161711823462,
1.99751987879588));
#3191=CARTESIAN_POINT('Ctrl Pts',(-0.877944084805394,-0.927886476101993,
1.99615110865868));
#3192=CARTESIAN_POINT('Ctrl Pts',(-0.881025677288954,-0.933927795172151,
1.99423029305272));
#3193=CARTESIAN_POINT('Ctrl Pts',(-0.887288291319745,-0.94970592159005,
1.9875461034059));
#3194=CARTESIAN_POINT('Ctrl Pts',(-0.889452140266737,-0.961963599489455,
1.97945780145134));
#3195=CARTESIAN_POINT('Ctrl Pts',(-0.889452140266737,-0.979457786550177,
1.96196361439062));
#3196=CARTESIAN_POINT('Ctrl Pts',(-0.887288291319745,-0.987546088504744,
1.94970593649121));
#3197=CARTESIAN_POINT('Ctrl Pts',(-0.881025677288954,-0.994230278151556,
1.93392781007331));
#3198=CARTESIAN_POINT('Ctrl Pts',(-0.877944084805394,-0.996151093757514,
1.92788649100315));
#3199=CARTESIAN_POINT('Ctrl Pts',(-0.873695663229996,-0.997519863894717,
1.92216172672462));
#3200=CARTESIAN_POINT('Ctrl Pts',(-0.87281430546072,-0.997762274231491,
1.92106472688042));
#3201=CARTESIAN_POINT('Ctrl Pts',(-0.871865709850244,-0.997979604612488,
1.92000002980232));
#3202=CARTESIAN_POINT('Origin',(-0.854,-0.920000014901161,1.92000002980232));
#3203=CARTESIAN_POINT('Origin',(-0.854,-0.920000014901161,1.92000002980232));
#3204=CARTESIAN_POINT('Origin',(-0.854,-0.920000014901161,1.92000002980232));
#3205=CARTESIAN_POINT('Origin',(-0.854,4.62500006891787,1.92000002980232));
#3206=CARTESIAN_POINT('',(-0.854,6.40000009685755,2.00000002980232));
#3207=CARTESIAN_POINT('',(-0.854,4.62500006891787,2.00000002980232));
#3208=CARTESIAN_POINT('',(-0.871865709850243,6.42000009685755,1.99797961951365));
#3209=CARTESIAN_POINT('Ctrl Pts',(-0.871865709850243,6.42000009685755,1.99797961951365));
#3210=CARTESIAN_POINT('Ctrl Pts',(-0.865810971755618,6.41320430117096,1.99936680549934));
#3211=CARTESIAN_POINT('Ctrl Pts',(-0.859765764898097,6.40644641798476,2.00000002980232));
#3212=CARTESIAN_POINT('Ctrl Pts',(-0.854,6.40000009685755,2.00000002980232));
#3213=CARTESIAN_POINT('Origin',(-0.854,6.42000009685755,1.92000002980232));
#3214=CARTESIAN_POINT('',(-0.934,4.62500006891787,1.92000002980232));
#3215=CARTESIAN_POINT('Origin',(-0.634,6.50000009685755,2.00000002980232));
#3216=CARTESIAN_POINT('',(0.975,4.62500006891787,2.00000002980232));
#3217=CARTESIAN_POINT('',(-0.714,4.62500006891787,2.00000002980232));
#3218=CARTESIAN_POINT('',(0.975,6.3000000923872,2.00000002980232));
#3219=CARTESIAN_POINT('',(-0.634,6.3000000923872,2.00000002980232));
#3220=CARTESIAN_POINT('',(0.975,6.40000009685755,2.00000002980232));
#3221=CARTESIAN_POINT('',(0.975,4.62500006891787,2.00000002980232));
#3222=CARTESIAN_POINT('',(-0.634,6.40000009685755,2.00000002980232));
#3223=CARTESIAN_POINT('Origin',(0.975,4.62500006891787,1.95000002980232));
#3224=CARTESIAN_POINT('',(1.025,-0.800000010430812,1.95000002980232));
#3225=CARTESIAN_POINT('',(1.025,4.62500006891787,1.95000002980232));
#3226=CARTESIAN_POINT('Origin',(0.975,-0.800000010430812,1.95000002980232));
#3227=CARTESIAN_POINT('Ctrl Pts',(0.975,6.50000009685755,1.90000002980232));
#3228=CARTESIAN_POINT('Ctrl Pts',(0.975,6.50000009685755,2.00000002980232));
#3229=CARTESIAN_POINT('Ctrl Pts',(0.975,6.40000009685755,2.00000002980232));
#3230=CARTESIAN_POINT('Ctrl Pts',(1.025,6.50000009685755,1.90000002980232));
#3231=CARTESIAN_POINT('Ctrl Pts',(1.025,6.50000009685755,2.00000002980232));
#3232=CARTESIAN_POINT('Ctrl Pts',(1.025,6.40000009685755,2.00000002980232));
#3233=CARTESIAN_POINT('Ctrl Pts',(1.025,6.45000009685755,1.90000002980232));
#3234=CARTESIAN_POINT('Ctrl Pts',(1.025,6.45000009685755,1.95000002980232));
#3235=CARTESIAN_POINT('Ctrl Pts',(1.025,6.40000009685755,1.95000002980232));
#3236=CARTESIAN_POINT('',(1.025,6.40000009685755,1.95000002980232));
#3237=CARTESIAN_POINT('Origin',(0.975,6.40000009685755,1.95000002980232));
#3238=CARTESIAN_POINT('Origin',(1.025,6.40000009685755,1.90000002980232));
#3239=CARTESIAN_POINT('Origin',(0.975,6.40000009685755,1.90000002980232));
#3240=CARTESIAN_POINT('Origin',(-0.634,6.40000009685755,1.90000002980232));
#3241=CARTESIAN_POINT('Ctrl Pts',(-0.871865709850242,6.49797968656888,1.92000002980232));
#3242=CARTESIAN_POINT('Ctrl Pts',(-0.872814305460719,6.49776235618788,1.92106472688042));
#3243=CARTESIAN_POINT('Ctrl Pts',(-0.873695663229996,6.4975199458511,1.92216172672462));
#3244=CARTESIAN_POINT('Ctrl Pts',(-0.877944084805394,6.4961511757139,1.92788649100316));
#3245=CARTESIAN_POINT('Ctrl Pts',(-0.881025677288954,6.49423036010794,1.93392781007331));
#3246=CARTESIAN_POINT('Ctrl Pts',(-0.887288291319745,6.48754617046113,1.94970593649121));
#3247=CARTESIAN_POINT('Ctrl Pts',(-0.889452140266736,6.47945786850656,1.96196361439062));
#3248=CARTESIAN_POINT('Ctrl Pts',(-0.889452140266737,6.46196368144584,1.97945780145134));
#3249=CARTESIAN_POINT('Ctrl Pts',(-0.887288291319745,6.44970600354644,1.9875461034059));
#3250=CARTESIAN_POINT('Ctrl Pts',(-0.881025677288955,6.43392787712854,1.99423029305272));
#3251=CARTESIAN_POINT('Ctrl Pts',(-0.877944084805395,6.42788655805838,1.99615110865867));
#3252=CARTESIAN_POINT('Ctrl Pts',(-0.873695663229997,6.42216179377985,1.99751987879588));
#3253=CARTESIAN_POINT('Ctrl Pts',(-0.872814305460721,6.42106479393565,1.99776228913265));
#3254=CARTESIAN_POINT('Ctrl Pts',(-0.871865709850243,6.42000009685755,1.99797961951365));
#3255=CARTESIAN_POINT('Origin',(0.975,4.62500006891787,1.95000002980232));
#3256=CARTESIAN_POINT('',(1.025,6.3000000923872,1.95000002980232));
#3257=CARTESIAN_POINT('Origin',(0.975,6.3000000923872,1.95000002980232));
#3258=CARTESIAN_POINT('',(1.025,4.62500006891787,1.95000002980232));
#3259=CARTESIAN_POINT('Origin',(-0.854,6.42000009685755,1.92000002980232));
#3260=CARTESIAN_POINT('Ctrl Pts',(0.975,6.3000000923872,2.00000002980232));
#3261=CARTESIAN_POINT('Ctrl Pts',(0.975,6.2000000923872,2.00000002980232));
#3262=CARTESIAN_POINT('Ctrl Pts',(0.975,6.2000000923872,1.90000002980232));
#3263=CARTESIAN_POINT('Ctrl Pts',(1.025,6.3000000923872,2.00000002980232));
#3264=CARTESIAN_POINT('Ctrl Pts',(1.025,6.2000000923872,2.00000002980232));
#3265=CARTESIAN_POINT('Ctrl Pts',(1.025,6.2000000923872,1.90000002980232));
#3266=CARTESIAN_POINT('Ctrl Pts',(1.025,6.3000000923872,1.95000002980232));
#3267=CARTESIAN_POINT('Ctrl Pts',(1.025,6.2500000923872,1.95000002980232));
#3268=CARTESIAN_POINT('Ctrl Pts',(1.025,6.2500000923872,1.90000002980232));
#3269=CARTESIAN_POINT('Origin',(1.025,6.3000000923872,1.90000002980232));
#3270=CARTESIAN_POINT('Origin',(0.975,6.3000000923872,1.90000002980232));
#3271=CARTESIAN_POINT('Origin',(-0.634,6.3000000923872,1.90000002980232));
#3272=CARTESIAN_POINT('',(-0.634,6.2000000923872,1.90000002980232));
#3273=CARTESIAN_POINT('Origin',(-0.634,6.2000000923872,2.00000002980232));
#3274=CARTESIAN_POINT('Ctrl Pts',(0.975,-0.700000010430812,1.90000002980232));
#3275=CARTESIAN_POINT('Ctrl Pts',(0.975,-0.700000010430812,2.00000002980232));
#3276=CARTESIAN_POINT('Ctrl Pts',(0.975,-0.800000010430812,2.00000002980232));
#3277=CARTESIAN_POINT('Ctrl Pts',(1.025,-0.700000010430812,1.90000002980232));
#3278=CARTESIAN_POINT('Ctrl Pts',(1.025,-0.700000010430812,2.00000002980232));
#3279=CARTESIAN_POINT('Ctrl Pts',(1.025,-0.800000010430812,2.00000002980232));
#3280=CARTESIAN_POINT('Ctrl Pts',(1.025,-0.750000010430813,1.90000002980232));
#3281=CARTESIAN_POINT('Ctrl Pts',(1.025,-0.750000010430813,1.95000002980232));
#3282=CARTESIAN_POINT('Ctrl Pts',(1.025,-0.800000010430812,1.95000002980232));
#3283=CARTESIAN_POINT('Origin',(1.025,-0.800000010430812,1.90000002980232));
#3284=CARTESIAN_POINT('Origin',(0.975,-0.950000014901161,1.12500001676381));
#3285=CARTESIAN_POINT('',(1.025,-0.950000014901161,1.12500001676381));
#3286=CARTESIAN_POINT('',(0.975,-1.00000001490116,1.12500001676381));
#3287=CARTESIAN_POINT('Origin',(-0.634,-1.00000001490116,2.00000002980232));
#3288=CARTESIAN_POINT('',(-0.854,-1.00000001490116,1.12500001676381));
#3289=CARTESIAN_POINT('Origin',(1.025,2.75000004097819,0.25000000372529));
#3290=CARTESIAN_POINT('Ctrl Pts',(-0.934,5.92884571536443,1.77933332371398));
#3291=CARTESIAN_POINT('Ctrl Pts',(-0.934,5.83902190558925,1.77933332371398));
#3292=CARTESIAN_POINT('Ctrl Pts',(-0.965972415971442,5.70770927504319,1.72763048644187));
#3293=CARTESIAN_POINT('Ctrl Pts',(-1.07851632678035,5.52856029952051,1.61112830778762));
#3294=CARTESIAN_POINT('Ctrl Pts',(-1.21469799789945,5.41572732611657,1.52909181531249));
#3295=CARTESIAN_POINT('Ctrl Pts',(-1.38618767454411,5.35451529895191,1.51681933597668));
#3296=CARTESIAN_POINT('Ctrl Pts',(-1.47508324241677,5.34484571536444,1.54164175513726));
#3297=CARTESIAN_POINT('Ctrl Pts',(-1.51799999999989,5.34484571536443,1.5616527176662));
#3298=CARTESIAN_POINT('Ctrl Pts',(-0.934,5.92884571536443,1.82442477595304));
#3299=CARTESIAN_POINT('Ctrl Pts',(-0.934,5.83214496675843,1.82442477595304));
#3300=CARTESIAN_POINT('Ctrl Pts',(-0.971429339275727,5.69113704480901,1.77794696386641));
#3301=CARTESIAN_POINT('Ctrl Pts',(-1.09530102618288,5.50947158030407,1.67734586136382));
#3302=CARTESIAN_POINT('Ctrl Pts',(-1.23324994289031,5.40799453862376,1.61308222362931));
#3303=CARTESIAN_POINT('Ctrl Pts',(-1.38120812493173,5.35783230344909,1.60932789899118));
#3304=CARTESIAN_POINT('Ctrl Pts',(-1.45496783551756,5.34684192157655,1.63066682546007));
#3305=CARTESIAN_POINT('Ctrl Pts',(-1.49157597425147,5.34484571536444,1.64743494649306));
#3306=CARTESIAN_POINT('Ctrl Pts',(-0.915889520282254,5.92884571536443,1.90328147054059));
#3307=CARTESIAN_POINT('Ctrl Pts',(-0.915889520282254,5.81731157320543,1.90328147054059));
#3308=CARTESIAN_POINT('Ctrl Pts',(-0.957120070794774,5.65506808724923,1.86617154586893));
#3309=CARTESIAN_POINT('Ctrl Pts',(-1.0888411937941,5.44791542694198,1.79299455838399));
#3310=CARTESIAN_POINT('Ctrl Pts',(-1.22726568059581,5.33727747704147,1.75893164740317));
#3311=CARTESIAN_POINT('Ctrl Pts',(-1.35393395662598,5.28540089267641,1.76901135917978));
#3312=CARTESIAN_POINT('Ctrl Pts',(-1.41438554314811,5.27263072525905,1.78462565838746));
#3313=CARTESIAN_POINT('Ctrl Pts',(-1.44582400256633,5.26953497679714,1.79596288624528));
#3314=CARTESIAN_POINT('Ctrl Pts',(-0.86934693923321,5.92884571536443,1.96842461163502));
#3315=CARTESIAN_POINT('Ctrl Pts',(-0.86934693923321,5.80020662886656,1.96842461163502));
#3316=CARTESIAN_POINT('Ctrl Pts',(-0.904968790095344,5.61244107773584,1.93450348675873));
#3317=CARTESIAN_POINT('Ctrl Pts',(-1.02446372685259,5.36043793241645,1.86328217176934));
#3318=CARTESIAN_POINT('Ctrl Pts',(-1.1602549157651,5.20763974864806,1.82089998526243));
#3319=CARTESIAN_POINT('Ctrl Pts',(-1.31347814538599,5.12712178978044,1.82119860527967));
#3320=CARTESIAN_POINT('Ctrl Pts',(-1.3912564845033,5.11307924984447,1.83653848449489));
#3321=CARTESIAN_POINT('Ctrl Pts',(-1.42968419940062,5.11216555794136,1.84835869835813));
#3322=CARTESIAN_POINT('Ctrl Pts',(-0.845345216349868,5.92884571536443,1.9922492684575));
#3323=CARTESIAN_POINT('Ctrl Pts',(-0.845345216349868,5.79287953755405,1.9922492684575));
#3324=CARTESIAN_POINT('Ctrl Pts',(-0.877336190723896,5.59411178857679,1.95807281670136));
#3325=CARTESIAN_POINT('Ctrl Pts',(-0.98994542769417,5.32293422973768,1.88106290199771));
#3326=CARTESIAN_POINT('Ctrl Pts',(-1.12620614552277,5.15213911246185,1.82683539002262));
#3327=CARTESIAN_POINT('Ctrl Pts',(-1.2977953634239,5.05948255079479,1.81872307317353));
#3328=CARTESIAN_POINT('Ctrl Pts',(-1.38674253076711,5.04484571536444,1.83513111295764));
#3329=CARTESIAN_POINT('Ctrl Pts',(-1.42968419940061,5.04484571536443,1.84835869835813));
#3330=CARTESIAN_POINT('',(-1.51799999999995,5.34484571536443,1.5616527176662));
#3331=CARTESIAN_POINT('Ctrl Pts',(-0.934,5.92884571536443,1.77933332371398));
#3332=CARTESIAN_POINT('Ctrl Pts',(-0.934,5.83902190558925,1.77933332371398));
#3333=CARTESIAN_POINT('Ctrl Pts',(-0.965972415971442,5.70770927504319,1.72763048644187));
#3334=CARTESIAN_POINT('Ctrl Pts',(-1.07851632678035,5.52856029952051,1.61112830778762));
#3335=CARTESIAN_POINT('Ctrl Pts',(-1.21469799789945,5.41572732611657,1.52909181531249));
#3336=CARTESIAN_POINT('Ctrl Pts',(-1.38618767454411,5.35451529895191,1.51681933597668));
#3337=CARTESIAN_POINT('Ctrl Pts',(-1.47508324241677,5.34484571536444,1.54164175513726));
#3338=CARTESIAN_POINT('Ctrl Pts',(-1.51799999999989,5.34484571536443,1.5616527176662));
#3339=CARTESIAN_POINT('',(-1.42968419940061,5.04484571536443,1.84835869835813));
#3340=CARTESIAN_POINT('Origin',(-1.51799999999984,5.04484571536443,1.5616527176662));
#3341=CARTESIAN_POINT('Ctrl Pts',(-1.42968419940061,5.04484571536443,1.84835869835813));
#3342=CARTESIAN_POINT('Ctrl Pts',(-1.38674253076711,5.04484571536444,1.83513111295764));
#3343=CARTESIAN_POINT('Ctrl Pts',(-1.2977953634239,5.05948255079479,1.81872307317353));
#3344=CARTESIAN_POINT('Ctrl Pts',(-1.12620614552277,5.15213911246185,1.82683539002262));
#3345=CARTESIAN_POINT('Ctrl Pts',(-1.00670601135501,5.30192578432815,1.87439271292443));
#3346=CARTESIAN_POINT('Ctrl Pts',(-0.945473530467834,5.4332023135339,1.91226172056081));
#3347=CARTESIAN_POINT('Ctrl Pts',(-0.934077745047274,5.46080546382459,1.91983485318757));
#3348=CARTESIAN_POINT('Origin',(-1.25746838823211,5.04484571536443,2.40743536070738));
#3349=CARTESIAN_POINT('',(-2.14246838823211,5.34484571536443,2.40743536070738));
#3350=CARTESIAN_POINT('',(-1.84246838823211,5.04484571536443,2.40743536070738));
#3351=CARTESIAN_POINT('Origin',(-2.14246838823211,5.04484571536443,2.40743536070738));
#3352=CARTESIAN_POINT('Origin',(-1.25746838823211,5.04484571536443,2.40743536070738));
#3353=CARTESIAN_POINT('Origin',(-1.25746838823211,5.34484571536443,2.40743536070738));
#3354=CARTESIAN_POINT('Origin',(-2.14246838823211,5.04484571536443,1.75037482612219));
#3355=CARTESIAN_POINT('',(-2.14246838823211,5.34484571536443,3.14801069557712));
#3356=CARTESIAN_POINT('',(-1.84246838823211,5.04484571536443,3.14801069557712));
#3357=CARTESIAN_POINT('Origin',(-2.14246838823211,5.04484571536443,3.14801069557712));
#3358=CARTESIAN_POINT('',(-1.84246838823211,5.04484571536443,1.75037482612219));
#3359=CARTESIAN_POINT('',(-2.14246838823211,5.34484571536443,1.75037482612219));
#3360=CARTESIAN_POINT('Origin',(-0.0264683882321108,5.04484571536443,3.14801069557712));
#3361=CARTESIAN_POINT('',(-2.14057653353042,5.34484571536443,3.23746878623053));
#3362=CARTESIAN_POINT('',(-1.84084475489644,5.04484571536443,3.22478569209252));
#3363=CARTESIAN_POINT('Origin',(-2.14057653353042,5.04484571536443,3.23746878623053));
#3364=CARTESIAN_POINT('Origin',(-0.0264683882321108,5.04484571536443,3.14801069557712));
#3365=CARTESIAN_POINT('Origin',(-0.0264683882321108,5.34484571536443,3.14801069557712));
#3366=CARTESIAN_POINT('Ctrl Pts',(-1.70850787855264,5.16686705019051,3.83255372052315));
#3367=CARTESIAN_POINT('Ctrl Pts',(-1.78447988981031,5.08961570625367,3.64587747310311));
#3368=CARTESIAN_POINT('Ctrl Pts',(-1.83187492754765,5.04484571536443,3.43676411597219));
#3369=CARTESIAN_POINT('Ctrl Pts',(-1.84084475489644,5.04484571536443,3.22478569209252));
#3370=CARTESIAN_POINT('Ctrl Pts',(-1.71822933738534,5.24526578065233,3.80866643066081));
#3371=CARTESIAN_POINT('Ctrl Pts',(-1.78925750851313,5.17438337280988,3.62618975642592));
#3372=CARTESIAN_POINT('Ctrl Pts',(-1.83233422020612,5.1343178598194,3.42616118540506));
#3373=CARTESIAN_POINT('Ctrl Pts',(-1.84084475489644,5.134605505467,3.22478569209252));
#3374=CARTESIAN_POINT('Ctrl Pts',(-1.79354045430409,5.38141750581536,3.79096106863492));
#3375=CARTESIAN_POINT('Ctrl Pts',(-1.8653112704672,5.32118914871978,3.61186618548899));
#3376=CARTESIAN_POINT('Ctrl Pts',(-1.90746399710367,5.28926301260512,3.42018114020746));
#3377=CARTESIAN_POINT('Ctrl Pts',(-1.91610098996524,5.29001073804182,3.22797014560025));
#3378=CARTESIAN_POINT('Ctrl Pts',(-1.92858343390938,5.44214940339551,3.82435058530626));
#3379=CARTESIAN_POINT('Ctrl Pts',(-2.01212492668857,5.37958927168534,3.64088330058907));
#3380=CARTESIAN_POINT('Ctrl Pts',(-2.06340489679648,5.34451091888686,3.43875362364009));
#3381=CARTESIAN_POINT('Ctrl Pts',(-2.07331687968728,5.34484571536443,3.23462270656133));
#3382=CARTESIAN_POINT('Ctrl Pts',(-1.98637783840735,5.44956723901479,3.84523681466116));
#3383=CARTESIAN_POINT('Ctrl Pts',(-2.0749002920534,5.3832683540482,3.65856056724113));
#3384=CARTESIAN_POINT('Ctrl Pts',(-2.13012490650947,5.34484571536443,3.44944721011019));
#3385=CARTESIAN_POINT('Ctrl Pts',(-2.14057653353042,5.34484571536443,3.23746878623053));
#3386=CARTESIAN_POINT('',(-1.98637783840735,5.44956723901476,3.84523681466106));
#3387=CARTESIAN_POINT('Ctrl Pts',(-2.14057653353042,5.34484571536443,3.23746878623053));
#3388=CARTESIAN_POINT('Ctrl Pts',(-2.13012490650947,5.34484571536443,3.44944721011019));
#3389=CARTESIAN_POINT('Ctrl Pts',(-2.0749002920534,5.3832683540482,3.65856056724113));
#3390=CARTESIAN_POINT('Ctrl Pts',(-1.98637783840735,5.44956723901479,3.84523681466116));
#3391=CARTESIAN_POINT('',(-1.70850787855264,5.16686705019051,3.83255372052315));
#3392=CARTESIAN_POINT('Origin',(-1.98637783840735,5.16686705019051,3.94563902200102));
#3393=CARTESIAN_POINT('Ctrl Pts',(-1.70850787855264,5.16686705019051,3.83255372052315));
#3394=CARTESIAN_POINT('Ctrl Pts',(-1.78447988981031,5.08961570625367,3.64587747310311));
#3395=CARTESIAN_POINT('Ctrl Pts',(-1.83187492754765,5.04484571536443,3.43676411597219));
#3396=CARTESIAN_POINT('Ctrl Pts',(-1.84084475489644,5.04484571536443,3.22478569209252));
#3397=CARTESIAN_POINT('Ctrl Pts',(-1.98637783840737,5.44956723901478,3.84523681466113));
#3398=CARTESIAN_POINT('Ctrl Pts',(-1.97319435462685,5.46107213746559,3.87763089294508));
#3399=CARTESIAN_POINT('Ctrl Pts',(-1.9592075764445,5.4724609280839,3.90969804907222));
#3400=CARTESIAN_POINT('Ctrl Pts',(-1.94443469201697,5.48371961534373,3.94139887616157));
#3401=CARTESIAN_POINT('Ctrl Pts',(-1.90931863241007,5.43967679152241,3.8173885088546));
#3402=CARTESIAN_POINT('Ctrl Pts',(-1.89688432952642,5.45079892941088,3.84873406891421));
#3403=CARTESIAN_POINT('Ctrl Pts',(-1.88365166142218,5.46184122239225,3.87976858762622));
#3404=CARTESIAN_POINT('Ctrl Pts',(-1.86967119637493,5.47273180496602,3.91046075088678));
#3405=CARTESIAN_POINT('Ctrl Pts',(-1.77549234319207,5.3630655745806,3.79013376079647));
#3406=CARTESIAN_POINT('Ctrl Pts',(-1.76432616186472,5.37399833873469,3.81949093968398));
#3407=CARTESIAN_POINT('Ctrl Pts',(-1.75242514178316,5.38481901335161,3.84857711109757));
#3408=CARTESIAN_POINT('Ctrl Pts',(-1.73979022041927,5.39552948772039,3.87735373135802));
#3409=CARTESIAN_POINT('Ctrl Pts',(-1.71579897267718,5.22566609803686,3.81463825312635));
#3410=CARTESIAN_POINT('Ctrl Pts',(-1.70471360688018,5.23700102476969,3.84273070277514));
#3411=CARTESIAN_POINT('Ctrl Pts',(-1.69291557727201,5.24821849272491,3.87055802765951));
#3412=CARTESIAN_POINT('Ctrl Pts',(-1.68043801146571,5.2593143043869,3.89807245973542));
#3413=CARTESIAN_POINT('Ctrl Pts',(-1.70850787855266,5.16686705019049,3.8325537205231));
#3414=CARTESIAN_POINT('Ctrl Pts',(-1.69719350872968,5.1783719486413,3.86035506559099));
#3415=CARTESIAN_POINT('Ctrl Pts',(-1.68518973312517,5.18976073925961,3.8878758385243));
#3416=CARTESIAN_POINT('Ctrl Pts',(-1.67251130301156,5.20101942651944,3.91508221942896));
#3417=CARTESIAN_POINT('',(-1.94443469201697,5.48371961534373,3.94139887616157));
#3418=CARTESIAN_POINT('Origin',(-1.94443469201697,5.20101942651944,4.0418010835014));
#3419=CARTESIAN_POINT('Origin',(-0.0264683882321108,4.88358586476651,3.14801069557712));
#3420=CARTESIAN_POINT('Origin',(-0.0264683882321108,5.1662860535908,3.04760848823729));
#3421=CARTESIAN_POINT('Origin',(-1.79443759661504,5.31533497507046,4.36367674756468));
#3422=CARTESIAN_POINT('',(-1.79443759661504,5.59803516389475,4.26327454022485));
#3423=CARTESIAN_POINT('Origin',(-3.60000005364418,5.70000008493662,4.55037482612219));
#3424=CARTESIAN_POINT('',(-2.9900875627749,5.44956723901472,3.84523681466097));
#3425=CARTESIAN_POINT('',(-2.26700002682209,5.44956723901472,3.84523681466097));
#3426=CARTESIAN_POINT('',(-3.03202680947897,5.4837169735205,3.94139143764059));
#3427=CARTESIAN_POINT('Origin',(-4.95,5.16628866032884,3.04761582796969));
#3428=CARTESIAN_POINT('',(-2.99829589779517,5.458009507222,3.86900751532122));
#3429=CARTESIAN_POINT('Origin',(-2.26700002682209,7.16084571536443,3.23746878623053));
#3430=CARTESIAN_POINT('',(-2.83589154413505,5.34484571536443,3.23746878623053));
#3431=CARTESIAN_POINT('',(-2.26700002682209,5.34484571536443,3.23746878623053));
#3432=CARTESIAN_POINT('Ctrl Pts',(-2.9900875627749,5.44956723901472,3.84523681466097));
#3433=CARTESIAN_POINT('Ctrl Pts',(-2.90156601237285,5.38326831941016,3.65856046971151));
#3434=CARTESIAN_POINT('Ctrl Pts',(-2.84634230472307,5.34484571536443,3.44944706047446));
#3435=CARTESIAN_POINT('Ctrl Pts',(-2.83589154413505,5.34484571536443,3.23746878623053));
#3436=CARTESIAN_POINT('Origin',(-0.934,5.34484571536443,1.75037482612219));
#3437=CARTESIAN_POINT('',(-1.518,5.34484571536443,1.14927403590982));
#3438=CARTESIAN_POINT('',(-1.518,5.34484571536443,1.00018741492374));
#3439=CARTESIAN_POINT('',(-2.607,5.34484571536443,1.14927403590982));
#3440=CARTESIAN_POINT('',(-0.934,5.34484571536443,1.14927403590982));
#3441=CARTESIAN_POINT('',(-2.834,5.34484571536443,1.37627403590982));
#3442=CARTESIAN_POINT('Origin',(-2.607,5.34484571536443,1.37627403590982));
#3443=CARTESIAN_POINT('',(-2.834,5.34484571536443,3.14801803530952));
#3444=CARTESIAN_POINT('',(-2.834,5.34484571536443,1.52509962856909));
#3445=CARTESIAN_POINT('Origin',(-4.95,5.34484571536443,3.14801803530952));
#3446=CARTESIAN_POINT('Origin',(-1.518,5.92884571536443,1.00018741492374));
#3447=CARTESIAN_POINT('Origin',(-1.518,5.92884571536443,0.265274035909818));
#3448=CARTESIAN_POINT('Ctrl Pts',(-0.845345216349868,-0.428845633408043,
1.99224926845751));
#3449=CARTESIAN_POINT('Ctrl Pts',(-0.845345216349868,-0.292890338847205,
1.99224926845751));
#3450=CARTESIAN_POINT('Ctrl Pts',(-0.877331526528059,-0.0937383251402341,
1.95822054524867));
#3451=CARTESIAN_POINT('Ctrl Pts',(-0.989881144302292,0.177183040841545,
1.88113524057209));
#3452=CARTESIAN_POINT('Ctrl Pts',(-1.11766947093208,0.337119786549379,1.83038060317859));
#3453=CARTESIAN_POINT('Ctrl Pts',(-1.28635602573324,0.436516952274924,1.81821828788462));
#3454=CARTESIAN_POINT('Ctrl Pts',(-1.37600522648977,0.45515436659199,1.83182363530665));
#3455=CARTESIAN_POINT('Ctrl Pts',(-1.42968419940096,0.455154366591957,1.84835869835824));
#3456=CARTESIAN_POINT('Ctrl Pts',(-0.877347513527658,-0.428845633408043,
1.96048305936086));
#3457=CARTESIAN_POINT('Ctrl Pts',(-0.877347513527658,-0.302664121103007,
1.96048305936086));
#3458=CARTESIAN_POINT('Ctrl Pts',(-0.91408192014185,-0.118039738107105,
1.92670474406718));
#3459=CARTESIAN_POINT('Ctrl Pts',(-1.03597515291848,0.127275890595375,1.85737608613445));
#3460=CARTESIAN_POINT('Ctrl Pts',(-1.16330648189111,0.264838797268526,1.82125650038274));
#3461=CARTESIAN_POINT('Ctrl Pts',(-1.30939774908004,0.346922243923779,1.8211970746047));
#3462=CARTESIAN_POINT('Ctrl Pts',(-1.38362998176902,0.363818292283925,1.83423324319824));
#3463=CARTESIAN_POINT('Ctrl Pts',(-1.42968419940092,0.365394576489398,1.84835869835822));
#3464=CARTESIAN_POINT('Ctrl Pts',(-0.920559889872075,-0.428845633408043,
1.89207878115742));
#3465=CARTESIAN_POINT('Ctrl Pts',(-0.920559889872075,-0.319748846154395,
1.89207878115742));
#3466=CARTESIAN_POINT('Ctrl Pts',(-0.961841308844832,-0.16069779634946,
1.85381486917297));
#3467=CARTESIAN_POINT('Ctrl Pts',(-1.09414683763272,0.0400662180622212,
1.77698978045331));
#3468=CARTESIAN_POINT('Ctrl Pts',(-1.22421891580789,0.139136299439792,1.74154903929962));
#3469=CARTESIAN_POINT('Ctrl Pts',(-1.35254038930444,0.192147384322409,1.7468150174449));
#3470=CARTESIAN_POINT('Ctrl Pts',(-1.41260581422416,0.205834824927158,1.76147577706222));
#3471=CARTESIAN_POINT('Ctrl Pts',(-1.45183611530039,0.209932324074981,1.77644532918676));
#3472=CARTESIAN_POINT('Ctrl Pts',(-0.934,-0.428845633408043,1.81315191289328));
#3473=CARTESIAN_POINT('Ctrl Pts',(-0.934,-0.333868305328913,1.81315191289328));
#3474=CARTESIAN_POINT('Ctrl Pts',(-0.969997484376363,-0.195100122645328,
1.76565798880309));
#3475=CARTESIAN_POINT('Ctrl Pts',(-1.09091334189515,-0.0142274775101006,
1.66094332663878));
#3476=CARTESIAN_POINT('Ctrl Pts',(-1.21960446224397,0.0836106183428967,
1.59650670668241));
#3477=CARTESIAN_POINT('Ctrl Pts',(-1.37239420666688,0.140868181251398,1.5851304632794));
#3478=CARTESIAN_POINT('Ctrl Pts',(-1.45037371170943,0.15331969812381,1.60396280316403));
#3479=CARTESIAN_POINT('Ctrl Pts',(-1.49818198068888,0.155154366591965,1.62598938928649));
#3480=CARTESIAN_POINT('Ctrl Pts',(-0.934,-0.428845633408043,1.77933332371398));
#3481=CARTESIAN_POINT('Ctrl Pts',(-0.934,-0.339029013471926,1.77933332371398));
#3482=CARTESIAN_POINT('Ctrl Pts',(-0.965967754481371,-0.207462524778631,
1.72785397321857));
#3483=CARTESIAN_POINT('Ctrl Pts',(-1.07845208068015,-0.0284827988359165,
1.61123774306682));
#3484=CARTESIAN_POINT('Ctrl Pts',(-1.20616627555067,0.0771767707267244,
1.53445508649717));
#3485=CARTESIAN_POINT('Ctrl Pts',(-1.37475497296999,0.142841866635908,1.51605568643705));
#3486=CARTESIAN_POINT('Ctrl Pts',(-1.46435216699678,0.155154366591979,1.53663813510116));
#3487=CARTESIAN_POINT('Ctrl Pts',(-1.51800000000024,0.155154366591957,1.56165271766637));
#3488=CARTESIAN_POINT('',(-1.42968419940096,0.455154366591957,1.84835869835824));
#3489=CARTESIAN_POINT('Ctrl Pts',(-0.933980182254699,0.039278704120525,
1.91998640196377));
#3490=CARTESIAN_POINT('Ctrl Pts',(-0.945388850334885,0.0669191353728862,
1.91239616173797));
#3491=CARTESIAN_POINT('Ctrl Pts',(-1.00661513482008,0.198126894295976,1.87448887745524));
#3492=CARTESIAN_POINT('Ctrl Pts',(-1.11766947093208,0.337119786549379,1.83038060317859));
#3493=CARTESIAN_POINT('Ctrl Pts',(-1.28635602573324,0.436516952274924,1.81821828788462));
#3494=CARTESIAN_POINT('Ctrl Pts',(-1.37600522648977,0.45515436659199,1.83182363530665));
#3495=CARTESIAN_POINT('Ctrl Pts',(-1.42968419940096,0.455154366591957,1.84835869835824));
#3496=CARTESIAN_POINT('',(-1.51800000000012,0.155154366591957,1.56165271766637));
#3497=CARTESIAN_POINT('Origin',(-1.51800000000036,0.455154366591957,1.56165271766637));
#3498=CARTESIAN_POINT('Ctrl Pts',(-1.51800000000024,0.155154366591957,1.56165271766637));
#3499=CARTESIAN_POINT('Ctrl Pts',(-1.46435216699678,0.155154366591979,1.53663813510116));
#3500=CARTESIAN_POINT('Ctrl Pts',(-1.37475497296999,0.142841866635908,1.51605568643705));
#3501=CARTESIAN_POINT('Ctrl Pts',(-1.20616627555067,0.0771767707267244,
1.53445508649717));
#3502=CARTESIAN_POINT('Ctrl Pts',(-1.07845208068015,-0.0284827988359165,
1.61123774306682));
#3503=CARTESIAN_POINT('Ctrl Pts',(-0.965967754481371,-0.207462524778631,
1.72785397321857));
#3504=CARTESIAN_POINT('Ctrl Pts',(-0.934,-0.339029013471926,1.77933332371398));
#3505=CARTESIAN_POINT('Ctrl Pts',(-0.934,-0.428845633408043,1.77933332371398));
#3506=CARTESIAN_POINT('Origin',(-1.25746838823211,0.455154366591957,2.40743536070738));
#3507=CARTESIAN_POINT('',(-1.84246838823211,0.455154366591957,2.40743536070738));
#3508=CARTESIAN_POINT('',(-2.14246838823211,0.155154366591957,2.40743536070738));
#3509=CARTESIAN_POINT('Origin',(-2.14246838823211,0.455154366591957,2.40743536070738));
#3510=CARTESIAN_POINT('Origin',(-1.25746838823211,0.155154366591957,2.40743536070738));
#3511=CARTESIAN_POINT('Origin',(-1.25746838823211,0.455154366591957,2.40743536070738));
#3512=CARTESIAN_POINT('Origin',(-2.14246838823211,0.455154366591957,1.299824431016));
#3513=CARTESIAN_POINT('',(-1.84246838823211,0.455154366591957,3.14801069557712));
#3514=CARTESIAN_POINT('',(-2.14246838823211,0.155154366591957,3.14801069557712));
#3515=CARTESIAN_POINT('Origin',(-2.14246838823211,0.455154366591957,3.14801069557712));
#3516=CARTESIAN_POINT('',(-2.14246838823211,0.155154366591957,1.299824431016));
#3517=CARTESIAN_POINT('',(-1.84246838823211,0.455154366591957,1.299824431016));
#3518=CARTESIAN_POINT('Origin',(-0.0264683882321108,0.455154366591957,3.14801069557712));
#3519=CARTESIAN_POINT('',(-1.84084476931569,0.455154366591957,3.22478535133054));
#3520=CARTESIAN_POINT('',(-2.1405765503317,0.155154366591957,3.23746838917527));
#3521=CARTESIAN_POINT('Origin',(-2.1405765503317,0.455154366591957,3.23746838917527));
#3522=CARTESIAN_POINT('Origin',(-0.0264683882321108,0.155154366591957,3.14801069557712));
#3523=CARTESIAN_POINT('Origin',(-0.0264683882321108,0.455154366591957,3.14801069557712));
#3524=CARTESIAN_POINT('Ctrl Pts',(-1.98637765537483,0.0504325848361717,
3.84523714434693));
#3525=CARTESIAN_POINT('Ctrl Pts',(-2.0749002587743,0.116731627663268,3.65856070381749));
#3526=CARTESIAN_POINT('Ctrl Pts',(-2.13012495663301,0.155154366591957,3.44944707975896));
#3527=CARTESIAN_POINT('Ctrl Pts',(-2.1405765503317,0.155154366591957,3.23746838917527));
#3528=CARTESIAN_POINT('Ctrl Pts',(-1.90931846632015,0.0603230469891648,
3.81738883476082));
#3529=CARTESIAN_POINT('Ctrl Pts',(-1.991084469293,0.121532429464361,3.63500742930093));
#3530=CARTESIAN_POINT('Ctrl Pts',(-2.04117793850088,0.155609724188258,3.43504228926936));
#3531=CARTESIAN_POINT('Ctrl Pts',(-2.05089701116148,0.155154366591957,3.23367363312592));
#3532=CARTESIAN_POINT('Ctrl Pts',(-1.77547489023301,0.136918500801325,3.7901214539173));
#3533=CARTESIAN_POINT('Ctrl Pts',(-1.84591098005953,0.198386984508068,3.61100268821493));
#3534=CARTESIAN_POINT('Ctrl Pts',(-1.88710774492033,0.231145757302854,3.41931536962246));
#3535=CARTESIAN_POINT('Ctrl Pts',(-1.8956018573327,0.230439581473014,3.22710237696337));
#3536=CARTESIAN_POINT('Ctrl Pts',(-1.71579882682081,0.274333699480663,3.81463862329504));
#3537=CARTESIAN_POINT('Ctrl Pts',(-1.78814203561431,0.346894470131753,3.63109926118529));
#3538=CARTESIAN_POINT('Ctrl Pts',(-1.83221049910576,0.388042947646938,3.42892186775523));
#3539=CARTESIAN_POINT('Ctrl Pts',(-1.84084476931569,0.387834524015033,3.22478535133054));
#3540=CARTESIAN_POINT('Ctrl Pts',(-1.70850772146991,0.33313273102189,3.8325541065022));
#3541=CARTESIAN_POINT('Ctrl Pts',(-1.78447986124941,0.410384258897511,3.64587766597278));
#3542=CARTESIAN_POINT('Ctrl Pts',(-1.83187497056483,0.455154366591957,3.43676404191423));
#3543=CARTESIAN_POINT('Ctrl Pts',(-1.84084476931569,0.455154366591957,3.22478535133054));
#3544=CARTESIAN_POINT('',(-1.70850772146991,0.33313273102189,3.8325541065022));
#3545=CARTESIAN_POINT('Ctrl Pts',(-1.84084476931569,0.455154366591957,3.22478535133054));
#3546=CARTESIAN_POINT('Ctrl Pts',(-1.83187497056483,0.455154366591957,3.43676404191423));
#3547=CARTESIAN_POINT('Ctrl Pts',(-1.78447986124941,0.410384258897511,3.64587766597278));
#3548=CARTESIAN_POINT('Ctrl Pts',(-1.70850772146991,0.33313273102189,3.8325541065022));
#3549=CARTESIAN_POINT('Origin',(-1.98637765537483,0.33313273102189,3.94563947174313));
#3550=CARTESIAN_POINT('Ctrl Pts',(-1.98637765537483,0.0504325848361717,
3.84523714434693));
#3551=CARTESIAN_POINT('Ctrl Pts',(-2.0749002587743,0.116731627663268,3.65856070381749));
#3552=CARTESIAN_POINT('Ctrl Pts',(-2.13012495663301,0.155154366591957,3.44944707975896));
#3553=CARTESIAN_POINT('Ctrl Pts',(-2.1405765503317,0.155154366591957,3.23746838917527));
#3554=CARTESIAN_POINT('Ctrl Pts',(-1.94443469201697,0.0162803222464062,
3.94139875610524));
#3555=CARTESIAN_POINT('Ctrl Pts',(-1.95920750807822,0.0275389725636913,
3.90969807572169));
#3556=CARTESIAN_POINT('Ctrl Pts',(-1.9731942251717,0.0389277252102225,3.8776310696916));
#3557=CARTESIAN_POINT('Ctrl Pts',(-1.98637765537486,0.0504325848361827,
3.8452371443469));
#3558=CARTESIAN_POINT('Ctrl Pts',(-1.86967120348579,0.0272681430605218,
3.91046064310556));
#3559=CARTESIAN_POINT('Ctrl Pts',(-1.88365160368392,0.0381586900813358,
3.87976862137977));
#3560=CARTESIAN_POINT('Ctrl Pts',(-1.89688421393196,0.0492009464204591,
3.84873424742047));
#3561=CARTESIAN_POINT('Ctrl Pts',(-1.90931846632017,0.0603230469891718,
3.81738883476079));
#3562=CARTESIAN_POINT('Ctrl Pts',(-1.73977600871092,0.10445257352347,3.8773406818169));
#3563=CARTESIAN_POINT('Ctrl Pts',(-1.75241087120326,0.115163013041476,3.84856419374167));
#3564=CARTESIAN_POINT('Ctrl Pts',(-1.76431081404422,0.125982787002587,3.81947827315289));
#3565=CARTESIAN_POINT('Ctrl Pts',(-1.77547695008056,0.136915514612315,3.79012123165864));
#3566=CARTESIAN_POINT('Ctrl Pts',(-1.68043802019018,0.240685604901569,3.89807244101376));
#3567=CARTESIAN_POINT('Ctrl Pts',(-1.69291552805733,0.25178138024236,3.87055813587697));
#3568=CARTESIAN_POINT('Ctrl Pts',(-1.7047135060478,0.262998810895364,3.84273094080771));
#3569=CARTESIAN_POINT('Ctrl Pts',(-1.71579882682083,0.274333699480683,3.81463862329498));
#3570=CARTESIAN_POINT('Ctrl Pts',(-1.67251130301156,0.29898046843214,3.91508221942896));
#3571=CARTESIAN_POINT('Ctrl Pts',(-1.68518967445164,0.310239118749425,3.8878759644306));
#3572=CARTESIAN_POINT('Ctrl Pts',(-1.69719339762828,0.321627871395956,3.86035532031404));
#3573=CARTESIAN_POINT('Ctrl Pts',(-1.70850772146993,0.333132731021916,3.83255410650214));
#3574=CARTESIAN_POINT('Origin',(-0.0264683882321108,0.6164144576348,3.14801069557712));
#3575=CARTESIAN_POINT('Origin',(-0.0264683882321108,2.92757722576429,3.14801069557712));
#3576=CARTESIAN_POINT('',(-1.84246838823211,2.92757722576429,3.14801069557712));
#3577=CARTESIAN_POINT('Origin',(-1.84246838823211,0.155154366591956,1.75037482612219));
#3578=CARTESIAN_POINT('',(-1.84246838823211,4.62500006891787,2.40743536070738));
#3579=CARTESIAN_POINT('Origin',(-1.25746838823211,4.62500006891787,2.40743536070738));
#3580=CARTESIAN_POINT('Ctrl Pts',(-2.99008774580543,0.0504325848362598,
3.84523714434668));
#3581=CARTESIAN_POINT('Ctrl Pts',(-3.00327000177598,0.0389286265431315,
3.87762853183265));
#3582=CARTESIAN_POINT('Ctrl Pts',(-3.01725541752691,0.0275407556114971,
3.9096930552417));
#3583=CARTESIAN_POINT('Ctrl Pts',(-3.03202680947897,0.016282964073192,3.94139131758426));
#3584=CARTESIAN_POINT('Ctrl Pts',(-3.06714710327263,0.0603229625194721,
3.81738907259986));
#3585=CARTESIAN_POINT('Ctrl Pts',(-3.07958024462102,0.0492017338090539,
3.84873202816492));
#3586=CARTESIAN_POINT('Ctrl Pts',(-3.09281161887843,0.0381603330031581,
3.87976399744965));
#3587=CARTESIAN_POINT('Ctrl Pts',(-3.10679066478568,0.027270617661221,3.9104536754386));
#3588=CARTESIAN_POINT('Ctrl Pts',(-3.20098239519933,0.136923388211177,3.79012741318309));
#3589=CARTESIAN_POINT('Ctrl Pts',(-3.21214752748326,0.125991518037713,3.81948215096265));
#3590=CARTESIAN_POINT('Ctrl Pts',(-3.22404678730767,0.115172213920013,3.84856586345772));
#3591=CARTESIAN_POINT('Ctrl Pts',(-3.23668041467864,0.104462593129108,3.87734014932057));
#3592=CARTESIAN_POINT('Ctrl Pts',(-3.2606670490123,0.274333660590028,3.81463959744074));
#3593=CARTESIAN_POINT('Ctrl Pts',(-3.27175137825119,0.262999660295783,3.84272971226859));
#3594=CARTESIAN_POINT('Ctrl Pts',(-3.28354825263413,0.251783098524239,3.8705547502822));
#3595=CARTESIAN_POINT('Ctrl Pts',(-3.29602454986301,0.240688170061221,3.89806695318516));
#3596=CARTESIAN_POINT('Ctrl Pts',(-3.26795810320541,0.333132731021993,3.83255514710674));
#3597=CARTESIAN_POINT('Ctrl Pts',(-3.27927141929357,0.321628772728864,3.86035418286974));
#3598=CARTESIAN_POINT('Ctrl Pts',(-3.29127402562801,0.31024090179723,3.88787269634367));
#3599=CARTESIAN_POINT('Ctrl Pts',(-3.30395117486475,0.298983110258925,3.91507687612349));
#3600=CARTESIAN_POINT('',(-3.26795810320541,0.333132731021993,3.83255514710674));
#3601=CARTESIAN_POINT('Origin',(-2.99008774580543,0.333132731021993,3.94563947174284));
#3602=CARTESIAN_POINT('Origin',(-4.95,0.616411850893255,3.14801803530952));
#3603=CARTESIAN_POINT('Ctrl Pts',(-2.83589152733515,0.155154366591957,3.23746838917527));
#3604=CARTESIAN_POINT('Ctrl Pts',(-2.84634225466583,0.155154366591957,3.44944693146096));
#3605=CARTESIAN_POINT('Ctrl Pts',(-2.90156604509231,0.116731662719956,3.65856060510923));
#3606=CARTESIAN_POINT('Ctrl Pts',(-2.99008774580543,0.0504325848362599,
3.84523714434668));
#3607=CARTESIAN_POINT('Ctrl Pts',(-2.92557107967941,0.155154366591957,3.23367394447414));
#3608=CARTESIAN_POINT('Ctrl Pts',(-2.93528934660873,0.155609686509011,3.43504245774683));
#3609=CARTESIAN_POINT('Ctrl Pts',(-2.98538196591116,0.12153239330358,3.63500760925946));
#3610=CARTESIAN_POINT('Ctrl Pts',(-3.06714710327263,0.0603229625194721,
3.81738907259986));
#3611=CARTESIAN_POINT('Ctrl Pts',(-3.08085438303724,0.230455363294426,3.22710372983549));
#3612=CARTESIAN_POINT('Ctrl Pts',(-3.08934779112439,0.231161480690688,3.41931658283743));
#3613=CARTESIAN_POINT('Ctrl Pts',(-3.13054820343971,0.198397109134258,3.61101002941403));
#3614=CARTESIAN_POINT('Ctrl Pts',(-3.20098349222603,0.136928571333491,3.79012880753942));
#3615=CARTESIAN_POINT('Ctrl Pts',(-3.13562335238215,0.387834524015033,3.22478639193533));
#3616=CARTESIAN_POINT('Ctrl Pts',(-3.14425690676991,0.388042930400612,3.42892276322581));
#3617=CARTESIAN_POINT('Ctrl Pts',(-3.18832461506204,0.346894476015544,3.63110017277134));
#3618=CARTESIAN_POINT('Ctrl Pts',(-3.2606670490123,0.274333660590028,3.81463959744074));
#3619=CARTESIAN_POINT('Ctrl Pts',(-3.13562335238215,0.455154366591957,3.22478639193533));
#3620=CARTESIAN_POINT('Ctrl Pts',(-3.144592407596,0.455154366591957,3.43676493422101));
#3621=CARTESIAN_POINT('Ctrl Pts',(-3.19198673813216,0.410384299745501,3.6458786078693));
#3622=CARTESIAN_POINT('Ctrl Pts',(-3.26795810320541,0.333132731021993,3.83255514710674));
#3623=CARTESIAN_POINT('',(-3.13562335238215,0.455154366591957,3.22478639193533));
#3624=CARTESIAN_POINT('Ctrl Pts',(-3.26795810320541,0.333132731021993,3.83255514710674));
#3625=CARTESIAN_POINT('Ctrl Pts',(-3.19198673813216,0.410384299745501,3.6458786078693));
#3626=CARTESIAN_POINT('Ctrl Pts',(-3.144592407596,0.455154366591957,3.43676493422101));
#3627=CARTESIAN_POINT('Ctrl Pts',(-3.13562335238215,0.455154366591957,3.22478639193533));
#3628=CARTESIAN_POINT('',(-2.83589152733515,0.155154366591957,3.23746838917527));
#3629=CARTESIAN_POINT('Origin',(-2.83589152733515,0.455154366591957,3.23746838917527));
#3630=CARTESIAN_POINT('Ctrl Pts',(-2.83589152733515,0.155154366591957,3.23746838917527));
#3631=CARTESIAN_POINT('Ctrl Pts',(-2.84634225466583,0.155154366591957,3.44944693146096));
#3632=CARTESIAN_POINT('Ctrl Pts',(-2.90156604509231,0.116731662719956,3.65856060510923));
#3633=CARTESIAN_POINT('Ctrl Pts',(-2.99008774580543,0.0504325848362599,
3.84523714434668));
#3634=CARTESIAN_POINT('Origin',(-4.95,0.455154366591957,3.14801803530952));
#3635=CARTESIAN_POINT('',(-3.134,0.455154366591957,3.14801803530952));
#3636=CARTESIAN_POINT('',(-2.834,0.155154366591957,3.14801803530952));
#3637=CARTESIAN_POINT('Origin',(-2.834,0.455154366591957,3.14801803530952));
#3638=CARTESIAN_POINT('Origin',(-4.95,0.155154366591957,3.14801803530952));
#3639=CARTESIAN_POINT('Origin',(-4.95,0.455154366591957,3.14801803530952));
#3640=CARTESIAN_POINT('Origin',(-2.834,0.455154366591957,1.07454923346291));
#3641=CARTESIAN_POINT('',(-3.134,0.455154366591957,1.37627403590982));
#3642=CARTESIAN_POINT('',(-2.834,0.155154366591957,1.37627403590982));
#3643=CARTESIAN_POINT('Origin',(-2.834,0.455154366591957,1.37627403590982));
#3644=CARTESIAN_POINT('',(-2.834,0.155154366591957,1.07454923346291));
#3645=CARTESIAN_POINT('',(-3.134,0.455154366591957,1.07454923346291));
#3646=CARTESIAN_POINT('Ctrl Pts',(-2.607,0.155154366591957,1.14927403590982));
#3647=CARTESIAN_POINT('Ctrl Pts',(-2.834,0.155154366591957,1.14927403590982));
#3648=CARTESIAN_POINT('Ctrl Pts',(-2.834,0.155154366591957,1.37627403590982));
#3649=CARTESIAN_POINT('Ctrl Pts',(-2.607,0.155154366591957,0.849274035909818));
#3650=CARTESIAN_POINT('Ctrl Pts',(-3.134,0.155154366591957,0.849274035909818));
#3651=CARTESIAN_POINT('Ctrl Pts',(-3.134,0.155154366591957,1.37627403590982));
#3652=CARTESIAN_POINT('Ctrl Pts',(-2.607,0.455154366591957,0.849274035909818));
#3653=CARTESIAN_POINT('Ctrl Pts',(-3.134,0.455154366591957,0.849274035909818));
#3654=CARTESIAN_POINT('Ctrl Pts',(-3.134,0.455154366591957,1.37627403590982));
#3655=CARTESIAN_POINT('',(-2.607,0.455154366591957,0.849274035909818));
#3656=CARTESIAN_POINT('',(-2.607,0.155154366591957,1.14927403590982));
#3657=CARTESIAN_POINT('Origin',(-2.607,0.455154366591957,1.14927403590982));
#3658=CARTESIAN_POINT('Origin',(-2.607,0.155154366591957,1.37627403590982));
#3659=CARTESIAN_POINT('Origin',(-2.607,0.455154366591957,1.37627403590982));
#3660=CARTESIAN_POINT('Origin',(-0.934,0.455154366591957,1.14927403590982));
#3661=CARTESIAN_POINT('',(-1.518,0.455154366591957,0.849274035909818));
#3662=CARTESIAN_POINT('',(-1.518,0.155154366591957,1.14927403590982));
#3663=CARTESIAN_POINT('Origin',(-1.518,0.455154366591957,1.14927403590982));
#3664=CARTESIAN_POINT('',(-0.934,0.155154366591957,1.14927403590982));
#3665=CARTESIAN_POINT('',(-0.934,0.455154366591957,0.849274035909818));
#3666=CARTESIAN_POINT('Ctrl Pts',(-1.518,0.455154366591957,0.849274035909818));
#3667=CARTESIAN_POINT('Ctrl Pts',(-1.43063380430017,0.455154366591957,0.849274035909818));
#3668=CARTESIAN_POINT('Ctrl Pts',(-1.29972214509552,0.409741001793066,0.819272446495166));
#3669=CARTESIAN_POINT('Ctrl Pts',(-1.11354170199833,0.232757779345575,0.702351403611304));
#3670=CARTESIAN_POINT('Ctrl Pts',(-0.973848199594493,-0.0321090372327193,
0.52737151573605));
#3671=CARTESIAN_POINT('Ctrl Pts',(-0.934,-0.29659954265693,0.352640231609649));
#3672=CARTESIAN_POINT('Ctrl Pts',(-0.934,-0.428845633408043,0.265274035909818));
#3673=CARTESIAN_POINT('Ctrl Pts',(-1.518,0.365394576489391,0.849274035909818));
#3674=CARTESIAN_POINT('Ctrl Pts',(-1.44424726344864,0.365394576489391,0.849274035909818));
#3675=CARTESIAN_POINT('Ctrl Pts',(-1.33084558893922,0.331342409700676,0.829794455972892));
#3676=CARTESIAN_POINT('Ctrl Pts',(-1.14174424305752,0.181631068330319,0.729036410847745));
#3677=CARTESIAN_POINT('Ctrl Pts',(-0.982350543808779,-0.0576650988863759,
0.553105685571943));
#3678=CARTESIAN_POINT('Ctrl Pts',(-0.934,-0.30514809409527,0.361188783047989));
#3679=CARTESIAN_POINT('Ctrl Pts',(-0.934,-0.428845633408043,0.265274035909818));
#3680=CARTESIAN_POINT('Ctrl Pts',(-1.518,0.209911931332526,0.924494811762681));
#3681=CARTESIAN_POINT('Ctrl Pts',(-1.45600613622866,0.209911931332526,0.924494811762681));
#3682=CARTESIAN_POINT('Ctrl Pts',(-1.35779969784417,0.195157622345756,0.907722592354236));
#3683=CARTESIAN_POINT('Ctrl Pts',(-1.16442073819483,0.091937576685984,0.79870401467646));
#3684=CARTESIAN_POINT('Ctrl Pts',(-0.98868241976702,-0.10247286957266,0.598063017624907));
#3685=CARTESIAN_POINT('Ctrl Pts',(-0.934,-0.320108059112364,0.376148748065083));
#3686=CARTESIAN_POINT('Ctrl Pts',(-0.934,-0.428845633408043,0.265274035909819));
#3687=CARTESIAN_POINT('Ctrl Pts',(-1.518,0.155154366591957,1.08195419333289));
#3688=CARTESIAN_POINT('Ctrl Pts',(-1.4407025144028,0.155154366591957,1.08195419333289));
#3689=CARTESIAN_POINT('Ctrl Pts',(-1.32294431284621,0.133088611778567,1.04511140297065));
#3690=CARTESIAN_POINT('Ctrl Pts',(-1.13466790946128,0.0281217156120481,
0.888396631134313));
#3691=CARTESIAN_POINT('Ctrl Pts',(-0.980288635647825,-0.147474829816196,
0.642812996245873));
#3692=CARTESIAN_POINT('Ctrl Pts',(-0.934,-0.335068024129458,0.391108713082177));
#3693=CARTESIAN_POINT('Ctrl Pts',(-0.934,-0.428845633408043,0.265274035909818));
#3694=CARTESIAN_POINT('Ctrl Pts',(-1.518,0.155154366591957,1.14927403590982));
#3695=CARTESIAN_POINT('Ctrl Pts',(-1.43063380430017,0.155154366591957,1.14927403590982));
#3696=CARTESIAN_POINT('Ctrl Pts',(-1.29972214509552,0.125152777177305,1.10386067111093));
#3697=CARTESIAN_POINT('Ctrl Pts',(-1.11354170199833,0.00823173429344199,
0.926877448663437));
#3698=CARTESIAN_POINT('Ctrl Pts',(-0.973848199594493,-0.166748153581811,
0.662010632085142));
#3699=CARTESIAN_POINT('Ctrl Pts',(-0.934,-0.341479437708213,0.397520126660932));
#3700=CARTESIAN_POINT('Ctrl Pts',(-0.934,-0.428845633408043,0.265274035909818));
#3701=CARTESIAN_POINT('Origin',(-1.518,-0.428845633408043,0.265274035909818));
#3702=CARTESIAN_POINT('Origin',(-1.518,-0.428845633408043,0.265274035909818));
#3703=CARTESIAN_POINT('Origin',(-1.518,-0.428845633408043,0.549637019817554));
#3704=CARTESIAN_POINT('',(-1.518,0.155154366591957,0.549637019817554));
#3705=CARTESIAN_POINT('Origin',(-1.518,4.04742287817131,0.265274035909818));
#3706=CARTESIAN_POINT('',(-1.518,5.04484571536443,0.849274035909818));
#3707=CARTESIAN_POINT('',(-1.518,4.04742287817131,0.849274035909818));
#3708=CARTESIAN_POINT('',(-1.00445405486482,5.50792163722976,0.543350576180546));
#3709=CARTESIAN_POINT('Origin',(-1.518,5.92884571536443,0.265274035909818));
#3710=CARTESIAN_POINT('',(-0.948163697372939,5.43102683956017,0.393112168751003));
#3711=CARTESIAN_POINT('Ctrl Pts',(-1.00445405487278,5.50792163723384,0.543350576170571));
#3712=CARTESIAN_POINT('Ctrl Pts',(-1.0014885742147,5.5003258102457,0.537873988444461));
#3713=CARTESIAN_POINT('Ctrl Pts',(-0.998382049760295,5.49329617236059,0.53192233755198));
#3714=CARTESIAN_POINT('Ctrl Pts',(-0.987136325769483,5.47015198488325,0.509351680863503));
#3715=CARTESIAN_POINT('Ctrl Pts',(-0.977845879530824,5.45560164251404,0.488632664576835));
#3716=CARTESIAN_POINT('Ctrl Pts',(-0.961044723035272,5.43602803257262,0.442633475293415));
#3717=CARTESIAN_POINT('Ctrl Pts',(-0.953594907521138,5.43102683956017,0.417321695602315));
#3718=CARTESIAN_POINT('Ctrl Pts',(-0.948163697372939,5.43102683956017,0.393112168751003));
#3719=CARTESIAN_POINT('Ctrl Pts',(-0.948163697372939,5.43102683956017,0.393112168751003));
#3720=CARTESIAN_POINT('Ctrl Pts',(-0.943044288665053,5.43102683956017,0.370292491516178));
#3721=CARTESIAN_POINT('Ctrl Pts',(-0.939100979249141,5.43552262125198,0.345636346668004));
#3722=CARTESIAN_POINT('Ctrl Pts',(-0.934708946761873,5.45372382133029,0.30127285894471));
#3723=CARTESIAN_POINT('Ctrl Pts',(-0.934,5.46688034181203,0.281354779267132));
#3724=CARTESIAN_POINT('Ctrl Pts',(-0.934,5.48221880484871,0.265274035909814));
#3725=CARTESIAN_POINT('',(-0.948082346233307,3.33111427722553,0.39274900570808));
#3726=CARTESIAN_POINT('Ctrl Pts',(-0.934,3.6507010133819,0.26527403590981));
#3727=CARTESIAN_POINT('Ctrl Pts',(-0.934,3.66589319275882,0.281287963330296));
#3728=CARTESIAN_POINT('Ctrl Pts',(-0.934702516650472,3.67891599577182,0.301069865307308));
#3729=CARTESIAN_POINT('Ctrl Pts',(-0.939050457261267,3.69705112183198,0.345271033558905));
#3730=CARTESIAN_POINT('Ctrl Pts',(-0.942977831632476,3.70154751633914,0.369927639368262));
#3731=CARTESIAN_POINT('Ctrl Pts',(-0.953496737029739,3.70154751633914,0.416955772763309));
#3732=CARTESIAN_POINT('Ctrl Pts',(-0.960928103030017,3.69654735241908,0.442265868659593));
#3733=CARTESIAN_POINT('Ctrl Pts',(-0.977693540975429,3.67697628510748,0.488263132448791));
#3734=CARTESIAN_POINT('Ctrl Pts',(-0.986966676432437,3.66242740504468,0.508981853272737));
#3735=CARTESIAN_POINT('Ctrl Pts',(-1.00283391790821,3.62971744587224,0.540884656427471));
#3736=CARTESIAN_POINT('Ctrl Pts',(-1.01062110436639,3.60951179766322,0.554651195964143));
#3737=CARTESIAN_POINT('Ctrl Pts',(-1.02165997523934,3.56462201680261,0.573201093857288));
#3738=CARTESIAN_POINT('Ctrl Pts',(-1.02476580618675,3.5398943683395,0.577965625264884));
#3739=CARTESIAN_POINT('Ctrl Pts',(-1.02476580618675,3.51633089678234,0.577965625264884));
#3740=CARTESIAN_POINT('Ctrl Pts',(-1.02476580618675,3.49276742522517,0.577965625264884));
#3741=CARTESIAN_POINT('Ctrl Pts',(-1.02165997523934,3.46803977676206,0.573201093857288));
#3742=CARTESIAN_POINT('Ctrl Pts',(-1.01062110436639,3.42314999590146,0.554651195964143));
#3743=CARTESIAN_POINT('Ctrl Pts',(-1.00283391790821,3.40294434769244,0.540884656427471));
#3744=CARTESIAN_POINT('Ctrl Pts',(-0.986966676432437,3.37023438851999,0.508981853272737));
#3745=CARTESIAN_POINT('Ctrl Pts',(-0.977693540975429,3.35568550845719,0.488263132448791));
#3746=CARTESIAN_POINT('Ctrl Pts',(-0.960928103030017,3.3361144411456,0.442265868659593));
#3747=CARTESIAN_POINT('Ctrl Pts',(-0.953496737029739,3.33111427722553,0.416955772763309));
#3748=CARTESIAN_POINT('Ctrl Pts',(-0.948082346233307,3.33111427722553,0.39274900570808));
#3749=CARTESIAN_POINT('Ctrl Pts',(-0.948082346233307,3.33111427722553,0.39274900570808));
#3750=CARTESIAN_POINT('Ctrl Pts',(-0.942977831632476,3.33111427722553,0.369927639368262));
#3751=CARTESIAN_POINT('Ctrl Pts',(-0.939050457261267,3.33561067173269,0.345271033558905));
#3752=CARTESIAN_POINT('Ctrl Pts',(-0.934702516650472,3.35374579779285,0.301069865307308));
#3753=CARTESIAN_POINT('Ctrl Pts',(-0.934,3.36676860080585,0.281287963330296));
#3754=CARTESIAN_POINT('Ctrl Pts',(-0.934,3.38196078018277,0.26527403590981));
#3755=CARTESIAN_POINT('Origin',(-0.934,5.34484571536443,0.849274035909818));
#3756=CARTESIAN_POINT('',(-2.607,5.04484571536443,0.849274035909818));
#3757=CARTESIAN_POINT('',(-2.607,4.04742287817131,0.849274035909818));
#3758=CARTESIAN_POINT('',(-0.934,5.04484571536443,0.849274035909818));
#3759=CARTESIAN_POINT('Origin',(-2.607,4.04742287817131,1.37627403590982));
#3760=CARTESIAN_POINT('',(-3.134,5.04484571536443,1.37627403590982));
#3761=CARTESIAN_POINT('',(-3.134,4.04742287817131,1.37627403590982));
#3762=CARTESIAN_POINT('Origin',(-2.607,5.04484571536443,1.37627403590982));
#3763=CARTESIAN_POINT('Origin',(-3.134,2.75000004097819,1.299824431016));
#3764=CARTESIAN_POINT('',(-3.134,5.04484571536443,3.14801803530952));
#3765=CARTESIAN_POINT('',(-3.134,1.27499977987707,3.14801803530952));
#3766=CARTESIAN_POINT('',(-3.134,5.04484571536443,1.52509962856909));
#3767=CARTESIAN_POINT('Origin',(-4.95,1.27499977987707,3.14801803530952));
#3768=CARTESIAN_POINT('',(-3.30395117486475,5.20101678469621,3.91507687612349));
#3769=CARTESIAN_POINT('',(-3.30395117486475,1.27499977987707,3.91507687612349));
#3770=CARTESIAN_POINT('',(-3.26795794612439,5.16686705019043,3.83255476112774));
#3771=CARTESIAN_POINT('Origin',(-4.95,4.88358847150455,3.14801803530952));
#3772=CARTESIAN_POINT('',(-3.13562336680022,5.04484571536443,3.22478673269731));
#3773=CARTESIAN_POINT('Ctrl Pts',(-3.13562336680022,5.04484571536443,3.22478673269731));
#3774=CARTESIAN_POINT('Ctrl Pts',(-3.14459245055628,5.04484571536443,3.43676500694123));
#3775=CARTESIAN_POINT('Ctrl Pts',(-3.19198671005157,5.08961566589349,3.6458784161783));
#3776=CARTESIAN_POINT('Ctrl Pts',(-3.26795794612439,5.16686705019043,3.83255476112774));
#3777=CARTESIAN_POINT('Origin',(-4.95,5.04484571536443,3.14801803530952));
#3778=CARTESIAN_POINT('Origin',(-3.60000005364418,-0.200000481224054,4.55037482612219));
#3779=CARTESIAN_POINT('',(-3.27022026318095,5.17530931839771,3.84269295380412));
#3780=CARTESIAN_POINT('Origin',(-2.99829589779517,5.17530931839771,3.96940972266105));
#3781=CARTESIAN_POINT('Origin',(-3.03202680947897,5.20101678469621,4.04179364498042));
#3782=CARTESIAN_POINT('Ctrl Pts',(-3.03202680947897,5.4837169735205,3.94139143764059));
#3783=CARTESIAN_POINT('Ctrl Pts',(-3.01725534916187,5.47245914503839,3.90969302859195));
#3784=CARTESIAN_POINT('Ctrl Pts',(-3.00326987232275,5.46107123613381,3.87762835508589));
#3785=CARTESIAN_POINT('Ctrl Pts',(-2.9900875627749,5.44956723901472,3.84523681466097));
#3786=CARTESIAN_POINT('Ctrl Pts',(-3.10679067189647,5.47272933036873,3.91045378322004));
#3787=CARTESIAN_POINT('Ctrl Pts',(-3.09281156114132,5.46183957947262,3.87976396369603));
#3788=CARTESIAN_POINT('Ctrl Pts',(-3.07958012902836,5.45079814202332,3.84873184965861));
#3789=CARTESIAN_POINT('Ctrl Pts',(-3.06714693718461,5.43967687599206,3.81738874669385));
#3790=CARTESIAN_POINT('Ctrl Pts',(-3.23667076732373,5.39552520350308,3.87734903478897));
#3791=CARTESIAN_POINT('Ctrl Pts',(-3.22403708108237,5.3848155478602,3.84857461674059));
#3792=CARTESIAN_POINT('Ctrl Pts',(-3.21213707286597,5.37399562054344,3.81949069055948));
#3793=CARTESIAN_POINT('Ctrl Pts',(-3.20097189529111,5.36306371382453,3.79013581538685));
#3794=CARTESIAN_POINT('Ctrl Pts',(-3.29602455858739,5.25931173923074,3.89806697190701));
#3795=CARTESIAN_POINT('Ctrl Pts',(-3.28354820342045,5.24821677444528,3.87055464206466));
#3796=CARTESIAN_POINT('Ctrl Pts',(-3.27175127742041,5.23700017537036,3.84272947423596));
#3797=CARTESIAN_POINT('Ctrl Pts',(-3.26066690315763,5.2256661369275,3.81463922727227));
#3798=CARTESIAN_POINT('Ctrl Pts',(-3.30395117486475,5.20101678469621,3.91507687612349));
#3799=CARTESIAN_POINT('Ctrl Pts',(-3.29127396695555,5.1897589562141,3.88787257043713));
#3800=CARTESIAN_POINT('Ctrl Pts',(-3.27927130819381,5.17837104730952,3.86035392814649));
#3801=CARTESIAN_POINT('Ctrl Pts',(-3.26795794612439,5.16686705019043,3.83255476112774));
#3802=CARTESIAN_POINT('Origin',(-2.9900875627749,5.16686705019043,3.9456390220008));
#3803=CARTESIAN_POINT('Ctrl Pts',(-2.9900875627749,5.44956723901472,3.84523681466097));
#3804=CARTESIAN_POINT('Ctrl Pts',(-2.90156601237285,5.38326831941016,3.65856046971151));
#3805=CARTESIAN_POINT('Ctrl Pts',(-2.84634230472307,5.34484571536443,3.44944706047446));
#3806=CARTESIAN_POINT('Ctrl Pts',(-2.83589154413505,5.34484571536443,3.23746878623053));
#3807=CARTESIAN_POINT('Ctrl Pts',(-3.06714693718461,5.43967687599206,3.81738874669385));
#3808=CARTESIAN_POINT('Ctrl Pts',(-2.98538193977973,5.3784675968367,3.63500748103746));
#3809=CARTESIAN_POINT('Ctrl Pts',(-2.93528939362699,5.34439039400203,3.43504258344148));
#3810=CARTESIAN_POINT('Ctrl Pts',(-2.92557109576667,5.34484571536443,3.23367432468649));
#3811=CARTESIAN_POINT('Ctrl Pts',(-3.20097076689683,5.36305408915584,3.79013969284997));
#3812=CARTESIAN_POINT('Ctrl Pts',(-3.13053560051599,5.30158570681178,3.61102111573617));
#3813=CARTESIAN_POINT('Ctrl Pts',(-3.08932784188868,5.26881202706346,3.41931753696913));
#3814=CARTESIAN_POINT('Ctrl Pts',(-3.08083440676109,5.26951814670119,3.22710492673512));
#3815=CARTESIAN_POINT('Ctrl Pts',(-3.26066690315763,5.2256661369275,3.81463922727227));
#3816=CARTESIAN_POINT('Ctrl Pts',(-3.18832459313797,5.15310549729812,3.63109999914955));
#3817=CARTESIAN_POINT('Ctrl Pts',(-3.14425694866784,5.11195715089422,3.4289228459879));
#3818=CARTESIAN_POINT('Ctrl Pts',(-3.13562336680022,5.11216555794135,3.22478673269731));
#3819=CARTESIAN_POINT('Ctrl Pts',(-3.26795794612439,5.16686705019043,3.83255476112774));
#3820=CARTESIAN_POINT('Ctrl Pts',(-3.19198671005157,5.08961566589349,3.6458784161783));
#3821=CARTESIAN_POINT('Ctrl Pts',(-3.14459245055628,5.04484571536443,3.43676500694123));
#3822=CARTESIAN_POINT('Ctrl Pts',(-3.13562336680022,5.04484571536443,3.22478673269731));
#3823=CARTESIAN_POINT('Origin',(-2.83589154413505,5.04484571536443,3.23746878623053));
#3824=CARTESIAN_POINT('Origin',(-4.95,5.04484571536443,3.14801803530952));
#3825=CARTESIAN_POINT('Origin',(-2.834,5.04484571536443,3.14801803530952));
#3826=CARTESIAN_POINT('Origin',(-2.834,5.04484571536443,1.52509962856909));
#3827=CARTESIAN_POINT('Origin',(-2.834,5.04484571536443,1.37627403590982));
#3828=CARTESIAN_POINT('Ctrl Pts',(-2.834,5.34484571536443,1.37627403590982));
#3829=CARTESIAN_POINT('Ctrl Pts',(-2.834,5.34484571536443,1.14927403590982));
#3830=CARTESIAN_POINT('Ctrl Pts',(-2.607,5.34484571536443,1.14927403590982));
#3831=CARTESIAN_POINT('Ctrl Pts',(-3.134,5.34484571536443,1.37627403590982));
#3832=CARTESIAN_POINT('Ctrl Pts',(-3.134,5.34484571536443,0.849274035909818));
#3833=CARTESIAN_POINT('Ctrl Pts',(-2.607,5.34484571536443,0.849274035909818));
#3834=CARTESIAN_POINT('Ctrl Pts',(-3.134,5.04484571536443,1.37627403590982));
#3835=CARTESIAN_POINT('Ctrl Pts',(-3.134,5.04484571536443,0.849274035909818));
#3836=CARTESIAN_POINT('Ctrl Pts',(-2.607,5.04484571536443,0.849274035909818));
#3837=CARTESIAN_POINT('Origin',(-2.607,5.04484571536443,1.14927403590982));
#3838=CARTESIAN_POINT('Origin',(-0.934,5.04484571536443,1.14927403590982));
#3839=CARTESIAN_POINT('Origin',(-1.518,5.04484571536443,1.14927403590982));
#3840=CARTESIAN_POINT('Ctrl Pts',(-1.518,5.34484571536443,1.14927403590982));
#3841=CARTESIAN_POINT('Ctrl Pts',(-1.47431690215008,5.34484571536443,1.14927403590982));
#3842=CARTESIAN_POINT('Ctrl Pts',(-1.34323831406042,5.35948093978333,1.12712071675518));
#3843=CARTESIAN_POINT('Ctrl Pts',(-1.1414381970307,5.45661437070697,0.980089975425568));
#3844=CARTESIAN_POINT('Ctrl Pts',(-0.973885397835635,5.66681438167226,0.661910506772624));
#3845=CARTESIAN_POINT('Ctrl Pts',(-0.934,5.8414795196646,0.397520126660932));
#3846=CARTESIAN_POINT('Ctrl Pts',(-0.934,5.92884571536443,0.265274035909818));
#3847=CARTESIAN_POINT('Ctrl Pts',(-1.518,5.34484571536443,1.05951424580725));
#3848=CARTESIAN_POINT('Ctrl Pts',(-1.48112363172432,5.34484571536443,1.05951424580725));
#3849=CARTESIAN_POINT('Ctrl Pts',(-1.37112580896007,5.35442427648982,1.0429501698182));
#3850=CARTESIAN_POINT('Ctrl Pts',(-1.1745664830222,5.42966509970769,0.923931168402722));
#3851=CARTESIAN_POINT('Ctrl Pts',(-0.981992069974339,5.64099641457666,0.636360678801018));
#3852=CARTESIAN_POINT('Ctrl Pts',(-0.934,5.83293096822626,0.388971575222592));
#3853=CARTESIAN_POINT('Ctrl Pts',(-0.934,5.92884571536443,0.265274035909818));
#3854=CARTESIAN_POINT('Ctrl Pts',(-1.518,5.26954015454122,0.904095444784502));
#3855=CARTESIAN_POINT('Ctrl Pts',(-1.48700306811433,5.26954015454122,0.904095444784502));
#3856=CARTESIAN_POINT('Ctrl Pts',(-1.39542003347601,5.27764372766359,0.89695117166387));
#3857=CARTESIAN_POINT('Ctrl Pts',(-1.20132898112888,5.35483558053219,0.82536844505638));
#3858=CARTESIAN_POINT('Ctrl Pts',(-0.987880821771218,5.59627287693851,0.59144085156943));
#3859=CARTESIAN_POINT('Ctrl Pts',(-0.934,5.81797100320917,0.374011610205498));
#3860=CARTESIAN_POINT('Ctrl Pts',(-0.934,5.92884571536443,0.265274035909818));
#3861=CARTESIAN_POINT('Ctrl Pts',(-1.518,5.11216555794135,0.849274035909818));
#3862=CARTESIAN_POINT('Ctrl Pts',(-1.4793512572014,5.11216555794135,0.849274035909818));
#3863=CARTESIAN_POINT('Ctrl Pts',(-1.36392443346679,5.13010854024492,0.838447032576078));
#3864=CARTESIAN_POINT('Ctrl Pts',(-1.16618654585397,5.25631665402376,0.757563765924286));
#3865=CARTESIAN_POINT('Ctrl Pts',(-0.980024061489108,5.55146628690011,0.546583361786462));
#3866=CARTESIAN_POINT('Ctrl Pts',(-0.934,5.80301103819207,0.359051645188404));
#3867=CARTESIAN_POINT('Ctrl Pts',(-0.934,5.92884571536443,0.265274035909818));
#3868=CARTESIAN_POINT('Ctrl Pts',(-1.518,5.04484571536443,0.849274035909818));
#3869=CARTESIAN_POINT('Ctrl Pts',(-1.47431690215008,5.04484571536443,0.849274035909818));
#3870=CARTESIAN_POINT('Ctrl Pts',(-1.34323831406042,5.06699903451907,0.834638811490916));
#3871=CARTESIAN_POINT('Ctrl Pts',(-1.1414381970307,5.21402977584868,0.737505380567281));
#3872=CARTESIAN_POINT('Ctrl Pts',(-0.973885397835635,5.53220924450163,0.527305369601989));
#3873=CARTESIAN_POINT('Ctrl Pts',(-0.934,5.79659962461332,0.352640231609649));
#3874=CARTESIAN_POINT('Ctrl Pts',(-0.934,5.92884571536443,0.265274035909818));
#3875=CARTESIAN_POINT('',(-0.940538522734925,5.79693452423545,0.352418985705191));
#3876=CARTESIAN_POINT('Ctrl Pts',(-0.940589980510865,5.79693811032106,0.3524166166172));
#3877=CARTESIAN_POINT('Ctrl Pts',(-0.936221301121577,5.84057905487927,0.323585947361553));
#3878=CARTESIAN_POINT('Ctrl Pts',(-0.934,5.8847095503558,0.294431864377055));
#3879=CARTESIAN_POINT('Ctrl Pts',(-0.934,5.92884571536443,0.265274035909818));
#3880=CARTESIAN_POINT('Ctrl Pts',(-0.940538522734957,5.7969345242355,0.352418985705402));
#3881=CARTESIAN_POINT('Ctrl Pts',(-0.941146954387322,5.79784250694146,0.356450726404241));
#3882=CARTESIAN_POINT('Ctrl Pts',(-0.941703658245869,5.79861666997335,0.36051779627462));
#3883=CARTESIAN_POINT('Ctrl Pts',(-0.944261995648763,5.80179154104273,0.380906287847579));
#3884=CARTESIAN_POINT('Ctrl Pts',(-0.945610805630852,5.80214739793776,0.397503528212296));
#3885=CARTESIAN_POINT('Ctrl Pts',(-0.948696980941207,5.79761763544319,0.437487029129899));
#3886=CARTESIAN_POINT('Ctrl Pts',(-0.950375642776566,5.79046550158828,0.46027208057798));
#3887=CARTESIAN_POINT('Ctrl Pts',(-0.953870671984168,5.77752348425064,0.484255129165495));
#3888=CARTESIAN_POINT('Ctrl Pts',(-0.954363589243964,5.77571457067296,0.487384064948984));
#3889=CARTESIAN_POINT('Ctrl Pts',(-0.955143255330065,5.77289674676129,0.491945425861752));
#3890=CARTESIAN_POINT('Ctrl Pts',(-0.955405453500555,5.77195555029536,0.493421699464908));
#3891=CARTESIAN_POINT('Ctrl Pts',(-0.955889798656177,5.77023049231719,0.496044775421307));
#3892=CARTESIAN_POINT('Ctrl Pts',(-0.956109062032578,5.76945418893475,0.497196729961188));
#3893=CARTESIAN_POINT('Ctrl Pts',(-0.956581347028992,5.76779282685765,0.499603221905558));
#3894=CARTESIAN_POINT('Ctrl Pts',(-0.956835439513555,5.76690512199637,0.50085543957527));
#3895=CARTESIAN_POINT('Ctrl Pts',(-0.957522386928152,5.7645227693922,0.504129135334855));
#3896=CARTESIAN_POINT('Ctrl Pts',(-0.957965498937502,5.76300356508131,0.506129700868147));
#3897=CARTESIAN_POINT('Ctrl Pts',(-0.959397714809019,5.75815335861139,0.512254544566321));
#3898=CARTESIAN_POINT('Ctrl Pts',(-0.960444030428385,5.75469397559659,0.516256266636646));
#3899=CARTESIAN_POINT('Ctrl Pts',(-0.964927687108826,5.74023205490077,0.531612298082047));
#3900=CARTESIAN_POINT('Ctrl Pts',(-0.968951948717829,5.72808106795899,0.541566650509381));
#3901=CARTESIAN_POINT('Ctrl Pts',(-0.979377975316129,5.69749855679322,0.560825054069182));
#3902=CARTESIAN_POINT('Ctrl Pts',(-0.98610785582704,5.67840650230356,0.568776233697875));
#3903=CARTESIAN_POINT('Ctrl Pts',(-0.999623636572398,5.63587525450717,0.578749225289898));
#3904=CARTESIAN_POINT('Ctrl Pts',(-1.0061222102316,5.61257732115586,0.579709049980866));
#3905=CARTESIAN_POINT('Ctrl Pts',(-1.01215424033966,5.57437511627535,0.574211777790732));
#3906=CARTESIAN_POINT('Ctrl Pts',(-1.01324064363562,5.55915715668482,0.570019501933196));
#3907=CARTESIAN_POINT('Ctrl Pts',(-1.01137729608321,5.53131241610697,0.558336193767676));
#3908=CARTESIAN_POINT('Ctrl Pts',(-1.00880898402923,5.5190764186143,0.551393168355014));
#3909=CARTESIAN_POINT('Ctrl Pts',(-1.00445405488485,5.50792163726476,0.543350576192861));
#3910=CARTESIAN_POINT('Origin',(-0.634,5.61624345911697,0.393112168751003));
#3911=CARTESIAN_POINT('Ctrl Pts',(-0.934,5.75026811338524,0.265274035909814));
#3912=CARTESIAN_POINT('Ctrl Pts',(-0.934,5.76560657642192,0.281354779267133));
#3913=CARTESIAN_POINT('Ctrl Pts',(-0.934708946761873,5.77876309690366,0.30127285894471));
#3914=CARTESIAN_POINT('Ctrl Pts',(-0.937795261807845,5.79155322034179,0.33244742335177));
#3915=CARTESIAN_POINT('Ctrl Pts',(-0.939027443702939,5.79467949094931,0.342405899093432));
#3916=CARTESIAN_POINT('Ctrl Pts',(-0.940538522734876,5.79693452423538,0.352418985704861));
#3917=CARTESIAN_POINT('',(-0.634,5.43102683956017,0.393112168751003));
#3918=CARTESIAN_POINT('',(-0.634,5.43102683956017,0.393112168751003));
#3919=CARTESIAN_POINT('Origin',(-0.634,5.61624345911697,0.393112168751003));
#3920=CARTESIAN_POINT('Origin',(-1.15522947808937,-1.66084563340804,3.23746838917527));
#3921=CARTESIAN_POINT('',(-1.15522947808937,0.155154366591957,3.23746838917527));
#3922=CARTESIAN_POINT('Origin',(-0.934,0.155154366591957,0.849274035909818));
#3923=CARTESIAN_POINT('Origin',(-1.518,4.04742287817131,0.265274035909818));
#3924=CARTESIAN_POINT('Origin',(-0.854,-0.920000014901161,1.12500001676381));
#3925=CARTESIAN_POINT('Origin',(-0.714,4.62500006891787,1.92000002980232));
#3926=CARTESIAN_POINT('',(-0.634,4.62500006891787,1.92000002980232));
#3927=CARTESIAN_POINT('Origin',(-0.634,3.51633089678234,0.39274900570808));
#3928=CARTESIAN_POINT('',(-0.634,3.33111427722553,0.39274900570808));
#3929=CARTESIAN_POINT('',(-0.634,3.33111427722553,0.39274900570808));
#3930=CARTESIAN_POINT('Origin',(-0.634,3.51633089678234,0.39274900570808));
#3931=CARTESIAN_POINT('Origin',(-0.634,5.61658348644069,-0.857103853476195));
#3932=CARTESIAN_POINT('',(-0.634,5.43136686688389,-0.857103853476195));
#3933=CARTESIAN_POINT('',(-0.634,5.43136686688389,-0.857103853476195));
#3934=CARTESIAN_POINT('Origin',(-0.634,5.61658348644069,-0.857103853476195));
#3935=CARTESIAN_POINT('Origin',(-0.634,3.51633089678234,-0.857103853476195));
#3936=CARTESIAN_POINT('',(-0.634,3.33111427722553,-0.857103853476195));
#3937=CARTESIAN_POINT('',(-0.634,3.33111427722553,-0.857103853476195));
#3938=CARTESIAN_POINT('Origin',(-0.634,3.51633089678234,-0.857103853476195));
#3939=CARTESIAN_POINT('Origin',(-0.634,2.75000004097819,0.25000000372529));
#3940=UNCERTAINTY_MEASURE_WITH_UNIT(LENGTH_MEASURE(0.001),#3944,
'DISTANCE_ACCURACY_VALUE',
'Maximum model space distance between geometric entities at asserted c
onnectivities');
#3941=UNCERTAINTY_MEASURE_WITH_UNIT(LENGTH_MEASURE(0.001),#3944,
'DISTANCE_ACCURACY_VALUE',
'Maximum model space distance between geometric entities at asserted c
onnectivities');
#3942=(
GEOMETRIC_REPRESENTATION_CONTEXT(3)
GLOBAL_UNCERTAINTY_ASSIGNED_CONTEXT((#3940))
GLOBAL_UNIT_ASSIGNED_CONTEXT((#3944,#3946,#3947))
REPRESENTATION_CONTEXT('','3D')
);
#3943=(
GEOMETRIC_REPRESENTATION_CONTEXT(3)
GLOBAL_UNCERTAINTY_ASSIGNED_CONTEXT((#3941))
GLOBAL_UNIT_ASSIGNED_CONTEXT((#3944,#3946,#3947))
REPRESENTATION_CONTEXT('','3D')
);
#3944=(
LENGTH_UNIT()
NAMED_UNIT(*)
SI_UNIT(.CENTI.,.METRE.)
);
#3945=(
LENGTH_UNIT()
NAMED_UNIT(*)
SI_UNIT($,.METRE.)
);
#3946=(
NAMED_UNIT(*)
PLANE_ANGLE_UNIT()
SI_UNIT($,.RADIAN.)
);
#3947=(
NAMED_UNIT(*)
SI_UNIT($,.STERADIAN.)
SOLID_ANGLE_UNIT()
);
#3948=SHAPE_DEFINITION_REPRESENTATION(#3949,#3950);
#3949=PRODUCT_DEFINITION_SHAPE('',$,#3952);
#3950=SHAPE_REPRESENTATION('',(#1813),#3942);
#3951=PRODUCT_DEFINITION_CONTEXT('part definition',#3956,'design');
#3952=PRODUCT_DEFINITION('2026-04-03-19-10-16-873','oak d lite holder',
#3953,#3951);
#3953=PRODUCT_DEFINITION_FORMATION('',$,#3958);
#3954=PRODUCT_RELATED_PRODUCT_CATEGORY('oak d lite holder',
'oak d lite holder',(#3958));
#3955=APPLICATION_PROTOCOL_DEFINITION('international standard',
'automotive_design',2009,#3956);
#3956=APPLICATION_CONTEXT(
'Core Data for Automotive Mechanical Design Process');
#3957=PRODUCT_CONTEXT('part definition',#3956,'mechanical');
#3958=PRODUCT('2026-04-03-19-10-16-873','oak d lite holder',$,(#3957));
#3959=PRESENTATION_STYLE_ASSIGNMENT((#3960));
#3960=SURFACE_STYLE_USAGE(.BOTH.,#3961);
#3961=SURFACE_SIDE_STYLE('',(#3962));
#3962=SURFACE_STYLE_FILL_AREA(#3963);
#3963=FILL_AREA_STYLE('Steel - Satin',(#3964));
#3964=FILL_AREA_STYLE_COLOUR('Steel - Satin',#3965);
#3965=COLOUR_RGB('Steel - Satin',0.627450980392157,0.627450980392157,0.627450980392157);
ENDSEC;
END-ISO-10303-21;
