ISO-10303-21;
HEADER;
/* Generated by software containing ST-Developer
 * from STEP Tools, Inc. (www.steptools.com) 
 */

FILE_DESCRIPTION(
/* description */ (''),
/* implementation_level */ '2;1');

FILE_NAME(
/* name */ 'BILBO top frame.step',
/* time_stamp */ '2026-04-05T23:38:43+05:30',
/* author */ (''),
/* organization */ (''),
/* preprocessor_version */ 'ST-DEVELOPER v20.1',
/* originating_system */ 'Autodesk Translation Framework v14.24.0.0',
/* authorisation */ '');

FILE_SCHEMA (('AUTOMOTIVE_DESIGN { 1 0 10303 214 3 1 1 }'));
ENDSEC;

DATA;
#10=MECHANICAL_DESIGN_GEOMETRIC_PRESENTATION_REPRESENTATION('',(#13),#7190);
#11=SHAPE_REPRESENTATION_RELATIONSHIP('SRR','None',#7197,#12);
#12=ADVANCED_BREP_SHAPE_REPRESENTATION('',(#4018),#7189);
#13=STYLED_ITEM('',(#7207),#4018);
#14=B_SPLINE_CURVE_WITH_KNOTS('',3,(#6733,#6734,#6735,#6736,#6737,#6738,
#6739,#6740,#6741,#6742,#6743,#6744,#6745,#6746,#6747,#6748,#6749,#6750,
#6751,#6752,#6753,#6754),.UNSPECIFIED.,.F.,.F.,(4,3,3,3,3,3,3,4),(0.,0.250295643572123,
0.500520475282672,0.750686802536768,1.00100426784252,1.25118557129259,1.50139971273168,
1.57079835176247),.UNSPECIFIED.);
#15=B_SPLINE_CURVE_WITH_KNOTS('',3,(#6760,#6761,#6762,#6763,#6764,#6765,
#6766,#6767,#6768,#6769,#6770,#6771,#6772,#6773,#6774,#6775,#6776,#6777,
#6778,#6779,#6780,#6781),.UNSPECIFIED.,.F.,.F.,(4,3,3,3,3,3,3,4),(0.,0.250295643572123,
0.500520475282669,0.750686802536769,1.00100426784252,1.25118557129259,1.50139971273168,
1.57079835176242),.UNSPECIFIED.);
#16=B_SPLINE_CURVE_WITH_KNOTS('',3,(#6787,#6788,#6789,#6790,#6791,#6792,
#6793,#6794,#6795,#6796,#6797,#6798,#6799,#6800,#6801,#6802,#6803,#6804,
#6805,#6806,#6807,#6808),.UNSPECIFIED.,.F.,.F.,(4,3,3,3,3,3,3,4),(0.,0.250295506582669,
0.500520201342516,0.750686391677939,1.00100371998229,1.25118488650549,1.50139889099974,
1.57079749204814),.UNSPECIFIED.);
#17=B_SPLINE_CURVE_WITH_KNOTS('',3,(#6818,#6819,#6820,#6821,#6822,#6823,
#6824,#6825,#6826,#6827,#6828,#6829,#6830,#6831,#6832,#6833,#6834,#6835,
#6836,#6837,#6838,#6839),.UNSPECIFIED.,.F.,.F.,(4,3,3,3,3,3,3,4),(0.,0.250295643572123,
0.500520475282669,0.750686802536769,1.00100426784252,1.25118557129259,1.50139971273168,
1.57079835176242),.UNSPECIFIED.);
#18=B_SPLINE_CURVE_WITH_KNOTS('',3,(#6984,#6985,#6986,#6987,#6988,#6989,
#6990,#6991,#6992,#6993,#6994,#6995,#6996,#6997,#6998,#6999,#7000,#7001,
#7002,#7003,#7004,#7005),.UNSPECIFIED.,.F.,.F.,(4,3,3,3,3,3,3,4),(0.,0.250295643572123,
0.50052047528267,0.750686802536765,1.00100426784251,1.2511855712926,1.50139971273169,
1.57079835176259),.UNSPECIFIED.);
#19=B_SPLINE_CURVE_WITH_KNOTS('',3,(#7012,#7013,#7014,#7015,#7016,#7017,
#7018,#7019,#7020,#7021,#7022,#7023,#7024,#7025,#7026,#7027,#7028,#7029,
#7030,#7031,#7032,#7033),.UNSPECIFIED.,.F.,.F.,(4,3,3,3,3,3,3,4),(0.,0.250295506582669,
0.50052020134252,0.750686391677935,1.00100371998228,1.25118488650549,1.50139889099973,
1.57079749204824),.UNSPECIFIED.);
#20=B_SPLINE_CURVE_WITH_KNOTS('',3,(#7050,#7051,#7052,#7053,#7054,#7055,
#7056,#7057,#7058,#7059,#7060,#7061,#7062,#7063,#7064,#7065,#7066,#7067,
#7068,#7069,#7070,#7071),.UNSPECIFIED.,.F.,.F.,(4,3,3,3,3,3,3,4),(0.,0.250295643572123,
0.500520475282667,0.750686802536761,1.00100426784251,1.25118557129259,1.50139971273168,
1.57079835176242),.UNSPECIFIED.);
#21=B_SPLINE_CURVE_WITH_KNOTS('',3,(#7101,#7102,#7103,#7104,#7105,#7106,
#7107,#7108,#7109,#7110,#7111,#7112,#7113,#7114,#7115,#7116,#7117,#7118,
#7119,#7120,#7121,#7122),.UNSPECIFIED.,.F.,.F.,(4,3,3,3,3,3,3,4),(0.,0.250295643572123,
0.500520475282667,0.750686802536761,1.00100426784251,1.25118557129259,1.50139971273168,
1.57079835176242),.UNSPECIFIED.);
#22=ELLIPSE('',#4339,0.0800005508900858,0.08);
#23=ELLIPSE('',#4340,0.0800005508900858,0.08);
#24=ELLIPSE('',#4342,0.0800005508900858,0.08);
#25=ELLIPSE('',#4344,0.0800005508900858,0.08);
#26=ELLIPSE('',#4368,0.103496762762319,0.08);
#27=ELLIPSE('',#4372,0.103334673681899,0.08);
#28=ELLIPSE('',#4373,0.103496762762315,0.08);
#29=ELLIPSE('',#4375,0.103548534892526,0.08);
#30=ELLIPSE('',#4377,0.113137084989848,0.08);
#31=ELLIPSE('',#4379,0.103548534892527,0.08);
#32=ELLIPSE('',#4381,0.103496762762313,0.08);
#33=ELLIPSE('',#4383,0.113137084989847,0.08);
#34=ELLIPSE('',#4385,0.103548534892527,0.08);
#35=ELLIPSE('',#4387,0.410322804840783,0.08);
#36=ELLIPSE('',#4388,0.103334673681899,0.08);
#37=ELLIPSE('',#4391,0.113137084989848,0.08);
#38=ELLIPSE('',#4406,0.103496762762315,0.08);
#39=ELLIPSE('',#4408,0.103334673681899,0.08);
#40=ELLIPSE('',#4411,0.113137084989848,0.08);
#41=ELLIPSE('',#4436,0.410322804840783,0.08);
#42=ELLIPSE('',#4449,0.10349676276232,0.08);
#43=ELLIPSE('',#4452,0.103548534892526,0.08);
#44=ELLIPSE('',#4453,0.103334673681898,0.08);
#45=ELLIPSE('',#4457,0.113137084989848,0.08);
#46=ELLIPSE('',#4463,0.113137084989849,0.08);
#47=ELLIPSE('',#4467,0.103334673681899,0.08);
#48=ELLIPSE('',#4469,0.103548534892526,0.08);
#49=ELLIPSE('',#4472,0.113137084989848,0.08);
#50=ELLIPSE('',#4477,0.103496762762315,0.08);
#51=ELLIPSE('',#4483,0.103496762762315,0.08);
#52=ELLIPSE('',#4485,0.103334673681899,0.08);
#53=ELLIPSE('',#4487,0.103548534892526,0.08);
#54=ELLIPSE('',#4490,0.113137084989848,0.08);
#55=ELLIPSE('',#4499,0.103496762762315,0.08);
#56=(
BOUNDED_SURFACE()
B_SPLINE_SURFACE(1,2,((#6640,#6641,#6642),(#6643,#6644,#6645)),
 .UNSPECIFIED.,.F.,.F.,.F.)
B_SPLINE_SURFACE_WITH_KNOTS((2,2),(3,3),(0.,11.4999208100955),(-1.57079632679981,
-4.91577265004928E-12),.UNSPECIFIED.)
GEOMETRIC_REPRESENTATION_ITEM()
RATIONAL_B_SPLINE_SURFACE(((1.,0.707106781186548,1.),(1.,0.707106781186548,
1.)))
REPRESENTATION_ITEM('')
SURFACE()
);
#57=(
BOUNDED_SURFACE()
B_SPLINE_SURFACE(1,2,((#6647,#6648,#6649),(#6650,#6651,#6652)),
 .UNSPECIFIED.,.F.,.F.,.F.)
B_SPLINE_SURFACE_WITH_KNOTS((2,2),(3,3),(0.,11.4999208100955),(4.91551100390121E-12,
1.57079632679981),.UNSPECIFIED.)
GEOMETRIC_REPRESENTATION_ITEM()
RATIONAL_B_SPLINE_SURFACE(((1.,0.707106781186547,1.),(1.,0.707106781186547,
1.)))
REPRESENTATION_ITEM('')
SURFACE()
);
#58=(
BOUNDED_SURFACE()
B_SPLINE_SURFACE(1,2,((#6657,#6658,#6659),(#6660,#6661,#6662)),
 .UNSPECIFIED.,.F.,.F.,.F.)
B_SPLINE_SURFACE_WITH_KNOTS((2,2),(3,3),(0.,11.4999208100955),(4.91551100390121E-12,
1.57079632679981),.UNSPECIFIED.)
GEOMETRIC_REPRESENTATION_ITEM()
RATIONAL_B_SPLINE_SURFACE(((1.,0.707106781186547,1.),(1.,0.707106781186547,
1.)))
REPRESENTATION_ITEM('')
SURFACE()
);
#59=(
BOUNDED_SURFACE()
B_SPLINE_SURFACE(1,2,((#6668,#6669,#6670),(#6671,#6672,#6673)),
 .UNSPECIFIED.,.F.,.F.,.F.)
B_SPLINE_SURFACE_WITH_KNOTS((2,2),(3,3),(0.,11.4999208100955),(-1.57079632679981,
-4.91577265004928E-12),.UNSPECIFIED.)
GEOMETRIC_REPRESENTATION_ITEM()
RATIONAL_B_SPLINE_SURFACE(((1.,0.707106781186548,1.),(1.,0.707106781186548,
1.)))
REPRESENTATION_ITEM('')
SURFACE()
);
#60=SPHERICAL_SURFACE('',#4289,0.08);
#61=SPHERICAL_SURFACE('',#4294,0.08);
#62=SPHERICAL_SURFACE('',#4299,0.08);
#63=SPHERICAL_SURFACE('',#4301,0.08);
#64=SPHERICAL_SURFACE('',#4318,0.08);
#65=SPHERICAL_SURFACE('',#4322,0.08);
#66=SPHERICAL_SURFACE('',#4326,0.08);
#67=SPHERICAL_SURFACE('',#4330,0.08);
#68=FACE_BOUND('',#1120,.T.);
#69=FACE_BOUND('',#1121,.T.);
#70=FACE_BOUND('',#1122,.T.);
#71=FACE_BOUND('',#1123,.T.);
#72=FACE_BOUND('',#1133,.T.);
#73=FACE_BOUND('',#1134,.T.);
#74=FACE_BOUND('',#1135,.T.);
#75=FACE_BOUND('',#1136,.T.);
#76=FACE_BOUND('',#1146,.T.);
#77=FACE_BOUND('',#1147,.T.);
#78=FACE_BOUND('',#1148,.T.);
#79=FACE_BOUND('',#1149,.T.);
#80=FACE_BOUND('',#1150,.T.);
#81=FACE_BOUND('',#1151,.T.);
#82=FACE_BOUND('',#1152,.T.);
#83=FACE_BOUND('',#1153,.T.);
#84=FACE_BOUND('',#1154,.T.);
#85=FACE_BOUND('',#1155,.T.);
#86=FACE_BOUND('',#1156,.T.);
#87=FACE_BOUND('',#1157,.T.);
#88=FACE_BOUND('',#1158,.T.);
#89=FACE_BOUND('',#1159,.T.);
#90=FACE_BOUND('',#1160,.T.);
#91=FACE_BOUND('',#1161,.T.);
#92=FACE_BOUND('',#1185,.T.);
#93=FACE_BOUND('',#1186,.T.);
#94=FACE_BOUND('',#1191,.T.);
#95=FACE_BOUND('',#1220,.T.);
#96=TOROIDAL_SURFACE('',#4042,0.200217599680291,0.05);
#97=TOROIDAL_SURFACE('',#4056,0.199899996254331,0.05);
#98=TOROIDAL_SURFACE('',#4062,0.20021759968029,0.05);
#99=TOROIDAL_SURFACE('',#4068,0.199899996254331,0.05);
#100=TOROIDAL_SURFACE('',#4074,0.200217599680291,0.05);
#101=TOROIDAL_SURFACE('',#4088,0.199899996254331,0.05);
#102=TOROIDAL_SURFACE('',#4094,0.199899996254331,0.05);
#103=TOROIDAL_SURFACE('',#4100,0.20021759968029,0.05);
#104=TOROIDAL_SURFACE('',#4106,0.2,0.05);
#105=TOROIDAL_SURFACE('',#4138,0.200217599680291,0.05);
#106=TOROIDAL_SURFACE('',#4140,0.199899996254331,0.05);
#107=TOROIDAL_SURFACE('',#4142,0.21,0.05);
#108=TOROIDAL_SURFACE('',#4148,0.21,0.05);
#109=TOROIDAL_SURFACE('',#4154,0.200217599680291,0.05);
#110=TOROIDAL_SURFACE('',#4156,0.199899996254331,0.05);
#111=TOROIDAL_SURFACE('',#4158,0.20021759968029,0.05);
#112=TOROIDAL_SURFACE('',#4160,0.199899996254331,0.05);
#113=TOROIDAL_SURFACE('',#4162,0.21,0.05);
#114=TOROIDAL_SURFACE('',#4168,0.2,0.05);
#115=TOROIDAL_SURFACE('',#4175,0.21,0.05);
#116=TOROIDAL_SURFACE('',#4181,0.20021759968029,0.05);
#117=TOROIDAL_SURFACE('',#4183,0.199899996254331,0.05);
#118=TOROIDAL_SURFACE('',#4223,0.798000008940697,0.198);
#119=TOROIDAL_SURFACE('',#4228,0.798000008940697,0.198);
#120=TOROIDAL_SURFACE('',#4233,0.798000008940697,0.198);
#121=TOROIDAL_SURFACE('',#4238,0.798000008940697,0.198);
#122=TOROIDAL_SURFACE('',#4244,0.580000007450581,0.08);
#123=TOROIDAL_SURFACE('',#4255,0.580000007450581,0.08);
#124=TOROIDAL_SURFACE('',#4258,0.580000007450581,0.08);
#125=TOROIDAL_SURFACE('',#4266,0.580000007450581,0.08);
#126=TOROIDAL_SURFACE('',#4394,0.38,0.08);
#127=TOROIDAL_SURFACE('',#4396,0.38,0.08);
#128=TOROIDAL_SURFACE('',#4402,0.58,0.08);
#129=TOROIDAL_SURFACE('',#4414,0.38,0.08);
#130=TOROIDAL_SURFACE('',#4418,0.38,0.08);
#131=TOROIDAL_SURFACE('',#4425,0.58,0.08);
#132=TOROIDAL_SURFACE('',#4458,0.38,0.08);
#133=TOROIDAL_SURFACE('',#4464,0.38,0.08);
#134=TOROIDAL_SURFACE('',#4473,0.38,0.08);
#135=TOROIDAL_SURFACE('',#4479,0.58,0.08);
#136=TOROIDAL_SURFACE('',#4493,0.38,0.08);
#137=TOROIDAL_SURFACE('',#4500,0.58,0.08);
#138=ORIENTED_CLOSED_SHELL('',*,#4013,.F.);
#139=ORIENTED_CLOSED_SHELL('',*,#4014,.F.);
#140=ORIENTED_CLOSED_SHELL('',*,#4016,.F.);
#141=ORIENTED_CLOSED_SHELL('',*,#4017,.F.);
#142=LINE('',#5839,#455);
#143=LINE('',#5847,#456);
#144=LINE('',#5860,#457);
#145=LINE('',#5862,#458);
#146=LINE('',#5864,#459);
#147=LINE('',#5868,#460);
#148=LINE('',#5870,#461);
#149=LINE('',#5872,#462);
#150=LINE('',#5874,#463);
#151=LINE('',#5876,#464);
#152=LINE('',#5878,#465);
#153=LINE('',#5882,#466);
#154=LINE('',#5884,#467);
#155=LINE('',#5886,#468);
#156=LINE('',#5888,#469);
#157=LINE('',#5890,#470);
#158=LINE('',#5892,#471);
#159=LINE('',#5896,#472);
#160=LINE('',#5897,#473);
#161=LINE('',#5907,#474);
#162=LINE('',#5917,#475);
#163=LINE('',#5927,#476);
#164=LINE('',#5937,#477);
#165=LINE('',#5951,#478);
#166=LINE('',#5953,#479);
#167=LINE('',#5955,#480);
#168=LINE('',#5957,#481);
#169=LINE('',#5961,#482);
#170=LINE('',#5963,#483);
#171=LINE('',#5965,#484);
#172=LINE('',#5967,#485);
#173=LINE('',#5969,#486);
#174=LINE('',#5971,#487);
#175=LINE('',#5975,#488);
#176=LINE('',#5977,#489);
#177=LINE('',#5979,#490);
#178=LINE('',#5980,#491);
#179=LINE('',#5990,#492);
#180=LINE('',#6000,#493);
#181=LINE('',#6010,#494);
#182=LINE('',#6020,#495);
#183=LINE('',#6030,#496);
#184=LINE('',#6032,#497);
#185=LINE('',#6036,#498);
#186=LINE('',#6038,#499);
#187=LINE('',#6040,#500);
#188=LINE('',#6042,#501);
#189=LINE('',#6044,#502);
#190=LINE('',#6046,#503);
#191=LINE('',#6050,#504);
#192=LINE('',#6052,#505);
#193=LINE('',#6054,#506);
#194=LINE('',#6056,#507);
#195=LINE('',#6058,#508);
#196=LINE('',#6060,#509);
#197=LINE('',#6064,#510);
#198=LINE('',#6066,#511);
#199=LINE('',#6068,#512);
#200=LINE('',#6070,#513);
#201=LINE('',#6072,#514);
#202=LINE('',#6076,#515);
#203=LINE('',#6078,#516);
#204=LINE('',#6080,#517);
#205=LINE('',#6082,#518);
#206=LINE('',#6084,#519);
#207=LINE('',#6086,#520);
#208=LINE('',#6090,#521);
#209=LINE('',#6092,#522);
#210=LINE('',#6094,#523);
#211=LINE('',#6096,#524);
#212=LINE('',#6099,#525);
#213=LINE('',#6118,#526);
#214=LINE('',#6120,#527);
#215=LINE('',#6122,#528);
#216=LINE('',#6126,#529);
#217=LINE('',#6128,#530);
#218=LINE('',#6129,#531);
#219=LINE('',#6134,#532);
#220=LINE('',#6137,#533);
#221=LINE('',#6152,#534);
#222=LINE('',#6156,#535);
#223=LINE('',#6160,#536);
#224=LINE('',#6174,#537);
#225=LINE('',#6184,#538);
#226=LINE('',#6202,#539);
#227=LINE('',#6210,#540);
#228=LINE('',#6214,#541);
#229=LINE('',#6218,#542);
#230=LINE('',#6228,#543);
#231=LINE('',#6237,#544);
#232=LINE('',#6239,#545);
#233=LINE('',#6240,#546);
#234=LINE('',#6241,#547);
#235=LINE('',#6244,#548);
#236=LINE('',#6248,#549);
#237=LINE('',#6250,#550);
#238=LINE('',#6251,#551);
#239=LINE('',#6254,#552);
#240=LINE('',#6256,#553);
#241=LINE('',#6258,#554);
#242=LINE('',#6259,#555);
#243=LINE('',#6260,#556);
#244=LINE('',#6262,#557);
#245=LINE('',#6264,#558);
#246=LINE('',#6266,#559);
#247=LINE('',#6268,#560);
#248=LINE('',#6270,#561);
#249=LINE('',#6272,#562);
#250=LINE('',#6274,#563);
#251=LINE('',#6278,#564);
#252=LINE('',#6282,#565);
#253=LINE('',#6286,#566);
#254=LINE('',#6289,#567);
#255=LINE('',#6292,#568);
#256=LINE('',#6294,#569);
#257=LINE('',#6296,#570);
#258=LINE('',#6298,#571);
#259=LINE('',#6299,#572);
#260=LINE('',#6302,#573);
#261=LINE('',#6304,#574);
#262=LINE('',#6306,#575);
#263=LINE('',#6308,#576);
#264=LINE('',#6310,#577);
#265=LINE('',#6312,#578);
#266=LINE('',#6313,#579);
#267=LINE('',#6316,#580);
#268=LINE('',#6318,#581);
#269=LINE('',#6319,#582);
#270=LINE('',#6321,#583);
#271=LINE('',#6322,#584);
#272=LINE('',#6324,#585);
#273=LINE('',#6327,#586);
#274=LINE('',#6331,#587);
#275=LINE('',#6335,#588);
#276=LINE('',#6339,#589);
#277=LINE('',#6342,#590);
#278=LINE('',#6346,#591);
#279=LINE('',#6348,#592);
#280=LINE('',#6350,#593);
#281=LINE('',#6354,#594);
#282=LINE('',#6358,#595);
#283=LINE('',#6361,#596);
#284=LINE('',#6363,#597);
#285=LINE('',#6367,#598);
#286=LINE('',#6368,#599);
#287=LINE('',#6369,#600);
#288=LINE('',#6372,#601);
#289=LINE('',#6373,#602);
#290=LINE('',#6376,#603);
#291=LINE('',#6377,#604);
#292=LINE('',#6380,#605);
#293=LINE('',#6381,#606);
#294=LINE('',#6383,#607);
#295=LINE('',#6385,#608);
#296=LINE('',#6388,#609);
#297=LINE('',#6390,#610);
#298=LINE('',#6391,#611);
#299=LINE('',#6393,#612);
#300=LINE('',#6396,#613);
#301=LINE('',#6398,#614);
#302=LINE('',#6399,#615);
#303=LINE('',#6401,#616);
#304=LINE('',#6403,#617);
#305=LINE('',#6404,#618);
#306=LINE('',#6406,#619);
#307=LINE('',#6412,#620);
#308=LINE('',#6421,#621);
#309=LINE('',#6426,#622);
#310=LINE('',#6429,#623);
#311=LINE('',#6432,#624);
#312=LINE('',#6433,#625);
#313=LINE('',#6444,#626);
#314=LINE('',#6446,#627);
#315=LINE('',#6460,#628);
#316=LINE('',#6462,#629);
#317=LINE('',#6463,#630);
#318=LINE('',#6464,#631);
#319=LINE('',#6465,#632);
#320=LINE('',#6466,#633);
#321=LINE('',#6468,#634);
#322=LINE('',#6469,#635);
#323=LINE('',#6471,#636);
#324=LINE('',#6473,#637);
#325=LINE('',#6475,#638);
#326=LINE('',#6479,#639);
#327=LINE('',#6481,#640);
#328=LINE('',#6482,#641);
#329=LINE('',#6485,#642);
#330=LINE('',#6490,#643);
#331=LINE('',#6504,#644);
#332=LINE('',#6509,#645);
#333=LINE('',#6519,#646);
#334=LINE('',#6521,#647);
#335=LINE('',#6524,#648);
#336=LINE('',#6528,#649);
#337=LINE('',#6529,#650);
#338=LINE('',#6533,#651);
#339=LINE('',#6535,#652);
#340=LINE('',#6538,#653);
#341=LINE('',#6546,#654);
#342=LINE('',#6549,#655);
#343=LINE('',#6553,#656);
#344=LINE('',#6561,#657);
#345=LINE('',#6564,#658);
#346=LINE('',#6569,#659);
#347=LINE('',#6577,#660);
#348=LINE('',#6581,#661);
#349=LINE('',#6582,#662);
#350=LINE('',#6592,#663);
#351=LINE('',#6596,#664);
#352=LINE('',#6597,#665);
#353=LINE('',#6625,#666);
#354=LINE('',#6626,#667);
#355=LINE('',#6628,#668);
#356=LINE('',#6630,#669);
#357=LINE('',#6631,#670);
#358=LINE('',#6633,#671);
#359=LINE('',#6636,#672);
#360=LINE('',#6638,#673);
#361=LINE('',#6639,#674);
#362=LINE('',#6654,#675);
#363=LINE('',#6666,#676);
#364=LINE('',#6667,#677);
#365=LINE('',#6677,#678);
#366=LINE('',#6681,#679);
#367=LINE('',#6682,#680);
#368=LINE('',#6686,#681);
#369=LINE('',#6690,#682);
#370=LINE('',#6693,#683);
#371=LINE('',#6696,#684);
#372=LINE('',#6698,#685);
#373=LINE('',#6700,#686);
#374=LINE('',#6702,#687);
#375=LINE('',#6704,#688);
#376=LINE('',#6706,#689);
#377=LINE('',#6708,#690);
#378=LINE('',#6710,#691);
#379=LINE('',#6719,#692);
#380=LINE('',#6725,#693);
#381=LINE('',#6730,#694);
#382=LINE('',#6757,#695);
#383=LINE('',#6784,#696);
#384=LINE('',#6811,#697);
#385=LINE('',#6815,#698);
#386=LINE('',#6842,#699);
#387=LINE('',#6847,#700);
#388=LINE('',#6850,#701);
#389=LINE('',#6853,#702);
#390=LINE('',#6857,#703);
#391=LINE('',#6866,#704);
#392=LINE('',#6869,#705);
#393=LINE('',#6877,#706);
#394=LINE('',#6881,#707);
#395=LINE('',#6884,#708);
#396=LINE('',#6887,#709);
#397=LINE('',#6891,#710);
#398=LINE('',#6898,#711);
#399=LINE('',#6904,#712);
#400=LINE('',#6906,#713);
#401=LINE('',#6909,#714);
#402=LINE('',#6915,#715);
#403=LINE('',#6919,#716);
#404=LINE('',#6920,#717);
#405=LINE('',#6923,#718);
#406=LINE('',#6924,#719);
#407=LINE('',#6927,#720);
#408=LINE('',#6928,#721);
#409=LINE('',#6931,#722);
#410=LINE('',#6932,#723);
#411=LINE('',#6935,#724);
#412=LINE('',#6936,#725);
#413=LINE('',#6939,#726);
#414=LINE('',#6945,#727);
#415=LINE('',#6946,#728);
#416=LINE('',#6949,#729);
#417=LINE('',#6953,#730);
#418=LINE('',#6954,#731);
#419=LINE('',#6957,#732);
#420=LINE('',#6958,#733);
#421=LINE('',#6961,#734);
#422=LINE('',#6962,#735);
#423=LINE('',#6965,#736);
#424=LINE('',#6966,#737);
#425=LINE('',#6969,#738);
#426=LINE('',#6970,#739);
#427=LINE('',#6973,#740);
#428=LINE('',#6974,#741);
#429=LINE('',#7036,#742);
#430=LINE('',#7040,#743);
#431=LINE('',#7079,#744);
#432=LINE('',#7082,#745);
#433=LINE('',#7089,#746);
#434=LINE('',#7093,#747);
#435=LINE('',#7097,#748);
#436=LINE('',#7123,#749);
#437=LINE('',#7126,#750);
#438=LINE('',#7130,#751);
#439=LINE('',#7137,#752);
#440=LINE('',#7145,#753);
#441=LINE('',#7147,#754);
#442=LINE('',#7149,#755);
#443=LINE('',#7151,#756);
#444=LINE('',#7153,#757);
#445=LINE('',#7155,#758);
#446=LINE('',#7157,#759);
#447=LINE('',#7159,#760);
#448=LINE('',#7161,#761);
#449=LINE('',#7163,#762);
#450=LINE('',#7165,#763);
#451=LINE('',#7167,#764);
#452=LINE('',#7169,#765);
#453=LINE('',#7177,#766);
#454=LINE('',#7185,#767);
#455=VECTOR('',#4537,0.13);
#456=VECTOR('',#4548,0.13);
#457=VECTOR('',#4563,1.);
#458=VECTOR('',#4564,1.);
#459=VECTOR('',#4565,1.);
#460=VECTOR('',#4568,1.);
#461=VECTOR('',#4569,1.);
#462=VECTOR('',#4570,1.);
#463=VECTOR('',#4571,1.);
#464=VECTOR('',#4572,1.);
#465=VECTOR('',#4573,1.);
#466=VECTOR('',#4576,1.);
#467=VECTOR('',#4577,1.);
#468=VECTOR('',#4578,1.);
#469=VECTOR('',#4579,1.);
#470=VECTOR('',#4580,1.);
#471=VECTOR('',#4581,1.);
#472=VECTOR('',#4584,1.);
#473=VECTOR('',#4585,1.);
#474=VECTOR('',#4596,0.150217599680291);
#475=VECTOR('',#4609,0.149899996254331);
#476=VECTOR('',#4622,0.15021759968029);
#477=VECTOR('',#4635,0.149899996254331);
#478=VECTOR('',#4650,1.);
#479=VECTOR('',#4651,1.);
#480=VECTOR('',#4652,1.);
#481=VECTOR('',#4653,1.);
#482=VECTOR('',#4656,1.);
#483=VECTOR('',#4657,1.);
#484=VECTOR('',#4658,1.);
#485=VECTOR('',#4659,1.);
#486=VECTOR('',#4660,1.);
#487=VECTOR('',#4661,1.);
#488=VECTOR('',#4664,1.);
#489=VECTOR('',#4665,1.);
#490=VECTOR('',#4666,1.);
#491=VECTOR('',#4667,1.);
#492=VECTOR('',#4678,0.150217599680291);
#493=VECTOR('',#4691,0.149899996254331);
#494=VECTOR('',#4704,0.149899996254331);
#495=VECTOR('',#4717,0.15021759968029);
#496=VECTOR('',#4728,1.);
#497=VECTOR('',#4729,1.);
#498=VECTOR('',#4732,1.);
#499=VECTOR('',#4733,1.);
#500=VECTOR('',#4734,1.);
#501=VECTOR('',#4735,1.);
#502=VECTOR('',#4736,1.);
#503=VECTOR('',#4737,1.);
#504=VECTOR('',#4740,1.);
#505=VECTOR('',#4741,1.);
#506=VECTOR('',#4742,1.);
#507=VECTOR('',#4743,1.);
#508=VECTOR('',#4744,1.);
#509=VECTOR('',#4745,1.);
#510=VECTOR('',#4748,1.);
#511=VECTOR('',#4749,1.);
#512=VECTOR('',#4750,1.);
#513=VECTOR('',#4751,1.);
#514=VECTOR('',#4752,1.);
#515=VECTOR('',#4755,1.);
#516=VECTOR('',#4756,1.);
#517=VECTOR('',#4757,1.);
#518=VECTOR('',#4758,1.);
#519=VECTOR('',#4759,1.);
#520=VECTOR('',#4760,1.);
#521=VECTOR('',#4763,1.);
#522=VECTOR('',#4764,1.);
#523=VECTOR('',#4765,1.);
#524=VECTOR('',#4766,1.);
#525=VECTOR('',#4769,1.);
#526=VECTOR('',#4786,1.);
#527=VECTOR('',#4787,1.);
#528=VECTOR('',#4788,1.);
#529=VECTOR('',#4791,1.);
#530=VECTOR('',#4792,1.);
#531=VECTOR('',#4793,1.);
#532=VECTOR('',#4796,1.);
#533=VECTOR('',#4799,1.);
#534=VECTOR('',#4814,0.15);
#535=VECTOR('',#4817,1.);
#536=VECTOR('',#4820,1.);
#537=VECTOR('',#4841,0.16);
#538=VECTOR('',#4854,0.16);
#539=VECTOR('',#4883,0.16);
#540=VECTOR('',#4894,0.15);
#541=VECTOR('',#4897,1.);
#542=VECTOR('',#4900,1.);
#543=VECTOR('',#4913,0.16);
#544=VECTOR('',#4926,1.);
#545=VECTOR('',#4927,1.);
#546=VECTOR('',#4928,1.);
#547=VECTOR('',#4929,1.);
#548=VECTOR('',#4932,1.);
#549=VECTOR('',#4937,1.);
#550=VECTOR('',#4938,1.);
#551=VECTOR('',#4939,1.);
#552=VECTOR('',#4942,1.);
#553=VECTOR('',#4943,1.);
#554=VECTOR('',#4944,1.);
#555=VECTOR('',#4945,1.);
#556=VECTOR('',#4946,1.);
#557=VECTOR('',#4947,1.);
#558=VECTOR('',#4948,1.);
#559=VECTOR('',#4949,1.);
#560=VECTOR('',#4950,1.);
#561=VECTOR('',#4951,1.);
#562=VECTOR('',#4952,1.);
#563=VECTOR('',#4953,1.);
#564=VECTOR('',#4956,1.);
#565=VECTOR('',#4959,1.);
#566=VECTOR('',#4962,1.);
#567=VECTOR('',#4965,1.);
#568=VECTOR('',#4966,1.);
#569=VECTOR('',#4967,1.);
#570=VECTOR('',#4968,1.);
#571=VECTOR('',#4969,1.);
#572=VECTOR('',#4970,1.);
#573=VECTOR('',#4971,1.);
#574=VECTOR('',#4972,1.);
#575=VECTOR('',#4973,1.);
#576=VECTOR('',#4974,1.);
#577=VECTOR('',#4975,1.);
#578=VECTOR('',#4976,1.);
#579=VECTOR('',#4977,1.);
#580=VECTOR('',#4980,1.);
#581=VECTOR('',#4981,1.);
#582=VECTOR('',#4982,1.);
#583=VECTOR('',#4985,1.);
#584=VECTOR('',#4986,1.);
#585=VECTOR('',#4989,1.);
#586=VECTOR('',#4992,1.);
#587=VECTOR('',#4995,1.);
#588=VECTOR('',#4998,1.);
#589=VECTOR('',#5001,1.);
#590=VECTOR('',#5004,1.);
#591=VECTOR('',#5007,1.);
#592=VECTOR('',#5008,1.);
#593=VECTOR('',#5009,1.);
#594=VECTOR('',#5012,1.);
#595=VECTOR('',#5015,1.);
#596=VECTOR('',#5020,1.);
#597=VECTOR('',#5023,1.);
#598=VECTOR('',#5026,1.);
#599=VECTOR('',#5027,1.);
#600=VECTOR('',#5028,1.);
#601=VECTOR('',#5031,1.);
#602=VECTOR('',#5032,1.);
#603=VECTOR('',#5035,1.);
#604=VECTOR('',#5036,1.);
#605=VECTOR('',#5039,1.);
#606=VECTOR('',#5040,1.);
#607=VECTOR('',#5043,1.);
#608=VECTOR('',#5046,1.);
#609=VECTOR('',#5049,1.);
#610=VECTOR('',#5050,1.);
#611=VECTOR('',#5051,1.);
#612=VECTOR('',#5054,1.);
#613=VECTOR('',#5057,1.);
#614=VECTOR('',#5058,1.);
#615=VECTOR('',#5059,1.);
#616=VECTOR('',#5062,1.);
#617=VECTOR('',#5063,1.);
#618=VECTOR('',#5064,1.);
#619=VECTOR('',#5067,1.);
#620=VECTOR('',#5074,1.);
#621=VECTOR('',#5087,1.);
#622=VECTOR('',#5094,1.);
#623=VECTOR('',#5097,1.);
#624=VECTOR('',#5100,1.);
#625=VECTOR('',#5101,1.);
#626=VECTOR('',#5120,1.);
#627=VECTOR('',#5123,1.);
#628=VECTOR('',#5138,1.);
#629=VECTOR('',#5139,1.);
#630=VECTOR('',#5140,1.);
#631=VECTOR('',#5141,1.);
#632=VECTOR('',#5142,1.);
#633=VECTOR('',#5143,1.);
#634=VECTOR('',#5144,1.);
#635=VECTOR('',#5145,1.);
#636=VECTOR('',#5146,1.);
#637=VECTOR('',#5147,1.);
#638=VECTOR('',#5148,1.);
#639=VECTOR('',#5151,1.);
#640=VECTOR('',#5152,1.);
#641=VECTOR('',#5153,1.);
#642=VECTOR('',#5156,1.);
#643=VECTOR('',#5161,1.);
#644=VECTOR('',#5180,1.);
#645=VECTOR('',#5185,1.);
#646=VECTOR('',#5198,1.);
#647=VECTOR('',#5201,1.);
#648=VECTOR('',#5204,1.);
#649=VECTOR('',#5209,1.);
#650=VECTOR('',#5210,1.);
#651=VECTOR('',#5217,1.);
#652=VECTOR('',#5220,1.);
#653=VECTOR('',#5225,1.);
#654=VECTOR('',#5234,1.);
#655=VECTOR('',#5237,1.);
#656=VECTOR('',#5242,1.);
#657=VECTOR('',#5253,1.);
#658=VECTOR('',#5256,1.);
#659=VECTOR('',#5265,1.);
#660=VECTOR('',#5278,1.);
#661=VECTOR('',#5283,1.);
#662=VECTOR('',#5284,1.);
#663=VECTOR('',#5301,1.);
#664=VECTOR('',#5306,1.);
#665=VECTOR('',#5307,1.);
#666=VECTOR('',#5346,1.);
#667=VECTOR('',#5347,1.);
#668=VECTOR('',#5350,1.);
#669=VECTOR('',#5353,1.);
#670=VECTOR('',#5354,1.);
#671=VECTOR('',#5357,1.);
#672=VECTOR('',#5360,1.);
#673=VECTOR('',#5361,1.);
#674=VECTOR('',#5362,1.);
#675=VECTOR('',#5365,1.);
#676=VECTOR('',#5374,1.);
#677=VECTOR('',#5375,1.);
#678=VECTOR('',#5380,1.);
#679=VECTOR('',#5385,1.);
#680=VECTOR('',#5386,1.);
#681=VECTOR('',#5393,1.);
#682=VECTOR('',#5400,1.);
#683=VECTOR('',#5405,1.);
#684=VECTOR('',#5410,1.);
#685=VECTOR('',#5413,1.);
#686=VECTOR('',#5416,1.);
#687=VECTOR('',#5419,1.);
#688=VECTOR('',#5422,1.);
#689=VECTOR('',#5425,1.);
#690=VECTOR('',#5428,1.);
#691=VECTOR('',#5431,1.);
#692=VECTOR('',#5442,1.);
#693=VECTOR('',#5449,1.);
#694=VECTOR('',#5456,1.);
#695=VECTOR('',#5461,1.);
#696=VECTOR('',#5466,1.);
#697=VECTOR('',#5471,1.);
#698=VECTOR('',#5476,1.);
#699=VECTOR('',#5481,1.);
#700=VECTOR('',#5486,1.);
#701=VECTOR('',#5491,1.);
#702=VECTOR('',#5494,1.);
#703=VECTOR('',#5499,1.);
#704=VECTOR('',#5514,1.);
#705=VECTOR('',#5517,1.);
#706=VECTOR('',#5528,1.);
#707=VECTOR('',#5533,1.);
#708=VECTOR('',#5538,1.);
#709=VECTOR('',#5541,1.);
#710=VECTOR('',#5546,1.);
#711=VECTOR('',#5557,1.);
#712=VECTOR('',#5566,1.);
#713=VECTOR('',#5569,1.);
#714=VECTOR('',#5572,1.);
#715=VECTOR('',#5581,1.);
#716=VECTOR('',#5586,1.);
#717=VECTOR('',#5587,1.);
#718=VECTOR('',#5590,1.);
#719=VECTOR('',#5591,1.);
#720=VECTOR('',#5594,1.);
#721=VECTOR('',#5595,1.);
#722=VECTOR('',#5598,1.);
#723=VECTOR('',#5599,1.);
#724=VECTOR('',#5602,1.);
#725=VECTOR('',#5603,1.);
#726=VECTOR('',#5606,1.);
#727=VECTOR('',#5613,1.);
#728=VECTOR('',#5614,1.);
#729=VECTOR('',#5617,1.);
#730=VECTOR('',#5622,1.);
#731=VECTOR('',#5623,1.);
#732=VECTOR('',#5626,1.);
#733=VECTOR('',#5627,1.);
#734=VECTOR('',#5630,1.);
#735=VECTOR('',#5631,1.);
#736=VECTOR('',#5634,1.);
#737=VECTOR('',#5635,1.);
#738=VECTOR('',#5638,1.);
#739=VECTOR('',#5639,1.);
#740=VECTOR('',#5642,1.);
#741=VECTOR('',#5643,1.);
#742=VECTOR('',#5674,1.);
#743=VECTOR('',#5677,1.);
#744=VECTOR('',#5708,1.);
#745=VECTOR('',#5713,1.);
#746=VECTOR('',#5722,1.);
#747=VECTOR('',#5727,1.);
#748=VECTOR('',#5732,1.);
#749=VECTOR('',#5737,1.);
#750=VECTOR('',#5740,1.);
#751=VECTOR('',#5745,1.);
#752=VECTOR('',#5756,1.);
#753=VECTOR('',#5771,1.);
#754=VECTOR('',#5774,1.);
#755=VECTOR('',#5777,1.);
#756=VECTOR('',#5780,1.);
#757=VECTOR('',#5783,1.);
#758=VECTOR('',#5786,1.);
#759=VECTOR('',#5789,1.);
#760=VECTOR('',#5792,1.);
#761=VECTOR('',#5795,1.);
#762=VECTOR('',#5798,1.);
#763=VECTOR('',#5801,1.);
#764=VECTOR('',#5804,1.);
#765=VECTOR('',#5807,1.);
#766=VECTOR('',#5818,0.13);
#767=VECTOR('',#5829,0.13);
#768=CYLINDRICAL_SURFACE('',#4034,0.13);
#769=CYLINDRICAL_SURFACE('',#4039,0.13);
#770=CYLINDRICAL_SURFACE('',#4054,0.150217599680291);
#771=CYLINDRICAL_SURFACE('',#4060,0.149899996254331);
#772=CYLINDRICAL_SURFACE('',#4066,0.15021759968029);
#773=CYLINDRICAL_SURFACE('',#4072,0.149899996254331);
#774=CYLINDRICAL_SURFACE('',#4086,0.150217599680291);
#775=CYLINDRICAL_SURFACE('',#4092,0.149899996254331);
#776=CYLINDRICAL_SURFACE('',#4098,0.149899996254331);
#777=CYLINDRICAL_SURFACE('',#4104,0.15021759968029);
#778=CYLINDRICAL_SURFACE('',#4134,0.15);
#779=CYLINDRICAL_SURFACE('',#4146,0.16);
#780=CYLINDRICAL_SURFACE('',#4152,0.16);
#781=CYLINDRICAL_SURFACE('',#4166,0.16);
#782=CYLINDRICAL_SURFACE('',#4171,0.15);
#783=CYLINDRICAL_SURFACE('',#4179,0.16);
#784=CYLINDRICAL_SURFACE('',#4220,0.198);
#785=CYLINDRICAL_SURFACE('',#4226,0.198);
#786=CYLINDRICAL_SURFACE('',#4230,0.600000008940697);
#787=CYLINDRICAL_SURFACE('',#4236,0.198);
#788=CYLINDRICAL_SURFACE('',#4241,0.198);
#789=CYLINDRICAL_SURFACE('',#4243,0.600000008940697);
#790=CYLINDRICAL_SURFACE('',#4272,0.08);
#791=CYLINDRICAL_SURFACE('',#4275,0.08);
#792=CYLINDRICAL_SURFACE('',#4277,0.08);
#793=CYLINDRICAL_SURFACE('',#4279,0.08);
#794=CYLINDRICAL_SURFACE('',#4281,0.500000007450581);
#795=CYLINDRICAL_SURFACE('',#4282,0.500000007450581);
#796=CYLINDRICAL_SURFACE('',#4283,0.08);
#797=CYLINDRICAL_SURFACE('',#4286,0.08);
#798=CYLINDRICAL_SURFACE('',#4291,0.08);
#799=CYLINDRICAL_SURFACE('',#4296,0.08);
#800=CYLINDRICAL_SURFACE('',#4303,0.08);
#801=CYLINDRICAL_SURFACE('',#4306,0.08);
#802=CYLINDRICAL_SURFACE('',#4313,0.08);
#803=CYLINDRICAL_SURFACE('',#4316,0.08);
#804=CYLINDRICAL_SURFACE('',#4334,0.08);
#805=CYLINDRICAL_SURFACE('',#4335,0.08);
#806=CYLINDRICAL_SURFACE('',#4336,0.08);
#807=CYLINDRICAL_SURFACE('',#4337,0.08);
#808=CYLINDRICAL_SURFACE('',#4345,0.08);
#809=CYLINDRICAL_SURFACE('',#4348,0.08);
#810=CYLINDRICAL_SURFACE('',#4358,0.360000004470348);
#811=CYLINDRICAL_SURFACE('',#4360,0.360000004470348);
#812=CYLINDRICAL_SURFACE('',#4362,0.360000004470348);
#813=CYLINDRICAL_SURFACE('',#4364,0.360000004470348);
#814=CYLINDRICAL_SURFACE('',#4367,0.08);
#815=CYLINDRICAL_SURFACE('',#4371,0.08);
#816=CYLINDRICAL_SURFACE('',#4374,0.08);
#817=CYLINDRICAL_SURFACE('',#4376,0.08);
#818=CYLINDRICAL_SURFACE('',#4378,0.08);
#819=CYLINDRICAL_SURFACE('',#4380,0.08);
#820=CYLINDRICAL_SURFACE('',#4382,0.08);
#821=CYLINDRICAL_SURFACE('',#4384,0.08);
#822=CYLINDRICAL_SURFACE('',#4386,0.08);
#823=CYLINDRICAL_SURFACE('',#4389,0.08);
#824=CYLINDRICAL_SURFACE('',#4390,0.08);
#825=CYLINDRICAL_SURFACE('',#4392,0.08);
#826=CYLINDRICAL_SURFACE('',#4399,0.08);
#827=CYLINDRICAL_SURFACE('',#4400,0.08);
#828=CYLINDRICAL_SURFACE('',#4405,0.08);
#829=CYLINDRICAL_SURFACE('',#4407,0.08);
#830=CYLINDRICAL_SURFACE('',#4409,0.08);
#831=CYLINDRICAL_SURFACE('',#4410,0.08);
#832=CYLINDRICAL_SURFACE('',#4412,0.08);
#833=CYLINDRICAL_SURFACE('',#4417,0.08);
#834=CYLINDRICAL_SURFACE('',#4421,0.08);
#835=CYLINDRICAL_SURFACE('',#4422,0.08);
#836=CYLINDRICAL_SURFACE('',#4423,0.08);
#837=CYLINDRICAL_SURFACE('',#4427,0.3);
#838=CYLINDRICAL_SURFACE('',#4438,0.5);
#839=CYLINDRICAL_SURFACE('',#4446,0.3);
#840=CYLINDRICAL_SURFACE('',#4448,0.08);
#841=CYLINDRICAL_SURFACE('',#4451,0.08);
#842=CYLINDRICAL_SURFACE('',#4454,0.08);
#843=CYLINDRICAL_SURFACE('',#4455,0.08);
#844=CYLINDRICAL_SURFACE('',#4459,0.08);
#845=CYLINDRICAL_SURFACE('',#4461,0.08);
#846=CYLINDRICAL_SURFACE('',#4466,0.08);
#847=CYLINDRICAL_SURFACE('',#4468,0.08);
#848=CYLINDRICAL_SURFACE('',#4470,0.08);
#849=CYLINDRICAL_SURFACE('',#4471,0.08);
#850=CYLINDRICAL_SURFACE('',#4475,0.08);
#851=CYLINDRICAL_SURFACE('',#4476,0.08);
#852=CYLINDRICAL_SURFACE('',#4478,0.08);
#853=CYLINDRICAL_SURFACE('',#4482,0.08);
#854=CYLINDRICAL_SURFACE('',#4484,0.08);
#855=CYLINDRICAL_SURFACE('',#4486,0.08);
#856=CYLINDRICAL_SURFACE('',#4488,0.08);
#857=CYLINDRICAL_SURFACE('',#4489,0.08);
#858=CYLINDRICAL_SURFACE('',#4491,0.08);
#859=CYLINDRICAL_SURFACE('',#4496,0.08);
#860=CYLINDRICAL_SURFACE('',#4497,0.08);
#861=CYLINDRICAL_SURFACE('',#4498,0.08);
#862=CYLINDRICAL_SURFACE('',#4502,0.08);
#863=CYLINDRICAL_SURFACE('',#4503,0.3);
#864=CYLINDRICAL_SURFACE('',#4508,0.5);
#865=CYLINDRICAL_SURFACE('',#4515,0.3);
#866=CYLINDRICAL_SURFACE('',#4519,0.13);
#867=CYLINDRICAL_SURFACE('',#4524,0.13);
#868=FACE_OUTER_BOUND('',#1112,.T.);
#869=FACE_OUTER_BOUND('',#1113,.T.);
#870=FACE_OUTER_BOUND('',#1114,.T.);
#871=FACE_OUTER_BOUND('',#1115,.T.);
#872=FACE_OUTER_BOUND('',#1116,.T.);
#873=FACE_OUTER_BOUND('',#1117,.T.);
#874=FACE_OUTER_BOUND('',#1118,.T.);
#875=FACE_OUTER_BOUND('',#1119,.T.);
#876=FACE_OUTER_BOUND('',#1124,.T.);
#877=FACE_OUTER_BOUND('',#1125,.T.);
#878=FACE_OUTER_BOUND('',#1126,.T.);
#879=FACE_OUTER_BOUND('',#1127,.T.);
#880=FACE_OUTER_BOUND('',#1128,.T.);
#881=FACE_OUTER_BOUND('',#1129,.T.);
#882=FACE_OUTER_BOUND('',#1130,.T.);
#883=FACE_OUTER_BOUND('',#1131,.T.);
#884=FACE_OUTER_BOUND('',#1132,.T.);
#885=FACE_OUTER_BOUND('',#1137,.T.);
#886=FACE_OUTER_BOUND('',#1138,.T.);
#887=FACE_OUTER_BOUND('',#1139,.T.);
#888=FACE_OUTER_BOUND('',#1140,.T.);
#889=FACE_OUTER_BOUND('',#1141,.T.);
#890=FACE_OUTER_BOUND('',#1142,.T.);
#891=FACE_OUTER_BOUND('',#1143,.T.);
#892=FACE_OUTER_BOUND('',#1144,.T.);
#893=FACE_OUTER_BOUND('',#1145,.T.);
#894=FACE_OUTER_BOUND('',#1162,.T.);
#895=FACE_OUTER_BOUND('',#1163,.T.);
#896=FACE_OUTER_BOUND('',#1164,.T.);
#897=FACE_OUTER_BOUND('',#1165,.T.);
#898=FACE_OUTER_BOUND('',#1166,.T.);
#899=FACE_OUTER_BOUND('',#1167,.T.);
#900=FACE_OUTER_BOUND('',#1168,.T.);
#901=FACE_OUTER_BOUND('',#1169,.T.);
#902=FACE_OUTER_BOUND('',#1170,.T.);
#903=FACE_OUTER_BOUND('',#1171,.T.);
#904=FACE_OUTER_BOUND('',#1172,.T.);
#905=FACE_OUTER_BOUND('',#1173,.T.);
#906=FACE_OUTER_BOUND('',#1174,.T.);
#907=FACE_OUTER_BOUND('',#1175,.T.);
#908=FACE_OUTER_BOUND('',#1176,.T.);
#909=FACE_OUTER_BOUND('',#1177,.T.);
#910=FACE_OUTER_BOUND('',#1178,.T.);
#911=FACE_OUTER_BOUND('',#1179,.T.);
#912=FACE_OUTER_BOUND('',#1180,.T.);
#913=FACE_OUTER_BOUND('',#1181,.T.);
#914=FACE_OUTER_BOUND('',#1182,.T.);
#915=FACE_OUTER_BOUND('',#1183,.T.);
#916=FACE_OUTER_BOUND('',#1184,.T.);
#917=FACE_OUTER_BOUND('',#1187,.T.);
#918=FACE_OUTER_BOUND('',#1188,.T.);
#919=FACE_OUTER_BOUND('',#1189,.T.);
#920=FACE_OUTER_BOUND('',#1190,.T.);
#921=FACE_OUTER_BOUND('',#1192,.T.);
#922=FACE_OUTER_BOUND('',#1193,.T.);
#923=FACE_OUTER_BOUND('',#1194,.T.);
#924=FACE_OUTER_BOUND('',#1195,.T.);
#925=FACE_OUTER_BOUND('',#1196,.T.);
#926=FACE_OUTER_BOUND('',#1197,.T.);
#927=FACE_OUTER_BOUND('',#1198,.T.);
#928=FACE_OUTER_BOUND('',#1199,.T.);
#929=FACE_OUTER_BOUND('',#1200,.T.);
#930=FACE_OUTER_BOUND('',#1201,.T.);
#931=FACE_OUTER_BOUND('',#1202,.T.);
#932=FACE_OUTER_BOUND('',#1203,.T.);
#933=FACE_OUTER_BOUND('',#1204,.T.);
#934=FACE_OUTER_BOUND('',#1205,.T.);
#935=FACE_OUTER_BOUND('',#1206,.T.);
#936=FACE_OUTER_BOUND('',#1207,.T.);
#937=FACE_OUTER_BOUND('',#1208,.T.);
#938=FACE_OUTER_BOUND('',#1209,.T.);
#939=FACE_OUTER_BOUND('',#1210,.T.);
#940=FACE_OUTER_BOUND('',#1211,.T.);
#941=FACE_OUTER_BOUND('',#1212,.T.);
#942=FACE_OUTER_BOUND('',#1213,.T.);
#943=FACE_OUTER_BOUND('',#1214,.T.);
#944=FACE_OUTER_BOUND('',#1215,.T.);
#945=FACE_OUTER_BOUND('',#1216,.T.);
#946=FACE_OUTER_BOUND('',#1217,.T.);
#947=FACE_OUTER_BOUND('',#1218,.T.);
#948=FACE_OUTER_BOUND('',#1219,.T.);
#949=FACE_OUTER_BOUND('',#1221,.T.);
#950=FACE_OUTER_BOUND('',#1222,.T.);
#951=FACE_OUTER_BOUND('',#1223,.T.);
#952=FACE_OUTER_BOUND('',#1224,.T.);
#953=FACE_OUTER_BOUND('',#1225,.T.);
#954=FACE_OUTER_BOUND('',#1226,.T.);
#955=FACE_OUTER_BOUND('',#1227,.T.);
#956=FACE_OUTER_BOUND('',#1228,.T.);
#957=FACE_OUTER_BOUND('',#1229,.T.);
#958=FACE_OUTER_BOUND('',#1230,.T.);
#959=FACE_OUTER_BOUND('',#1231,.T.);
#960=FACE_OUTER_BOUND('',#1232,.T.);
#961=FACE_OUTER_BOUND('',#1233,.T.);
#962=FACE_OUTER_BOUND('',#1234,.T.);
#963=FACE_OUTER_BOUND('',#1235,.T.);
#964=FACE_OUTER_BOUND('',#1236,.T.);
#965=FACE_OUTER_BOUND('',#1237,.T.);
#966=FACE_OUTER_BOUND('',#1238,.T.);
#967=FACE_OUTER_BOUND('',#1239,.T.);
#968=FACE_OUTER_BOUND('',#1240,.T.);
#969=FACE_OUTER_BOUND('',#1241,.T.);
#970=FACE_OUTER_BOUND('',#1242,.T.);
#971=FACE_OUTER_BOUND('',#1243,.T.);
#972=FACE_OUTER_BOUND('',#1244,.T.);
#973=FACE_OUTER_BOUND('',#1245,.T.);
#974=FACE_OUTER_BOUND('',#1246,.T.);
#975=FACE_OUTER_BOUND('',#1247,.T.);
#976=FACE_OUTER_BOUND('',#1248,.T.);
#977=FACE_OUTER_BOUND('',#1249,.T.);
#978=FACE_OUTER_BOUND('',#1250,.T.);
#979=FACE_OUTER_BOUND('',#1251,.T.);
#980=FACE_OUTER_BOUND('',#1252,.T.);
#981=FACE_OUTER_BOUND('',#1253,.T.);
#982=FACE_OUTER_BOUND('',#1254,.T.);
#983=FACE_OUTER_BOUND('',#1255,.T.);
#984=FACE_OUTER_BOUND('',#1256,.T.);
#985=FACE_OUTER_BOUND('',#1257,.T.);
#986=FACE_OUTER_BOUND('',#1258,.T.);
#987=FACE_OUTER_BOUND('',#1259,.T.);
#988=FACE_OUTER_BOUND('',#1260,.T.);
#989=FACE_OUTER_BOUND('',#1261,.T.);
#990=FACE_OUTER_BOUND('',#1262,.T.);
#991=FACE_OUTER_BOUND('',#1263,.T.);
#992=FACE_OUTER_BOUND('',#1264,.T.);
#993=FACE_OUTER_BOUND('',#1265,.T.);
#994=FACE_OUTER_BOUND('',#1266,.T.);
#995=FACE_OUTER_BOUND('',#1267,.T.);
#996=FACE_OUTER_BOUND('',#1268,.T.);
#997=FACE_OUTER_BOUND('',#1269,.T.);
#998=FACE_OUTER_BOUND('',#1270,.T.);
#999=FACE_OUTER_BOUND('',#1271,.T.);
#1000=FACE_OUTER_BOUND('',#1272,.T.);
#1001=FACE_OUTER_BOUND('',#1273,.T.);
#1002=FACE_OUTER_BOUND('',#1274,.T.);
#1003=FACE_OUTER_BOUND('',#1275,.T.);
#1004=FACE_OUTER_BOUND('',#1276,.T.);
#1005=FACE_OUTER_BOUND('',#1277,.T.);
#1006=FACE_OUTER_BOUND('',#1278,.T.);
#1007=FACE_OUTER_BOUND('',#1279,.T.);
#1008=FACE_OUTER_BOUND('',#1280,.T.);
#1009=FACE_OUTER_BOUND('',#1281,.T.);
#1010=FACE_OUTER_BOUND('',#1282,.T.);
#1011=FACE_OUTER_BOUND('',#1283,.T.);
#1012=FACE_OUTER_BOUND('',#1284,.T.);
#1013=FACE_OUTER_BOUND('',#1285,.T.);
#1014=FACE_OUTER_BOUND('',#1286,.T.);
#1015=FACE_OUTER_BOUND('',#1287,.T.);
#1016=FACE_OUTER_BOUND('',#1288,.T.);
#1017=FACE_OUTER_BOUND('',#1289,.T.);
#1018=FACE_OUTER_BOUND('',#1290,.T.);
#1019=FACE_OUTER_BOUND('',#1291,.T.);
#1020=FACE_OUTER_BOUND('',#1292,.T.);
#1021=FACE_OUTER_BOUND('',#1293,.T.);
#1022=FACE_OUTER_BOUND('',#1294,.T.);
#1023=FACE_OUTER_BOUND('',#1295,.T.);
#1024=FACE_OUTER_BOUND('',#1296,.T.);
#1025=FACE_OUTER_BOUND('',#1297,.T.);
#1026=FACE_OUTER_BOUND('',#1298,.T.);
#1027=FACE_OUTER_BOUND('',#1299,.T.);
#1028=FACE_OUTER_BOUND('',#1300,.T.);
#1029=FACE_OUTER_BOUND('',#1301,.T.);
#1030=FACE_OUTER_BOUND('',#1302,.T.);
#1031=FACE_OUTER_BOUND('',#1303,.T.);
#1032=FACE_OUTER_BOUND('',#1304,.T.);
#1033=FACE_OUTER_BOUND('',#1305,.T.);
#1034=FACE_OUTER_BOUND('',#1306,.T.);
#1035=FACE_OUTER_BOUND('',#1307,.T.);
#1036=FACE_OUTER_BOUND('',#1308,.T.);
#1037=FACE_OUTER_BOUND('',#1309,.T.);
#1038=FACE_OUTER_BOUND('',#1310,.T.);
#1039=FACE_OUTER_BOUND('',#1311,.T.);
#1040=FACE_OUTER_BOUND('',#1312,.T.);
#1041=FACE_OUTER_BOUND('',#1313,.T.);
#1042=FACE_OUTER_BOUND('',#1314,.T.);
#1043=FACE_OUTER_BOUND('',#1315,.T.);
#1044=FACE_OUTER_BOUND('',#1316,.T.);
#1045=FACE_OUTER_BOUND('',#1317,.T.);
#1046=FACE_OUTER_BOUND('',#1318,.T.);
#1047=FACE_OUTER_BOUND('',#1319,.T.);
#1048=FACE_OUTER_BOUND('',#1320,.T.);
#1049=FACE_OUTER_BOUND('',#1321,.T.);
#1050=FACE_OUTER_BOUND('',#1322,.T.);
#1051=FACE_OUTER_BOUND('',#1323,.T.);
#1052=FACE_OUTER_BOUND('',#1324,.T.);
#1053=FACE_OUTER_BOUND('',#1325,.T.);
#1054=FACE_OUTER_BOUND('',#1326,.T.);
#1055=FACE_OUTER_BOUND('',#1327,.T.);
#1056=FACE_OUTER_BOUND('',#1328,.T.);
#1057=FACE_OUTER_BOUND('',#1329,.T.);
#1058=FACE_OUTER_BOUND('',#1330,.T.);
#1059=FACE_OUTER_BOUND('',#1331,.T.);
#1060=FACE_OUTER_BOUND('',#1332,.T.);
#1061=FACE_OUTER_BOUND('',#1333,.T.);
#1062=FACE_OUTER_BOUND('',#1334,.T.);
#1063=FACE_OUTER_BOUND('',#1335,.T.);
#1064=FACE_OUTER_BOUND('',#1336,.T.);
#1065=FACE_OUTER_BOUND('',#1337,.T.);
#1066=FACE_OUTER_BOUND('',#1338,.T.);
#1067=FACE_OUTER_BOUND('',#1339,.T.);
#1068=FACE_OUTER_BOUND('',#1340,.T.);
#1069=FACE_OUTER_BOUND('',#1341,.T.);
#1070=FACE_OUTER_BOUND('',#1342,.T.);
#1071=FACE_OUTER_BOUND('',#1343,.T.);
#1072=FACE_OUTER_BOUND('',#1344,.T.);
#1073=FACE_OUTER_BOUND('',#1345,.T.);
#1074=FACE_OUTER_BOUND('',#1346,.T.);
#1075=FACE_OUTER_BOUND('',#1347,.T.);
#1076=FACE_OUTER_BOUND('',#1348,.T.);
#1077=FACE_OUTER_BOUND('',#1349,.T.);
#1078=FACE_OUTER_BOUND('',#1350,.T.);
#1079=FACE_OUTER_BOUND('',#1351,.T.);
#1080=FACE_OUTER_BOUND('',#1352,.T.);
#1081=FACE_OUTER_BOUND('',#1353,.T.);
#1082=FACE_OUTER_BOUND('',#1354,.T.);
#1083=FACE_OUTER_BOUND('',#1355,.T.);
#1084=FACE_OUTER_BOUND('',#1356,.T.);
#1085=FACE_OUTER_BOUND('',#1357,.T.);
#1086=FACE_OUTER_BOUND('',#1358,.T.);
#1087=FACE_OUTER_BOUND('',#1359,.T.);
#1088=FACE_OUTER_BOUND('',#1360,.T.);
#1089=FACE_OUTER_BOUND('',#1361,.T.);
#1090=FACE_OUTER_BOUND('',#1362,.T.);
#1091=FACE_OUTER_BOUND('',#1363,.T.);
#1092=FACE_OUTER_BOUND('',#1364,.T.);
#1093=FACE_OUTER_BOUND('',#1365,.T.);
#1094=FACE_OUTER_BOUND('',#1366,.T.);
#1095=FACE_OUTER_BOUND('',#1367,.T.);
#1096=FACE_OUTER_BOUND('',#1368,.T.);
#1097=FACE_OUTER_BOUND('',#1369,.T.);
#1098=FACE_OUTER_BOUND('',#1370,.T.);
#1099=FACE_OUTER_BOUND('',#1371,.T.);
#1100=FACE_OUTER_BOUND('',#1372,.T.);
#1101=FACE_OUTER_BOUND('',#1373,.T.);
#1102=FACE_OUTER_BOUND('',#1374,.T.);
#1103=FACE_OUTER_BOUND('',#1375,.T.);
#1104=FACE_OUTER_BOUND('',#1376,.T.);
#1105=FACE_OUTER_BOUND('',#1377,.T.);
#1106=FACE_OUTER_BOUND('',#1378,.T.);
#1107=FACE_OUTER_BOUND('',#1379,.T.);
#1108=FACE_OUTER_BOUND('',#1380,.T.);
#1109=FACE_OUTER_BOUND('',#1381,.T.);
#1110=FACE_OUTER_BOUND('',#1382,.T.);
#1111=FACE_OUTER_BOUND('',#1383,.T.);
#1112=EDGE_LOOP('',(#2527));
#1113=EDGE_LOOP('',(#2528,#2529,#2530,#2531));
#1114=EDGE_LOOP('',(#2532));
#1115=EDGE_LOOP('',(#2533));
#1116=EDGE_LOOP('',(#2534,#2535,#2536,#2537));
#1117=EDGE_LOOP('',(#2538));
#1118=EDGE_LOOP('',(#2539,#2540,#2541,#2542,#2543));
#1119=EDGE_LOOP('',(#2544,#2545,#2546,#2547,#2548,#2549,#2550,#2551,#2552,
#2553,#2554,#2555,#2556,#2557,#2558,#2559,#2560,#2561,#2562,#2563));
#1120=EDGE_LOOP('',(#2564));
#1121=EDGE_LOOP('',(#2565));
#1122=EDGE_LOOP('',(#2566));
#1123=EDGE_LOOP('',(#2567));
#1124=EDGE_LOOP('',(#2568,#2569,#2570,#2571,#2572));
#1125=EDGE_LOOP('',(#2573,#2574,#2575,#2576,#2577));
#1126=EDGE_LOOP('',(#2578,#2579,#2580,#2581,#2582));
#1127=EDGE_LOOP('',(#2583,#2584,#2585,#2586,#2587));
#1128=EDGE_LOOP('',(#2588,#2589,#2590,#2591,#2592));
#1129=EDGE_LOOP('',(#2593,#2594,#2595,#2596,#2597));
#1130=EDGE_LOOP('',(#2598,#2599,#2600,#2601,#2602));
#1131=EDGE_LOOP('',(#2603,#2604,#2605,#2606,#2607));
#1132=EDGE_LOOP('',(#2608,#2609,#2610,#2611,#2612,#2613,#2614,#2615,#2616,
#2617,#2618,#2619,#2620,#2621,#2622,#2623,#2624));
#1133=EDGE_LOOP('',(#2625));
#1134=EDGE_LOOP('',(#2626));
#1135=EDGE_LOOP('',(#2627));
#1136=EDGE_LOOP('',(#2628));
#1137=EDGE_LOOP('',(#2629,#2630,#2631,#2632,#2633));
#1138=EDGE_LOOP('',(#2634,#2635,#2636,#2637,#2638));
#1139=EDGE_LOOP('',(#2639,#2640,#2641,#2642,#2643));
#1140=EDGE_LOOP('',(#2644,#2645,#2646,#2647,#2648));
#1141=EDGE_LOOP('',(#2649,#2650,#2651,#2652,#2653));
#1142=EDGE_LOOP('',(#2654,#2655,#2656,#2657,#2658));
#1143=EDGE_LOOP('',(#2659,#2660,#2661,#2662,#2663));
#1144=EDGE_LOOP('',(#2664,#2665,#2666,#2667));
#1145=EDGE_LOOP('',(#2668,#2669,#2670,#2671,#2672,#2673,#2674,#2675,#2676,
#2677,#2678,#2679,#2680,#2681,#2682,#2683,#2684,#2685,#2686,#2687,#2688,
#2689,#2690,#2691,#2692,#2693,#2694,#2695,#2696,#2697,#2698,#2699,#2700,
#2701,#2702,#2703));
#1146=EDGE_LOOP('',(#2704));
#1147=EDGE_LOOP('',(#2705));
#1148=EDGE_LOOP('',(#2706));
#1149=EDGE_LOOP('',(#2707));
#1150=EDGE_LOOP('',(#2708));
#1151=EDGE_LOOP('',(#2709));
#1152=EDGE_LOOP('',(#2710));
#1153=EDGE_LOOP('',(#2711,#2712,#2713,#2714,#2715,#2716,#2717,#2718));
#1154=EDGE_LOOP('',(#2719,#2720,#2721,#2722));
#1155=EDGE_LOOP('',(#2723));
#1156=EDGE_LOOP('',(#2724));
#1157=EDGE_LOOP('',(#2725));
#1158=EDGE_LOOP('',(#2726));
#1159=EDGE_LOOP('',(#2727));
#1160=EDGE_LOOP('',(#2728));
#1161=EDGE_LOOP('',(#2729));
#1162=EDGE_LOOP('',(#2730,#2731,#2732,#2733,#2734,#2735,#2736,#2737));
#1163=EDGE_LOOP('',(#2738,#2739,#2740,#2741));
#1164=EDGE_LOOP('',(#2742,#2743,#2744,#2745));
#1165=EDGE_LOOP('',(#2746,#2747,#2748,#2749,#2750));
#1166=EDGE_LOOP('',(#2751,#2752,#2753,#2754,#2755));
#1167=EDGE_LOOP('',(#2756,#2757,#2758,#2759,#2760));
#1168=EDGE_LOOP('',(#2761,#2762,#2763,#2764,#2765));
#1169=EDGE_LOOP('',(#2766,#2767,#2768,#2769));
#1170=EDGE_LOOP('',(#2770,#2771,#2772,#2773));
#1171=EDGE_LOOP('',(#2774,#2775,#2776,#2777));
#1172=EDGE_LOOP('',(#2778,#2779,#2780,#2781));
#1173=EDGE_LOOP('',(#2782,#2783,#2784,#2785,#2786));
#1174=EDGE_LOOP('',(#2787,#2788,#2789,#2790,#2791));
#1175=EDGE_LOOP('',(#2792,#2793,#2794,#2795));
#1176=EDGE_LOOP('',(#2796,#2797,#2798,#2799,#2800,#2801,#2802,#2803));
#1177=EDGE_LOOP('',(#2804,#2805,#2806,#2807,#2808));
#1178=EDGE_LOOP('',(#2809,#2810,#2811,#2812,#2813));
#1179=EDGE_LOOP('',(#2814,#2815,#2816,#2817));
#1180=EDGE_LOOP('',(#2818,#2819,#2820,#2821));
#1181=EDGE_LOOP('',(#2822,#2823,#2824,#2825,#2826));
#1182=EDGE_LOOP('',(#2827,#2828,#2829));
#1183=EDGE_LOOP('',(#2830,#2831,#2832,#2833,#2834));
#1184=EDGE_LOOP('',(#2835,#2836,#2837,#2838,#2839,#2840,#2841,#2842,#2843,
#2844,#2845,#2846,#2847,#2848,#2849,#2850,#2851,#2852,#2853,#2854,#2855,
#2856,#2857,#2858));
#1185=EDGE_LOOP('',(#2859,#2860,#2861,#2862,#2863));
#1186=EDGE_LOOP('',(#2864,#2865,#2866,#2867,#2868,#2869,#2870));
#1187=EDGE_LOOP('',(#2871,#2872,#2873,#2874));
#1188=EDGE_LOOP('',(#2875,#2876,#2877,#2878));
#1189=EDGE_LOOP('',(#2879,#2880,#2881,#2882));
#1190=EDGE_LOOP('',(#2883,#2884,#2885,#2886,#2887,#2888,#2889,#2890,#2891,
#2892,#2893,#2894,#2895,#2896,#2897));
#1191=EDGE_LOOP('',(#2898,#2899,#2900,#2901));
#1192=EDGE_LOOP('',(#2902,#2903,#2904,#2905));
#1193=EDGE_LOOP('',(#2906,#2907,#2908,#2909));
#1194=EDGE_LOOP('',(#2910,#2911,#2912,#2913));
#1195=EDGE_LOOP('',(#2914,#2915,#2916,#2917));
#1196=EDGE_LOOP('',(#2918,#2919,#2920,#2921));
#1197=EDGE_LOOP('',(#2922,#2923,#2924,#2925));
#1198=EDGE_LOOP('',(#2926,#2927,#2928,#2929));
#1199=EDGE_LOOP('',(#2930,#2931,#2932,#2933));
#1200=EDGE_LOOP('',(#2934,#2935,#2936,#2937));
#1201=EDGE_LOOP('',(#2938,#2939,#2940,#2941));
#1202=EDGE_LOOP('',(#2942,#2943,#2944,#2945));
#1203=EDGE_LOOP('',(#2946,#2947,#2948,#2949,#2950,#2951,#2952));
#1204=EDGE_LOOP('',(#2953,#2954,#2955,#2956));
#1205=EDGE_LOOP('',(#2957,#2958,#2959,#2960));
#1206=EDGE_LOOP('',(#2961,#2962,#2963,#2964));
#1207=EDGE_LOOP('',(#2965,#2966,#2967,#2968));
#1208=EDGE_LOOP('',(#2969,#2970,#2971,#2972));
#1209=EDGE_LOOP('',(#2973,#2974,#2975,#2976));
#1210=EDGE_LOOP('',(#2977,#2978,#2979,#2980));
#1211=EDGE_LOOP('',(#2981,#2982,#2983,#2984));
#1212=EDGE_LOOP('',(#2985,#2986,#2987,#2988));
#1213=EDGE_LOOP('',(#2989,#2990,#2991,#2992));
#1214=EDGE_LOOP('',(#2993,#2994,#2995,#2996));
#1215=EDGE_LOOP('',(#2997,#2998,#2999,#3000));
#1216=EDGE_LOOP('',(#3001,#3002,#3003,#3004));
#1217=EDGE_LOOP('',(#3005,#3006,#3007,#3008));
#1218=EDGE_LOOP('',(#3009,#3010,#3011,#3012));
#1219=EDGE_LOOP('',(#3013,#3014,#3015,#3016,#3017,#3018,#3019,#3020,#3021,
#3022,#3023,#3024));
#1220=EDGE_LOOP('',(#3025,#3026,#3027,#3028,#3029,#3030,#3031,#3032));
#1221=EDGE_LOOP('',(#3033,#3034,#3035,#3036,#3037,#3038,#3039,#3040));
#1222=EDGE_LOOP('',(#3041,#3042,#3043,#3044));
#1223=EDGE_LOOP('',(#3045,#3046,#3047,#3048));
#1224=EDGE_LOOP('',(#3049,#3050,#3051,#3052,#3053,#3054,#3055,#3056));
#1225=EDGE_LOOP('',(#3057,#3058,#3059,#3060));
#1226=EDGE_LOOP('',(#3061,#3062,#3063,#3064,#3065,#3066,#3067,#3068));
#1227=EDGE_LOOP('',(#3069,#3070,#3071,#3072));
#1228=EDGE_LOOP('',(#3073,#3074,#3075,#3076));
#1229=EDGE_LOOP('',(#3077,#3078,#3079,#3080));
#1230=EDGE_LOOP('',(#3081,#3082,#3083,#3084));
#1231=EDGE_LOOP('',(#3085,#3086,#3087,#3088));
#1232=EDGE_LOOP('',(#3089,#3090,#3091,#3092));
#1233=EDGE_LOOP('',(#3093,#3094,#3095,#3096,#3097,#3098,#3099,#3100));
#1234=EDGE_LOOP('',(#3101,#3102,#3103,#3104));
#1235=EDGE_LOOP('',(#3105,#3106,#3107,#3108));
#1236=EDGE_LOOP('',(#3109,#3110,#3111,#3112));
#1237=EDGE_LOOP('',(#3113,#3114,#3115,#3116));
#1238=EDGE_LOOP('',(#3117,#3118,#3119));
#1239=EDGE_LOOP('',(#3120,#3121,#3122,#3123));
#1240=EDGE_LOOP('',(#3124,#3125,#3126));
#1241=EDGE_LOOP('',(#3127,#3128,#3129,#3130));
#1242=EDGE_LOOP('',(#3131,#3132,#3133));
#1243=EDGE_LOOP('',(#3134,#3135,#3136));
#1244=EDGE_LOOP('',(#3137,#3138,#3139,#3140));
#1245=EDGE_LOOP('',(#3141,#3142,#3143,#3144));
#1246=EDGE_LOOP('',(#3145,#3146,#3147,#3148));
#1247=EDGE_LOOP('',(#3149,#3150,#3151,#3152));
#1248=EDGE_LOOP('',(#3153));
#1249=EDGE_LOOP('',(#3154));
#1250=EDGE_LOOP('',(#3155));
#1251=EDGE_LOOP('',(#3156));
#1252=EDGE_LOOP('',(#3157,#3158,#3159,#3160));
#1253=EDGE_LOOP('',(#3161,#3162,#3163,#3164));
#1254=EDGE_LOOP('',(#3165,#3166,#3167,#3168));
#1255=EDGE_LOOP('',(#3169,#3170,#3171));
#1256=EDGE_LOOP('',(#3172,#3173,#3174));
#1257=EDGE_LOOP('',(#3175,#3176,#3177));
#1258=EDGE_LOOP('',(#3178,#3179,#3180));
#1259=EDGE_LOOP('',(#3181,#3182,#3183,#3184));
#1260=EDGE_LOOP('',(#3185,#3186,#3187,#3188));
#1261=EDGE_LOOP('',(#3189,#3190,#3191,#3192));
#1262=EDGE_LOOP('',(#3193,#3194,#3195,#3196));
#1263=EDGE_LOOP('',(#3197,#3198,#3199,#3200));
#1264=EDGE_LOOP('',(#3201,#3202,#3203,#3204));
#1265=EDGE_LOOP('',(#3205,#3206,#3207,#3208));
#1266=EDGE_LOOP('',(#3209,#3210,#3211,#3212));
#1267=EDGE_LOOP('',(#3213,#3214,#3215,#3216));
#1268=EDGE_LOOP('',(#3217,#3218,#3219,#3220));
#1269=EDGE_LOOP('',(#3221,#3222,#3223,#3224));
#1270=EDGE_LOOP('',(#3225,#3226,#3227,#3228));
#1271=EDGE_LOOP('',(#3229,#3230,#3231,#3232));
#1272=EDGE_LOOP('',(#3233,#3234,#3235,#3236));
#1273=EDGE_LOOP('',(#3237,#3238,#3239,#3240));
#1274=EDGE_LOOP('',(#3241,#3242,#3243,#3244));
#1275=EDGE_LOOP('',(#3245,#3246,#3247,#3248));
#1276=EDGE_LOOP('',(#3249,#3250,#3251,#3252,#3253));
#1277=EDGE_LOOP('',(#3254,#3255,#3256,#3257));
#1278=EDGE_LOOP('',(#3258,#3259,#3260,#3261));
#1279=EDGE_LOOP('',(#3262,#3263,#3264,#3265));
#1280=EDGE_LOOP('',(#3266,#3267,#3268,#3269));
#1281=EDGE_LOOP('',(#3270,#3271,#3272,#3273));
#1282=EDGE_LOOP('',(#3274,#3275,#3276,#3277));
#1283=EDGE_LOOP('',(#3278,#3279,#3280,#3281));
#1284=EDGE_LOOP('',(#3282,#3283,#3284,#3285));
#1285=EDGE_LOOP('',(#3286,#3287,#3288,#3289));
#1286=EDGE_LOOP('',(#3290,#3291,#3292,#3293));
#1287=EDGE_LOOP('',(#3294,#3295,#3296,#3297));
#1288=EDGE_LOOP('',(#3298,#3299,#3300,#3301));
#1289=EDGE_LOOP('',(#3302,#3303,#3304,#3305));
#1290=EDGE_LOOP('',(#3306,#3307,#3308,#3309,#3310));
#1291=EDGE_LOOP('',(#3311,#3312,#3313,#3314));
#1292=EDGE_LOOP('',(#3315,#3316,#3317,#3318));
#1293=EDGE_LOOP('',(#3319,#3320,#3321,#3322));
#1294=EDGE_LOOP('',(#3323,#3324,#3325,#3326));
#1295=EDGE_LOOP('',(#3327,#3328,#3329,#3330));
#1296=EDGE_LOOP('',(#3331,#3332,#3333,#3334));
#1297=EDGE_LOOP('',(#3335,#3336,#3337,#3338));
#1298=EDGE_LOOP('',(#3339,#3340,#3341,#3342,#3343));
#1299=EDGE_LOOP('',(#3344,#3345,#3346,#3347));
#1300=EDGE_LOOP('',(#3348,#3349,#3350,#3351));
#1301=EDGE_LOOP('',(#3352,#3353,#3354,#3355));
#1302=EDGE_LOOP('',(#3356,#3357,#3358,#3359,#3360));
#1303=EDGE_LOOP('',(#3361,#3362,#3363,#3364,#3365,#3366));
#1304=EDGE_LOOP('',(#3367,#3368,#3369,#3370));
#1305=EDGE_LOOP('',(#3371,#3372,#3373,#3374));
#1306=EDGE_LOOP('',(#3375,#3376,#3377,#3378));
#1307=EDGE_LOOP('',(#3379,#3380,#3381,#3382));
#1308=EDGE_LOOP('',(#3383,#3384,#3385,#3386));
#1309=EDGE_LOOP('',(#3387,#3388,#3389,#3390));
#1310=EDGE_LOOP('',(#3391,#3392,#3393,#3394));
#1311=EDGE_LOOP('',(#3395,#3396,#3397,#3398));
#1312=EDGE_LOOP('',(#3399,#3400,#3401,#3402));
#1313=EDGE_LOOP('',(#3403,#3404,#3405,#3406));
#1314=EDGE_LOOP('',(#3407,#3408,#3409,#3410));
#1315=EDGE_LOOP('',(#3411,#3412,#3413,#3414));
#1316=EDGE_LOOP('',(#3415,#3416,#3417,#3418));
#1317=EDGE_LOOP('',(#3419,#3420,#3421,#3422));
#1318=EDGE_LOOP('',(#3423,#3424,#3425,#3426));
#1319=EDGE_LOOP('',(#3427,#3428,#3429,#3430));
#1320=EDGE_LOOP('',(#3431,#3432,#3433,#3434));
#1321=EDGE_LOOP('',(#3435,#3436,#3437,#3438));
#1322=EDGE_LOOP('',(#3439,#3440,#3441,#3442));
#1323=EDGE_LOOP('',(#3443,#3444,#3445,#3446));
#1324=EDGE_LOOP('',(#3447,#3448,#3449,#3450));
#1325=EDGE_LOOP('',(#3451,#3452,#3453,#3454,#3455,#3456));
#1326=EDGE_LOOP('',(#3457,#3458,#3459,#3460));
#1327=EDGE_LOOP('',(#3461,#3462,#3463,#3464));
#1328=EDGE_LOOP('',(#3465,#3466,#3467,#3468));
#1329=EDGE_LOOP('',(#3469,#3470,#3471,#3472));
#1330=EDGE_LOOP('',(#3473,#3474,#3475,#3476));
#1331=EDGE_LOOP('',(#3477,#3478,#3479,#3480));
#1332=EDGE_LOOP('',(#3481,#3482,#3483,#3484));
#1333=EDGE_LOOP('',(#3485,#3486,#3487,#3488));
#1334=EDGE_LOOP('',(#3489,#3490,#3491,#3492));
#1335=EDGE_LOOP('',(#3493,#3494,#3495,#3496,#3497));
#1336=EDGE_LOOP('',(#3498,#3499,#3500,#3501));
#1337=EDGE_LOOP('',(#3502,#3503,#3504,#3505));
#1338=EDGE_LOOP('',(#3506,#3507,#3508,#3509));
#1339=EDGE_LOOP('',(#3510,#3511,#3512,#3513));
#1340=EDGE_LOOP('',(#3514,#3515,#3516,#3517));
#1341=EDGE_LOOP('',(#3518,#3519,#3520,#3521));
#1342=EDGE_LOOP('',(#3522,#3523,#3524,#3525));
#1343=EDGE_LOOP('',(#3526,#3527,#3528,#3529,#3530));
#1344=EDGE_LOOP('',(#3531,#3532,#3533,#3534));
#1345=EDGE_LOOP('',(#3535,#3536,#3537,#3538));
#1346=EDGE_LOOP('',(#3539,#3540,#3541,#3542));
#1347=EDGE_LOOP('',(#3543,#3544,#3545,#3546));
#1348=EDGE_LOOP('',(#3547,#3548,#3549,#3550));
#1349=EDGE_LOOP('',(#3551,#3552,#3553,#3554));
#1350=EDGE_LOOP('',(#3555,#3556,#3557,#3558));
#1351=EDGE_LOOP('',(#3559,#3560,#3561,#3562));
#1352=EDGE_LOOP('',(#3563,#3564,#3565,#3566));
#1353=EDGE_LOOP('',(#3567,#3568,#3569,#3570));
#1354=EDGE_LOOP('',(#3571,#3572,#3573,#3574));
#1355=EDGE_LOOP('',(#3575,#3576,#3577,#3578));
#1356=EDGE_LOOP('',(#3579,#3580,#3581,#3582));
#1357=EDGE_LOOP('',(#3583,#3584,#3585,#3586));
#1358=EDGE_LOOP('',(#3587,#3588,#3589,#3590));
#1359=EDGE_LOOP('',(#3591,#3592,#3593,#3594));
#1360=EDGE_LOOP('',(#3595,#3596,#3597,#3598));
#1361=EDGE_LOOP('',(#3599,#3600,#3601,#3602));
#1362=EDGE_LOOP('',(#3603,#3604,#3605,#3606));
#1363=EDGE_LOOP('',(#3607,#3608,#3609,#3610));
#1364=EDGE_LOOP('',(#3611,#3612,#3613,#3614));
#1365=EDGE_LOOP('',(#3615,#3616,#3617,#3618));
#1366=EDGE_LOOP('',(#3619,#3620,#3621,#3622));
#1367=EDGE_LOOP('',(#3623,#3624,#3625,#3626));
#1368=EDGE_LOOP('',(#3627,#3628,#3629,#3630));
#1369=EDGE_LOOP('',(#3631,#3632,#3633,#3634));
#1370=EDGE_LOOP('',(#3635,#3636,#3637,#3638));
#1371=EDGE_LOOP('',(#3639,#3640,#3641,#3642));
#1372=EDGE_LOOP('',(#3643,#3644,#3645,#3646));
#1373=EDGE_LOOP('',(#3647,#3648,#3649,#3650));
#1374=EDGE_LOOP('',(#3651,#3652,#3653,#3654));
#1375=EDGE_LOOP('',(#3655,#3656,#3657,#3658));
#1376=EDGE_LOOP('',(#3659,#3660,#3661,#3662));
#1377=EDGE_LOOP('',(#3663,#3664,#3665,#3666));
#1378=EDGE_LOOP('',(#3667));
#1379=EDGE_LOOP('',(#3668,#3669,#3670,#3671));
#1380=EDGE_LOOP('',(#3672));
#1381=EDGE_LOOP('',(#3673));
#1382=EDGE_LOOP('',(#3674,#3675,#3676,#3677));
#1383=EDGE_LOOP('',(#3678));
#1384=CIRCLE('',#4033,0.13);
#1385=CIRCLE('',#4035,0.13);
#1386=CIRCLE('',#4038,0.13);
#1387=CIRCLE('',#4040,0.13);
#1388=CIRCLE('',#4043,0.200217599680291);
#1389=CIRCLE('',#4044,0.05);
#1390=CIRCLE('',#4045,0.150217599680291);
#1391=CIRCLE('',#4046,0.150217599680291);
#1392=CIRCLE('',#4048,0.38);
#1393=CIRCLE('',#4049,0.58);
#1394=CIRCLE('',#4050,0.38);
#1395=CIRCLE('',#4051,0.199899996254331);
#1396=CIRCLE('',#4052,0.199899996254331);
#1397=CIRCLE('',#4053,0.20021759968029);
#1398=CIRCLE('',#4055,0.150217599680291);
#1399=CIRCLE('',#4057,0.05);
#1400=CIRCLE('',#4058,0.149899996254331);
#1401=CIRCLE('',#4059,0.149899996254331);
#1402=CIRCLE('',#4061,0.149899996254331);
#1403=CIRCLE('',#4063,0.05);
#1404=CIRCLE('',#4064,0.15021759968029);
#1405=CIRCLE('',#4065,0.15021759968029);
#1406=CIRCLE('',#4067,0.15021759968029);
#1407=CIRCLE('',#4069,0.05);
#1408=CIRCLE('',#4070,0.149899996254331);
#1409=CIRCLE('',#4071,0.149899996254331);
#1410=CIRCLE('',#4073,0.149899996254331);
#1411=CIRCLE('',#4075,0.200217599680291);
#1412=CIRCLE('',#4076,0.05);
#1413=CIRCLE('',#4077,0.150217599680291);
#1414=CIRCLE('',#4078,0.150217599680291);
#1415=CIRCLE('',#4080,0.38);
#1416=CIRCLE('',#4081,0.58);
#1417=CIRCLE('',#4082,0.38);
#1418=CIRCLE('',#4083,0.199899996254331);
#1419=CIRCLE('',#4084,0.20021759968029);
#1420=CIRCLE('',#4085,0.199899996254331);
#1421=CIRCLE('',#4087,0.150217599680291);
#1422=CIRCLE('',#4089,0.05);
#1423=CIRCLE('',#4090,0.149899996254331);
#1424=CIRCLE('',#4091,0.149899996254331);
#1425=CIRCLE('',#4093,0.149899996254331);
#1426=CIRCLE('',#4095,0.05);
#1427=CIRCLE('',#4096,0.149899996254331);
#1428=CIRCLE('',#4097,0.149899996254331);
#1429=CIRCLE('',#4099,0.149899996254331);
#1430=CIRCLE('',#4101,0.05);
#1431=CIRCLE('',#4102,0.15021759968029);
#1432=CIRCLE('',#4103,0.15021759968029);
#1433=CIRCLE('',#4105,0.15021759968029);
#1434=CIRCLE('',#4107,0.2);
#1435=CIRCLE('',#4108,0.05);
#1436=CIRCLE('',#4109,0.15);
#1437=CIRCLE('',#4111,0.38);
#1438=CIRCLE('',#4112,0.58);
#1439=CIRCLE('',#4113,0.38);
#1440=CIRCLE('',#4114,0.38);
#1441=CIRCLE('',#4115,0.58);
#1442=CIRCLE('',#4116,0.38);
#1443=CIRCLE('',#4117,0.200217599680291);
#1444=CIRCLE('',#4118,0.21);
#1445=CIRCLE('',#4119,0.200217599680291);
#1446=CIRCLE('',#4120,0.20021759968029);
#1447=CIRCLE('',#4121,0.21);
#1448=CIRCLE('',#4122,0.21);
#1449=CIRCLE('',#4123,0.199899996254331);
#1450=CIRCLE('',#4124,0.580000007450581);
#1451=CIRCLE('',#4125,0.580000007450581);
#1452=CIRCLE('',#4126,0.798000008940697);
#1453=CIRCLE('',#4127,0.798000008940697);
#1454=CIRCLE('',#4128,0.20021759968029);
#1455=CIRCLE('',#4129,0.2);
#1456=CIRCLE('',#4130,0.199899996254331);
#1457=CIRCLE('',#4131,0.199899996254331);
#1458=CIRCLE('',#4132,0.21);
#1459=CIRCLE('',#4133,0.199899996254331);
#1460=CIRCLE('',#4135,0.15);
#1461=CIRCLE('',#4136,0.15);
#1462=CIRCLE('',#4137,0.15);
#1463=CIRCLE('',#4139,0.05);
#1464=CIRCLE('',#4141,0.05);
#1465=CIRCLE('',#4143,0.05);
#1466=CIRCLE('',#4144,0.16);
#1467=CIRCLE('',#4145,0.16);
#1468=CIRCLE('',#4147,0.16);
#1469=CIRCLE('',#4149,0.05);
#1470=CIRCLE('',#4150,0.16);
#1471=CIRCLE('',#4151,0.16);
#1472=CIRCLE('',#4153,0.16);
#1473=CIRCLE('',#4155,0.05);
#1474=CIRCLE('',#4157,0.05);
#1475=CIRCLE('',#4159,0.05);
#1476=CIRCLE('',#4161,0.05);
#1477=CIRCLE('',#4163,0.05);
#1478=CIRCLE('',#4164,0.16);
#1479=CIRCLE('',#4165,0.16);
#1480=CIRCLE('',#4167,0.16);
#1481=CIRCLE('',#4169,0.05);
#1482=CIRCLE('',#4170,0.15);
#1483=CIRCLE('',#4172,0.15);
#1484=CIRCLE('',#4173,0.15);
#1485=CIRCLE('',#4174,0.15);
#1486=CIRCLE('',#4176,0.05);
#1487=CIRCLE('',#4177,0.16);
#1488=CIRCLE('',#4178,0.16);
#1489=CIRCLE('',#4180,0.16);
#1490=CIRCLE('',#4182,0.05);
#1491=CIRCLE('',#4184,0.05);
#1492=CIRCLE('',#4187,0.38);
#1493=CIRCLE('',#4190,0.360000004470348);
#1494=CIRCLE('',#4191,0.360000004470348);
#1495=CIRCLE('',#4192,0.360000004470348);
#1496=CIRCLE('',#4193,0.360000004470348);
#1497=CIRCLE('',#4198,0.360000004470348);
#1498=CIRCLE('',#4199,0.360000004470348);
#1499=CIRCLE('',#4200,0.360000004470348);
#1500=CIRCLE('',#4201,0.360000004470348);
#1501=CIRCLE('',#4202,0.38);
#1502=CIRCLE('',#4203,0.38);
#1503=CIRCLE('',#4204,0.798000008940697);
#1504=CIRCLE('',#4205,0.798000008940697);
#1505=CIRCLE('',#4221,0.198);
#1506=CIRCLE('',#4222,0.198);
#1507=CIRCLE('',#4224,0.198);
#1508=CIRCLE('',#4225,0.600000008940697);
#1509=CIRCLE('',#4227,0.198);
#1510=CIRCLE('',#4229,0.600000008940697);
#1511=CIRCLE('',#4231,0.600000008940697);
#1512=CIRCLE('',#4234,0.198);
#1513=CIRCLE('',#4235,0.198);
#1514=CIRCLE('',#4237,0.198);
#1515=CIRCLE('',#4239,0.198);
#1516=CIRCLE('',#4240,0.600000008940697);
#1517=CIRCLE('',#4245,0.08);
#1518=CIRCLE('',#4246,0.580000007450581);
#1519=CIRCLE('',#4247,0.08);
#1520=CIRCLE('',#4248,0.500000007450581);
#1521=CIRCLE('',#4250,0.580000007450581);
#1522=CIRCLE('',#4252,0.08);
#1523=CIRCLE('',#4253,0.08);
#1524=CIRCLE('',#4254,0.08);
#1525=CIRCLE('',#4256,0.08);
#1526=CIRCLE('',#4257,0.500000007450581);
#1527=CIRCLE('',#4259,0.08);
#1528=CIRCLE('',#4260,0.08);
#1529=CIRCLE('',#4261,0.500000007450581);
#1530=CIRCLE('',#4263,0.08);
#1531=CIRCLE('',#4264,0.08);
#1532=CIRCLE('',#4265,0.08);
#1533=CIRCLE('',#4267,0.08);
#1534=CIRCLE('',#4268,0.500000007450581);
#1535=CIRCLE('',#4270,0.08);
#1536=CIRCLE('',#4271,0.08);
#1537=CIRCLE('',#4273,0.08);
#1538=CIRCLE('',#4276,0.08);
#1539=CIRCLE('',#4284,0.0799999999999989);
#1540=CIRCLE('',#4285,0.0800000000000001);
#1541=CIRCLE('',#4287,0.0800000000000001);
#1542=CIRCLE('',#4288,0.0800000000000001);
#1543=CIRCLE('',#4290,0.0799999999999998);
#1544=CIRCLE('',#4292,0.0799999999999989);
#1545=CIRCLE('',#4293,0.0800000000000001);
#1546=CIRCLE('',#4295,0.0800000000000001);
#1547=CIRCLE('',#4297,0.0800000000000001);
#1548=CIRCLE('',#4298,0.0800000000000001);
#1549=CIRCLE('',#4300,0.0800000000000001);
#1550=CIRCLE('',#4302,0.0799999999999998);
#1551=CIRCLE('',#4304,0.0799999999999998);
#1552=CIRCLE('',#4307,0.0800000000000011);
#1553=CIRCLE('',#4314,0.0799999999999998);
#1554=CIRCLE('',#4317,0.0800000000000003);
#1555=CIRCLE('',#4319,0.0800000000000007);
#1556=CIRCLE('',#4320,0.0800000000000007);
#1557=CIRCLE('',#4321,0.0800000000000005);
#1558=CIRCLE('',#4323,0.0800000000000007);
#1559=CIRCLE('',#4324,0.0800000000000007);
#1560=CIRCLE('',#4325,0.0800000000000001);
#1561=CIRCLE('',#4327,0.0800000000000007);
#1562=CIRCLE('',#4328,0.0800000000000007);
#1563=CIRCLE('',#4329,0.0800000000000005);
#1564=CIRCLE('',#4331,0.0800000000000007);
#1565=CIRCLE('',#4332,0.0800000000000007);
#1566=CIRCLE('',#4333,0.0800000000000001);
#1567=CIRCLE('',#4346,0.0799999999999998);
#1568=CIRCLE('',#4349,0.0800000000000003);
#1569=CIRCLE('',#4369,0.0799999999999997);
#1570=CIRCLE('',#4370,0.08);
#1571=CIRCLE('',#4393,0.0800000000000003);
#1572=CIRCLE('',#4395,0.3);
#1573=CIRCLE('',#4397,0.0800000000000003);
#1574=CIRCLE('',#4398,0.3);
#1575=CIRCLE('',#4401,0.0800000000000002);
#1576=CIRCLE('',#4403,0.08);
#1577=CIRCLE('',#4404,0.5);
#1578=CIRCLE('',#4413,0.0799999999999991);
#1579=CIRCLE('',#4415,0.0800000000000003);
#1580=CIRCLE('',#4416,0.3);
#1581=CIRCLE('',#4419,0.0800000000000003);
#1582=CIRCLE('',#4420,0.3);
#1583=CIRCLE('',#4424,0.0799999999999999);
#1584=CIRCLE('',#4426,0.5);
#1585=CIRCLE('',#4428,0.3);
#1586=CIRCLE('',#4435,0.08);
#1587=CIRCLE('',#4439,0.5);
#1588=CIRCLE('',#4447,0.3);
#1589=CIRCLE('',#4450,0.0800000000000006);
#1590=CIRCLE('',#4456,0.0799999999999991);
#1591=CIRCLE('',#4460,0.0800000000000001);
#1592=CIRCLE('',#4462,0.0799999999999991);
#1593=CIRCLE('',#4465,0.3);
#1594=CIRCLE('',#4474,0.0800000000000003);
#1595=CIRCLE('',#4480,0.0800000000000001);
#1596=CIRCLE('',#4481,0.5);
#1597=CIRCLE('',#4492,0.0799999999999994);
#1598=CIRCLE('',#4494,0.0800000000000003);
#1599=CIRCLE('',#4495,0.3);
#1600=CIRCLE('',#4501,0.0799999999999999);
#1601=CIRCLE('',#4518,0.13);
#1602=CIRCLE('',#4520,0.13);
#1603=CIRCLE('',#4523,0.13);
#1604=CIRCLE('',#4525,0.13);
#1605=VERTEX_POINT('',#5834);
#1606=VERTEX_POINT('',#5837);
#1607=VERTEX_POINT('',#5842);
#1608=VERTEX_POINT('',#5845);
#1609=VERTEX_POINT('',#5850);
#1610=VERTEX_POINT('',#5852);
#1611=VERTEX_POINT('',#5854);
#1612=VERTEX_POINT('',#5858);
#1613=VERTEX_POINT('',#5859);
#1614=VERTEX_POINT('',#5861);
#1615=VERTEX_POINT('',#5863);
#1616=VERTEX_POINT('',#5865);
#1617=VERTEX_POINT('',#5867);
#1618=VERTEX_POINT('',#5869);
#1619=VERTEX_POINT('',#5871);
#1620=VERTEX_POINT('',#5873);
#1621=VERTEX_POINT('',#5875);
#1622=VERTEX_POINT('',#5877);
#1623=VERTEX_POINT('',#5879);
#1624=VERTEX_POINT('',#5881);
#1625=VERTEX_POINT('',#5883);
#1626=VERTEX_POINT('',#5885);
#1627=VERTEX_POINT('',#5887);
#1628=VERTEX_POINT('',#5889);
#1629=VERTEX_POINT('',#5891);
#1630=VERTEX_POINT('',#5893);
#1631=VERTEX_POINT('',#5895);
#1632=VERTEX_POINT('',#5898);
#1633=VERTEX_POINT('',#5900);
#1634=VERTEX_POINT('',#5902);
#1635=VERTEX_POINT('',#5905);
#1636=VERTEX_POINT('',#5909);
#1637=VERTEX_POINT('',#5911);
#1638=VERTEX_POINT('',#5915);
#1639=VERTEX_POINT('',#5919);
#1640=VERTEX_POINT('',#5921);
#1641=VERTEX_POINT('',#5925);
#1642=VERTEX_POINT('',#5929);
#1643=VERTEX_POINT('',#5931);
#1644=VERTEX_POINT('',#5935);
#1645=VERTEX_POINT('',#5939);
#1646=VERTEX_POINT('',#5941);
#1647=VERTEX_POINT('',#5943);
#1648=VERTEX_POINT('',#5947);
#1649=VERTEX_POINT('',#5948);
#1650=VERTEX_POINT('',#5950);
#1651=VERTEX_POINT('',#5952);
#1652=VERTEX_POINT('',#5954);
#1653=VERTEX_POINT('',#5956);
#1654=VERTEX_POINT('',#5958);
#1655=VERTEX_POINT('',#5960);
#1656=VERTEX_POINT('',#5962);
#1657=VERTEX_POINT('',#5964);
#1658=VERTEX_POINT('',#5966);
#1659=VERTEX_POINT('',#5968);
#1660=VERTEX_POINT('',#5970);
#1661=VERTEX_POINT('',#5972);
#1662=VERTEX_POINT('',#5974);
#1663=VERTEX_POINT('',#5976);
#1664=VERTEX_POINT('',#5978);
#1665=VERTEX_POINT('',#5981);
#1666=VERTEX_POINT('',#5983);
#1667=VERTEX_POINT('',#5985);
#1668=VERTEX_POINT('',#5988);
#1669=VERTEX_POINT('',#5992);
#1670=VERTEX_POINT('',#5994);
#1671=VERTEX_POINT('',#5998);
#1672=VERTEX_POINT('',#6002);
#1673=VERTEX_POINT('',#6004);
#1674=VERTEX_POINT('',#6008);
#1675=VERTEX_POINT('',#6012);
#1676=VERTEX_POINT('',#6014);
#1677=VERTEX_POINT('',#6018);
#1678=VERTEX_POINT('',#6022);
#1679=VERTEX_POINT('',#6024);
#1680=VERTEX_POINT('',#6028);
#1681=VERTEX_POINT('',#6029);
#1682=VERTEX_POINT('',#6031);
#1683=VERTEX_POINT('',#6033);
#1684=VERTEX_POINT('',#6035);
#1685=VERTEX_POINT('',#6037);
#1686=VERTEX_POINT('',#6039);
#1687=VERTEX_POINT('',#6041);
#1688=VERTEX_POINT('',#6043);
#1689=VERTEX_POINT('',#6045);
#1690=VERTEX_POINT('',#6047);
#1691=VERTEX_POINT('',#6049);
#1692=VERTEX_POINT('',#6051);
#1693=VERTEX_POINT('',#6053);
#1694=VERTEX_POINT('',#6055);
#1695=VERTEX_POINT('',#6057);
#1696=VERTEX_POINT('',#6059);
#1697=VERTEX_POINT('',#6061);
#1698=VERTEX_POINT('',#6063);
#1699=VERTEX_POINT('',#6065);
#1700=VERTEX_POINT('',#6067);
#1701=VERTEX_POINT('',#6069);
#1702=VERTEX_POINT('',#6071);
#1703=VERTEX_POINT('',#6073);
#1704=VERTEX_POINT('',#6075);
#1705=VERTEX_POINT('',#6077);
#1706=VERTEX_POINT('',#6079);
#1707=VERTEX_POINT('',#6081);
#1708=VERTEX_POINT('',#6083);
#1709=VERTEX_POINT('',#6085);
#1710=VERTEX_POINT('',#6087);
#1711=VERTEX_POINT('',#6089);
#1712=VERTEX_POINT('',#6091);
#1713=VERTEX_POINT('',#6093);
#1714=VERTEX_POINT('',#6095);
#1715=VERTEX_POINT('',#6097);
#1716=VERTEX_POINT('',#6100);
#1717=VERTEX_POINT('',#6102);
#1718=VERTEX_POINT('',#6104);
#1719=VERTEX_POINT('',#6106);
#1720=VERTEX_POINT('',#6108);
#1721=VERTEX_POINT('',#6110);
#1722=VERTEX_POINT('',#6112);
#1723=VERTEX_POINT('',#6114);
#1724=VERTEX_POINT('',#6115);
#1725=VERTEX_POINT('',#6117);
#1726=VERTEX_POINT('',#6119);
#1727=VERTEX_POINT('',#6121);
#1728=VERTEX_POINT('',#6123);
#1729=VERTEX_POINT('',#6125);
#1730=VERTEX_POINT('',#6127);
#1731=VERTEX_POINT('',#6130);
#1732=VERTEX_POINT('',#6131);
#1733=VERTEX_POINT('',#6133);
#1734=VERTEX_POINT('',#6135);
#1735=VERTEX_POINT('',#6138);
#1736=VERTEX_POINT('',#6140);
#1737=VERTEX_POINT('',#6142);
#1738=VERTEX_POINT('',#6144);
#1739=VERTEX_POINT('',#6146);
#1740=VERTEX_POINT('',#6148);
#1741=VERTEX_POINT('',#6151);
#1742=VERTEX_POINT('',#6153);
#1743=VERTEX_POINT('',#6155);
#1744=VERTEX_POINT('',#6157);
#1745=VERTEX_POINT('',#6159);
#1746=VERTEX_POINT('',#6167);
#1747=VERTEX_POINT('',#6169);
#1748=VERTEX_POINT('',#6173);
#1749=VERTEX_POINT('',#6177);
#1750=VERTEX_POINT('',#6179);
#1751=VERTEX_POINT('',#6183);
#1752=VERTEX_POINT('',#6195);
#1753=VERTEX_POINT('',#6197);
#1754=VERTEX_POINT('',#6201);
#1755=VERTEX_POINT('',#6205);
#1756=VERTEX_POINT('',#6209);
#1757=VERTEX_POINT('',#6211);
#1758=VERTEX_POINT('',#6213);
#1759=VERTEX_POINT('',#6215);
#1760=VERTEX_POINT('',#6217);
#1761=VERTEX_POINT('',#6221);
#1762=VERTEX_POINT('',#6223);
#1763=VERTEX_POINT('',#6227);
#1764=VERTEX_POINT('',#6235);
#1765=VERTEX_POINT('',#6236);
#1766=VERTEX_POINT('',#6238);
#1767=VERTEX_POINT('',#6243);
#1768=VERTEX_POINT('',#6247);
#1769=VERTEX_POINT('',#6249);
#1770=VERTEX_POINT('',#6253);
#1771=VERTEX_POINT('',#6255);
#1772=VERTEX_POINT('',#6257);
#1773=VERTEX_POINT('',#6261);
#1774=VERTEX_POINT('',#6263);
#1775=VERTEX_POINT('',#6265);
#1776=VERTEX_POINT('',#6267);
#1777=VERTEX_POINT('',#6269);
#1778=VERTEX_POINT('',#6271);
#1779=VERTEX_POINT('',#6273);
#1780=VERTEX_POINT('',#6275);
#1781=VERTEX_POINT('',#6277);
#1782=VERTEX_POINT('',#6279);
#1783=VERTEX_POINT('',#6281);
#1784=VERTEX_POINT('',#6283);
#1785=VERTEX_POINT('',#6285);
#1786=VERTEX_POINT('',#6287);
#1787=VERTEX_POINT('',#6290);
#1788=VERTEX_POINT('',#6291);
#1789=VERTEX_POINT('',#6293);
#1790=VERTEX_POINT('',#6295);
#1791=VERTEX_POINT('',#6297);
#1792=VERTEX_POINT('',#6300);
#1793=VERTEX_POINT('',#6301);
#1794=VERTEX_POINT('',#6303);
#1795=VERTEX_POINT('',#6305);
#1796=VERTEX_POINT('',#6307);
#1797=VERTEX_POINT('',#6309);
#1798=VERTEX_POINT('',#6311);
#1799=VERTEX_POINT('',#6315);
#1800=VERTEX_POINT('',#6317);
#1801=VERTEX_POINT('',#6326);
#1802=VERTEX_POINT('',#6328);
#1803=VERTEX_POINT('',#6330);
#1804=VERTEX_POINT('',#6332);
#1805=VERTEX_POINT('',#6334);
#1806=VERTEX_POINT('',#6336);
#1807=VERTEX_POINT('',#6338);
#1808=VERTEX_POINT('',#6340);
#1809=VERTEX_POINT('',#6343);
#1810=VERTEX_POINT('',#6345);
#1811=VERTEX_POINT('',#6347);
#1812=VERTEX_POINT('',#6349);
#1813=VERTEX_POINT('',#6352);
#1814=VERTEX_POINT('',#6353);
#1815=VERTEX_POINT('',#6355);
#1816=VERTEX_POINT('',#6357);
#1817=VERTEX_POINT('',#6365);
#1818=VERTEX_POINT('',#6366);
#1819=VERTEX_POINT('',#6371);
#1820=VERTEX_POINT('',#6375);
#1821=VERTEX_POINT('',#6379);
#1822=VERTEX_POINT('',#6387);
#1823=VERTEX_POINT('',#6389);
#1824=VERTEX_POINT('',#6395);
#1825=VERTEX_POINT('',#6397);
#1826=VERTEX_POINT('',#6402);
#1827=VERTEX_POINT('',#6409);
#1828=VERTEX_POINT('',#6411);
#1829=VERTEX_POINT('',#6415);
#1830=VERTEX_POINT('',#6419);
#1831=VERTEX_POINT('',#6425);
#1832=VERTEX_POINT('',#6427);
#1833=VERTEX_POINT('',#6431);
#1834=VERTEX_POINT('',#6440);
#1835=VERTEX_POINT('',#6449);
#1836=VERTEX_POINT('',#6450);
#1837=VERTEX_POINT('',#6452);
#1838=VERTEX_POINT('',#6454);
#1839=VERTEX_POINT('',#6458);
#1840=VERTEX_POINT('',#6459);
#1841=VERTEX_POINT('',#6461);
#1842=VERTEX_POINT('',#6467);
#1843=VERTEX_POINT('',#6470);
#1844=VERTEX_POINT('',#6472);
#1845=VERTEX_POINT('',#6474);
#1846=VERTEX_POINT('',#6476);
#1847=VERTEX_POINT('',#6478);
#1848=VERTEX_POINT('',#6480);
#1849=VERTEX_POINT('',#6484);
#1850=VERTEX_POINT('',#6487);
#1851=VERTEX_POINT('',#6489);
#1852=VERTEX_POINT('',#6493);
#1853=VERTEX_POINT('',#6497);
#1854=VERTEX_POINT('',#6499);
#1855=VERTEX_POINT('',#6503);
#1856=VERTEX_POINT('',#6506);
#1857=VERTEX_POINT('',#6508);
#1858=VERTEX_POINT('',#6512);
#1859=VERTEX_POINT('',#6516);
#1860=VERTEX_POINT('',#6518);
#1861=VERTEX_POINT('',#6523);
#1862=VERTEX_POINT('',#6527);
#1863=VERTEX_POINT('',#6542);
#1864=VERTEX_POINT('',#6543);
#1865=VERTEX_POINT('',#6545);
#1866=VERTEX_POINT('',#6547);
#1867=VERTEX_POINT('',#6552);
#1868=VERTEX_POINT('',#6558);
#1869=VERTEX_POINT('',#6560);
#1870=VERTEX_POINT('',#6562);
#1871=VERTEX_POINT('',#6576);
#1872=VERTEX_POINT('',#6580);
#1873=VERTEX_POINT('',#6591);
#1874=VERTEX_POINT('',#6595);
#1875=VERTEX_POINT('',#6601);
#1876=VERTEX_POINT('',#6602);
#1877=VERTEX_POINT('',#6607);
#1878=VERTEX_POINT('',#6609);
#1879=VERTEX_POINT('',#6613);
#1880=VERTEX_POINT('',#6614);
#1881=VERTEX_POINT('',#6619);
#1882=VERTEX_POINT('',#6621);
#1883=VERTEX_POINT('',#6635);
#1884=VERTEX_POINT('',#6637);
#1885=VERTEX_POINT('',#6653);
#1886=VERTEX_POINT('',#6665);
#1887=VERTEX_POINT('',#6676);
#1888=VERTEX_POINT('',#6680);
#1889=VERTEX_POINT('',#6714);
#1890=VERTEX_POINT('',#6716);
#1891=VERTEX_POINT('',#6718);
#1892=VERTEX_POINT('',#6722);
#1893=VERTEX_POINT('',#6724);
#1894=VERTEX_POINT('',#6728);
#1895=VERTEX_POINT('',#6732);
#1896=VERTEX_POINT('',#6755);
#1897=VERTEX_POINT('',#6759);
#1898=VERTEX_POINT('',#6782);
#1899=VERTEX_POINT('',#6786);
#1900=VERTEX_POINT('',#6809);
#1901=VERTEX_POINT('',#6813);
#1902=VERTEX_POINT('',#6817);
#1903=VERTEX_POINT('',#6840);
#1904=VERTEX_POINT('',#6844);
#1905=VERTEX_POINT('',#6846);
#1906=VERTEX_POINT('',#6852);
#1907=VERTEX_POINT('',#6856);
#1908=VERTEX_POINT('',#6862);
#1909=VERTEX_POINT('',#6868);
#1910=VERTEX_POINT('',#6872);
#1911=VERTEX_POINT('',#6876);
#1912=VERTEX_POINT('',#6880);
#1913=VERTEX_POINT('',#6886);
#1914=VERTEX_POINT('',#6890);
#1915=VERTEX_POINT('',#6894);
#1916=VERTEX_POINT('',#6900);
#1917=VERTEX_POINT('',#6908);
#1918=VERTEX_POINT('',#6914);
#1919=VERTEX_POINT('',#6918);
#1920=VERTEX_POINT('',#6922);
#1921=VERTEX_POINT('',#6926);
#1922=VERTEX_POINT('',#6930);
#1923=VERTEX_POINT('',#6934);
#1924=VERTEX_POINT('',#6938);
#1925=VERTEX_POINT('',#6940);
#1926=VERTEX_POINT('',#6944);
#1927=VERTEX_POINT('',#6948);
#1928=VERTEX_POINT('',#6952);
#1929=VERTEX_POINT('',#6956);
#1930=VERTEX_POINT('',#6960);
#1931=VERTEX_POINT('',#6964);
#1932=VERTEX_POINT('',#6968);
#1933=VERTEX_POINT('',#6972);
#1934=VERTEX_POINT('',#7011);
#1935=VERTEX_POINT('',#7034);
#1936=VERTEX_POINT('',#7038);
#1937=VERTEX_POINT('',#7039);
#1938=VERTEX_POINT('',#7078);
#1939=VERTEX_POINT('',#7084);
#1940=VERTEX_POINT('',#7088);
#1941=VERTEX_POINT('',#7092);
#1942=VERTEX_POINT('',#7096);
#1943=VERTEX_POINT('',#7100);
#1944=VERTEX_POINT('',#7125);
#1945=VERTEX_POINT('',#7129);
#1946=VERTEX_POINT('',#7133);
#1947=VERTEX_POINT('',#7172);
#1948=VERTEX_POINT('',#7175);
#1949=VERTEX_POINT('',#7180);
#1950=VERTEX_POINT('',#7183);
#1951=EDGE_CURVE('',#1605,#1605,#1384,.T.);
#1952=EDGE_CURVE('',#1606,#1606,#1385,.T.);
#1953=EDGE_CURVE('',#1606,#1605,#142,.T.);
#1954=EDGE_CURVE('',#1607,#1607,#1386,.T.);
#1955=EDGE_CURVE('',#1608,#1608,#1387,.T.);
#1956=EDGE_CURVE('',#1608,#1607,#143,.T.);
#1957=EDGE_CURVE('',#1609,#1609,#1388,.T.);
#1958=EDGE_CURVE('',#1609,#1610,#1389,.T.);
#1959=EDGE_CURVE('',#1610,#1611,#1390,.T.);
#1960=EDGE_CURVE('',#1611,#1610,#1391,.T.);
#1961=EDGE_CURVE('',#1612,#1613,#144,.T.);
#1962=EDGE_CURVE('',#1614,#1613,#145,.T.);
#1963=EDGE_CURVE('',#1615,#1614,#146,.T.);
#1964=EDGE_CURVE('',#1616,#1615,#1392,.T.);
#1965=EDGE_CURVE('',#1617,#1616,#147,.T.);
#1966=EDGE_CURVE('',#1618,#1617,#148,.T.);
#1967=EDGE_CURVE('',#1619,#1618,#149,.T.);
#1968=EDGE_CURVE('',#1620,#1619,#150,.T.);
#1969=EDGE_CURVE('',#1621,#1620,#151,.T.);
#1970=EDGE_CURVE('',#1622,#1621,#152,.T.);
#1971=EDGE_CURVE('',#1623,#1622,#1393,.T.);
#1972=EDGE_CURVE('',#1624,#1623,#153,.T.);
#1973=EDGE_CURVE('',#1625,#1624,#154,.T.);
#1974=EDGE_CURVE('',#1626,#1625,#155,.T.);
#1975=EDGE_CURVE('',#1627,#1626,#156,.T.);
#1976=EDGE_CURVE('',#1628,#1627,#157,.T.);
#1977=EDGE_CURVE('',#1629,#1628,#158,.T.);
#1978=EDGE_CURVE('',#1630,#1629,#1394,.T.);
#1979=EDGE_CURVE('',#1630,#1631,#159,.T.);
#1980=EDGE_CURVE('',#1631,#1612,#160,.T.);
#1981=EDGE_CURVE('',#1632,#1632,#1395,.T.);
#1982=EDGE_CURVE('',#1633,#1633,#1396,.T.);
#1983=EDGE_CURVE('',#1634,#1634,#1397,.T.);
#1984=EDGE_CURVE('',#1635,#1635,#1398,.T.);
#1985=EDGE_CURVE('',#1635,#1611,#161,.T.);
#1986=EDGE_CURVE('',#1632,#1636,#1399,.T.);
#1987=EDGE_CURVE('',#1636,#1637,#1400,.T.);
#1988=EDGE_CURVE('',#1637,#1636,#1401,.T.);
#1989=EDGE_CURVE('',#1638,#1638,#1402,.T.);
#1990=EDGE_CURVE('',#1638,#1637,#162,.T.);
#1991=EDGE_CURVE('',#1634,#1639,#1403,.T.);
#1992=EDGE_CURVE('',#1639,#1640,#1404,.T.);
#1993=EDGE_CURVE('',#1640,#1639,#1405,.T.);
#1994=EDGE_CURVE('',#1641,#1641,#1406,.T.);
#1995=EDGE_CURVE('',#1641,#1640,#163,.T.);
#1996=EDGE_CURVE('',#1633,#1642,#1407,.T.);
#1997=EDGE_CURVE('',#1642,#1643,#1408,.T.);
#1998=EDGE_CURVE('',#1643,#1642,#1409,.T.);
#1999=EDGE_CURVE('',#1644,#1644,#1410,.T.);
#2000=EDGE_CURVE('',#1644,#1643,#164,.T.);
#2001=EDGE_CURVE('',#1645,#1645,#1411,.T.);
#2002=EDGE_CURVE('',#1645,#1646,#1412,.T.);
#2003=EDGE_CURVE('',#1646,#1647,#1413,.T.);
#2004=EDGE_CURVE('',#1647,#1646,#1414,.T.);
#2005=EDGE_CURVE('',#1648,#1649,#1415,.T.);
#2006=EDGE_CURVE('',#1650,#1648,#165,.T.);
#2007=EDGE_CURVE('',#1651,#1650,#166,.T.);
#2008=EDGE_CURVE('',#1652,#1651,#167,.T.);
#2009=EDGE_CURVE('',#1653,#1652,#168,.T.);
#2010=EDGE_CURVE('',#1654,#1653,#1416,.T.);
#2011=EDGE_CURVE('',#1655,#1654,#169,.T.);
#2012=EDGE_CURVE('',#1656,#1655,#170,.T.);
#2013=EDGE_CURVE('',#1657,#1656,#171,.T.);
#2014=EDGE_CURVE('',#1658,#1657,#172,.T.);
#2015=EDGE_CURVE('',#1659,#1658,#173,.T.);
#2016=EDGE_CURVE('',#1660,#1659,#174,.T.);
#2017=EDGE_CURVE('',#1661,#1660,#1417,.T.);
#2018=EDGE_CURVE('',#1661,#1662,#175,.T.);
#2019=EDGE_CURVE('',#1662,#1663,#176,.T.);
#2020=EDGE_CURVE('',#1663,#1664,#177,.T.);
#2021=EDGE_CURVE('',#1664,#1649,#178,.T.);
#2022=EDGE_CURVE('',#1665,#1665,#1418,.T.);
#2023=EDGE_CURVE('',#1666,#1666,#1419,.T.);
#2024=EDGE_CURVE('',#1667,#1667,#1420,.T.);
#2025=EDGE_CURVE('',#1668,#1668,#1421,.T.);
#2026=EDGE_CURVE('',#1668,#1647,#179,.T.);
#2027=EDGE_CURVE('',#1665,#1669,#1422,.T.);
#2028=EDGE_CURVE('',#1669,#1670,#1423,.T.);
#2029=EDGE_CURVE('',#1670,#1669,#1424,.T.);
#2030=EDGE_CURVE('',#1671,#1671,#1425,.T.);
#2031=EDGE_CURVE('',#1671,#1670,#180,.T.);
#2032=EDGE_CURVE('',#1667,#1672,#1426,.T.);
#2033=EDGE_CURVE('',#1672,#1673,#1427,.T.);
#2034=EDGE_CURVE('',#1673,#1672,#1428,.T.);
#2035=EDGE_CURVE('',#1674,#1674,#1429,.T.);
#2036=EDGE_CURVE('',#1674,#1673,#181,.T.);
#2037=EDGE_CURVE('',#1666,#1675,#1430,.T.);
#2038=EDGE_CURVE('',#1675,#1676,#1431,.T.);
#2039=EDGE_CURVE('',#1676,#1675,#1432,.T.);
#2040=EDGE_CURVE('',#1677,#1677,#1433,.T.);
#2041=EDGE_CURVE('',#1677,#1676,#182,.T.);
#2042=EDGE_CURVE('',#1678,#1678,#1434,.T.);
#2043=EDGE_CURVE('',#1678,#1679,#1435,.T.);
#2044=EDGE_CURVE('',#1679,#1679,#1436,.T.);
#2045=EDGE_CURVE('',#1680,#1681,#183,.T.);
#2046=EDGE_CURVE('',#1682,#1680,#184,.T.);
#2047=EDGE_CURVE('',#1683,#1682,#1437,.T.);
#2048=EDGE_CURVE('',#1684,#1683,#185,.T.);
#2049=EDGE_CURVE('',#1685,#1684,#186,.T.);
#2050=EDGE_CURVE('',#1686,#1685,#187,.T.);
#2051=EDGE_CURVE('',#1687,#1686,#188,.T.);
#2052=EDGE_CURVE('',#1688,#1687,#189,.T.);
#2053=EDGE_CURVE('',#1689,#1688,#190,.T.);
#2054=EDGE_CURVE('',#1690,#1689,#1438,.T.);
#2055=EDGE_CURVE('',#1691,#1690,#191,.T.);
#2056=EDGE_CURVE('',#1692,#1691,#192,.T.);
#2057=EDGE_CURVE('',#1693,#1692,#193,.T.);
#2058=EDGE_CURVE('',#1694,#1693,#194,.T.);
#2059=EDGE_CURVE('',#1695,#1694,#195,.T.);
#2060=EDGE_CURVE('',#1696,#1695,#196,.T.);
#2061=EDGE_CURVE('',#1697,#1696,#1439,.T.);
#2062=EDGE_CURVE('',#1698,#1697,#197,.T.);
#2063=EDGE_CURVE('',#1698,#1699,#198,.T.);
#2064=EDGE_CURVE('',#1700,#1699,#199,.T.);
#2065=EDGE_CURVE('',#1701,#1700,#200,.T.);
#2066=EDGE_CURVE('',#1702,#1701,#201,.T.);
#2067=EDGE_CURVE('',#1703,#1702,#1440,.T.);
#2068=EDGE_CURVE('',#1704,#1703,#202,.T.);
#2069=EDGE_CURVE('',#1705,#1704,#203,.T.);
#2070=EDGE_CURVE('',#1706,#1705,#204,.T.);
#2071=EDGE_CURVE('',#1707,#1706,#205,.T.);
#2072=EDGE_CURVE('',#1708,#1707,#206,.T.);
#2073=EDGE_CURVE('',#1709,#1708,#207,.T.);
#2074=EDGE_CURVE('',#1710,#1709,#1441,.T.);
#2075=EDGE_CURVE('',#1711,#1710,#208,.T.);
#2076=EDGE_CURVE('',#1712,#1711,#209,.T.);
#2077=EDGE_CURVE('',#1713,#1712,#210,.T.);
#2078=EDGE_CURVE('',#1714,#1713,#211,.T.);
#2079=EDGE_CURVE('',#1715,#1714,#1442,.T.);
#2080=EDGE_CURVE('',#1681,#1715,#212,.T.);
#2081=EDGE_CURVE('',#1716,#1716,#1443,.T.);
#2082=EDGE_CURVE('',#1717,#1717,#1444,.T.);
#2083=EDGE_CURVE('',#1718,#1718,#1445,.T.);
#2084=EDGE_CURVE('',#1719,#1719,#1446,.T.);
#2085=EDGE_CURVE('',#1720,#1720,#1447,.T.);
#2086=EDGE_CURVE('',#1721,#1721,#1448,.T.);
#2087=EDGE_CURVE('',#1722,#1722,#1449,.T.);
#2088=EDGE_CURVE('',#1723,#1724,#1450,.T.);
#2089=EDGE_CURVE('',#1723,#1725,#213,.T.);
#2090=EDGE_CURVE('',#1726,#1725,#214,.T.);
#2091=EDGE_CURVE('',#1726,#1727,#215,.T.);
#2092=EDGE_CURVE('',#1728,#1727,#1451,.T.);
#2093=EDGE_CURVE('',#1728,#1729,#216,.T.);
#2094=EDGE_CURVE('',#1730,#1729,#217,.T.);
#2095=EDGE_CURVE('',#1730,#1724,#218,.T.);
#2096=EDGE_CURVE('',#1731,#1732,#1452,.T.);
#2097=EDGE_CURVE('',#1733,#1731,#219,.T.);
#2098=EDGE_CURVE('',#1734,#1733,#1453,.T.);
#2099=EDGE_CURVE('',#1732,#1734,#220,.T.);
#2100=EDGE_CURVE('',#1735,#1735,#1454,.T.);
#2101=EDGE_CURVE('',#1736,#1736,#1455,.T.);
#2102=EDGE_CURVE('',#1737,#1737,#1456,.T.);
#2103=EDGE_CURVE('',#1738,#1738,#1457,.T.);
#2104=EDGE_CURVE('',#1739,#1739,#1458,.T.);
#2105=EDGE_CURVE('',#1740,#1740,#1459,.T.);
#2106=EDGE_CURVE('',#1679,#1741,#221,.T.);
#2107=EDGE_CURVE('',#1742,#1741,#1460,.T.);
#2108=EDGE_CURVE('',#1743,#1742,#222,.T.);
#2109=EDGE_CURVE('',#1744,#1743,#1461,.T.);
#2110=EDGE_CURVE('',#1745,#1744,#223,.T.);
#2111=EDGE_CURVE('',#1741,#1745,#1462,.T.);
#2112=EDGE_CURVE('',#1716,#1635,#1463,.T.);
#2113=EDGE_CURVE('',#1740,#1638,#1464,.T.);
#2114=EDGE_CURVE('',#1717,#1746,#1465,.T.);
#2115=EDGE_CURVE('',#1746,#1747,#1466,.T.);
#2116=EDGE_CURVE('',#1747,#1746,#1467,.T.);
#2117=EDGE_CURVE('',#1747,#1748,#224,.T.);
#2118=EDGE_CURVE('',#1748,#1748,#1468,.T.);
#2119=EDGE_CURVE('',#1739,#1749,#1469,.T.);
#2120=EDGE_CURVE('',#1749,#1750,#1470,.T.);
#2121=EDGE_CURVE('',#1750,#1749,#1471,.T.);
#2122=EDGE_CURVE('',#1750,#1751,#225,.T.);
#2123=EDGE_CURVE('',#1751,#1751,#1472,.T.);
#2124=EDGE_CURVE('',#1718,#1668,#1473,.T.);
#2125=EDGE_CURVE('',#1738,#1671,#1474,.T.);
#2126=EDGE_CURVE('',#1719,#1677,#1475,.T.);
#2127=EDGE_CURVE('',#1737,#1674,#1476,.T.);
#2128=EDGE_CURVE('',#1720,#1752,#1477,.T.);
#2129=EDGE_CURVE('',#1752,#1753,#1478,.T.);
#2130=EDGE_CURVE('',#1753,#1752,#1479,.T.);
#2131=EDGE_CURVE('',#1753,#1754,#226,.T.);
#2132=EDGE_CURVE('',#1754,#1754,#1480,.T.);
#2133=EDGE_CURVE('',#1736,#1755,#1481,.T.);
#2134=EDGE_CURVE('',#1755,#1755,#1482,.T.);
#2135=EDGE_CURVE('',#1755,#1756,#227,.T.);
#2136=EDGE_CURVE('',#1757,#1756,#1483,.T.);
#2137=EDGE_CURVE('',#1758,#1757,#228,.T.);
#2138=EDGE_CURVE('',#1759,#1758,#1484,.T.);
#2139=EDGE_CURVE('',#1760,#1759,#229,.T.);
#2140=EDGE_CURVE('',#1756,#1760,#1485,.T.);
#2141=EDGE_CURVE('',#1721,#1761,#1486,.T.);
#2142=EDGE_CURVE('',#1761,#1762,#1487,.T.);
#2143=EDGE_CURVE('',#1762,#1761,#1488,.T.);
#2144=EDGE_CURVE('',#1762,#1763,#230,.T.);
#2145=EDGE_CURVE('',#1763,#1763,#1489,.T.);
#2146=EDGE_CURVE('',#1735,#1641,#1490,.T.);
#2147=EDGE_CURVE('',#1722,#1644,#1491,.T.);
#2148=EDGE_CURVE('',#1764,#1765,#231,.T.);
#2149=EDGE_CURVE('',#1766,#1764,#232,.T.);
#2150=EDGE_CURVE('',#1649,#1766,#233,.T.);
#2151=EDGE_CURVE('',#1765,#1664,#234,.T.);
#2152=EDGE_CURVE('',#1767,#1766,#235,.T.);
#2153=EDGE_CURVE('',#1649,#1767,#1492,.T.);
#2154=EDGE_CURVE('',#1764,#1768,#236,.T.);
#2155=EDGE_CURVE('',#1769,#1768,#237,.T.);
#2156=EDGE_CURVE('',#1767,#1769,#238,.T.);
#2157=EDGE_CURVE('',#1770,#1765,#239,.T.);
#2158=EDGE_CURVE('',#1770,#1771,#240,.T.);
#2159=EDGE_CURVE('',#1771,#1772,#241,.T.);
#2160=EDGE_CURVE('',#1772,#1744,#242,.T.);
#2161=EDGE_CURVE('',#1743,#1759,#243,.T.);
#2162=EDGE_CURVE('',#1758,#1773,#244,.T.);
#2163=EDGE_CURVE('',#1773,#1774,#245,.T.);
#2164=EDGE_CURVE('',#1774,#1775,#246,.T.);
#2165=EDGE_CURVE('',#1776,#1775,#247,.T.);
#2166=EDGE_CURVE('',#1776,#1777,#248,.T.);
#2167=EDGE_CURVE('',#1777,#1778,#249,.T.);
#2168=EDGE_CURVE('',#1778,#1779,#250,.T.);
#2169=EDGE_CURVE('',#1779,#1780,#1493,.T.);
#2170=EDGE_CURVE('',#1780,#1781,#251,.T.);
#2171=EDGE_CURVE('',#1781,#1782,#1494,.T.);
#2172=EDGE_CURVE('',#1782,#1783,#252,.T.);
#2173=EDGE_CURVE('',#1783,#1784,#1495,.T.);
#2174=EDGE_CURVE('',#1784,#1785,#253,.T.);
#2175=EDGE_CURVE('',#1785,#1786,#1496,.T.);
#2176=EDGE_CURVE('',#1786,#1768,#254,.T.);
#2177=EDGE_CURVE('',#1787,#1788,#255,.T.);
#2178=EDGE_CURVE('',#1788,#1789,#256,.T.);
#2179=EDGE_CURVE('',#1789,#1790,#257,.T.);
#2180=EDGE_CURVE('',#1791,#1790,#258,.T.);
#2181=EDGE_CURVE('',#1791,#1787,#259,.T.);
#2182=EDGE_CURVE('',#1792,#1793,#260,.T.);
#2183=EDGE_CURVE('',#1793,#1794,#261,.T.);
#2184=EDGE_CURVE('',#1794,#1795,#262,.T.);
#2185=EDGE_CURVE('',#1795,#1796,#263,.T.);
#2186=EDGE_CURVE('',#1797,#1796,#264,.T.);
#2187=EDGE_CURVE('',#1797,#1798,#265,.T.);
#2188=EDGE_CURVE('',#1798,#1792,#266,.T.);
#2189=EDGE_CURVE('',#1793,#1799,#267,.T.);
#2190=EDGE_CURVE('',#1800,#1792,#268,.T.);
#2191=EDGE_CURVE('',#1799,#1800,#269,.T.);
#2192=EDGE_CURVE('',#1613,#1775,#270,.T.);
#2193=EDGE_CURVE('',#1776,#1612,#271,.T.);
#2194=EDGE_CURVE('',#1774,#1614,#272,.T.);
#2195=EDGE_CURVE('',#1769,#1801,#273,.T.);
#2196=EDGE_CURVE('',#1801,#1802,#1497,.T.);
#2197=EDGE_CURVE('',#1802,#1803,#274,.T.);
#2198=EDGE_CURVE('',#1803,#1804,#1498,.T.);
#2199=EDGE_CURVE('',#1804,#1805,#275,.T.);
#2200=EDGE_CURVE('',#1805,#1806,#1499,.T.);
#2201=EDGE_CURVE('',#1806,#1807,#276,.T.);
#2202=EDGE_CURVE('',#1807,#1808,#1500,.T.);
#2203=EDGE_CURVE('',#1808,#1630,#277,.T.);
#2204=EDGE_CURVE('',#1809,#1630,#1501,.T.);
#2205=EDGE_CURVE('',#1810,#1809,#278,.T.);
#2206=EDGE_CURVE('',#1811,#1810,#279,.T.);
#2207=EDGE_CURVE('',#1812,#1811,#280,.T.);
#2208=EDGE_CURVE('',#1767,#1812,#1502,.T.);
#2209=EDGE_CURVE('',#1813,#1814,#281,.T.);
#2210=EDGE_CURVE('',#1815,#1813,#1503,.T.);
#2211=EDGE_CURVE('',#1816,#1815,#282,.T.);
#2212=EDGE_CURVE('',#1814,#1816,#1504,.T.);
#2213=EDGE_CURVE('',#1770,#1663,#283,.T.);
#2214=EDGE_CURVE('',#1771,#1662,#284,.T.);
#2215=EDGE_CURVE('',#1817,#1818,#285,.T.);
#2216=EDGE_CURVE('',#1791,#1817,#286,.T.);
#2217=EDGE_CURVE('',#1818,#1790,#287,.T.);
#2218=EDGE_CURVE('',#1819,#1789,#288,.T.);
#2219=EDGE_CURVE('',#1818,#1819,#289,.T.);
#2220=EDGE_CURVE('',#1799,#1820,#290,.T.);
#2221=EDGE_CURVE('',#1794,#1820,#291,.T.);
#2222=EDGE_CURVE('',#1821,#1798,#292,.T.);
#2223=EDGE_CURVE('',#1800,#1821,#293,.T.);
#2224=EDGE_CURVE('',#1777,#1631,#294,.T.);
#2225=EDGE_CURVE('',#1615,#1773,#295,.T.);
#2226=EDGE_CURVE('',#1788,#1822,#296,.T.);
#2227=EDGE_CURVE('',#1787,#1823,#297,.T.);
#2228=EDGE_CURVE('',#1822,#1823,#298,.T.);
#2229=EDGE_CURVE('',#1819,#1822,#299,.T.);
#2230=EDGE_CURVE('',#1824,#1796,#300,.T.);
#2231=EDGE_CURVE('',#1825,#1824,#301,.T.);
#2232=EDGE_CURVE('',#1797,#1825,#302,.T.);
#2233=EDGE_CURVE('',#1825,#1821,#303,.T.);
#2234=EDGE_CURVE('',#1826,#1824,#304,.T.);
#2235=EDGE_CURVE('',#1826,#1820,#305,.T.);
#2236=EDGE_CURVE('',#1795,#1826,#306,.T.);
#2237=EDGE_CURVE('',#1814,#1827,#1505,.T.);
#2238=EDGE_CURVE('',#1827,#1828,#307,.T.);
#2239=EDGE_CURVE('',#1828,#1813,#1506,.T.);
#2240=EDGE_CURVE('',#1829,#1815,#1507,.T.);
#2241=EDGE_CURVE('',#1828,#1829,#1508,.T.);
#2242=EDGE_CURVE('',#1830,#1816,#1509,.T.);
#2243=EDGE_CURVE('',#1829,#1830,#308,.T.);
#2244=EDGE_CURVE('',#1830,#1827,#1510,.T.);
#2245=EDGE_CURVE('',#1831,#1828,#309,.T.);
#2246=EDGE_CURVE('',#1832,#1831,#1511,.T.);
#2247=EDGE_CURVE('',#1832,#1829,#310,.T.);
#2248=EDGE_CURVE('',#1833,#1827,#311,.T.);
#2249=EDGE_CURVE('',#1831,#1833,#312,.T.);
#2250=EDGE_CURVE('',#1732,#1832,#1512,.T.);
#2251=EDGE_CURVE('',#1831,#1731,#1513,.T.);
#2252=EDGE_CURVE('',#1833,#1733,#1514,.T.);
#2253=EDGE_CURVE('',#1834,#1734,#1515,.T.);
#2254=EDGE_CURVE('',#1833,#1834,#1516,.T.);
#2255=EDGE_CURVE('',#1834,#1832,#313,.T.);
#2256=EDGE_CURVE('',#1834,#1830,#314,.T.);
#2257=EDGE_CURVE('',#1835,#1836,#1517,.T.);
#2258=EDGE_CURVE('',#1836,#1837,#1518,.T.);
#2259=EDGE_CURVE('',#1837,#1838,#1519,.T.);
#2260=EDGE_CURVE('',#1838,#1835,#1520,.T.);
#2261=EDGE_CURVE('',#1839,#1840,#315,.T.);
#2262=EDGE_CURVE('',#1841,#1839,#316,.T.);
#2263=EDGE_CURVE('',#1615,#1841,#317,.T.);
#2264=EDGE_CURVE('',#1615,#1757,#318,.T.);
#2265=EDGE_CURVE('',#1760,#1742,#319,.T.);
#2266=EDGE_CURVE('',#1745,#1661,#320,.T.);
#2267=EDGE_CURVE('',#1842,#1661,#321,.T.);
#2268=EDGE_CURVE('',#1842,#1840,#322,.T.);
#2269=EDGE_CURVE('',#1836,#1843,#323,.T.);
#2270=EDGE_CURVE('',#1844,#1843,#324,.T.);
#2271=EDGE_CURVE('',#1844,#1845,#325,.T.);
#2272=EDGE_CURVE('',#1846,#1845,#1521,.T.);
#2273=EDGE_CURVE('',#1846,#1847,#326,.T.);
#2274=EDGE_CURVE('',#1848,#1847,#327,.T.);
#2275=EDGE_CURVE('',#1848,#1837,#328,.T.);
#2276=EDGE_CURVE('',#1849,#1835,#329,.T.);
#2277=EDGE_CURVE('',#1724,#1849,#1522,.T.);
#2278=EDGE_CURVE('',#1850,#1730,#1523,.F.);
#2279=EDGE_CURVE('',#1850,#1851,#330,.T.);
#2280=EDGE_CURVE('',#1843,#1851,#1524,.F.);
#2281=EDGE_CURVE('',#1852,#1723,#1525,.T.);
#2282=EDGE_CURVE('',#1849,#1852,#1526,.T.);
#2283=EDGE_CURVE('',#1853,#1846,#1527,.T.);
#2284=EDGE_CURVE('',#1845,#1854,#1528,.T.);
#2285=EDGE_CURVE('',#1854,#1853,#1529,.T.);
#2286=EDGE_CURVE('',#1855,#1853,#331,.T.);
#2287=EDGE_CURVE('',#1727,#1855,#1530,.T.);
#2288=EDGE_CURVE('',#1856,#1726,#1531,.F.);
#2289=EDGE_CURVE('',#1856,#1857,#332,.T.);
#2290=EDGE_CURVE('',#1847,#1857,#1532,.F.);
#2291=EDGE_CURVE('',#1858,#1728,#1533,.T.);
#2292=EDGE_CURVE('',#1855,#1858,#1534,.T.);
#2293=EDGE_CURVE('',#1859,#1844,#1535,.F.);
#2294=EDGE_CURVE('',#1860,#1859,#333,.T.);
#2295=EDGE_CURVE('',#1729,#1860,#1536,.F.);
#2296=EDGE_CURVE('',#1858,#1854,#334,.T.);
#2297=EDGE_CURVE('',#1857,#1861,#335,.T.);
#2298=EDGE_CURVE('',#1861,#1848,#1537,.F.);
#2299=EDGE_CURVE('',#1862,#1856,#336,.T.);
#2300=EDGE_CURVE('',#1862,#1861,#337,.T.);
#2301=EDGE_CURVE('',#1725,#1862,#1538,.F.);
#2302=EDGE_CURVE('',#1851,#1859,#338,.T.);
#2303=EDGE_CURVE('',#1860,#1850,#339,.T.);
#2304=EDGE_CURVE('',#1852,#1838,#340,.T.);
#2305=EDGE_CURVE('',#1863,#1864,#1539,.T.);
#2306=EDGE_CURVE('',#1864,#1865,#341,.T.);
#2307=EDGE_CURVE('',#1865,#1866,#1540,.T.);
#2308=EDGE_CURVE('',#1866,#1863,#342,.T.);
#2309=EDGE_CURVE('',#1681,#1865,#1541,.T.);
#2310=EDGE_CURVE('',#1865,#1867,#343,.T.);
#2311=EDGE_CURVE('',#1867,#1680,#1542,.T.);
#2312=EDGE_CURVE('',#1681,#1866,#1543,.T.);
#2313=EDGE_CURVE('',#1868,#1867,#1544,.T.);
#2314=EDGE_CURVE('',#1867,#1869,#344,.T.);
#2315=EDGE_CURVE('',#1869,#1870,#1545,.T.);
#2316=EDGE_CURVE('',#1870,#1868,#345,.T.);
#2317=EDGE_CURVE('',#1868,#1680,#1546,.T.);
#2318=EDGE_CURVE('',#1810,#1869,#1547,.T.);
#2319=EDGE_CURVE('',#1869,#1864,#346,.T.);
#2320=EDGE_CURVE('',#1864,#1811,#1548,.T.);
#2321=EDGE_CURVE('',#1810,#1870,#1549,.T.);
#2322=EDGE_CURVE('',#1863,#1811,#1550,.T.);
#2323=EDGE_CURVE('',#1868,#1871,#347,.T.);
#2324=EDGE_CURVE('',#1871,#1682,#1551,.T.);
#2325=EDGE_CURVE('',#1872,#1870,#348,.T.);
#2326=EDGE_CURVE('',#1871,#1872,#349,.T.);
#2327=EDGE_CURVE('',#1872,#1809,#1552,.T.);
#2328=EDGE_CURVE('',#1863,#1873,#350,.T.);
#2329=EDGE_CURVE('',#1873,#1812,#1553,.T.);
#2330=EDGE_CURVE('',#1874,#1866,#351,.T.);
#2331=EDGE_CURVE('',#1873,#1874,#352,.T.);
#2332=EDGE_CURVE('',#1874,#1715,#1554,.T.);
#2333=EDGE_CURVE('',#1875,#1876,#1555,.T.);
#2334=EDGE_CURVE('',#1876,#1699,#1556,.T.);
#2335=EDGE_CURVE('',#1699,#1875,#1557,.T.);
#2336=EDGE_CURVE('',#1700,#1877,#1558,.T.);
#2337=EDGE_CURVE('',#1877,#1878,#1559,.T.);
#2338=EDGE_CURVE('',#1878,#1700,#1560,.T.);
#2339=EDGE_CURVE('',#1879,#1880,#1561,.T.);
#2340=EDGE_CURVE('',#1880,#1840,#1562,.T.);
#2341=EDGE_CURVE('',#1840,#1879,#1563,.T.);
#2342=EDGE_CURVE('',#1839,#1881,#1564,.T.);
#2343=EDGE_CURVE('',#1881,#1882,#1565,.T.);
#2344=EDGE_CURVE('',#1882,#1839,#1566,.T.);
#2345=EDGE_CURVE('',#1875,#1882,#353,.T.);
#2346=EDGE_CURVE('',#1881,#1876,#354,.T.);
#2347=EDGE_CURVE('',#1880,#1881,#355,.T.);
#2348=EDGE_CURVE('',#1877,#1880,#356,.T.);
#2349=EDGE_CURVE('',#1879,#1878,#357,.T.);
#2350=EDGE_CURVE('',#1876,#1877,#358,.T.);
#2351=EDGE_CURVE('',#1883,#1879,#359,.T.);
#2352=EDGE_CURVE('',#1884,#1883,#360,.T.);
#2353=EDGE_CURVE('',#1884,#1878,#361,.T.);
#2354=EDGE_CURVE('',#1883,#1842,#22,.T.);
#2355=EDGE_CURVE('',#1885,#1882,#362,.T.);
#2356=EDGE_CURVE('',#1841,#1885,#23,.T.);
#2357=EDGE_CURVE('',#1701,#1884,#24,.T.);
#2358=EDGE_CURVE('',#1886,#1875,#363,.T.);
#2359=EDGE_CURVE('',#1885,#1886,#364,.T.);
#2360=EDGE_CURVE('',#1886,#1698,#25,.T.);
#2361=EDGE_CURVE('',#1885,#1887,#365,.T.);
#2362=EDGE_CURVE('',#1887,#1615,#1567,.T.);
#2363=EDGE_CURVE('',#1888,#1886,#366,.T.);
#2364=EDGE_CURVE('',#1887,#1888,#367,.T.);
#2365=EDGE_CURVE('',#1888,#1697,#1568,.T.);
#2366=EDGE_CURVE('',#1661,#1772,#368,.T.);
#2367=EDGE_CURVE('',#1817,#1823,#369,.T.);
#2368=EDGE_CURVE('',#1630,#1778,#370,.T.);
#2369=EDGE_CURVE('',#1801,#1786,#371,.T.);
#2370=EDGE_CURVE('',#1802,#1785,#372,.T.);
#2371=EDGE_CURVE('',#1803,#1784,#373,.T.);
#2372=EDGE_CURVE('',#1804,#1783,#374,.T.);
#2373=EDGE_CURVE('',#1805,#1782,#375,.T.);
#2374=EDGE_CURVE('',#1806,#1781,#376,.T.);
#2375=EDGE_CURVE('',#1807,#1780,#377,.T.);
#2376=EDGE_CURVE('',#1808,#1779,#378,.T.);
#2377=EDGE_CURVE('',#1624,#1889,#26,.T.);
#2378=EDGE_CURVE('',#1890,#1623,#1569,.T.);
#2379=EDGE_CURVE('',#1890,#1891,#379,.T.);
#2380=EDGE_CURVE('',#1891,#1889,#1570,.F.);
#2381=EDGE_CURVE('',#1620,#1892,#27,.T.);
#2382=EDGE_CURVE('',#1892,#1893,#380,.T.);
#2383=EDGE_CURVE('',#1893,#1621,#28,.T.);
#2384=EDGE_CURVE('',#1619,#1894,#29,.T.);
#2385=EDGE_CURVE('',#1894,#1892,#381,.T.);
#2386=EDGE_CURVE('',#1895,#1618,#14,.T.);
#2387=EDGE_CURVE('',#1617,#1896,#30,.T.);
#2388=EDGE_CURVE('',#1896,#1895,#382,.T.);
#2389=EDGE_CURVE('',#1897,#1658,#15,.T.);
#2390=EDGE_CURVE('',#1657,#1898,#31,.T.);
#2391=EDGE_CURVE('',#1898,#1897,#383,.T.);
#2392=EDGE_CURVE('',#1899,#1652,#16,.T.);
#2393=EDGE_CURVE('',#1651,#1900,#32,.T.);
#2394=EDGE_CURVE('',#1900,#1899,#384,.T.);
#2395=EDGE_CURVE('',#1650,#1901,#33,.T.);
#2396=EDGE_CURVE('',#1901,#1900,#385,.T.);
#2397=EDGE_CURVE('',#1902,#1627,#17,.T.);
#2398=EDGE_CURVE('',#1626,#1903,#34,.T.);
#2399=EDGE_CURVE('',#1903,#1902,#386,.T.);
#2400=EDGE_CURVE('',#1889,#1904,#35,.T.);
#2401=EDGE_CURVE('',#1904,#1905,#387,.T.);
#2402=EDGE_CURVE('',#1905,#1625,#36,.T.);
#2403=EDGE_CURVE('',#1905,#1903,#388,.T.);
#2404=EDGE_CURVE('',#1902,#1906,#389,.T.);
#2405=EDGE_CURVE('',#1906,#1628,#37,.T.);
#2406=EDGE_CURVE('',#1906,#1907,#390,.T.);
#2407=EDGE_CURVE('',#1907,#1629,#1571,.T.);
#2408=EDGE_CURVE('',#1907,#1872,#1572,.T.);
#2409=EDGE_CURVE('',#1908,#1648,#1573,.T.);
#2410=EDGE_CURVE('',#1873,#1908,#1574,.T.);
#2411=EDGE_CURVE('',#1908,#1901,#391,.T.);
#2412=EDGE_CURVE('',#1899,#1909,#392,.T.);
#2413=EDGE_CURVE('',#1909,#1653,#1575,.T.);
#2414=EDGE_CURVE('',#1910,#1654,#1576,.T.);
#2415=EDGE_CURVE('',#1909,#1910,#1577,.T.);
#2416=EDGE_CURVE('',#1910,#1911,#393,.T.);
#2417=EDGE_CURVE('',#1911,#1655,#38,.T.);
#2418=EDGE_CURVE('',#1911,#1912,#394,.T.);
#2419=EDGE_CURVE('',#1912,#1656,#39,.T.);
#2420=EDGE_CURVE('',#1912,#1898,#395,.T.);
#2421=EDGE_CURVE('',#1897,#1913,#396,.T.);
#2422=EDGE_CURVE('',#1913,#1659,#40,.T.);
#2423=EDGE_CURVE('',#1913,#1914,#397,.T.);
#2424=EDGE_CURVE('',#1914,#1660,#1578,.T.);
#2425=EDGE_CURVE('',#1915,#1661,#1579,.T.);
#2426=EDGE_CURVE('',#1914,#1915,#1580,.T.);
#2427=EDGE_CURVE('',#1915,#1883,#398,.T.);
#2428=EDGE_CURVE('',#1916,#1616,#1581,.T.);
#2429=EDGE_CURVE('',#1887,#1916,#1582,.T.);
#2430=EDGE_CURVE('',#1916,#1896,#399,.T.);
#2431=EDGE_CURVE('',#1895,#1894,#400,.T.);
#2432=EDGE_CURVE('',#1893,#1917,#401,.T.);
#2433=EDGE_CURVE('',#1917,#1622,#1583,.T.);
#2434=EDGE_CURVE('',#1917,#1890,#1584,.T.);
#2435=EDGE_CURVE('',#1907,#1918,#402,.T.);
#2436=EDGE_CURVE('',#1871,#1918,#1585,.T.);
#2437=EDGE_CURVE('',#1919,#1906,#403,.T.);
#2438=EDGE_CURVE('',#1918,#1919,#404,.T.);
#2439=EDGE_CURVE('',#1902,#1920,#405,.T.);
#2440=EDGE_CURVE('',#1919,#1920,#406,.T.);
#2441=EDGE_CURVE('',#1921,#1903,#407,.T.);
#2442=EDGE_CURVE('',#1920,#1921,#408,.T.);
#2443=EDGE_CURVE('',#1922,#1905,#409,.T.);
#2444=EDGE_CURVE('',#1921,#1922,#410,.T.);
#2445=EDGE_CURVE('',#1904,#1923,#411,.T.);
#2446=EDGE_CURVE('',#1922,#1923,#412,.T.);
#2447=EDGE_CURVE('',#1891,#1924,#413,.T.);
#2448=EDGE_CURVE('',#1925,#1924,#1586,.F.);
#2449=EDGE_CURVE('',#1923,#1925,#41,.T.);
#2450=EDGE_CURVE('',#1926,#1890,#414,.T.);
#2451=EDGE_CURVE('',#1924,#1926,#415,.T.);
#2452=EDGE_CURVE('',#1917,#1927,#416,.T.);
#2453=EDGE_CURVE('',#1926,#1927,#1587,.T.);
#2454=EDGE_CURVE('',#1893,#1928,#417,.T.);
#2455=EDGE_CURVE('',#1927,#1928,#418,.T.);
#2456=EDGE_CURVE('',#1892,#1929,#419,.T.);
#2457=EDGE_CURVE('',#1928,#1929,#420,.T.);
#2458=EDGE_CURVE('',#1930,#1894,#421,.T.);
#2459=EDGE_CURVE('',#1929,#1930,#422,.T.);
#2460=EDGE_CURVE('',#1931,#1895,#423,.T.);
#2461=EDGE_CURVE('',#1930,#1931,#424,.T.);
#2462=EDGE_CURVE('',#1896,#1932,#425,.T.);
#2463=EDGE_CURVE('',#1931,#1932,#426,.T.);
#2464=EDGE_CURVE('',#1933,#1916,#427,.T.);
#2465=EDGE_CURVE('',#1932,#1933,#428,.T.);
#2466=EDGE_CURVE('',#1933,#1888,#1588,.T.);
#2467=EDGE_CURVE('',#1925,#1688,#42,.T.);
#2468=EDGE_CURVE('',#1926,#1689,#1589,.T.);
#2469=EDGE_CURVE('',#1930,#1693,#43,.T.);
#2470=EDGE_CURVE('',#1692,#1929,#44,.T.);
#2471=EDGE_CURVE('',#1931,#1694,#18,.T.);
#2472=EDGE_CURVE('',#1933,#1696,#1590,.T.);
#2473=EDGE_CURVE('',#1695,#1932,#45,.T.);
#2474=EDGE_CURVE('',#1934,#1711,#19,.T.);
#2475=EDGE_CURVE('',#1710,#1935,#1591,.T.);
#2476=EDGE_CURVE('',#1935,#1934,#429,.T.);
#2477=EDGE_CURVE('',#1936,#1937,#430,.T.);
#2478=EDGE_CURVE('',#1937,#1714,#1592,.T.);
#2479=EDGE_CURVE('',#1713,#1936,#46,.T.);
#2480=EDGE_CURVE('',#1937,#1874,#1593,.T.);
#2481=EDGE_CURVE('',#1687,#1922,#47,.T.);
#2482=EDGE_CURVE('',#1686,#1921,#48,.T.);
#2483=EDGE_CURVE('',#1685,#1920,#20,.T.);
#2484=EDGE_CURVE('',#1684,#1919,#49,.T.);
#2485=EDGE_CURVE('',#1918,#1683,#1594,.T.);
#2486=EDGE_CURVE('',#1938,#1936,#431,.T.);
#2487=EDGE_CURVE('',#1712,#1938,#50,.T.);
#2488=EDGE_CURVE('',#1934,#1938,#432,.T.);
#2489=EDGE_CURVE('',#1709,#1939,#1595,.T.);
#2490=EDGE_CURVE('',#1939,#1935,#1596,.T.);
#2491=EDGE_CURVE('',#1940,#1939,#433,.T.);
#2492=EDGE_CURVE('',#1708,#1940,#51,.T.);
#2493=EDGE_CURVE('',#1941,#1940,#434,.T.);
#2494=EDGE_CURVE('',#1707,#1941,#52,.T.);
#2495=EDGE_CURVE('',#1942,#1941,#435,.T.);
#2496=EDGE_CURVE('',#1706,#1942,#53,.T.);
#2497=EDGE_CURVE('',#1705,#1943,#21,.T.);
#2498=EDGE_CURVE('',#1943,#1942,#436,.T.);
#2499=EDGE_CURVE('',#1944,#1943,#437,.T.);
#2500=EDGE_CURVE('',#1704,#1944,#54,.T.);
#2501=EDGE_CURVE('',#1884,#1945,#438,.T.);
#2502=EDGE_CURVE('',#1945,#1702,#1597,.T.);
#2503=EDGE_CURVE('',#1946,#1703,#1598,.T.);
#2504=EDGE_CURVE('',#1945,#1946,#1599,.T.);
#2505=EDGE_CURVE('',#1946,#1944,#439,.T.);
#2506=EDGE_CURVE('',#1691,#1928,#55,.T.);
#2507=EDGE_CURVE('',#1927,#1690,#1600,.T.);
#2508=EDGE_CURVE('',#1937,#1908,#440,.T.);
#2509=EDGE_CURVE('',#1901,#1936,#441,.T.);
#2510=EDGE_CURVE('',#1900,#1938,#442,.F.);
#2511=EDGE_CURVE('',#1934,#1899,#443,.T.);
#2512=EDGE_CURVE('',#1909,#1935,#444,.T.);
#2513=EDGE_CURVE('',#1939,#1910,#445,.T.);
#2514=EDGE_CURVE('',#1911,#1940,#446,.T.);
#2515=EDGE_CURVE('',#1941,#1912,#447,.T.);
#2516=EDGE_CURVE('',#1942,#1898,#448,.T.);
#2517=EDGE_CURVE('',#1897,#1943,#449,.T.);
#2518=EDGE_CURVE('',#1944,#1913,#450,.T.);
#2519=EDGE_CURVE('',#1914,#1946,#451,.T.);
#2520=EDGE_CURVE('',#1945,#1915,#452,.T.);
#2521=EDGE_CURVE('',#1947,#1947,#1601,.T.);
#2522=EDGE_CURVE('',#1948,#1948,#1602,.T.);
#2523=EDGE_CURVE('',#1948,#1947,#453,.T.);
#2524=EDGE_CURVE('',#1949,#1949,#1603,.T.);
#2525=EDGE_CURVE('',#1950,#1950,#1604,.T.);
#2526=EDGE_CURVE('',#1950,#1949,#454,.T.);
#2527=ORIENTED_EDGE('',*,*,#1951,.F.);
#2528=ORIENTED_EDGE('',*,*,#1952,.T.);
#2529=ORIENTED_EDGE('',*,*,#1953,.T.);
#2530=ORIENTED_EDGE('',*,*,#1951,.T.);
#2531=ORIENTED_EDGE('',*,*,#1953,.F.);
#2532=ORIENTED_EDGE('',*,*,#1952,.F.);
#2533=ORIENTED_EDGE('',*,*,#1954,.F.);
#2534=ORIENTED_EDGE('',*,*,#1955,.T.);
#2535=ORIENTED_EDGE('',*,*,#1956,.T.);
#2536=ORIENTED_EDGE('',*,*,#1954,.T.);
#2537=ORIENTED_EDGE('',*,*,#1956,.F.);
#2538=ORIENTED_EDGE('',*,*,#1955,.F.);
#2539=ORIENTED_EDGE('',*,*,#1957,.T.);
#2540=ORIENTED_EDGE('',*,*,#1958,.T.);
#2541=ORIENTED_EDGE('',*,*,#1959,.T.);
#2542=ORIENTED_EDGE('',*,*,#1960,.T.);
#2543=ORIENTED_EDGE('',*,*,#1958,.F.);
#2544=ORIENTED_EDGE('',*,*,#1961,.T.);
#2545=ORIENTED_EDGE('',*,*,#1962,.F.);
#2546=ORIENTED_EDGE('',*,*,#1963,.F.);
#2547=ORIENTED_EDGE('',*,*,#1964,.F.);
#2548=ORIENTED_EDGE('',*,*,#1965,.F.);
#2549=ORIENTED_EDGE('',*,*,#1966,.F.);
#2550=ORIENTED_EDGE('',*,*,#1967,.F.);
#2551=ORIENTED_EDGE('',*,*,#1968,.F.);
#2552=ORIENTED_EDGE('',*,*,#1969,.F.);
#2553=ORIENTED_EDGE('',*,*,#1970,.F.);
#2554=ORIENTED_EDGE('',*,*,#1971,.F.);
#2555=ORIENTED_EDGE('',*,*,#1972,.F.);
#2556=ORIENTED_EDGE('',*,*,#1973,.F.);
#2557=ORIENTED_EDGE('',*,*,#1974,.F.);
#2558=ORIENTED_EDGE('',*,*,#1975,.F.);
#2559=ORIENTED_EDGE('',*,*,#1976,.F.);
#2560=ORIENTED_EDGE('',*,*,#1977,.F.);
#2561=ORIENTED_EDGE('',*,*,#1978,.F.);
#2562=ORIENTED_EDGE('',*,*,#1979,.T.);
#2563=ORIENTED_EDGE('',*,*,#1980,.T.);
#2564=ORIENTED_EDGE('',*,*,#1981,.F.);
#2565=ORIENTED_EDGE('',*,*,#1982,.F.);
#2566=ORIENTED_EDGE('',*,*,#1983,.F.);
#2567=ORIENTED_EDGE('',*,*,#1957,.F.);
#2568=ORIENTED_EDGE('',*,*,#1984,.F.);
#2569=ORIENTED_EDGE('',*,*,#1985,.T.);
#2570=ORIENTED_EDGE('',*,*,#1959,.F.);
#2571=ORIENTED_EDGE('',*,*,#1960,.F.);
#2572=ORIENTED_EDGE('',*,*,#1985,.F.);
#2573=ORIENTED_EDGE('',*,*,#1981,.T.);
#2574=ORIENTED_EDGE('',*,*,#1986,.T.);
#2575=ORIENTED_EDGE('',*,*,#1987,.T.);
#2576=ORIENTED_EDGE('',*,*,#1988,.T.);
#2577=ORIENTED_EDGE('',*,*,#1986,.F.);
#2578=ORIENTED_EDGE('',*,*,#1989,.F.);
#2579=ORIENTED_EDGE('',*,*,#1990,.T.);
#2580=ORIENTED_EDGE('',*,*,#1987,.F.);
#2581=ORIENTED_EDGE('',*,*,#1988,.F.);
#2582=ORIENTED_EDGE('',*,*,#1990,.F.);
#2583=ORIENTED_EDGE('',*,*,#1983,.T.);
#2584=ORIENTED_EDGE('',*,*,#1991,.T.);
#2585=ORIENTED_EDGE('',*,*,#1992,.T.);
#2586=ORIENTED_EDGE('',*,*,#1993,.T.);
#2587=ORIENTED_EDGE('',*,*,#1991,.F.);
#2588=ORIENTED_EDGE('',*,*,#1994,.F.);
#2589=ORIENTED_EDGE('',*,*,#1995,.T.);
#2590=ORIENTED_EDGE('',*,*,#1992,.F.);
#2591=ORIENTED_EDGE('',*,*,#1993,.F.);
#2592=ORIENTED_EDGE('',*,*,#1995,.F.);
#2593=ORIENTED_EDGE('',*,*,#1982,.T.);
#2594=ORIENTED_EDGE('',*,*,#1996,.T.);
#2595=ORIENTED_EDGE('',*,*,#1997,.T.);
#2596=ORIENTED_EDGE('',*,*,#1998,.T.);
#2597=ORIENTED_EDGE('',*,*,#1996,.F.);
#2598=ORIENTED_EDGE('',*,*,#1999,.F.);
#2599=ORIENTED_EDGE('',*,*,#2000,.T.);
#2600=ORIENTED_EDGE('',*,*,#1997,.F.);
#2601=ORIENTED_EDGE('',*,*,#1998,.F.);
#2602=ORIENTED_EDGE('',*,*,#2000,.F.);
#2603=ORIENTED_EDGE('',*,*,#2001,.T.);
#2604=ORIENTED_EDGE('',*,*,#2002,.T.);
#2605=ORIENTED_EDGE('',*,*,#2003,.T.);
#2606=ORIENTED_EDGE('',*,*,#2004,.T.);
#2607=ORIENTED_EDGE('',*,*,#2002,.F.);
#2608=ORIENTED_EDGE('',*,*,#2005,.F.);
#2609=ORIENTED_EDGE('',*,*,#2006,.F.);
#2610=ORIENTED_EDGE('',*,*,#2007,.F.);
#2611=ORIENTED_EDGE('',*,*,#2008,.F.);
#2612=ORIENTED_EDGE('',*,*,#2009,.F.);
#2613=ORIENTED_EDGE('',*,*,#2010,.F.);
#2614=ORIENTED_EDGE('',*,*,#2011,.F.);
#2615=ORIENTED_EDGE('',*,*,#2012,.F.);
#2616=ORIENTED_EDGE('',*,*,#2013,.F.);
#2617=ORIENTED_EDGE('',*,*,#2014,.F.);
#2618=ORIENTED_EDGE('',*,*,#2015,.F.);
#2619=ORIENTED_EDGE('',*,*,#2016,.F.);
#2620=ORIENTED_EDGE('',*,*,#2017,.F.);
#2621=ORIENTED_EDGE('',*,*,#2018,.T.);
#2622=ORIENTED_EDGE('',*,*,#2019,.T.);
#2623=ORIENTED_EDGE('',*,*,#2020,.T.);
#2624=ORIENTED_EDGE('',*,*,#2021,.T.);
#2625=ORIENTED_EDGE('',*,*,#2022,.F.);
#2626=ORIENTED_EDGE('',*,*,#2023,.F.);
#2627=ORIENTED_EDGE('',*,*,#2024,.F.);
#2628=ORIENTED_EDGE('',*,*,#2001,.F.);
#2629=ORIENTED_EDGE('',*,*,#2025,.F.);
#2630=ORIENTED_EDGE('',*,*,#2026,.T.);
#2631=ORIENTED_EDGE('',*,*,#2003,.F.);
#2632=ORIENTED_EDGE('',*,*,#2004,.F.);
#2633=ORIENTED_EDGE('',*,*,#2026,.F.);
#2634=ORIENTED_EDGE('',*,*,#2022,.T.);
#2635=ORIENTED_EDGE('',*,*,#2027,.T.);
#2636=ORIENTED_EDGE('',*,*,#2028,.T.);
#2637=ORIENTED_EDGE('',*,*,#2029,.T.);
#2638=ORIENTED_EDGE('',*,*,#2027,.F.);
#2639=ORIENTED_EDGE('',*,*,#2030,.F.);
#2640=ORIENTED_EDGE('',*,*,#2031,.T.);
#2641=ORIENTED_EDGE('',*,*,#2028,.F.);
#2642=ORIENTED_EDGE('',*,*,#2029,.F.);
#2643=ORIENTED_EDGE('',*,*,#2031,.F.);
#2644=ORIENTED_EDGE('',*,*,#2024,.T.);
#2645=ORIENTED_EDGE('',*,*,#2032,.T.);
#2646=ORIENTED_EDGE('',*,*,#2033,.T.);
#2647=ORIENTED_EDGE('',*,*,#2034,.T.);
#2648=ORIENTED_EDGE('',*,*,#2032,.F.);
#2649=ORIENTED_EDGE('',*,*,#2035,.F.);
#2650=ORIENTED_EDGE('',*,*,#2036,.T.);
#2651=ORIENTED_EDGE('',*,*,#2033,.F.);
#2652=ORIENTED_EDGE('',*,*,#2034,.F.);
#2653=ORIENTED_EDGE('',*,*,#2036,.F.);
#2654=ORIENTED_EDGE('',*,*,#2023,.T.);
#2655=ORIENTED_EDGE('',*,*,#2037,.T.);
#2656=ORIENTED_EDGE('',*,*,#2038,.T.);
#2657=ORIENTED_EDGE('',*,*,#2039,.T.);
#2658=ORIENTED_EDGE('',*,*,#2037,.F.);
#2659=ORIENTED_EDGE('',*,*,#2040,.F.);
#2660=ORIENTED_EDGE('',*,*,#2041,.T.);
#2661=ORIENTED_EDGE('',*,*,#2038,.F.);
#2662=ORIENTED_EDGE('',*,*,#2039,.F.);
#2663=ORIENTED_EDGE('',*,*,#2041,.F.);
#2664=ORIENTED_EDGE('',*,*,#2042,.T.);
#2665=ORIENTED_EDGE('',*,*,#2043,.T.);
#2666=ORIENTED_EDGE('',*,*,#2044,.T.);
#2667=ORIENTED_EDGE('',*,*,#2043,.F.);
#2668=ORIENTED_EDGE('',*,*,#2045,.F.);
#2669=ORIENTED_EDGE('',*,*,#2046,.F.);
#2670=ORIENTED_EDGE('',*,*,#2047,.F.);
#2671=ORIENTED_EDGE('',*,*,#2048,.F.);
#2672=ORIENTED_EDGE('',*,*,#2049,.F.);
#2673=ORIENTED_EDGE('',*,*,#2050,.F.);
#2674=ORIENTED_EDGE('',*,*,#2051,.F.);
#2675=ORIENTED_EDGE('',*,*,#2052,.F.);
#2676=ORIENTED_EDGE('',*,*,#2053,.F.);
#2677=ORIENTED_EDGE('',*,*,#2054,.F.);
#2678=ORIENTED_EDGE('',*,*,#2055,.F.);
#2679=ORIENTED_EDGE('',*,*,#2056,.F.);
#2680=ORIENTED_EDGE('',*,*,#2057,.F.);
#2681=ORIENTED_EDGE('',*,*,#2058,.F.);
#2682=ORIENTED_EDGE('',*,*,#2059,.F.);
#2683=ORIENTED_EDGE('',*,*,#2060,.F.);
#2684=ORIENTED_EDGE('',*,*,#2061,.F.);
#2685=ORIENTED_EDGE('',*,*,#2062,.F.);
#2686=ORIENTED_EDGE('',*,*,#2063,.T.);
#2687=ORIENTED_EDGE('',*,*,#2064,.F.);
#2688=ORIENTED_EDGE('',*,*,#2065,.F.);
#2689=ORIENTED_EDGE('',*,*,#2066,.F.);
#2690=ORIENTED_EDGE('',*,*,#2067,.F.);
#2691=ORIENTED_EDGE('',*,*,#2068,.F.);
#2692=ORIENTED_EDGE('',*,*,#2069,.F.);
#2693=ORIENTED_EDGE('',*,*,#2070,.F.);
#2694=ORIENTED_EDGE('',*,*,#2071,.F.);
#2695=ORIENTED_EDGE('',*,*,#2072,.F.);
#2696=ORIENTED_EDGE('',*,*,#2073,.F.);
#2697=ORIENTED_EDGE('',*,*,#2074,.F.);
#2698=ORIENTED_EDGE('',*,*,#2075,.F.);
#2699=ORIENTED_EDGE('',*,*,#2076,.F.);
#2700=ORIENTED_EDGE('',*,*,#2077,.F.);
#2701=ORIENTED_EDGE('',*,*,#2078,.F.);
#2702=ORIENTED_EDGE('',*,*,#2079,.F.);
#2703=ORIENTED_EDGE('',*,*,#2080,.F.);
#2704=ORIENTED_EDGE('',*,*,#2081,.F.);
#2705=ORIENTED_EDGE('',*,*,#2082,.F.);
#2706=ORIENTED_EDGE('',*,*,#2083,.F.);
#2707=ORIENTED_EDGE('',*,*,#2084,.F.);
#2708=ORIENTED_EDGE('',*,*,#2085,.F.);
#2709=ORIENTED_EDGE('',*,*,#2086,.F.);
#2710=ORIENTED_EDGE('',*,*,#2087,.F.);
#2711=ORIENTED_EDGE('',*,*,#2088,.F.);
#2712=ORIENTED_EDGE('',*,*,#2089,.T.);
#2713=ORIENTED_EDGE('',*,*,#2090,.F.);
#2714=ORIENTED_EDGE('',*,*,#2091,.T.);
#2715=ORIENTED_EDGE('',*,*,#2092,.F.);
#2716=ORIENTED_EDGE('',*,*,#2093,.T.);
#2717=ORIENTED_EDGE('',*,*,#2094,.F.);
#2718=ORIENTED_EDGE('',*,*,#2095,.T.);
#2719=ORIENTED_EDGE('',*,*,#2096,.F.);
#2720=ORIENTED_EDGE('',*,*,#2097,.F.);
#2721=ORIENTED_EDGE('',*,*,#2098,.F.);
#2722=ORIENTED_EDGE('',*,*,#2099,.F.);
#2723=ORIENTED_EDGE('',*,*,#2100,.F.);
#2724=ORIENTED_EDGE('',*,*,#2101,.F.);
#2725=ORIENTED_EDGE('',*,*,#2102,.F.);
#2726=ORIENTED_EDGE('',*,*,#2103,.F.);
#2727=ORIENTED_EDGE('',*,*,#2104,.F.);
#2728=ORIENTED_EDGE('',*,*,#2105,.F.);
#2729=ORIENTED_EDGE('',*,*,#2042,.F.);
#2730=ORIENTED_EDGE('',*,*,#2044,.F.);
#2731=ORIENTED_EDGE('',*,*,#2106,.T.);
#2732=ORIENTED_EDGE('',*,*,#2107,.F.);
#2733=ORIENTED_EDGE('',*,*,#2108,.F.);
#2734=ORIENTED_EDGE('',*,*,#2109,.F.);
#2735=ORIENTED_EDGE('',*,*,#2110,.F.);
#2736=ORIENTED_EDGE('',*,*,#2111,.F.);
#2737=ORIENTED_EDGE('',*,*,#2106,.F.);
#2738=ORIENTED_EDGE('',*,*,#2081,.T.);
#2739=ORIENTED_EDGE('',*,*,#2112,.T.);
#2740=ORIENTED_EDGE('',*,*,#1984,.T.);
#2741=ORIENTED_EDGE('',*,*,#2112,.F.);
#2742=ORIENTED_EDGE('',*,*,#2105,.T.);
#2743=ORIENTED_EDGE('',*,*,#2113,.T.);
#2744=ORIENTED_EDGE('',*,*,#1989,.T.);
#2745=ORIENTED_EDGE('',*,*,#2113,.F.);
#2746=ORIENTED_EDGE('',*,*,#2082,.T.);
#2747=ORIENTED_EDGE('',*,*,#2114,.T.);
#2748=ORIENTED_EDGE('',*,*,#2115,.T.);
#2749=ORIENTED_EDGE('',*,*,#2116,.T.);
#2750=ORIENTED_EDGE('',*,*,#2114,.F.);
#2751=ORIENTED_EDGE('',*,*,#2116,.F.);
#2752=ORIENTED_EDGE('',*,*,#2117,.T.);
#2753=ORIENTED_EDGE('',*,*,#2118,.T.);
#2754=ORIENTED_EDGE('',*,*,#2117,.F.);
#2755=ORIENTED_EDGE('',*,*,#2115,.F.);
#2756=ORIENTED_EDGE('',*,*,#2104,.T.);
#2757=ORIENTED_EDGE('',*,*,#2119,.T.);
#2758=ORIENTED_EDGE('',*,*,#2120,.T.);
#2759=ORIENTED_EDGE('',*,*,#2121,.T.);
#2760=ORIENTED_EDGE('',*,*,#2119,.F.);
#2761=ORIENTED_EDGE('',*,*,#2121,.F.);
#2762=ORIENTED_EDGE('',*,*,#2122,.T.);
#2763=ORIENTED_EDGE('',*,*,#2123,.T.);
#2764=ORIENTED_EDGE('',*,*,#2122,.F.);
#2765=ORIENTED_EDGE('',*,*,#2120,.F.);
#2766=ORIENTED_EDGE('',*,*,#2083,.T.);
#2767=ORIENTED_EDGE('',*,*,#2124,.T.);
#2768=ORIENTED_EDGE('',*,*,#2025,.T.);
#2769=ORIENTED_EDGE('',*,*,#2124,.F.);
#2770=ORIENTED_EDGE('',*,*,#2103,.T.);
#2771=ORIENTED_EDGE('',*,*,#2125,.T.);
#2772=ORIENTED_EDGE('',*,*,#2030,.T.);
#2773=ORIENTED_EDGE('',*,*,#2125,.F.);
#2774=ORIENTED_EDGE('',*,*,#2084,.T.);
#2775=ORIENTED_EDGE('',*,*,#2126,.T.);
#2776=ORIENTED_EDGE('',*,*,#2040,.T.);
#2777=ORIENTED_EDGE('',*,*,#2126,.F.);
#2778=ORIENTED_EDGE('',*,*,#2102,.T.);
#2779=ORIENTED_EDGE('',*,*,#2127,.T.);
#2780=ORIENTED_EDGE('',*,*,#2035,.T.);
#2781=ORIENTED_EDGE('',*,*,#2127,.F.);
#2782=ORIENTED_EDGE('',*,*,#2085,.T.);
#2783=ORIENTED_EDGE('',*,*,#2128,.T.);
#2784=ORIENTED_EDGE('',*,*,#2129,.T.);
#2785=ORIENTED_EDGE('',*,*,#2130,.T.);
#2786=ORIENTED_EDGE('',*,*,#2128,.F.);
#2787=ORIENTED_EDGE('',*,*,#2130,.F.);
#2788=ORIENTED_EDGE('',*,*,#2131,.T.);
#2789=ORIENTED_EDGE('',*,*,#2132,.T.);
#2790=ORIENTED_EDGE('',*,*,#2131,.F.);
#2791=ORIENTED_EDGE('',*,*,#2129,.F.);
#2792=ORIENTED_EDGE('',*,*,#2101,.T.);
#2793=ORIENTED_EDGE('',*,*,#2133,.T.);
#2794=ORIENTED_EDGE('',*,*,#2134,.T.);
#2795=ORIENTED_EDGE('',*,*,#2133,.F.);
#2796=ORIENTED_EDGE('',*,*,#2134,.F.);
#2797=ORIENTED_EDGE('',*,*,#2135,.T.);
#2798=ORIENTED_EDGE('',*,*,#2136,.F.);
#2799=ORIENTED_EDGE('',*,*,#2137,.F.);
#2800=ORIENTED_EDGE('',*,*,#2138,.F.);
#2801=ORIENTED_EDGE('',*,*,#2139,.F.);
#2802=ORIENTED_EDGE('',*,*,#2140,.F.);
#2803=ORIENTED_EDGE('',*,*,#2135,.F.);
#2804=ORIENTED_EDGE('',*,*,#2086,.T.);
#2805=ORIENTED_EDGE('',*,*,#2141,.T.);
#2806=ORIENTED_EDGE('',*,*,#2142,.T.);
#2807=ORIENTED_EDGE('',*,*,#2143,.T.);
#2808=ORIENTED_EDGE('',*,*,#2141,.F.);
#2809=ORIENTED_EDGE('',*,*,#2143,.F.);
#2810=ORIENTED_EDGE('',*,*,#2144,.T.);
#2811=ORIENTED_EDGE('',*,*,#2145,.T.);
#2812=ORIENTED_EDGE('',*,*,#2144,.F.);
#2813=ORIENTED_EDGE('',*,*,#2142,.F.);
#2814=ORIENTED_EDGE('',*,*,#2100,.T.);
#2815=ORIENTED_EDGE('',*,*,#2146,.T.);
#2816=ORIENTED_EDGE('',*,*,#1994,.T.);
#2817=ORIENTED_EDGE('',*,*,#2146,.F.);
#2818=ORIENTED_EDGE('',*,*,#2087,.T.);
#2819=ORIENTED_EDGE('',*,*,#2147,.T.);
#2820=ORIENTED_EDGE('',*,*,#1999,.T.);
#2821=ORIENTED_EDGE('',*,*,#2147,.F.);
#2822=ORIENTED_EDGE('',*,*,#2148,.F.);
#2823=ORIENTED_EDGE('',*,*,#2149,.F.);
#2824=ORIENTED_EDGE('',*,*,#2150,.F.);
#2825=ORIENTED_EDGE('',*,*,#2021,.F.);
#2826=ORIENTED_EDGE('',*,*,#2151,.F.);
#2827=ORIENTED_EDGE('',*,*,#2150,.T.);
#2828=ORIENTED_EDGE('',*,*,#2152,.F.);
#2829=ORIENTED_EDGE('',*,*,#2153,.F.);
#2830=ORIENTED_EDGE('',*,*,#2149,.T.);
#2831=ORIENTED_EDGE('',*,*,#2154,.T.);
#2832=ORIENTED_EDGE('',*,*,#2155,.F.);
#2833=ORIENTED_EDGE('',*,*,#2156,.F.);
#2834=ORIENTED_EDGE('',*,*,#2152,.T.);
#2835=ORIENTED_EDGE('',*,*,#2154,.F.);
#2836=ORIENTED_EDGE('',*,*,#2148,.T.);
#2837=ORIENTED_EDGE('',*,*,#2157,.F.);
#2838=ORIENTED_EDGE('',*,*,#2158,.T.);
#2839=ORIENTED_EDGE('',*,*,#2159,.T.);
#2840=ORIENTED_EDGE('',*,*,#2160,.T.);
#2841=ORIENTED_EDGE('',*,*,#2109,.T.);
#2842=ORIENTED_EDGE('',*,*,#2161,.T.);
#2843=ORIENTED_EDGE('',*,*,#2138,.T.);
#2844=ORIENTED_EDGE('',*,*,#2162,.T.);
#2845=ORIENTED_EDGE('',*,*,#2163,.T.);
#2846=ORIENTED_EDGE('',*,*,#2164,.T.);
#2847=ORIENTED_EDGE('',*,*,#2165,.F.);
#2848=ORIENTED_EDGE('',*,*,#2166,.T.);
#2849=ORIENTED_EDGE('',*,*,#2167,.T.);
#2850=ORIENTED_EDGE('',*,*,#2168,.T.);
#2851=ORIENTED_EDGE('',*,*,#2169,.T.);
#2852=ORIENTED_EDGE('',*,*,#2170,.T.);
#2853=ORIENTED_EDGE('',*,*,#2171,.T.);
#2854=ORIENTED_EDGE('',*,*,#2172,.T.);
#2855=ORIENTED_EDGE('',*,*,#2173,.T.);
#2856=ORIENTED_EDGE('',*,*,#2174,.T.);
#2857=ORIENTED_EDGE('',*,*,#2175,.T.);
#2858=ORIENTED_EDGE('',*,*,#2176,.T.);
#2859=ORIENTED_EDGE('',*,*,#2177,.T.);
#2860=ORIENTED_EDGE('',*,*,#2178,.T.);
#2861=ORIENTED_EDGE('',*,*,#2179,.T.);
#2862=ORIENTED_EDGE('',*,*,#2180,.F.);
#2863=ORIENTED_EDGE('',*,*,#2181,.T.);
#2864=ORIENTED_EDGE('',*,*,#2182,.T.);
#2865=ORIENTED_EDGE('',*,*,#2183,.T.);
#2866=ORIENTED_EDGE('',*,*,#2184,.T.);
#2867=ORIENTED_EDGE('',*,*,#2185,.T.);
#2868=ORIENTED_EDGE('',*,*,#2186,.F.);
#2869=ORIENTED_EDGE('',*,*,#2187,.T.);
#2870=ORIENTED_EDGE('',*,*,#2188,.T.);
#2871=ORIENTED_EDGE('',*,*,#2189,.F.);
#2872=ORIENTED_EDGE('',*,*,#2182,.F.);
#2873=ORIENTED_EDGE('',*,*,#2190,.F.);
#2874=ORIENTED_EDGE('',*,*,#2191,.F.);
#2875=ORIENTED_EDGE('',*,*,#2192,.F.);
#2876=ORIENTED_EDGE('',*,*,#1961,.F.);
#2877=ORIENTED_EDGE('',*,*,#2193,.F.);
#2878=ORIENTED_EDGE('',*,*,#2165,.T.);
#2879=ORIENTED_EDGE('',*,*,#2194,.T.);
#2880=ORIENTED_EDGE('',*,*,#1962,.T.);
#2881=ORIENTED_EDGE('',*,*,#2192,.T.);
#2882=ORIENTED_EDGE('',*,*,#2164,.F.);
#2883=ORIENTED_EDGE('',*,*,#2195,.T.);
#2884=ORIENTED_EDGE('',*,*,#2196,.T.);
#2885=ORIENTED_EDGE('',*,*,#2197,.T.);
#2886=ORIENTED_EDGE('',*,*,#2198,.T.);
#2887=ORIENTED_EDGE('',*,*,#2199,.T.);
#2888=ORIENTED_EDGE('',*,*,#2200,.T.);
#2889=ORIENTED_EDGE('',*,*,#2201,.T.);
#2890=ORIENTED_EDGE('',*,*,#2202,.T.);
#2891=ORIENTED_EDGE('',*,*,#2203,.T.);
#2892=ORIENTED_EDGE('',*,*,#2204,.F.);
#2893=ORIENTED_EDGE('',*,*,#2205,.F.);
#2894=ORIENTED_EDGE('',*,*,#2206,.F.);
#2895=ORIENTED_EDGE('',*,*,#2207,.F.);
#2896=ORIENTED_EDGE('',*,*,#2208,.F.);
#2897=ORIENTED_EDGE('',*,*,#2156,.T.);
#2898=ORIENTED_EDGE('',*,*,#2209,.F.);
#2899=ORIENTED_EDGE('',*,*,#2210,.F.);
#2900=ORIENTED_EDGE('',*,*,#2211,.F.);
#2901=ORIENTED_EDGE('',*,*,#2212,.F.);
#2902=ORIENTED_EDGE('',*,*,#2151,.T.);
#2903=ORIENTED_EDGE('',*,*,#2020,.F.);
#2904=ORIENTED_EDGE('',*,*,#2213,.F.);
#2905=ORIENTED_EDGE('',*,*,#2157,.T.);
#2906=ORIENTED_EDGE('',*,*,#2213,.T.);
#2907=ORIENTED_EDGE('',*,*,#2019,.F.);
#2908=ORIENTED_EDGE('',*,*,#2214,.F.);
#2909=ORIENTED_EDGE('',*,*,#2158,.F.);
#2910=ORIENTED_EDGE('',*,*,#2215,.F.);
#2911=ORIENTED_EDGE('',*,*,#2216,.F.);
#2912=ORIENTED_EDGE('',*,*,#2180,.T.);
#2913=ORIENTED_EDGE('',*,*,#2217,.F.);
#2914=ORIENTED_EDGE('',*,*,#2217,.T.);
#2915=ORIENTED_EDGE('',*,*,#2179,.F.);
#2916=ORIENTED_EDGE('',*,*,#2218,.F.);
#2917=ORIENTED_EDGE('',*,*,#2219,.F.);
#2918=ORIENTED_EDGE('',*,*,#2189,.T.);
#2919=ORIENTED_EDGE('',*,*,#2220,.T.);
#2920=ORIENTED_EDGE('',*,*,#2221,.F.);
#2921=ORIENTED_EDGE('',*,*,#2183,.F.);
#2922=ORIENTED_EDGE('',*,*,#2190,.T.);
#2923=ORIENTED_EDGE('',*,*,#2188,.F.);
#2924=ORIENTED_EDGE('',*,*,#2222,.F.);
#2925=ORIENTED_EDGE('',*,*,#2223,.F.);
#2926=ORIENTED_EDGE('',*,*,#2193,.T.);
#2927=ORIENTED_EDGE('',*,*,#1980,.F.);
#2928=ORIENTED_EDGE('',*,*,#2224,.F.);
#2929=ORIENTED_EDGE('',*,*,#2166,.F.);
#2930=ORIENTED_EDGE('',*,*,#2163,.F.);
#2931=ORIENTED_EDGE('',*,*,#2225,.F.);
#2932=ORIENTED_EDGE('',*,*,#1963,.T.);
#2933=ORIENTED_EDGE('',*,*,#2194,.F.);
#2934=ORIENTED_EDGE('',*,*,#2226,.F.);
#2935=ORIENTED_EDGE('',*,*,#2177,.F.);
#2936=ORIENTED_EDGE('',*,*,#2227,.T.);
#2937=ORIENTED_EDGE('',*,*,#2228,.F.);
#2938=ORIENTED_EDGE('',*,*,#2226,.T.);
#2939=ORIENTED_EDGE('',*,*,#2229,.F.);
#2940=ORIENTED_EDGE('',*,*,#2218,.T.);
#2941=ORIENTED_EDGE('',*,*,#2178,.F.);
#2942=ORIENTED_EDGE('',*,*,#2230,.F.);
#2943=ORIENTED_EDGE('',*,*,#2231,.F.);
#2944=ORIENTED_EDGE('',*,*,#2232,.F.);
#2945=ORIENTED_EDGE('',*,*,#2186,.T.);
#2946=ORIENTED_EDGE('',*,*,#2191,.T.);
#2947=ORIENTED_EDGE('',*,*,#2223,.T.);
#2948=ORIENTED_EDGE('',*,*,#2233,.F.);
#2949=ORIENTED_EDGE('',*,*,#2231,.T.);
#2950=ORIENTED_EDGE('',*,*,#2234,.F.);
#2951=ORIENTED_EDGE('',*,*,#2235,.T.);
#2952=ORIENTED_EDGE('',*,*,#2220,.F.);
#2953=ORIENTED_EDGE('',*,*,#2230,.T.);
#2954=ORIENTED_EDGE('',*,*,#2185,.F.);
#2955=ORIENTED_EDGE('',*,*,#2236,.T.);
#2956=ORIENTED_EDGE('',*,*,#2234,.T.);
#2957=ORIENTED_EDGE('',*,*,#2232,.T.);
#2958=ORIENTED_EDGE('',*,*,#2233,.T.);
#2959=ORIENTED_EDGE('',*,*,#2222,.T.);
#2960=ORIENTED_EDGE('',*,*,#2187,.F.);
#2961=ORIENTED_EDGE('',*,*,#2237,.T.);
#2962=ORIENTED_EDGE('',*,*,#2238,.T.);
#2963=ORIENTED_EDGE('',*,*,#2239,.T.);
#2964=ORIENTED_EDGE('',*,*,#2209,.T.);
#2965=ORIENTED_EDGE('',*,*,#2240,.T.);
#2966=ORIENTED_EDGE('',*,*,#2210,.T.);
#2967=ORIENTED_EDGE('',*,*,#2239,.F.);
#2968=ORIENTED_EDGE('',*,*,#2241,.T.);
#2969=ORIENTED_EDGE('',*,*,#2242,.T.);
#2970=ORIENTED_EDGE('',*,*,#2211,.T.);
#2971=ORIENTED_EDGE('',*,*,#2240,.F.);
#2972=ORIENTED_EDGE('',*,*,#2243,.T.);
#2973=ORIENTED_EDGE('',*,*,#2237,.F.);
#2974=ORIENTED_EDGE('',*,*,#2212,.T.);
#2975=ORIENTED_EDGE('',*,*,#2242,.F.);
#2976=ORIENTED_EDGE('',*,*,#2244,.T.);
#2977=ORIENTED_EDGE('',*,*,#2241,.F.);
#2978=ORIENTED_EDGE('',*,*,#2245,.F.);
#2979=ORIENTED_EDGE('',*,*,#2246,.F.);
#2980=ORIENTED_EDGE('',*,*,#2247,.T.);
#2981=ORIENTED_EDGE('',*,*,#2238,.F.);
#2982=ORIENTED_EDGE('',*,*,#2248,.F.);
#2983=ORIENTED_EDGE('',*,*,#2249,.F.);
#2984=ORIENTED_EDGE('',*,*,#2245,.T.);
#2985=ORIENTED_EDGE('',*,*,#2250,.T.);
#2986=ORIENTED_EDGE('',*,*,#2246,.T.);
#2987=ORIENTED_EDGE('',*,*,#2251,.T.);
#2988=ORIENTED_EDGE('',*,*,#2096,.T.);
#2989=ORIENTED_EDGE('',*,*,#2252,.T.);
#2990=ORIENTED_EDGE('',*,*,#2097,.T.);
#2991=ORIENTED_EDGE('',*,*,#2251,.F.);
#2992=ORIENTED_EDGE('',*,*,#2249,.T.);
#2993=ORIENTED_EDGE('',*,*,#2253,.T.);
#2994=ORIENTED_EDGE('',*,*,#2098,.T.);
#2995=ORIENTED_EDGE('',*,*,#2252,.F.);
#2996=ORIENTED_EDGE('',*,*,#2254,.T.);
#2997=ORIENTED_EDGE('',*,*,#2250,.F.);
#2998=ORIENTED_EDGE('',*,*,#2099,.T.);
#2999=ORIENTED_EDGE('',*,*,#2253,.F.);
#3000=ORIENTED_EDGE('',*,*,#2255,.T.);
#3001=ORIENTED_EDGE('',*,*,#2243,.F.);
#3002=ORIENTED_EDGE('',*,*,#2247,.F.);
#3003=ORIENTED_EDGE('',*,*,#2255,.F.);
#3004=ORIENTED_EDGE('',*,*,#2256,.T.);
#3005=ORIENTED_EDGE('',*,*,#2244,.F.);
#3006=ORIENTED_EDGE('',*,*,#2256,.F.);
#3007=ORIENTED_EDGE('',*,*,#2254,.F.);
#3008=ORIENTED_EDGE('',*,*,#2248,.T.);
#3009=ORIENTED_EDGE('',*,*,#2257,.T.);
#3010=ORIENTED_EDGE('',*,*,#2258,.T.);
#3011=ORIENTED_EDGE('',*,*,#2259,.T.);
#3012=ORIENTED_EDGE('',*,*,#2260,.T.);
#3013=ORIENTED_EDGE('',*,*,#2261,.F.);
#3014=ORIENTED_EDGE('',*,*,#2262,.F.);
#3015=ORIENTED_EDGE('',*,*,#2263,.F.);
#3016=ORIENTED_EDGE('',*,*,#2264,.T.);
#3017=ORIENTED_EDGE('',*,*,#2136,.T.);
#3018=ORIENTED_EDGE('',*,*,#2140,.T.);
#3019=ORIENTED_EDGE('',*,*,#2265,.T.);
#3020=ORIENTED_EDGE('',*,*,#2107,.T.);
#3021=ORIENTED_EDGE('',*,*,#2111,.T.);
#3022=ORIENTED_EDGE('',*,*,#2266,.T.);
#3023=ORIENTED_EDGE('',*,*,#2267,.F.);
#3024=ORIENTED_EDGE('',*,*,#2268,.T.);
#3025=ORIENTED_EDGE('',*,*,#2258,.F.);
#3026=ORIENTED_EDGE('',*,*,#2269,.T.);
#3027=ORIENTED_EDGE('',*,*,#2270,.F.);
#3028=ORIENTED_EDGE('',*,*,#2271,.T.);
#3029=ORIENTED_EDGE('',*,*,#2272,.F.);
#3030=ORIENTED_EDGE('',*,*,#2273,.T.);
#3031=ORIENTED_EDGE('',*,*,#2274,.F.);
#3032=ORIENTED_EDGE('',*,*,#2275,.T.);
#3033=ORIENTED_EDGE('',*,*,#2257,.F.);
#3034=ORIENTED_EDGE('',*,*,#2276,.F.);
#3035=ORIENTED_EDGE('',*,*,#2277,.F.);
#3036=ORIENTED_EDGE('',*,*,#2095,.F.);
#3037=ORIENTED_EDGE('',*,*,#2278,.F.);
#3038=ORIENTED_EDGE('',*,*,#2279,.T.);
#3039=ORIENTED_EDGE('',*,*,#2280,.F.);
#3040=ORIENTED_EDGE('',*,*,#2269,.F.);
#3041=ORIENTED_EDGE('',*,*,#2281,.T.);
#3042=ORIENTED_EDGE('',*,*,#2088,.T.);
#3043=ORIENTED_EDGE('',*,*,#2277,.T.);
#3044=ORIENTED_EDGE('',*,*,#2282,.T.);
#3045=ORIENTED_EDGE('',*,*,#2283,.T.);
#3046=ORIENTED_EDGE('',*,*,#2272,.T.);
#3047=ORIENTED_EDGE('',*,*,#2284,.T.);
#3048=ORIENTED_EDGE('',*,*,#2285,.T.);
#3049=ORIENTED_EDGE('',*,*,#2283,.F.);
#3050=ORIENTED_EDGE('',*,*,#2286,.F.);
#3051=ORIENTED_EDGE('',*,*,#2287,.F.);
#3052=ORIENTED_EDGE('',*,*,#2091,.F.);
#3053=ORIENTED_EDGE('',*,*,#2288,.F.);
#3054=ORIENTED_EDGE('',*,*,#2289,.T.);
#3055=ORIENTED_EDGE('',*,*,#2290,.F.);
#3056=ORIENTED_EDGE('',*,*,#2273,.F.);
#3057=ORIENTED_EDGE('',*,*,#2291,.T.);
#3058=ORIENTED_EDGE('',*,*,#2092,.T.);
#3059=ORIENTED_EDGE('',*,*,#2287,.T.);
#3060=ORIENTED_EDGE('',*,*,#2292,.T.);
#3061=ORIENTED_EDGE('',*,*,#2284,.F.);
#3062=ORIENTED_EDGE('',*,*,#2271,.F.);
#3063=ORIENTED_EDGE('',*,*,#2293,.F.);
#3064=ORIENTED_EDGE('',*,*,#2294,.F.);
#3065=ORIENTED_EDGE('',*,*,#2295,.F.);
#3066=ORIENTED_EDGE('',*,*,#2093,.F.);
#3067=ORIENTED_EDGE('',*,*,#2291,.F.);
#3068=ORIENTED_EDGE('',*,*,#2296,.T.);
#3069=ORIENTED_EDGE('',*,*,#2290,.T.);
#3070=ORIENTED_EDGE('',*,*,#2297,.T.);
#3071=ORIENTED_EDGE('',*,*,#2298,.T.);
#3072=ORIENTED_EDGE('',*,*,#2274,.T.);
#3073=ORIENTED_EDGE('',*,*,#2297,.F.);
#3074=ORIENTED_EDGE('',*,*,#2289,.F.);
#3075=ORIENTED_EDGE('',*,*,#2299,.F.);
#3076=ORIENTED_EDGE('',*,*,#2300,.T.);
#3077=ORIENTED_EDGE('',*,*,#2301,.T.);
#3078=ORIENTED_EDGE('',*,*,#2299,.T.);
#3079=ORIENTED_EDGE('',*,*,#2288,.T.);
#3080=ORIENTED_EDGE('',*,*,#2090,.T.);
#3081=ORIENTED_EDGE('',*,*,#2280,.T.);
#3082=ORIENTED_EDGE('',*,*,#2302,.T.);
#3083=ORIENTED_EDGE('',*,*,#2293,.T.);
#3084=ORIENTED_EDGE('',*,*,#2270,.T.);
#3085=ORIENTED_EDGE('',*,*,#2302,.F.);
#3086=ORIENTED_EDGE('',*,*,#2279,.F.);
#3087=ORIENTED_EDGE('',*,*,#2303,.F.);
#3088=ORIENTED_EDGE('',*,*,#2294,.T.);
#3089=ORIENTED_EDGE('',*,*,#2295,.T.);
#3090=ORIENTED_EDGE('',*,*,#2303,.T.);
#3091=ORIENTED_EDGE('',*,*,#2278,.T.);
#3092=ORIENTED_EDGE('',*,*,#2094,.T.);
#3093=ORIENTED_EDGE('',*,*,#2259,.F.);
#3094=ORIENTED_EDGE('',*,*,#2275,.F.);
#3095=ORIENTED_EDGE('',*,*,#2298,.F.);
#3096=ORIENTED_EDGE('',*,*,#2300,.F.);
#3097=ORIENTED_EDGE('',*,*,#2301,.F.);
#3098=ORIENTED_EDGE('',*,*,#2089,.F.);
#3099=ORIENTED_EDGE('',*,*,#2281,.F.);
#3100=ORIENTED_EDGE('',*,*,#2304,.T.);
#3101=ORIENTED_EDGE('',*,*,#2260,.F.);
#3102=ORIENTED_EDGE('',*,*,#2304,.F.);
#3103=ORIENTED_EDGE('',*,*,#2282,.F.);
#3104=ORIENTED_EDGE('',*,*,#2276,.T.);
#3105=ORIENTED_EDGE('',*,*,#2285,.F.);
#3106=ORIENTED_EDGE('',*,*,#2296,.F.);
#3107=ORIENTED_EDGE('',*,*,#2292,.F.);
#3108=ORIENTED_EDGE('',*,*,#2286,.T.);
#3109=ORIENTED_EDGE('',*,*,#2305,.T.);
#3110=ORIENTED_EDGE('',*,*,#2306,.T.);
#3111=ORIENTED_EDGE('',*,*,#2307,.T.);
#3112=ORIENTED_EDGE('',*,*,#2308,.T.);
#3113=ORIENTED_EDGE('',*,*,#2309,.T.);
#3114=ORIENTED_EDGE('',*,*,#2310,.T.);
#3115=ORIENTED_EDGE('',*,*,#2311,.T.);
#3116=ORIENTED_EDGE('',*,*,#2045,.T.);
#3117=ORIENTED_EDGE('',*,*,#2309,.F.);
#3118=ORIENTED_EDGE('',*,*,#2312,.T.);
#3119=ORIENTED_EDGE('',*,*,#2307,.F.);
#3120=ORIENTED_EDGE('',*,*,#2313,.T.);
#3121=ORIENTED_EDGE('',*,*,#2314,.T.);
#3122=ORIENTED_EDGE('',*,*,#2315,.T.);
#3123=ORIENTED_EDGE('',*,*,#2316,.T.);
#3124=ORIENTED_EDGE('',*,*,#2313,.F.);
#3125=ORIENTED_EDGE('',*,*,#2317,.T.);
#3126=ORIENTED_EDGE('',*,*,#2311,.F.);
#3127=ORIENTED_EDGE('',*,*,#2318,.T.);
#3128=ORIENTED_EDGE('',*,*,#2319,.T.);
#3129=ORIENTED_EDGE('',*,*,#2320,.T.);
#3130=ORIENTED_EDGE('',*,*,#2206,.T.);
#3131=ORIENTED_EDGE('',*,*,#2318,.F.);
#3132=ORIENTED_EDGE('',*,*,#2321,.T.);
#3133=ORIENTED_EDGE('',*,*,#2315,.F.);
#3134=ORIENTED_EDGE('',*,*,#2305,.F.);
#3135=ORIENTED_EDGE('',*,*,#2322,.T.);
#3136=ORIENTED_EDGE('',*,*,#2320,.F.);
#3137=ORIENTED_EDGE('',*,*,#2317,.F.);
#3138=ORIENTED_EDGE('',*,*,#2323,.T.);
#3139=ORIENTED_EDGE('',*,*,#2324,.T.);
#3140=ORIENTED_EDGE('',*,*,#2046,.T.);
#3141=ORIENTED_EDGE('',*,*,#2316,.F.);
#3142=ORIENTED_EDGE('',*,*,#2325,.F.);
#3143=ORIENTED_EDGE('',*,*,#2326,.F.);
#3144=ORIENTED_EDGE('',*,*,#2323,.F.);
#3145=ORIENTED_EDGE('',*,*,#2321,.F.);
#3146=ORIENTED_EDGE('',*,*,#2205,.T.);
#3147=ORIENTED_EDGE('',*,*,#2327,.F.);
#3148=ORIENTED_EDGE('',*,*,#2325,.T.);
#3149=ORIENTED_EDGE('',*,*,#2306,.F.);
#3150=ORIENTED_EDGE('',*,*,#2319,.F.);
#3151=ORIENTED_EDGE('',*,*,#2314,.F.);
#3152=ORIENTED_EDGE('',*,*,#2310,.F.);
#3153=ORIENTED_EDGE('',*,*,#2123,.F.);
#3154=ORIENTED_EDGE('',*,*,#2132,.F.);
#3155=ORIENTED_EDGE('',*,*,#2118,.F.);
#3156=ORIENTED_EDGE('',*,*,#2145,.F.);
#3157=ORIENTED_EDGE('',*,*,#2322,.F.);
#3158=ORIENTED_EDGE('',*,*,#2328,.T.);
#3159=ORIENTED_EDGE('',*,*,#2329,.T.);
#3160=ORIENTED_EDGE('',*,*,#2207,.T.);
#3161=ORIENTED_EDGE('',*,*,#2308,.F.);
#3162=ORIENTED_EDGE('',*,*,#2330,.F.);
#3163=ORIENTED_EDGE('',*,*,#2331,.F.);
#3164=ORIENTED_EDGE('',*,*,#2328,.F.);
#3165=ORIENTED_EDGE('',*,*,#2312,.F.);
#3166=ORIENTED_EDGE('',*,*,#2080,.T.);
#3167=ORIENTED_EDGE('',*,*,#2332,.F.);
#3168=ORIENTED_EDGE('',*,*,#2330,.T.);
#3169=ORIENTED_EDGE('',*,*,#2333,.T.);
#3170=ORIENTED_EDGE('',*,*,#2334,.T.);
#3171=ORIENTED_EDGE('',*,*,#2335,.T.);
#3172=ORIENTED_EDGE('',*,*,#2336,.T.);
#3173=ORIENTED_EDGE('',*,*,#2337,.T.);
#3174=ORIENTED_EDGE('',*,*,#2338,.T.);
#3175=ORIENTED_EDGE('',*,*,#2339,.T.);
#3176=ORIENTED_EDGE('',*,*,#2340,.T.);
#3177=ORIENTED_EDGE('',*,*,#2341,.T.);
#3178=ORIENTED_EDGE('',*,*,#2342,.T.);
#3179=ORIENTED_EDGE('',*,*,#2343,.T.);
#3180=ORIENTED_EDGE('',*,*,#2344,.T.);
#3181=ORIENTED_EDGE('',*,*,#2333,.F.);
#3182=ORIENTED_EDGE('',*,*,#2345,.T.);
#3183=ORIENTED_EDGE('',*,*,#2343,.F.);
#3184=ORIENTED_EDGE('',*,*,#2346,.T.);
#3185=ORIENTED_EDGE('',*,*,#2340,.F.);
#3186=ORIENTED_EDGE('',*,*,#2347,.T.);
#3187=ORIENTED_EDGE('',*,*,#2342,.F.);
#3188=ORIENTED_EDGE('',*,*,#2261,.T.);
#3189=ORIENTED_EDGE('',*,*,#2337,.F.);
#3190=ORIENTED_EDGE('',*,*,#2348,.T.);
#3191=ORIENTED_EDGE('',*,*,#2339,.F.);
#3192=ORIENTED_EDGE('',*,*,#2349,.T.);
#3193=ORIENTED_EDGE('',*,*,#2334,.F.);
#3194=ORIENTED_EDGE('',*,*,#2350,.T.);
#3195=ORIENTED_EDGE('',*,*,#2336,.F.);
#3196=ORIENTED_EDGE('',*,*,#2064,.T.);
#3197=ORIENTED_EDGE('',*,*,#2349,.F.);
#3198=ORIENTED_EDGE('',*,*,#2351,.F.);
#3199=ORIENTED_EDGE('',*,*,#2352,.F.);
#3200=ORIENTED_EDGE('',*,*,#2353,.T.);
#3201=ORIENTED_EDGE('',*,*,#2341,.F.);
#3202=ORIENTED_EDGE('',*,*,#2268,.F.);
#3203=ORIENTED_EDGE('',*,*,#2354,.F.);
#3204=ORIENTED_EDGE('',*,*,#2351,.T.);
#3205=ORIENTED_EDGE('',*,*,#2344,.F.);
#3206=ORIENTED_EDGE('',*,*,#2355,.F.);
#3207=ORIENTED_EDGE('',*,*,#2356,.F.);
#3208=ORIENTED_EDGE('',*,*,#2262,.T.);
#3209=ORIENTED_EDGE('',*,*,#2346,.F.);
#3210=ORIENTED_EDGE('',*,*,#2347,.F.);
#3211=ORIENTED_EDGE('',*,*,#2348,.F.);
#3212=ORIENTED_EDGE('',*,*,#2350,.F.);
#3213=ORIENTED_EDGE('',*,*,#2338,.F.);
#3214=ORIENTED_EDGE('',*,*,#2353,.F.);
#3215=ORIENTED_EDGE('',*,*,#2357,.F.);
#3216=ORIENTED_EDGE('',*,*,#2065,.T.);
#3217=ORIENTED_EDGE('',*,*,#2345,.F.);
#3218=ORIENTED_EDGE('',*,*,#2358,.F.);
#3219=ORIENTED_EDGE('',*,*,#2359,.F.);
#3220=ORIENTED_EDGE('',*,*,#2355,.T.);
#3221=ORIENTED_EDGE('',*,*,#2335,.F.);
#3222=ORIENTED_EDGE('',*,*,#2063,.F.);
#3223=ORIENTED_EDGE('',*,*,#2360,.F.);
#3224=ORIENTED_EDGE('',*,*,#2358,.T.);
#3225=ORIENTED_EDGE('',*,*,#2356,.T.);
#3226=ORIENTED_EDGE('',*,*,#2361,.T.);
#3227=ORIENTED_EDGE('',*,*,#2362,.T.);
#3228=ORIENTED_EDGE('',*,*,#2263,.T.);
#3229=ORIENTED_EDGE('',*,*,#2359,.T.);
#3230=ORIENTED_EDGE('',*,*,#2363,.F.);
#3231=ORIENTED_EDGE('',*,*,#2364,.F.);
#3232=ORIENTED_EDGE('',*,*,#2361,.F.);
#3233=ORIENTED_EDGE('',*,*,#2360,.T.);
#3234=ORIENTED_EDGE('',*,*,#2062,.T.);
#3235=ORIENTED_EDGE('',*,*,#2365,.F.);
#3236=ORIENTED_EDGE('',*,*,#2363,.T.);
#3237=ORIENTED_EDGE('',*,*,#2110,.T.);
#3238=ORIENTED_EDGE('',*,*,#2160,.F.);
#3239=ORIENTED_EDGE('',*,*,#2366,.F.);
#3240=ORIENTED_EDGE('',*,*,#2266,.F.);
#3241=ORIENTED_EDGE('',*,*,#2137,.T.);
#3242=ORIENTED_EDGE('',*,*,#2264,.F.);
#3243=ORIENTED_EDGE('',*,*,#2225,.T.);
#3244=ORIENTED_EDGE('',*,*,#2162,.F.);
#3245=ORIENTED_EDGE('',*,*,#2221,.T.);
#3246=ORIENTED_EDGE('',*,*,#2235,.F.);
#3247=ORIENTED_EDGE('',*,*,#2236,.F.);
#3248=ORIENTED_EDGE('',*,*,#2184,.F.);
#3249=ORIENTED_EDGE('',*,*,#2367,.F.);
#3250=ORIENTED_EDGE('',*,*,#2215,.T.);
#3251=ORIENTED_EDGE('',*,*,#2219,.T.);
#3252=ORIENTED_EDGE('',*,*,#2229,.T.);
#3253=ORIENTED_EDGE('',*,*,#2228,.T.);
#3254=ORIENTED_EDGE('',*,*,#2216,.T.);
#3255=ORIENTED_EDGE('',*,*,#2367,.T.);
#3256=ORIENTED_EDGE('',*,*,#2227,.F.);
#3257=ORIENTED_EDGE('',*,*,#2181,.F.);
#3258=ORIENTED_EDGE('',*,*,#2224,.T.);
#3259=ORIENTED_EDGE('',*,*,#1979,.F.);
#3260=ORIENTED_EDGE('',*,*,#2368,.T.);
#3261=ORIENTED_EDGE('',*,*,#2167,.F.);
#3262=ORIENTED_EDGE('',*,*,#2214,.T.);
#3263=ORIENTED_EDGE('',*,*,#2018,.F.);
#3264=ORIENTED_EDGE('',*,*,#2366,.T.);
#3265=ORIENTED_EDGE('',*,*,#2159,.F.);
#3266=ORIENTED_EDGE('',*,*,#2195,.F.);
#3267=ORIENTED_EDGE('',*,*,#2155,.T.);
#3268=ORIENTED_EDGE('',*,*,#2176,.F.);
#3269=ORIENTED_EDGE('',*,*,#2369,.F.);
#3270=ORIENTED_EDGE('',*,*,#2196,.F.);
#3271=ORIENTED_EDGE('',*,*,#2369,.T.);
#3272=ORIENTED_EDGE('',*,*,#2175,.F.);
#3273=ORIENTED_EDGE('',*,*,#2370,.F.);
#3274=ORIENTED_EDGE('',*,*,#2197,.F.);
#3275=ORIENTED_EDGE('',*,*,#2370,.T.);
#3276=ORIENTED_EDGE('',*,*,#2174,.F.);
#3277=ORIENTED_EDGE('',*,*,#2371,.F.);
#3278=ORIENTED_EDGE('',*,*,#2198,.F.);
#3279=ORIENTED_EDGE('',*,*,#2371,.T.);
#3280=ORIENTED_EDGE('',*,*,#2173,.F.);
#3281=ORIENTED_EDGE('',*,*,#2372,.F.);
#3282=ORIENTED_EDGE('',*,*,#2199,.F.);
#3283=ORIENTED_EDGE('',*,*,#2372,.T.);
#3284=ORIENTED_EDGE('',*,*,#2172,.F.);
#3285=ORIENTED_EDGE('',*,*,#2373,.F.);
#3286=ORIENTED_EDGE('',*,*,#2200,.F.);
#3287=ORIENTED_EDGE('',*,*,#2373,.T.);
#3288=ORIENTED_EDGE('',*,*,#2171,.F.);
#3289=ORIENTED_EDGE('',*,*,#2374,.F.);
#3290=ORIENTED_EDGE('',*,*,#2201,.F.);
#3291=ORIENTED_EDGE('',*,*,#2374,.T.);
#3292=ORIENTED_EDGE('',*,*,#2170,.F.);
#3293=ORIENTED_EDGE('',*,*,#2375,.F.);
#3294=ORIENTED_EDGE('',*,*,#2202,.F.);
#3295=ORIENTED_EDGE('',*,*,#2375,.T.);
#3296=ORIENTED_EDGE('',*,*,#2169,.F.);
#3297=ORIENTED_EDGE('',*,*,#2376,.F.);
#3298=ORIENTED_EDGE('',*,*,#2203,.F.);
#3299=ORIENTED_EDGE('',*,*,#2376,.T.);
#3300=ORIENTED_EDGE('',*,*,#2168,.F.);
#3301=ORIENTED_EDGE('',*,*,#2368,.F.);
#3302=ORIENTED_EDGE('',*,*,#2108,.T.);
#3303=ORIENTED_EDGE('',*,*,#2265,.F.);
#3304=ORIENTED_EDGE('',*,*,#2139,.T.);
#3305=ORIENTED_EDGE('',*,*,#2161,.F.);
#3306=ORIENTED_EDGE('',*,*,#2377,.F.);
#3307=ORIENTED_EDGE('',*,*,#1972,.T.);
#3308=ORIENTED_EDGE('',*,*,#2378,.F.);
#3309=ORIENTED_EDGE('',*,*,#2379,.T.);
#3310=ORIENTED_EDGE('',*,*,#2380,.T.);
#3311=ORIENTED_EDGE('',*,*,#1969,.T.);
#3312=ORIENTED_EDGE('',*,*,#2381,.T.);
#3313=ORIENTED_EDGE('',*,*,#2382,.T.);
#3314=ORIENTED_EDGE('',*,*,#2383,.T.);
#3315=ORIENTED_EDGE('',*,*,#1968,.T.);
#3316=ORIENTED_EDGE('',*,*,#2384,.T.);
#3317=ORIENTED_EDGE('',*,*,#2385,.T.);
#3318=ORIENTED_EDGE('',*,*,#2381,.F.);
#3319=ORIENTED_EDGE('',*,*,#2386,.T.);
#3320=ORIENTED_EDGE('',*,*,#1966,.T.);
#3321=ORIENTED_EDGE('',*,*,#2387,.T.);
#3322=ORIENTED_EDGE('',*,*,#2388,.T.);
#3323=ORIENTED_EDGE('',*,*,#2389,.T.);
#3324=ORIENTED_EDGE('',*,*,#2014,.T.);
#3325=ORIENTED_EDGE('',*,*,#2390,.T.);
#3326=ORIENTED_EDGE('',*,*,#2391,.T.);
#3327=ORIENTED_EDGE('',*,*,#2392,.T.);
#3328=ORIENTED_EDGE('',*,*,#2008,.T.);
#3329=ORIENTED_EDGE('',*,*,#2393,.T.);
#3330=ORIENTED_EDGE('',*,*,#2394,.T.);
#3331=ORIENTED_EDGE('',*,*,#2007,.T.);
#3332=ORIENTED_EDGE('',*,*,#2395,.T.);
#3333=ORIENTED_EDGE('',*,*,#2396,.T.);
#3334=ORIENTED_EDGE('',*,*,#2393,.F.);
#3335=ORIENTED_EDGE('',*,*,#2397,.T.);
#3336=ORIENTED_EDGE('',*,*,#1975,.T.);
#3337=ORIENTED_EDGE('',*,*,#2398,.T.);
#3338=ORIENTED_EDGE('',*,*,#2399,.T.);
#3339=ORIENTED_EDGE('',*,*,#2377,.T.);
#3340=ORIENTED_EDGE('',*,*,#2400,.T.);
#3341=ORIENTED_EDGE('',*,*,#2401,.T.);
#3342=ORIENTED_EDGE('',*,*,#2402,.T.);
#3343=ORIENTED_EDGE('',*,*,#1973,.T.);
#3344=ORIENTED_EDGE('',*,*,#1974,.T.);
#3345=ORIENTED_EDGE('',*,*,#2402,.F.);
#3346=ORIENTED_EDGE('',*,*,#2403,.T.);
#3347=ORIENTED_EDGE('',*,*,#2398,.F.);
#3348=ORIENTED_EDGE('',*,*,#1976,.T.);
#3349=ORIENTED_EDGE('',*,*,#2397,.F.);
#3350=ORIENTED_EDGE('',*,*,#2404,.T.);
#3351=ORIENTED_EDGE('',*,*,#2405,.T.);
#3352=ORIENTED_EDGE('',*,*,#2406,.T.);
#3353=ORIENTED_EDGE('',*,*,#2407,.T.);
#3354=ORIENTED_EDGE('',*,*,#1977,.T.);
#3355=ORIENTED_EDGE('',*,*,#2405,.F.);
#3356=ORIENTED_EDGE('',*,*,#2327,.T.);
#3357=ORIENTED_EDGE('',*,*,#2204,.T.);
#3358=ORIENTED_EDGE('',*,*,#1978,.T.);
#3359=ORIENTED_EDGE('',*,*,#2407,.F.);
#3360=ORIENTED_EDGE('',*,*,#2408,.T.);
#3361=ORIENTED_EDGE('',*,*,#2409,.T.);
#3362=ORIENTED_EDGE('',*,*,#2005,.T.);
#3363=ORIENTED_EDGE('',*,*,#2153,.T.);
#3364=ORIENTED_EDGE('',*,*,#2208,.T.);
#3365=ORIENTED_EDGE('',*,*,#2329,.F.);
#3366=ORIENTED_EDGE('',*,*,#2410,.T.);
#3367=ORIENTED_EDGE('',*,*,#2006,.T.);
#3368=ORIENTED_EDGE('',*,*,#2409,.F.);
#3369=ORIENTED_EDGE('',*,*,#2411,.T.);
#3370=ORIENTED_EDGE('',*,*,#2395,.F.);
#3371=ORIENTED_EDGE('',*,*,#2392,.F.);
#3372=ORIENTED_EDGE('',*,*,#2412,.T.);
#3373=ORIENTED_EDGE('',*,*,#2413,.T.);
#3374=ORIENTED_EDGE('',*,*,#2009,.T.);
#3375=ORIENTED_EDGE('',*,*,#2414,.T.);
#3376=ORIENTED_EDGE('',*,*,#2010,.T.);
#3377=ORIENTED_EDGE('',*,*,#2413,.F.);
#3378=ORIENTED_EDGE('',*,*,#2415,.T.);
#3379=ORIENTED_EDGE('',*,*,#2011,.T.);
#3380=ORIENTED_EDGE('',*,*,#2414,.F.);
#3381=ORIENTED_EDGE('',*,*,#2416,.T.);
#3382=ORIENTED_EDGE('',*,*,#2417,.T.);
#3383=ORIENTED_EDGE('',*,*,#2012,.T.);
#3384=ORIENTED_EDGE('',*,*,#2417,.F.);
#3385=ORIENTED_EDGE('',*,*,#2418,.T.);
#3386=ORIENTED_EDGE('',*,*,#2419,.T.);
#3387=ORIENTED_EDGE('',*,*,#2013,.T.);
#3388=ORIENTED_EDGE('',*,*,#2419,.F.);
#3389=ORIENTED_EDGE('',*,*,#2420,.T.);
#3390=ORIENTED_EDGE('',*,*,#2390,.F.);
#3391=ORIENTED_EDGE('',*,*,#2015,.T.);
#3392=ORIENTED_EDGE('',*,*,#2389,.F.);
#3393=ORIENTED_EDGE('',*,*,#2421,.T.);
#3394=ORIENTED_EDGE('',*,*,#2422,.T.);
#3395=ORIENTED_EDGE('',*,*,#2423,.T.);
#3396=ORIENTED_EDGE('',*,*,#2424,.T.);
#3397=ORIENTED_EDGE('',*,*,#2016,.T.);
#3398=ORIENTED_EDGE('',*,*,#2422,.F.);
#3399=ORIENTED_EDGE('',*,*,#2425,.T.);
#3400=ORIENTED_EDGE('',*,*,#2017,.T.);
#3401=ORIENTED_EDGE('',*,*,#2424,.F.);
#3402=ORIENTED_EDGE('',*,*,#2426,.T.);
#3403=ORIENTED_EDGE('',*,*,#2354,.T.);
#3404=ORIENTED_EDGE('',*,*,#2267,.T.);
#3405=ORIENTED_EDGE('',*,*,#2425,.F.);
#3406=ORIENTED_EDGE('',*,*,#2427,.T.);
#3407=ORIENTED_EDGE('',*,*,#2428,.T.);
#3408=ORIENTED_EDGE('',*,*,#1964,.T.);
#3409=ORIENTED_EDGE('',*,*,#2362,.F.);
#3410=ORIENTED_EDGE('',*,*,#2429,.T.);
#3411=ORIENTED_EDGE('',*,*,#1965,.T.);
#3412=ORIENTED_EDGE('',*,*,#2428,.F.);
#3413=ORIENTED_EDGE('',*,*,#2430,.T.);
#3414=ORIENTED_EDGE('',*,*,#2387,.F.);
#3415=ORIENTED_EDGE('',*,*,#1967,.T.);
#3416=ORIENTED_EDGE('',*,*,#2386,.F.);
#3417=ORIENTED_EDGE('',*,*,#2431,.T.);
#3418=ORIENTED_EDGE('',*,*,#2384,.F.);
#3419=ORIENTED_EDGE('',*,*,#2432,.T.);
#3420=ORIENTED_EDGE('',*,*,#2433,.T.);
#3421=ORIENTED_EDGE('',*,*,#1970,.T.);
#3422=ORIENTED_EDGE('',*,*,#2383,.F.);
#3423=ORIENTED_EDGE('',*,*,#2378,.T.);
#3424=ORIENTED_EDGE('',*,*,#1971,.T.);
#3425=ORIENTED_EDGE('',*,*,#2433,.F.);
#3426=ORIENTED_EDGE('',*,*,#2434,.T.);
#3427=ORIENTED_EDGE('',*,*,#2408,.F.);
#3428=ORIENTED_EDGE('',*,*,#2435,.T.);
#3429=ORIENTED_EDGE('',*,*,#2436,.F.);
#3430=ORIENTED_EDGE('',*,*,#2326,.T.);
#3431=ORIENTED_EDGE('',*,*,#2406,.F.);
#3432=ORIENTED_EDGE('',*,*,#2437,.F.);
#3433=ORIENTED_EDGE('',*,*,#2438,.F.);
#3434=ORIENTED_EDGE('',*,*,#2435,.F.);
#3435=ORIENTED_EDGE('',*,*,#2404,.F.);
#3436=ORIENTED_EDGE('',*,*,#2439,.T.);
#3437=ORIENTED_EDGE('',*,*,#2440,.F.);
#3438=ORIENTED_EDGE('',*,*,#2437,.T.);
#3439=ORIENTED_EDGE('',*,*,#2399,.F.);
#3440=ORIENTED_EDGE('',*,*,#2441,.F.);
#3441=ORIENTED_EDGE('',*,*,#2442,.F.);
#3442=ORIENTED_EDGE('',*,*,#2439,.F.);
#3443=ORIENTED_EDGE('',*,*,#2403,.F.);
#3444=ORIENTED_EDGE('',*,*,#2443,.F.);
#3445=ORIENTED_EDGE('',*,*,#2444,.F.);
#3446=ORIENTED_EDGE('',*,*,#2441,.T.);
#3447=ORIENTED_EDGE('',*,*,#2401,.F.);
#3448=ORIENTED_EDGE('',*,*,#2445,.T.);
#3449=ORIENTED_EDGE('',*,*,#2446,.F.);
#3450=ORIENTED_EDGE('',*,*,#2443,.T.);
#3451=ORIENTED_EDGE('',*,*,#2400,.F.);
#3452=ORIENTED_EDGE('',*,*,#2380,.F.);
#3453=ORIENTED_EDGE('',*,*,#2447,.T.);
#3454=ORIENTED_EDGE('',*,*,#2448,.F.);
#3455=ORIENTED_EDGE('',*,*,#2449,.F.);
#3456=ORIENTED_EDGE('',*,*,#2445,.F.);
#3457=ORIENTED_EDGE('',*,*,#2379,.F.);
#3458=ORIENTED_EDGE('',*,*,#2450,.F.);
#3459=ORIENTED_EDGE('',*,*,#2451,.F.);
#3460=ORIENTED_EDGE('',*,*,#2447,.F.);
#3461=ORIENTED_EDGE('',*,*,#2434,.F.);
#3462=ORIENTED_EDGE('',*,*,#2452,.T.);
#3463=ORIENTED_EDGE('',*,*,#2453,.F.);
#3464=ORIENTED_EDGE('',*,*,#2450,.T.);
#3465=ORIENTED_EDGE('',*,*,#2432,.F.);
#3466=ORIENTED_EDGE('',*,*,#2454,.T.);
#3467=ORIENTED_EDGE('',*,*,#2455,.F.);
#3468=ORIENTED_EDGE('',*,*,#2452,.F.);
#3469=ORIENTED_EDGE('',*,*,#2382,.F.);
#3470=ORIENTED_EDGE('',*,*,#2456,.T.);
#3471=ORIENTED_EDGE('',*,*,#2457,.F.);
#3472=ORIENTED_EDGE('',*,*,#2454,.F.);
#3473=ORIENTED_EDGE('',*,*,#2385,.F.);
#3474=ORIENTED_EDGE('',*,*,#2458,.F.);
#3475=ORIENTED_EDGE('',*,*,#2459,.F.);
#3476=ORIENTED_EDGE('',*,*,#2456,.F.);
#3477=ORIENTED_EDGE('',*,*,#2431,.F.);
#3478=ORIENTED_EDGE('',*,*,#2460,.F.);
#3479=ORIENTED_EDGE('',*,*,#2461,.F.);
#3480=ORIENTED_EDGE('',*,*,#2458,.T.);
#3481=ORIENTED_EDGE('',*,*,#2388,.F.);
#3482=ORIENTED_EDGE('',*,*,#2462,.T.);
#3483=ORIENTED_EDGE('',*,*,#2463,.F.);
#3484=ORIENTED_EDGE('',*,*,#2460,.T.);
#3485=ORIENTED_EDGE('',*,*,#2430,.F.);
#3486=ORIENTED_EDGE('',*,*,#2464,.F.);
#3487=ORIENTED_EDGE('',*,*,#2465,.F.);
#3488=ORIENTED_EDGE('',*,*,#2462,.F.);
#3489=ORIENTED_EDGE('',*,*,#2429,.F.);
#3490=ORIENTED_EDGE('',*,*,#2364,.T.);
#3491=ORIENTED_EDGE('',*,*,#2466,.F.);
#3492=ORIENTED_EDGE('',*,*,#2464,.T.);
#3493=ORIENTED_EDGE('',*,*,#2467,.F.);
#3494=ORIENTED_EDGE('',*,*,#2448,.T.);
#3495=ORIENTED_EDGE('',*,*,#2451,.T.);
#3496=ORIENTED_EDGE('',*,*,#2468,.T.);
#3497=ORIENTED_EDGE('',*,*,#2053,.T.);
#3498=ORIENTED_EDGE('',*,*,#2459,.T.);
#3499=ORIENTED_EDGE('',*,*,#2469,.T.);
#3500=ORIENTED_EDGE('',*,*,#2057,.T.);
#3501=ORIENTED_EDGE('',*,*,#2470,.T.);
#3502=ORIENTED_EDGE('',*,*,#2461,.T.);
#3503=ORIENTED_EDGE('',*,*,#2471,.T.);
#3504=ORIENTED_EDGE('',*,*,#2058,.T.);
#3505=ORIENTED_EDGE('',*,*,#2469,.F.);
#3506=ORIENTED_EDGE('',*,*,#2465,.T.);
#3507=ORIENTED_EDGE('',*,*,#2472,.T.);
#3508=ORIENTED_EDGE('',*,*,#2060,.T.);
#3509=ORIENTED_EDGE('',*,*,#2473,.T.);
#3510=ORIENTED_EDGE('',*,*,#2365,.T.);
#3511=ORIENTED_EDGE('',*,*,#2061,.T.);
#3512=ORIENTED_EDGE('',*,*,#2472,.F.);
#3513=ORIENTED_EDGE('',*,*,#2466,.T.);
#3514=ORIENTED_EDGE('',*,*,#2474,.T.);
#3515=ORIENTED_EDGE('',*,*,#2075,.T.);
#3516=ORIENTED_EDGE('',*,*,#2475,.T.);
#3517=ORIENTED_EDGE('',*,*,#2476,.T.);
#3518=ORIENTED_EDGE('',*,*,#2477,.T.);
#3519=ORIENTED_EDGE('',*,*,#2478,.T.);
#3520=ORIENTED_EDGE('',*,*,#2078,.T.);
#3521=ORIENTED_EDGE('',*,*,#2479,.T.);
#3522=ORIENTED_EDGE('',*,*,#2332,.T.);
#3523=ORIENTED_EDGE('',*,*,#2079,.T.);
#3524=ORIENTED_EDGE('',*,*,#2478,.F.);
#3525=ORIENTED_EDGE('',*,*,#2480,.T.);
#3526=ORIENTED_EDGE('',*,*,#2467,.T.);
#3527=ORIENTED_EDGE('',*,*,#2052,.T.);
#3528=ORIENTED_EDGE('',*,*,#2481,.T.);
#3529=ORIENTED_EDGE('',*,*,#2446,.T.);
#3530=ORIENTED_EDGE('',*,*,#2449,.T.);
#3531=ORIENTED_EDGE('',*,*,#2444,.T.);
#3532=ORIENTED_EDGE('',*,*,#2481,.F.);
#3533=ORIENTED_EDGE('',*,*,#2051,.T.);
#3534=ORIENTED_EDGE('',*,*,#2482,.T.);
#3535=ORIENTED_EDGE('',*,*,#2483,.T.);
#3536=ORIENTED_EDGE('',*,*,#2442,.T.);
#3537=ORIENTED_EDGE('',*,*,#2482,.F.);
#3538=ORIENTED_EDGE('',*,*,#2050,.T.);
#3539=ORIENTED_EDGE('',*,*,#2440,.T.);
#3540=ORIENTED_EDGE('',*,*,#2483,.F.);
#3541=ORIENTED_EDGE('',*,*,#2049,.T.);
#3542=ORIENTED_EDGE('',*,*,#2484,.T.);
#3543=ORIENTED_EDGE('',*,*,#2485,.T.);
#3544=ORIENTED_EDGE('',*,*,#2047,.T.);
#3545=ORIENTED_EDGE('',*,*,#2324,.F.);
#3546=ORIENTED_EDGE('',*,*,#2436,.T.);
#3547=ORIENTED_EDGE('',*,*,#2048,.T.);
#3548=ORIENTED_EDGE('',*,*,#2485,.F.);
#3549=ORIENTED_EDGE('',*,*,#2438,.T.);
#3550=ORIENTED_EDGE('',*,*,#2484,.F.);
#3551=ORIENTED_EDGE('',*,*,#2486,.T.);
#3552=ORIENTED_EDGE('',*,*,#2479,.F.);
#3553=ORIENTED_EDGE('',*,*,#2077,.T.);
#3554=ORIENTED_EDGE('',*,*,#2487,.T.);
#3555=ORIENTED_EDGE('',*,*,#2474,.F.);
#3556=ORIENTED_EDGE('',*,*,#2488,.T.);
#3557=ORIENTED_EDGE('',*,*,#2487,.F.);
#3558=ORIENTED_EDGE('',*,*,#2076,.T.);
#3559=ORIENTED_EDGE('',*,*,#2489,.T.);
#3560=ORIENTED_EDGE('',*,*,#2490,.T.);
#3561=ORIENTED_EDGE('',*,*,#2475,.F.);
#3562=ORIENTED_EDGE('',*,*,#2074,.T.);
#3563=ORIENTED_EDGE('',*,*,#2491,.T.);
#3564=ORIENTED_EDGE('',*,*,#2489,.F.);
#3565=ORIENTED_EDGE('',*,*,#2073,.T.);
#3566=ORIENTED_EDGE('',*,*,#2492,.T.);
#3567=ORIENTED_EDGE('',*,*,#2493,.T.);
#3568=ORIENTED_EDGE('',*,*,#2492,.F.);
#3569=ORIENTED_EDGE('',*,*,#2072,.T.);
#3570=ORIENTED_EDGE('',*,*,#2494,.T.);
#3571=ORIENTED_EDGE('',*,*,#2495,.T.);
#3572=ORIENTED_EDGE('',*,*,#2494,.F.);
#3573=ORIENTED_EDGE('',*,*,#2071,.T.);
#3574=ORIENTED_EDGE('',*,*,#2496,.T.);
#3575=ORIENTED_EDGE('',*,*,#2497,.T.);
#3576=ORIENTED_EDGE('',*,*,#2498,.T.);
#3577=ORIENTED_EDGE('',*,*,#2496,.F.);
#3578=ORIENTED_EDGE('',*,*,#2070,.T.);
#3579=ORIENTED_EDGE('',*,*,#2499,.T.);
#3580=ORIENTED_EDGE('',*,*,#2497,.F.);
#3581=ORIENTED_EDGE('',*,*,#2069,.T.);
#3582=ORIENTED_EDGE('',*,*,#2500,.T.);
#3583=ORIENTED_EDGE('',*,*,#2357,.T.);
#3584=ORIENTED_EDGE('',*,*,#2501,.T.);
#3585=ORIENTED_EDGE('',*,*,#2502,.T.);
#3586=ORIENTED_EDGE('',*,*,#2066,.T.);
#3587=ORIENTED_EDGE('',*,*,#2503,.T.);
#3588=ORIENTED_EDGE('',*,*,#2067,.T.);
#3589=ORIENTED_EDGE('',*,*,#2502,.F.);
#3590=ORIENTED_EDGE('',*,*,#2504,.T.);
#3591=ORIENTED_EDGE('',*,*,#2068,.T.);
#3592=ORIENTED_EDGE('',*,*,#2503,.F.);
#3593=ORIENTED_EDGE('',*,*,#2505,.T.);
#3594=ORIENTED_EDGE('',*,*,#2500,.F.);
#3595=ORIENTED_EDGE('',*,*,#2471,.F.);
#3596=ORIENTED_EDGE('',*,*,#2463,.T.);
#3597=ORIENTED_EDGE('',*,*,#2473,.F.);
#3598=ORIENTED_EDGE('',*,*,#2059,.T.);
#3599=ORIENTED_EDGE('',*,*,#2457,.T.);
#3600=ORIENTED_EDGE('',*,*,#2470,.F.);
#3601=ORIENTED_EDGE('',*,*,#2056,.T.);
#3602=ORIENTED_EDGE('',*,*,#2506,.T.);
#3603=ORIENTED_EDGE('',*,*,#2507,.T.);
#3604=ORIENTED_EDGE('',*,*,#2054,.T.);
#3605=ORIENTED_EDGE('',*,*,#2468,.F.);
#3606=ORIENTED_EDGE('',*,*,#2453,.T.);
#3607=ORIENTED_EDGE('',*,*,#2055,.T.);
#3608=ORIENTED_EDGE('',*,*,#2507,.F.);
#3609=ORIENTED_EDGE('',*,*,#2455,.T.);
#3610=ORIENTED_EDGE('',*,*,#2506,.F.);
#3611=ORIENTED_EDGE('',*,*,#2410,.F.);
#3612=ORIENTED_EDGE('',*,*,#2331,.T.);
#3613=ORIENTED_EDGE('',*,*,#2480,.F.);
#3614=ORIENTED_EDGE('',*,*,#2508,.T.);
#3615=ORIENTED_EDGE('',*,*,#2411,.F.);
#3616=ORIENTED_EDGE('',*,*,#2508,.F.);
#3617=ORIENTED_EDGE('',*,*,#2477,.F.);
#3618=ORIENTED_EDGE('',*,*,#2509,.F.);
#3619=ORIENTED_EDGE('',*,*,#2396,.F.);
#3620=ORIENTED_EDGE('',*,*,#2509,.T.);
#3621=ORIENTED_EDGE('',*,*,#2486,.F.);
#3622=ORIENTED_EDGE('',*,*,#2510,.F.);
#3623=ORIENTED_EDGE('',*,*,#2394,.F.);
#3624=ORIENTED_EDGE('',*,*,#2510,.T.);
#3625=ORIENTED_EDGE('',*,*,#2488,.F.);
#3626=ORIENTED_EDGE('',*,*,#2511,.T.);
#3627=ORIENTED_EDGE('',*,*,#2412,.F.);
#3628=ORIENTED_EDGE('',*,*,#2511,.F.);
#3629=ORIENTED_EDGE('',*,*,#2476,.F.);
#3630=ORIENTED_EDGE('',*,*,#2512,.F.);
#3631=ORIENTED_EDGE('',*,*,#2415,.F.);
#3632=ORIENTED_EDGE('',*,*,#2512,.T.);
#3633=ORIENTED_EDGE('',*,*,#2490,.F.);
#3634=ORIENTED_EDGE('',*,*,#2513,.T.);
#3635=ORIENTED_EDGE('',*,*,#2416,.F.);
#3636=ORIENTED_EDGE('',*,*,#2513,.F.);
#3637=ORIENTED_EDGE('',*,*,#2491,.F.);
#3638=ORIENTED_EDGE('',*,*,#2514,.F.);
#3639=ORIENTED_EDGE('',*,*,#2418,.F.);
#3640=ORIENTED_EDGE('',*,*,#2514,.T.);
#3641=ORIENTED_EDGE('',*,*,#2493,.F.);
#3642=ORIENTED_EDGE('',*,*,#2515,.T.);
#3643=ORIENTED_EDGE('',*,*,#2420,.F.);
#3644=ORIENTED_EDGE('',*,*,#2515,.F.);
#3645=ORIENTED_EDGE('',*,*,#2495,.F.);
#3646=ORIENTED_EDGE('',*,*,#2516,.T.);
#3647=ORIENTED_EDGE('',*,*,#2391,.F.);
#3648=ORIENTED_EDGE('',*,*,#2516,.F.);
#3649=ORIENTED_EDGE('',*,*,#2498,.F.);
#3650=ORIENTED_EDGE('',*,*,#2517,.F.);
#3651=ORIENTED_EDGE('',*,*,#2421,.F.);
#3652=ORIENTED_EDGE('',*,*,#2517,.T.);
#3653=ORIENTED_EDGE('',*,*,#2499,.F.);
#3654=ORIENTED_EDGE('',*,*,#2518,.T.);
#3655=ORIENTED_EDGE('',*,*,#2423,.F.);
#3656=ORIENTED_EDGE('',*,*,#2518,.F.);
#3657=ORIENTED_EDGE('',*,*,#2505,.F.);
#3658=ORIENTED_EDGE('',*,*,#2519,.F.);
#3659=ORIENTED_EDGE('',*,*,#2426,.F.);
#3660=ORIENTED_EDGE('',*,*,#2519,.T.);
#3661=ORIENTED_EDGE('',*,*,#2504,.F.);
#3662=ORIENTED_EDGE('',*,*,#2520,.T.);
#3663=ORIENTED_EDGE('',*,*,#2352,.T.);
#3664=ORIENTED_EDGE('',*,*,#2427,.F.);
#3665=ORIENTED_EDGE('',*,*,#2520,.F.);
#3666=ORIENTED_EDGE('',*,*,#2501,.F.);
#3667=ORIENTED_EDGE('',*,*,#2521,.F.);
#3668=ORIENTED_EDGE('',*,*,#2522,.T.);
#3669=ORIENTED_EDGE('',*,*,#2523,.T.);
#3670=ORIENTED_EDGE('',*,*,#2521,.T.);
#3671=ORIENTED_EDGE('',*,*,#2523,.F.);
#3672=ORIENTED_EDGE('',*,*,#2522,.F.);
#3673=ORIENTED_EDGE('',*,*,#2524,.F.);
#3674=ORIENTED_EDGE('',*,*,#2525,.T.);
#3675=ORIENTED_EDGE('',*,*,#2526,.T.);
#3676=ORIENTED_EDGE('',*,*,#2524,.T.);
#3677=ORIENTED_EDGE('',*,*,#2526,.F.);
#3678=ORIENTED_EDGE('',*,*,#2525,.F.);
#3679=PLANE('',#4032);
#3680=PLANE('',#4036);
#3681=PLANE('',#4037);
#3682=PLANE('',#4041);
#3683=PLANE('',#4047);
#3684=PLANE('',#4079);
#3685=PLANE('',#4110);
#3686=PLANE('',#4185);
#3687=PLANE('',#4186);
#3688=PLANE('',#4188);
#3689=PLANE('',#4189);
#3690=PLANE('',#4194);
#3691=PLANE('',#4195);
#3692=PLANE('',#4196);
#3693=PLANE('',#4197);
#3694=PLANE('',#4206);
#3695=PLANE('',#4207);
#3696=PLANE('',#4208);
#3697=PLANE('',#4209);
#3698=PLANE('',#4210);
#3699=PLANE('',#4211);
#3700=PLANE('',#4212);
#3701=PLANE('',#4213);
#3702=PLANE('',#4214);
#3703=PLANE('',#4215);
#3704=PLANE('',#4216);
#3705=PLANE('',#4217);
#3706=PLANE('',#4218);
#3707=PLANE('',#4219);
#3708=PLANE('',#4232);
#3709=PLANE('',#4242);
#3710=PLANE('',#4249);
#3711=PLANE('',#4251);
#3712=PLANE('',#4262);
#3713=PLANE('',#4269);
#3714=PLANE('',#4274);
#3715=PLANE('',#4278);
#3716=PLANE('',#4280);
#3717=PLANE('',#4305);
#3718=PLANE('',#4308);
#3719=PLANE('',#4309);
#3720=PLANE('',#4310);
#3721=PLANE('',#4311);
#3722=PLANE('',#4312);
#3723=PLANE('',#4315);
#3724=PLANE('',#4338);
#3725=PLANE('',#4341);
#3726=PLANE('',#4343);
#3727=PLANE('',#4347);
#3728=PLANE('',#4350);
#3729=PLANE('',#4351);
#3730=PLANE('',#4352);
#3731=PLANE('',#4353);
#3732=PLANE('',#4354);
#3733=PLANE('',#4355);
#3734=PLANE('',#4356);
#3735=PLANE('',#4357);
#3736=PLANE('',#4359);
#3737=PLANE('',#4361);
#3738=PLANE('',#4363);
#3739=PLANE('',#4365);
#3740=PLANE('',#4366);
#3741=PLANE('',#4429);
#3742=PLANE('',#4430);
#3743=PLANE('',#4431);
#3744=PLANE('',#4432);
#3745=PLANE('',#4433);
#3746=PLANE('',#4434);
#3747=PLANE('',#4437);
#3748=PLANE('',#4440);
#3749=PLANE('',#4441);
#3750=PLANE('',#4442);
#3751=PLANE('',#4443);
#3752=PLANE('',#4444);
#3753=PLANE('',#4445);
#3754=PLANE('',#4504);
#3755=PLANE('',#4505);
#3756=PLANE('',#4506);
#3757=PLANE('',#4507);
#3758=PLANE('',#4509);
#3759=PLANE('',#4510);
#3760=PLANE('',#4511);
#3761=PLANE('',#4512);
#3762=PLANE('',#4513);
#3763=PLANE('',#4514);
#3764=PLANE('',#4516);
#3765=PLANE('',#4517);
#3766=PLANE('',#4521);
#3767=PLANE('',#4522);
#3768=PLANE('',#4526);
#3769=ADVANCED_FACE('',(#868),#3679,.T.);
#3770=ADVANCED_FACE('',(#869),#768,.F.);
#3771=ADVANCED_FACE('',(#870),#3680,.F.);
#3772=ADVANCED_FACE('',(#871),#3681,.T.);
#3773=ADVANCED_FACE('',(#872),#769,.F.);
#3774=ADVANCED_FACE('',(#873),#3682,.F.);
#3775=ADVANCED_FACE('',(#874),#96,.T.);
#3776=ADVANCED_FACE('',(#875,#68,#69,#70,#71),#3683,.F.);
#3777=ADVANCED_FACE('',(#876),#770,.F.);
#3778=ADVANCED_FACE('',(#877),#97,.T.);
#3779=ADVANCED_FACE('',(#878),#771,.F.);
#3780=ADVANCED_FACE('',(#879),#98,.T.);
#3781=ADVANCED_FACE('',(#880),#772,.F.);
#3782=ADVANCED_FACE('',(#881),#99,.T.);
#3783=ADVANCED_FACE('',(#882),#773,.F.);
#3784=ADVANCED_FACE('',(#883),#100,.T.);
#3785=ADVANCED_FACE('',(#884,#72,#73,#74,#75),#3684,.F.);
#3786=ADVANCED_FACE('',(#885),#774,.F.);
#3787=ADVANCED_FACE('',(#886),#101,.T.);
#3788=ADVANCED_FACE('',(#887),#775,.F.);
#3789=ADVANCED_FACE('',(#888),#102,.T.);
#3790=ADVANCED_FACE('',(#889),#776,.F.);
#3791=ADVANCED_FACE('',(#890),#103,.T.);
#3792=ADVANCED_FACE('',(#891),#777,.F.);
#3793=ADVANCED_FACE('',(#892),#104,.T.);
#3794=ADVANCED_FACE('',(#893,#76,#77,#78,#79,#80,#81,#82,#83,#84,#85,#86,
#87,#88,#89,#90,#91),#3685,.T.);
#3795=ADVANCED_FACE('',(#894),#778,.F.);
#3796=ADVANCED_FACE('',(#895),#105,.T.);
#3797=ADVANCED_FACE('',(#896),#106,.T.);
#3798=ADVANCED_FACE('',(#897),#107,.T.);
#3799=ADVANCED_FACE('',(#898),#779,.F.);
#3800=ADVANCED_FACE('',(#899),#108,.T.);
#3801=ADVANCED_FACE('',(#900),#780,.F.);
#3802=ADVANCED_FACE('',(#901),#109,.T.);
#3803=ADVANCED_FACE('',(#902),#110,.T.);
#3804=ADVANCED_FACE('',(#903),#111,.T.);
#3805=ADVANCED_FACE('',(#904),#112,.T.);
#3806=ADVANCED_FACE('',(#905),#113,.T.);
#3807=ADVANCED_FACE('',(#906),#781,.F.);
#3808=ADVANCED_FACE('',(#907),#114,.T.);
#3809=ADVANCED_FACE('',(#908),#782,.F.);
#3810=ADVANCED_FACE('',(#909),#115,.T.);
#3811=ADVANCED_FACE('',(#910),#783,.F.);
#3812=ADVANCED_FACE('',(#911),#116,.T.);
#3813=ADVANCED_FACE('',(#912),#117,.T.);
#3814=ADVANCED_FACE('',(#913),#3686,.F.);
#3815=ADVANCED_FACE('',(#914),#3687,.T.);
#3816=ADVANCED_FACE('',(#915),#3688,.T.);
#3817=ADVANCED_FACE('',(#916,#92,#93),#3689,.T.);
#3818=ADVANCED_FACE('',(#917),#3690,.T.);
#3819=ADVANCED_FACE('',(#918),#3691,.T.);
#3820=ADVANCED_FACE('',(#919),#3692,.F.);
#3821=ADVANCED_FACE('',(#920,#94),#3693,.F.);
#3822=ADVANCED_FACE('',(#921),#3694,.T.);
#3823=ADVANCED_FACE('',(#922),#3695,.T.);
#3824=ADVANCED_FACE('',(#923),#3696,.T.);
#3825=ADVANCED_FACE('',(#924),#3697,.T.);
#3826=ADVANCED_FACE('',(#925),#3698,.F.);
#3827=ADVANCED_FACE('',(#926),#3699,.T.);
#3828=ADVANCED_FACE('',(#927),#3700,.T.);
#3829=ADVANCED_FACE('',(#928),#3701,.F.);
#3830=ADVANCED_FACE('',(#929),#3702,.T.);
#3831=ADVANCED_FACE('',(#930),#3703,.F.);
#3832=ADVANCED_FACE('',(#931),#3704,.T.);
#3833=ADVANCED_FACE('',(#932),#3705,.F.);
#3834=ADVANCED_FACE('',(#933),#3706,.F.);
#3835=ADVANCED_FACE('',(#934),#3707,.F.);
#3836=ADVANCED_FACE('',(#935),#784,.T.);
#3837=ADVANCED_FACE('',(#936),#118,.T.);
#3838=ADVANCED_FACE('',(#937),#785,.T.);
#3839=ADVANCED_FACE('',(#938),#119,.T.);
#3840=ADVANCED_FACE('',(#939),#786,.F.);
#3841=ADVANCED_FACE('',(#940),#3708,.F.);
#3842=ADVANCED_FACE('',(#941),#120,.T.);
#3843=ADVANCED_FACE('',(#942),#787,.T.);
#3844=ADVANCED_FACE('',(#943),#121,.T.);
#3845=ADVANCED_FACE('',(#944),#788,.T.);
#3846=ADVANCED_FACE('',(#945),#3709,.F.);
#3847=ADVANCED_FACE('',(#946),#789,.F.);
#3848=ADVANCED_FACE('',(#947),#122,.T.);
#3849=ADVANCED_FACE('',(#948,#95),#3710,.F.);
#3850=ADVANCED_FACE('',(#949),#3711,.F.);
#3851=ADVANCED_FACE('',(#950),#123,.T.);
#3852=ADVANCED_FACE('',(#951),#124,.T.);
#3853=ADVANCED_FACE('',(#952),#3712,.F.);
#3854=ADVANCED_FACE('',(#953),#125,.T.);
#3855=ADVANCED_FACE('',(#954),#3713,.F.);
#3856=ADVANCED_FACE('',(#955),#790,.T.);
#3857=ADVANCED_FACE('',(#956),#3714,.F.);
#3858=ADVANCED_FACE('',(#957),#791,.T.);
#3859=ADVANCED_FACE('',(#958),#792,.T.);
#3860=ADVANCED_FACE('',(#959),#3715,.F.);
#3861=ADVANCED_FACE('',(#960),#793,.T.);
#3862=ADVANCED_FACE('',(#961),#3716,.F.);
#3863=ADVANCED_FACE('',(#962),#794,.F.);
#3864=ADVANCED_FACE('',(#963),#795,.F.);
#3865=ADVANCED_FACE('',(#964),#796,.T.);
#3866=ADVANCED_FACE('',(#965),#797,.T.);
#3867=ADVANCED_FACE('',(#966),#60,.T.);
#3868=ADVANCED_FACE('',(#967),#798,.T.);
#3869=ADVANCED_FACE('',(#968),#61,.T.);
#3870=ADVANCED_FACE('',(#969),#799,.T.);
#3871=ADVANCED_FACE('',(#970),#62,.T.);
#3872=ADVANCED_FACE('',(#971),#63,.T.);
#3873=ADVANCED_FACE('',(#972),#800,.T.);
#3874=ADVANCED_FACE('',(#973),#3717,.F.);
#3875=ADVANCED_FACE('',(#974),#801,.T.);
#3876=ADVANCED_FACE('',(#975),#3718,.F.);
#3877=ADVANCED_FACE('',(#976),#3719,.T.);
#3878=ADVANCED_FACE('',(#977),#3720,.T.);
#3879=ADVANCED_FACE('',(#978),#3721,.T.);
#3880=ADVANCED_FACE('',(#979),#3722,.T.);
#3881=ADVANCED_FACE('',(#980),#802,.T.);
#3882=ADVANCED_FACE('',(#981),#3723,.F.);
#3883=ADVANCED_FACE('',(#982),#803,.T.);
#3884=ADVANCED_FACE('',(#983),#64,.T.);
#3885=ADVANCED_FACE('',(#984),#65,.T.);
#3886=ADVANCED_FACE('',(#985),#66,.T.);
#3887=ADVANCED_FACE('',(#986),#67,.T.);
#3888=ADVANCED_FACE('',(#987),#804,.T.);
#3889=ADVANCED_FACE('',(#988),#805,.T.);
#3890=ADVANCED_FACE('',(#989),#806,.T.);
#3891=ADVANCED_FACE('',(#990),#807,.T.);
#3892=ADVANCED_FACE('',(#991),#3724,.T.);
#3893=ADVANCED_FACE('',(#992),#56,.F.);
#3894=ADVANCED_FACE('',(#993),#57,.F.);
#3895=ADVANCED_FACE('',(#994),#3725,.F.);
#3896=ADVANCED_FACE('',(#995),#58,.F.);
#3897=ADVANCED_FACE('',(#996),#3726,.T.);
#3898=ADVANCED_FACE('',(#997),#59,.F.);
#3899=ADVANCED_FACE('',(#998),#808,.T.);
#3900=ADVANCED_FACE('',(#999),#3727,.F.);
#3901=ADVANCED_FACE('',(#1000),#809,.T.);
#3902=ADVANCED_FACE('',(#1001),#3728,.T.);
#3903=ADVANCED_FACE('',(#1002),#3729,.T.);
#3904=ADVANCED_FACE('',(#1003),#3730,.T.);
#3905=ADVANCED_FACE('',(#1004),#3731,.F.);
#3906=ADVANCED_FACE('',(#1005),#3732,.F.);
#3907=ADVANCED_FACE('',(#1006),#3733,.T.);
#3908=ADVANCED_FACE('',(#1007),#3734,.T.);
#3909=ADVANCED_FACE('',(#1008),#3735,.T.);
#3910=ADVANCED_FACE('',(#1009),#810,.F.);
#3911=ADVANCED_FACE('',(#1010),#3736,.T.);
#3912=ADVANCED_FACE('',(#1011),#811,.F.);
#3913=ADVANCED_FACE('',(#1012),#3737,.T.);
#3914=ADVANCED_FACE('',(#1013),#812,.F.);
#3915=ADVANCED_FACE('',(#1014),#3738,.T.);
#3916=ADVANCED_FACE('',(#1015),#813,.F.);
#3917=ADVANCED_FACE('',(#1016),#3739,.T.);
#3918=ADVANCED_FACE('',(#1017),#3740,.T.);
#3919=ADVANCED_FACE('',(#1018),#814,.T.);
#3920=ADVANCED_FACE('',(#1019),#815,.T.);
#3921=ADVANCED_FACE('',(#1020),#816,.T.);
#3922=ADVANCED_FACE('',(#1021),#817,.T.);
#3923=ADVANCED_FACE('',(#1022),#818,.T.);
#3924=ADVANCED_FACE('',(#1023),#819,.T.);
#3925=ADVANCED_FACE('',(#1024),#820,.T.);
#3926=ADVANCED_FACE('',(#1025),#821,.T.);
#3927=ADVANCED_FACE('',(#1026),#822,.T.);
#3928=ADVANCED_FACE('',(#1027),#823,.T.);
#3929=ADVANCED_FACE('',(#1028),#824,.T.);
#3930=ADVANCED_FACE('',(#1029),#825,.T.);
#3931=ADVANCED_FACE('',(#1030),#126,.T.);
#3932=ADVANCED_FACE('',(#1031),#127,.T.);
#3933=ADVANCED_FACE('',(#1032),#826,.T.);
#3934=ADVANCED_FACE('',(#1033),#827,.T.);
#3935=ADVANCED_FACE('',(#1034),#128,.T.);
#3936=ADVANCED_FACE('',(#1035),#828,.T.);
#3937=ADVANCED_FACE('',(#1036),#829,.T.);
#3938=ADVANCED_FACE('',(#1037),#830,.T.);
#3939=ADVANCED_FACE('',(#1038),#831,.T.);
#3940=ADVANCED_FACE('',(#1039),#832,.T.);
#3941=ADVANCED_FACE('',(#1040),#129,.T.);
#3942=ADVANCED_FACE('',(#1041),#833,.T.);
#3943=ADVANCED_FACE('',(#1042),#130,.T.);
#3944=ADVANCED_FACE('',(#1043),#834,.T.);
#3945=ADVANCED_FACE('',(#1044),#835,.T.);
#3946=ADVANCED_FACE('',(#1045),#836,.T.);
#3947=ADVANCED_FACE('',(#1046),#131,.T.);
#3948=ADVANCED_FACE('',(#1047),#837,.F.);
#3949=ADVANCED_FACE('',(#1048),#3741,.F.);
#3950=ADVANCED_FACE('',(#1049),#3742,.F.);
#3951=ADVANCED_FACE('',(#1050),#3743,.F.);
#3952=ADVANCED_FACE('',(#1051),#3744,.F.);
#3953=ADVANCED_FACE('',(#1052),#3745,.F.);
#3954=ADVANCED_FACE('',(#1053),#3746,.F.);
#3955=ADVANCED_FACE('',(#1054),#3747,.F.);
#3956=ADVANCED_FACE('',(#1055),#838,.F.);
#3957=ADVANCED_FACE('',(#1056),#3748,.T.);
#3958=ADVANCED_FACE('',(#1057),#3749,.T.);
#3959=ADVANCED_FACE('',(#1058),#3750,.T.);
#3960=ADVANCED_FACE('',(#1059),#3751,.T.);
#3961=ADVANCED_FACE('',(#1060),#3752,.T.);
#3962=ADVANCED_FACE('',(#1061),#3753,.F.);
#3963=ADVANCED_FACE('',(#1062),#839,.F.);
#3964=ADVANCED_FACE('',(#1063),#840,.T.);
#3965=ADVANCED_FACE('',(#1064),#841,.T.);
#3966=ADVANCED_FACE('',(#1065),#842,.T.);
#3967=ADVANCED_FACE('',(#1066),#843,.T.);
#3968=ADVANCED_FACE('',(#1067),#132,.T.);
#3969=ADVANCED_FACE('',(#1068),#844,.T.);
#3970=ADVANCED_FACE('',(#1069),#845,.T.);
#3971=ADVANCED_FACE('',(#1070),#133,.T.);
#3972=ADVANCED_FACE('',(#1071),#846,.T.);
#3973=ADVANCED_FACE('',(#1072),#847,.T.);
#3974=ADVANCED_FACE('',(#1073),#848,.T.);
#3975=ADVANCED_FACE('',(#1074),#849,.T.);
#3976=ADVANCED_FACE('',(#1075),#134,.T.);
#3977=ADVANCED_FACE('',(#1076),#850,.T.);
#3978=ADVANCED_FACE('',(#1077),#851,.T.);
#3979=ADVANCED_FACE('',(#1078),#852,.T.);
#3980=ADVANCED_FACE('',(#1079),#135,.T.);
#3981=ADVANCED_FACE('',(#1080),#853,.T.);
#3982=ADVANCED_FACE('',(#1081),#854,.T.);
#3983=ADVANCED_FACE('',(#1082),#855,.T.);
#3984=ADVANCED_FACE('',(#1083),#856,.T.);
#3985=ADVANCED_FACE('',(#1084),#857,.T.);
#3986=ADVANCED_FACE('',(#1085),#858,.T.);
#3987=ADVANCED_FACE('',(#1086),#136,.T.);
#3988=ADVANCED_FACE('',(#1087),#859,.T.);
#3989=ADVANCED_FACE('',(#1088),#860,.T.);
#3990=ADVANCED_FACE('',(#1089),#861,.T.);
#3991=ADVANCED_FACE('',(#1090),#137,.T.);
#3992=ADVANCED_FACE('',(#1091),#862,.T.);
#3993=ADVANCED_FACE('',(#1092),#863,.F.);
#3994=ADVANCED_FACE('',(#1093),#3754,.F.);
#3995=ADVANCED_FACE('',(#1094),#3755,.T.);
#3996=ADVANCED_FACE('',(#1095),#3756,.T.);
#3997=ADVANCED_FACE('',(#1096),#3757,.T.);
#3998=ADVANCED_FACE('',(#1097),#864,.F.);
#3999=ADVANCED_FACE('',(#1098),#3758,.F.);
#4000=ADVANCED_FACE('',(#1099),#3759,.F.);
#4001=ADVANCED_FACE('',(#1100),#3760,.F.);
#4002=ADVANCED_FACE('',(#1101),#3761,.F.);
#4003=ADVANCED_FACE('',(#1102),#3762,.F.);
#4004=ADVANCED_FACE('',(#1103),#3763,.F.);
#4005=ADVANCED_FACE('',(#1104),#865,.F.);
#4006=ADVANCED_FACE('',(#1105),#3764,.F.);
#4007=ADVANCED_FACE('',(#1106),#3765,.T.);
#4008=ADVANCED_FACE('',(#1107),#866,.F.);
#4009=ADVANCED_FACE('',(#1108),#3766,.F.);
#4010=ADVANCED_FACE('',(#1109),#3767,.T.);
#4011=ADVANCED_FACE('',(#1110),#867,.F.);
#4012=ADVANCED_FACE('',(#1111),#3768,.F.);
#4013=CLOSED_SHELL('',(#3769,#3770,#3771));
#4014=CLOSED_SHELL('',(#3772,#3773,#3774));
#4015=CLOSED_SHELL('',(#3775,#3776,#3777,#3778,#3779,#3780,#3781,#3782,
#3783,#3784,#3785,#3786,#3787,#3788,#3789,#3790,#3791,#3792,#3793,#3794,
#3795,#3796,#3797,#3798,#3799,#3800,#3801,#3802,#3803,#3804,#3805,#3806,
#3807,#3808,#3809,#3810,#3811,#3812,#3813,#3814,#3815,#3816,#3817,#3818,
#3819,#3820,#3821,#3822,#3823,#3824,#3825,#3826,#3827,#3828,#3829,#3830,
#3831,#3832,#3833,#3834,#3835,#3836,#3837,#3838,#3839,#3840,#3841,#3842,
#3843,#3844,#3845,#3846,#3847,#3848,#3849,#3850,#3851,#3852,#3853,#3854,
#3855,#3856,#3857,#3858,#3859,#3860,#3861,#3862,#3863,#3864,#3865,#3866,
#3867,#3868,#3869,#3870,#3871,#3872,#3873,#3874,#3875,#3876,#3877,#3878,
#3879,#3880,#3881,#3882,#3883,#3884,#3885,#3886,#3887,#3888,#3889,#3890,
#3891,#3892,#3893,#3894,#3895,#3896,#3897,#3898,#3899,#3900,#3901,#3902,
#3903,#3904,#3905,#3906,#3907,#3908,#3909,#3910,#3911,#3912,#3913,#3914,
#3915,#3916,#3917,#3918,#3919,#3920,#3921,#3922,#3923,#3924,#3925,#3926,
#3927,#3928,#3929,#3930,#3931,#3932,#3933,#3934,#3935,#3936,#3937,#3938,
#3939,#3940,#3941,#3942,#3943,#3944,#3945,#3946,#3947,#3948,#3949,#3950,
#3951,#3952,#3953,#3954,#3955,#3956,#3957,#3958,#3959,#3960,#3961,#3962,
#3963,#3964,#3965,#3966,#3967,#3968,#3969,#3970,#3971,#3972,#3973,#3974,
#3975,#3976,#3977,#3978,#3979,#3980,#3981,#3982,#3983,#3984,#3985,#3986,
#3987,#3988,#3989,#3990,#3991,#3992,#3993,#3994,#3995,#3996,#3997,#3998,
#3999,#4000,#4001,#4002,#4003,#4004,#4005,#4006));
#4016=CLOSED_SHELL('',(#4007,#4008,#4009));
#4017=CLOSED_SHELL('',(#4010,#4011,#4012));
#4018=BREP_WITH_VOIDS('frame_top',#4015,(#138,#139,#140,#141));
#4019=DERIVED_UNIT_ELEMENT(#4021,1.);
#4020=DERIVED_UNIT_ELEMENT(#7192,-3.);
#4021=(
MASS_UNIT()
NAMED_UNIT(*)
SI_UNIT(.KILO.,.GRAM.)
);
#4022=DERIVED_UNIT((#4019,#4020));
#4023=MEASURE_REPRESENTATION_ITEM('density measure',
POSITIVE_RATIO_MEASURE(1060.),#4022);
#4024=PROPERTY_DEFINITION_REPRESENTATION(#4029,#4026);
#4025=PROPERTY_DEFINITION_REPRESENTATION(#4030,#4027);
#4026=REPRESENTATION('material name',(#4028),#7189);
#4027=REPRESENTATION('density',(#4023),#7189);
#4028=DESCRIPTIVE_REPRESENTATION_ITEM('ABS Plastic','ABS Plastic');
#4029=PROPERTY_DEFINITION('material property','material name',#7199);
#4030=PROPERTY_DEFINITION('material property','density of part',#7199);
#4031=AXIS2_PLACEMENT_3D('',#5832,#4527,#4528);
#4032=AXIS2_PLACEMENT_3D('',#5833,#4529,#4530);
#4033=AXIS2_PLACEMENT_3D('',#5835,#4531,#4532);
#4034=AXIS2_PLACEMENT_3D('',#5836,#4533,#4534);
#4035=AXIS2_PLACEMENT_3D('',#5838,#4535,#4536);
#4036=AXIS2_PLACEMENT_3D('',#5840,#4538,#4539);
#4037=AXIS2_PLACEMENT_3D('',#5841,#4540,#4541);
#4038=AXIS2_PLACEMENT_3D('',#5843,#4542,#4543);
#4039=AXIS2_PLACEMENT_3D('',#5844,#4544,#4545);
#4040=AXIS2_PLACEMENT_3D('',#5846,#4546,#4547);
#4041=AXIS2_PLACEMENT_3D('',#5848,#4549,#4550);
#4042=AXIS2_PLACEMENT_3D('',#5849,#4551,#4552);
#4043=AXIS2_PLACEMENT_3D('',#5851,#4553,#4554);
#4044=AXIS2_PLACEMENT_3D('',#5853,#4555,#4556);
#4045=AXIS2_PLACEMENT_3D('',#5855,#4557,#4558);
#4046=AXIS2_PLACEMENT_3D('',#5856,#4559,#4560);
#4047=AXIS2_PLACEMENT_3D('',#5857,#4561,#4562);
#4048=AXIS2_PLACEMENT_3D('',#5866,#4566,#4567);
#4049=AXIS2_PLACEMENT_3D('',#5880,#4574,#4575);
#4050=AXIS2_PLACEMENT_3D('',#5894,#4582,#4583);
#4051=AXIS2_PLACEMENT_3D('',#5899,#4586,#4587);
#4052=AXIS2_PLACEMENT_3D('',#5901,#4588,#4589);
#4053=AXIS2_PLACEMENT_3D('',#5903,#4590,#4591);
#4054=AXIS2_PLACEMENT_3D('',#5904,#4592,#4593);
#4055=AXIS2_PLACEMENT_3D('',#5906,#4594,#4595);
#4056=AXIS2_PLACEMENT_3D('',#5908,#4597,#4598);
#4057=AXIS2_PLACEMENT_3D('',#5910,#4599,#4600);
#4058=AXIS2_PLACEMENT_3D('',#5912,#4601,#4602);
#4059=AXIS2_PLACEMENT_3D('',#5913,#4603,#4604);
#4060=AXIS2_PLACEMENT_3D('',#5914,#4605,#4606);
#4061=AXIS2_PLACEMENT_3D('',#5916,#4607,#4608);
#4062=AXIS2_PLACEMENT_3D('',#5918,#4610,#4611);
#4063=AXIS2_PLACEMENT_3D('',#5920,#4612,#4613);
#4064=AXIS2_PLACEMENT_3D('',#5922,#4614,#4615);
#4065=AXIS2_PLACEMENT_3D('',#5923,#4616,#4617);
#4066=AXIS2_PLACEMENT_3D('',#5924,#4618,#4619);
#4067=AXIS2_PLACEMENT_3D('',#5926,#4620,#4621);
#4068=AXIS2_PLACEMENT_3D('',#5928,#4623,#4624);
#4069=AXIS2_PLACEMENT_3D('',#5930,#4625,#4626);
#4070=AXIS2_PLACEMENT_3D('',#5932,#4627,#4628);
#4071=AXIS2_PLACEMENT_3D('',#5933,#4629,#4630);
#4072=AXIS2_PLACEMENT_3D('',#5934,#4631,#4632);
#4073=AXIS2_PLACEMENT_3D('',#5936,#4633,#4634);
#4074=AXIS2_PLACEMENT_3D('',#5938,#4636,#4637);
#4075=AXIS2_PLACEMENT_3D('',#5940,#4638,#4639);
#4076=AXIS2_PLACEMENT_3D('',#5942,#4640,#4641);
#4077=AXIS2_PLACEMENT_3D('',#5944,#4642,#4643);
#4078=AXIS2_PLACEMENT_3D('',#5945,#4644,#4645);
#4079=AXIS2_PLACEMENT_3D('',#5946,#4646,#4647);
#4080=AXIS2_PLACEMENT_3D('',#5949,#4648,#4649);
#4081=AXIS2_PLACEMENT_3D('',#5959,#4654,#4655);
#4082=AXIS2_PLACEMENT_3D('',#5973,#4662,#4663);
#4083=AXIS2_PLACEMENT_3D('',#5982,#4668,#4669);
#4084=AXIS2_PLACEMENT_3D('',#5984,#4670,#4671);
#4085=AXIS2_PLACEMENT_3D('',#5986,#4672,#4673);
#4086=AXIS2_PLACEMENT_3D('',#5987,#4674,#4675);
#4087=AXIS2_PLACEMENT_3D('',#5989,#4676,#4677);
#4088=AXIS2_PLACEMENT_3D('',#5991,#4679,#4680);
#4089=AXIS2_PLACEMENT_3D('',#5993,#4681,#4682);
#4090=AXIS2_PLACEMENT_3D('',#5995,#4683,#4684);
#4091=AXIS2_PLACEMENT_3D('',#5996,#4685,#4686);
#4092=AXIS2_PLACEMENT_3D('',#5997,#4687,#4688);
#4093=AXIS2_PLACEMENT_3D('',#5999,#4689,#4690);
#4094=AXIS2_PLACEMENT_3D('',#6001,#4692,#4693);
#4095=AXIS2_PLACEMENT_3D('',#6003,#4694,#4695);
#4096=AXIS2_PLACEMENT_3D('',#6005,#4696,#4697);
#4097=AXIS2_PLACEMENT_3D('',#6006,#4698,#4699);
#4098=AXIS2_PLACEMENT_3D('',#6007,#4700,#4701);
#4099=AXIS2_PLACEMENT_3D('',#6009,#4702,#4703);
#4100=AXIS2_PLACEMENT_3D('',#6011,#4705,#4706);
#4101=AXIS2_PLACEMENT_3D('',#6013,#4707,#4708);
#4102=AXIS2_PLACEMENT_3D('',#6015,#4709,#4710);
#4103=AXIS2_PLACEMENT_3D('',#6016,#4711,#4712);
#4104=AXIS2_PLACEMENT_3D('',#6017,#4713,#4714);
#4105=AXIS2_PLACEMENT_3D('',#6019,#4715,#4716);
#4106=AXIS2_PLACEMENT_3D('',#6021,#4718,#4719);
#4107=AXIS2_PLACEMENT_3D('',#6023,#4720,#4721);
#4108=AXIS2_PLACEMENT_3D('',#6025,#4722,#4723);
#4109=AXIS2_PLACEMENT_3D('',#6026,#4724,#4725);
#4110=AXIS2_PLACEMENT_3D('',#6027,#4726,#4727);
#4111=AXIS2_PLACEMENT_3D('',#6034,#4730,#4731);
#4112=AXIS2_PLACEMENT_3D('',#6048,#4738,#4739);
#4113=AXIS2_PLACEMENT_3D('',#6062,#4746,#4747);
#4114=AXIS2_PLACEMENT_3D('',#6074,#4753,#4754);
#4115=AXIS2_PLACEMENT_3D('',#6088,#4761,#4762);
#4116=AXIS2_PLACEMENT_3D('',#6098,#4767,#4768);
#4117=AXIS2_PLACEMENT_3D('',#6101,#4770,#4771);
#4118=AXIS2_PLACEMENT_3D('',#6103,#4772,#4773);
#4119=AXIS2_PLACEMENT_3D('',#6105,#4774,#4775);
#4120=AXIS2_PLACEMENT_3D('',#6107,#4776,#4777);
#4121=AXIS2_PLACEMENT_3D('',#6109,#4778,#4779);
#4122=AXIS2_PLACEMENT_3D('',#6111,#4780,#4781);
#4123=AXIS2_PLACEMENT_3D('',#6113,#4782,#4783);
#4124=AXIS2_PLACEMENT_3D('',#6116,#4784,#4785);
#4125=AXIS2_PLACEMENT_3D('',#6124,#4789,#4790);
#4126=AXIS2_PLACEMENT_3D('',#6132,#4794,#4795);
#4127=AXIS2_PLACEMENT_3D('',#6136,#4797,#4798);
#4128=AXIS2_PLACEMENT_3D('',#6139,#4800,#4801);
#4129=AXIS2_PLACEMENT_3D('',#6141,#4802,#4803);
#4130=AXIS2_PLACEMENT_3D('',#6143,#4804,#4805);
#4131=AXIS2_PLACEMENT_3D('',#6145,#4806,#4807);
#4132=AXIS2_PLACEMENT_3D('',#6147,#4808,#4809);
#4133=AXIS2_PLACEMENT_3D('',#6149,#4810,#4811);
#4134=AXIS2_PLACEMENT_3D('',#6150,#4812,#4813);
#4135=AXIS2_PLACEMENT_3D('',#6154,#4815,#4816);
#4136=AXIS2_PLACEMENT_3D('',#6158,#4818,#4819);
#4137=AXIS2_PLACEMENT_3D('',#6161,#4821,#4822);
#4138=AXIS2_PLACEMENT_3D('',#6162,#4823,#4824);
#4139=AXIS2_PLACEMENT_3D('',#6163,#4825,#4826);
#4140=AXIS2_PLACEMENT_3D('',#6164,#4827,#4828);
#4141=AXIS2_PLACEMENT_3D('',#6165,#4829,#4830);
#4142=AXIS2_PLACEMENT_3D('',#6166,#4831,#4832);
#4143=AXIS2_PLACEMENT_3D('',#6168,#4833,#4834);
#4144=AXIS2_PLACEMENT_3D('',#6170,#4835,#4836);
#4145=AXIS2_PLACEMENT_3D('',#6171,#4837,#4838);
#4146=AXIS2_PLACEMENT_3D('',#6172,#4839,#4840);
#4147=AXIS2_PLACEMENT_3D('',#6175,#4842,#4843);
#4148=AXIS2_PLACEMENT_3D('',#6176,#4844,#4845);
#4149=AXIS2_PLACEMENT_3D('',#6178,#4846,#4847);
#4150=AXIS2_PLACEMENT_3D('',#6180,#4848,#4849);
#4151=AXIS2_PLACEMENT_3D('',#6181,#4850,#4851);
#4152=AXIS2_PLACEMENT_3D('',#6182,#4852,#4853);
#4153=AXIS2_PLACEMENT_3D('',#6185,#4855,#4856);
#4154=AXIS2_PLACEMENT_3D('',#6186,#4857,#4858);
#4155=AXIS2_PLACEMENT_3D('',#6187,#4859,#4860);
#4156=AXIS2_PLACEMENT_3D('',#6188,#4861,#4862);
#4157=AXIS2_PLACEMENT_3D('',#6189,#4863,#4864);
#4158=AXIS2_PLACEMENT_3D('',#6190,#4865,#4866);
#4159=AXIS2_PLACEMENT_3D('',#6191,#4867,#4868);
#4160=AXIS2_PLACEMENT_3D('',#6192,#4869,#4870);
#4161=AXIS2_PLACEMENT_3D('',#6193,#4871,#4872);
#4162=AXIS2_PLACEMENT_3D('',#6194,#4873,#4874);
#4163=AXIS2_PLACEMENT_3D('',#6196,#4875,#4876);
#4164=AXIS2_PLACEMENT_3D('',#6198,#4877,#4878);
#4165=AXIS2_PLACEMENT_3D('',#6199,#4879,#4880);
#4166=AXIS2_PLACEMENT_3D('',#6200,#4881,#4882);
#4167=AXIS2_PLACEMENT_3D('',#6203,#4884,#4885);
#4168=AXIS2_PLACEMENT_3D('',#6204,#4886,#4887);
#4169=AXIS2_PLACEMENT_3D('',#6206,#4888,#4889);
#4170=AXIS2_PLACEMENT_3D('',#6207,#4890,#4891);
#4171=AXIS2_PLACEMENT_3D('',#6208,#4892,#4893);
#4172=AXIS2_PLACEMENT_3D('',#6212,#4895,#4896);
#4173=AXIS2_PLACEMENT_3D('',#6216,#4898,#4899);
#4174=AXIS2_PLACEMENT_3D('',#6219,#4901,#4902);
#4175=AXIS2_PLACEMENT_3D('',#6220,#4903,#4904);
#4176=AXIS2_PLACEMENT_3D('',#6222,#4905,#4906);
#4177=AXIS2_PLACEMENT_3D('',#6224,#4907,#4908);
#4178=AXIS2_PLACEMENT_3D('',#6225,#4909,#4910);
#4179=AXIS2_PLACEMENT_3D('',#6226,#4911,#4912);
#4180=AXIS2_PLACEMENT_3D('',#6229,#4914,#4915);
#4181=AXIS2_PLACEMENT_3D('',#6230,#4916,#4917);
#4182=AXIS2_PLACEMENT_3D('',#6231,#4918,#4919);
#4183=AXIS2_PLACEMENT_3D('',#6232,#4920,#4921);
#4184=AXIS2_PLACEMENT_3D('',#6233,#4922,#4923);
#4185=AXIS2_PLACEMENT_3D('',#6234,#4924,#4925);
#4186=AXIS2_PLACEMENT_3D('',#6242,#4930,#4931);
#4187=AXIS2_PLACEMENT_3D('',#6245,#4933,#4934);
#4188=AXIS2_PLACEMENT_3D('',#6246,#4935,#4936);
#4189=AXIS2_PLACEMENT_3D('',#6252,#4940,#4941);
#4190=AXIS2_PLACEMENT_3D('',#6276,#4954,#4955);
#4191=AXIS2_PLACEMENT_3D('',#6280,#4957,#4958);
#4192=AXIS2_PLACEMENT_3D('',#6284,#4960,#4961);
#4193=AXIS2_PLACEMENT_3D('',#6288,#4963,#4964);
#4194=AXIS2_PLACEMENT_3D('',#6314,#4978,#4979);
#4195=AXIS2_PLACEMENT_3D('',#6320,#4983,#4984);
#4196=AXIS2_PLACEMENT_3D('',#6323,#4987,#4988);
#4197=AXIS2_PLACEMENT_3D('',#6325,#4990,#4991);
#4198=AXIS2_PLACEMENT_3D('',#6329,#4993,#4994);
#4199=AXIS2_PLACEMENT_3D('',#6333,#4996,#4997);
#4200=AXIS2_PLACEMENT_3D('',#6337,#4999,#5000);
#4201=AXIS2_PLACEMENT_3D('',#6341,#5002,#5003);
#4202=AXIS2_PLACEMENT_3D('',#6344,#5005,#5006);
#4203=AXIS2_PLACEMENT_3D('',#6351,#5010,#5011);
#4204=AXIS2_PLACEMENT_3D('',#6356,#5013,#5014);
#4205=AXIS2_PLACEMENT_3D('',#6359,#5016,#5017);
#4206=AXIS2_PLACEMENT_3D('',#6360,#5018,#5019);
#4207=AXIS2_PLACEMENT_3D('',#6362,#5021,#5022);
#4208=AXIS2_PLACEMENT_3D('',#6364,#5024,#5025);
#4209=AXIS2_PLACEMENT_3D('',#6370,#5029,#5030);
#4210=AXIS2_PLACEMENT_3D('',#6374,#5033,#5034);
#4211=AXIS2_PLACEMENT_3D('',#6378,#5037,#5038);
#4212=AXIS2_PLACEMENT_3D('',#6382,#5041,#5042);
#4213=AXIS2_PLACEMENT_3D('',#6384,#5044,#5045);
#4214=AXIS2_PLACEMENT_3D('',#6386,#5047,#5048);
#4215=AXIS2_PLACEMENT_3D('',#6392,#5052,#5053);
#4216=AXIS2_PLACEMENT_3D('',#6394,#5055,#5056);
#4217=AXIS2_PLACEMENT_3D('',#6400,#5060,#5061);
#4218=AXIS2_PLACEMENT_3D('',#6405,#5065,#5066);
#4219=AXIS2_PLACEMENT_3D('',#6407,#5068,#5069);
#4220=AXIS2_PLACEMENT_3D('',#6408,#5070,#5071);
#4221=AXIS2_PLACEMENT_3D('',#6410,#5072,#5073);
#4222=AXIS2_PLACEMENT_3D('',#6413,#5075,#5076);
#4223=AXIS2_PLACEMENT_3D('',#6414,#5077,#5078);
#4224=AXIS2_PLACEMENT_3D('',#6416,#5079,#5080);
#4225=AXIS2_PLACEMENT_3D('',#6417,#5081,#5082);
#4226=AXIS2_PLACEMENT_3D('',#6418,#5083,#5084);
#4227=AXIS2_PLACEMENT_3D('',#6420,#5085,#5086);
#4228=AXIS2_PLACEMENT_3D('',#6422,#5088,#5089);
#4229=AXIS2_PLACEMENT_3D('',#6423,#5090,#5091);
#4230=AXIS2_PLACEMENT_3D('',#6424,#5092,#5093);
#4231=AXIS2_PLACEMENT_3D('',#6428,#5095,#5096);
#4232=AXIS2_PLACEMENT_3D('',#6430,#5098,#5099);
#4233=AXIS2_PLACEMENT_3D('',#6434,#5102,#5103);
#4234=AXIS2_PLACEMENT_3D('',#6435,#5104,#5105);
#4235=AXIS2_PLACEMENT_3D('',#6436,#5106,#5107);
#4236=AXIS2_PLACEMENT_3D('',#6437,#5108,#5109);
#4237=AXIS2_PLACEMENT_3D('',#6438,#5110,#5111);
#4238=AXIS2_PLACEMENT_3D('',#6439,#5112,#5113);
#4239=AXIS2_PLACEMENT_3D('',#6441,#5114,#5115);
#4240=AXIS2_PLACEMENT_3D('',#6442,#5116,#5117);
#4241=AXIS2_PLACEMENT_3D('',#6443,#5118,#5119);
#4242=AXIS2_PLACEMENT_3D('',#6445,#5121,#5122);
#4243=AXIS2_PLACEMENT_3D('',#6447,#5124,#5125);
#4244=AXIS2_PLACEMENT_3D('',#6448,#5126,#5127);
#4245=AXIS2_PLACEMENT_3D('',#6451,#5128,#5129);
#4246=AXIS2_PLACEMENT_3D('',#6453,#5130,#5131);
#4247=AXIS2_PLACEMENT_3D('',#6455,#5132,#5133);
#4248=AXIS2_PLACEMENT_3D('',#6456,#5134,#5135);
#4249=AXIS2_PLACEMENT_3D('',#6457,#5136,#5137);
#4250=AXIS2_PLACEMENT_3D('',#6477,#5149,#5150);
#4251=AXIS2_PLACEMENT_3D('',#6483,#5154,#5155);
#4252=AXIS2_PLACEMENT_3D('',#6486,#5157,#5158);
#4253=AXIS2_PLACEMENT_3D('',#6488,#5159,#5160);
#4254=AXIS2_PLACEMENT_3D('',#6491,#5162,#5163);
#4255=AXIS2_PLACEMENT_3D('',#6492,#5164,#5165);
#4256=AXIS2_PLACEMENT_3D('',#6494,#5166,#5167);
#4257=AXIS2_PLACEMENT_3D('',#6495,#5168,#5169);
#4258=AXIS2_PLACEMENT_3D('',#6496,#5170,#5171);
#4259=AXIS2_PLACEMENT_3D('',#6498,#5172,#5173);
#4260=AXIS2_PLACEMENT_3D('',#6500,#5174,#5175);
#4261=AXIS2_PLACEMENT_3D('',#6501,#5176,#5177);
#4262=AXIS2_PLACEMENT_3D('',#6502,#5178,#5179);
#4263=AXIS2_PLACEMENT_3D('',#6505,#5181,#5182);
#4264=AXIS2_PLACEMENT_3D('',#6507,#5183,#5184);
#4265=AXIS2_PLACEMENT_3D('',#6510,#5186,#5187);
#4266=AXIS2_PLACEMENT_3D('',#6511,#5188,#5189);
#4267=AXIS2_PLACEMENT_3D('',#6513,#5190,#5191);
#4268=AXIS2_PLACEMENT_3D('',#6514,#5192,#5193);
#4269=AXIS2_PLACEMENT_3D('',#6515,#5194,#5195);
#4270=AXIS2_PLACEMENT_3D('',#6517,#5196,#5197);
#4271=AXIS2_PLACEMENT_3D('',#6520,#5199,#5200);
#4272=AXIS2_PLACEMENT_3D('',#6522,#5202,#5203);
#4273=AXIS2_PLACEMENT_3D('',#6525,#5205,#5206);
#4274=AXIS2_PLACEMENT_3D('',#6526,#5207,#5208);
#4275=AXIS2_PLACEMENT_3D('',#6530,#5211,#5212);
#4276=AXIS2_PLACEMENT_3D('',#6531,#5213,#5214);
#4277=AXIS2_PLACEMENT_3D('',#6532,#5215,#5216);
#4278=AXIS2_PLACEMENT_3D('',#6534,#5218,#5219);
#4279=AXIS2_PLACEMENT_3D('',#6536,#5221,#5222);
#4280=AXIS2_PLACEMENT_3D('',#6537,#5223,#5224);
#4281=AXIS2_PLACEMENT_3D('',#6539,#5226,#5227);
#4282=AXIS2_PLACEMENT_3D('',#6540,#5228,#5229);
#4283=AXIS2_PLACEMENT_3D('',#6541,#5230,#5231);
#4284=AXIS2_PLACEMENT_3D('',#6544,#5232,#5233);
#4285=AXIS2_PLACEMENT_3D('',#6548,#5235,#5236);
#4286=AXIS2_PLACEMENT_3D('',#6550,#5238,#5239);
#4287=AXIS2_PLACEMENT_3D('',#6551,#5240,#5241);
#4288=AXIS2_PLACEMENT_3D('',#6554,#5243,#5244);
#4289=AXIS2_PLACEMENT_3D('',#6555,#5245,#5246);
#4290=AXIS2_PLACEMENT_3D('',#6556,#5247,#5248);
#4291=AXIS2_PLACEMENT_3D('',#6557,#5249,#5250);
#4292=AXIS2_PLACEMENT_3D('',#6559,#5251,#5252);
#4293=AXIS2_PLACEMENT_3D('',#6563,#5254,#5255);
#4294=AXIS2_PLACEMENT_3D('',#6565,#5257,#5258);
#4295=AXIS2_PLACEMENT_3D('',#6566,#5259,#5260);
#4296=AXIS2_PLACEMENT_3D('',#6567,#5261,#5262);
#4297=AXIS2_PLACEMENT_3D('',#6568,#5263,#5264);
#4298=AXIS2_PLACEMENT_3D('',#6570,#5266,#5267);
#4299=AXIS2_PLACEMENT_3D('',#6571,#5268,#5269);
#4300=AXIS2_PLACEMENT_3D('',#6572,#5270,#5271);
#4301=AXIS2_PLACEMENT_3D('',#6573,#5272,#5273);
#4302=AXIS2_PLACEMENT_3D('',#6574,#5274,#5275);
#4303=AXIS2_PLACEMENT_3D('',#6575,#5276,#5277);
#4304=AXIS2_PLACEMENT_3D('',#6578,#5279,#5280);
#4305=AXIS2_PLACEMENT_3D('',#6579,#5281,#5282);
#4306=AXIS2_PLACEMENT_3D('',#6583,#5285,#5286);
#4307=AXIS2_PLACEMENT_3D('',#6584,#5287,#5288);
#4308=AXIS2_PLACEMENT_3D('',#6585,#5289,#5290);
#4309=AXIS2_PLACEMENT_3D('',#6586,#5291,#5292);
#4310=AXIS2_PLACEMENT_3D('',#6587,#5293,#5294);
#4311=AXIS2_PLACEMENT_3D('',#6588,#5295,#5296);
#4312=AXIS2_PLACEMENT_3D('',#6589,#5297,#5298);
#4313=AXIS2_PLACEMENT_3D('',#6590,#5299,#5300);
#4314=AXIS2_PLACEMENT_3D('',#6593,#5302,#5303);
#4315=AXIS2_PLACEMENT_3D('',#6594,#5304,#5305);
#4316=AXIS2_PLACEMENT_3D('',#6598,#5308,#5309);
#4317=AXIS2_PLACEMENT_3D('',#6599,#5310,#5311);
#4318=AXIS2_PLACEMENT_3D('',#6600,#5312,#5313);
#4319=AXIS2_PLACEMENT_3D('',#6603,#5314,#5315);
#4320=AXIS2_PLACEMENT_3D('',#6604,#5316,#5317);
#4321=AXIS2_PLACEMENT_3D('',#6605,#5318,#5319);
#4322=AXIS2_PLACEMENT_3D('',#6606,#5320,#5321);
#4323=AXIS2_PLACEMENT_3D('',#6608,#5322,#5323);
#4324=AXIS2_PLACEMENT_3D('',#6610,#5324,#5325);
#4325=AXIS2_PLACEMENT_3D('',#6611,#5326,#5327);
#4326=AXIS2_PLACEMENT_3D('',#6612,#5328,#5329);
#4327=AXIS2_PLACEMENT_3D('',#6615,#5330,#5331);
#4328=AXIS2_PLACEMENT_3D('',#6616,#5332,#5333);
#4329=AXIS2_PLACEMENT_3D('',#6617,#5334,#5335);
#4330=AXIS2_PLACEMENT_3D('',#6618,#5336,#5337);
#4331=AXIS2_PLACEMENT_3D('',#6620,#5338,#5339);
#4332=AXIS2_PLACEMENT_3D('',#6622,#5340,#5341);
#4333=AXIS2_PLACEMENT_3D('',#6623,#5342,#5343);
#4334=AXIS2_PLACEMENT_3D('',#6624,#5344,#5345);
#4335=AXIS2_PLACEMENT_3D('',#6627,#5348,#5349);
#4336=AXIS2_PLACEMENT_3D('',#6629,#5351,#5352);
#4337=AXIS2_PLACEMENT_3D('',#6632,#5355,#5356);
#4338=AXIS2_PLACEMENT_3D('',#6634,#5358,#5359);
#4339=AXIS2_PLACEMENT_3D('',#6646,#5363,#5364);
#4340=AXIS2_PLACEMENT_3D('',#6655,#5366,#5367);
#4341=AXIS2_PLACEMENT_3D('',#6656,#5368,#5369);
#4342=AXIS2_PLACEMENT_3D('',#6663,#5370,#5371);
#4343=AXIS2_PLACEMENT_3D('',#6664,#5372,#5373);
#4344=AXIS2_PLACEMENT_3D('',#6674,#5376,#5377);
#4345=AXIS2_PLACEMENT_3D('',#6675,#5378,#5379);
#4346=AXIS2_PLACEMENT_3D('',#6678,#5381,#5382);
#4347=AXIS2_PLACEMENT_3D('',#6679,#5383,#5384);
#4348=AXIS2_PLACEMENT_3D('',#6683,#5387,#5388);
#4349=AXIS2_PLACEMENT_3D('',#6684,#5389,#5390);
#4350=AXIS2_PLACEMENT_3D('',#6685,#5391,#5392);
#4351=AXIS2_PLACEMENT_3D('',#6687,#5394,#5395);
#4352=AXIS2_PLACEMENT_3D('',#6688,#5396,#5397);
#4353=AXIS2_PLACEMENT_3D('',#6689,#5398,#5399);
#4354=AXIS2_PLACEMENT_3D('',#6691,#5401,#5402);
#4355=AXIS2_PLACEMENT_3D('',#6692,#5403,#5404);
#4356=AXIS2_PLACEMENT_3D('',#6694,#5406,#5407);
#4357=AXIS2_PLACEMENT_3D('',#6695,#5408,#5409);
#4358=AXIS2_PLACEMENT_3D('',#6697,#5411,#5412);
#4359=AXIS2_PLACEMENT_3D('',#6699,#5414,#5415);
#4360=AXIS2_PLACEMENT_3D('',#6701,#5417,#5418);
#4361=AXIS2_PLACEMENT_3D('',#6703,#5420,#5421);
#4362=AXIS2_PLACEMENT_3D('',#6705,#5423,#5424);
#4363=AXIS2_PLACEMENT_3D('',#6707,#5426,#5427);
#4364=AXIS2_PLACEMENT_3D('',#6709,#5429,#5430);
#4365=AXIS2_PLACEMENT_3D('',#6711,#5432,#5433);
#4366=AXIS2_PLACEMENT_3D('',#6712,#5434,#5435);
#4367=AXIS2_PLACEMENT_3D('',#6713,#5436,#5437);
#4368=AXIS2_PLACEMENT_3D('',#6715,#5438,#5439);
#4369=AXIS2_PLACEMENT_3D('',#6717,#5440,#5441);
#4370=AXIS2_PLACEMENT_3D('',#6720,#5443,#5444);
#4371=AXIS2_PLACEMENT_3D('',#6721,#5445,#5446);
#4372=AXIS2_PLACEMENT_3D('',#6723,#5447,#5448);
#4373=AXIS2_PLACEMENT_3D('',#6726,#5450,#5451);
#4374=AXIS2_PLACEMENT_3D('',#6727,#5452,#5453);
#4375=AXIS2_PLACEMENT_3D('',#6729,#5454,#5455);
#4376=AXIS2_PLACEMENT_3D('',#6731,#5457,#5458);
#4377=AXIS2_PLACEMENT_3D('',#6756,#5459,#5460);
#4378=AXIS2_PLACEMENT_3D('',#6758,#5462,#5463);
#4379=AXIS2_PLACEMENT_3D('',#6783,#5464,#5465);
#4380=AXIS2_PLACEMENT_3D('',#6785,#5467,#5468);
#4381=AXIS2_PLACEMENT_3D('',#6810,#5469,#5470);
#4382=AXIS2_PLACEMENT_3D('',#6812,#5472,#5473);
#4383=AXIS2_PLACEMENT_3D('',#6814,#5474,#5475);
#4384=AXIS2_PLACEMENT_3D('',#6816,#5477,#5478);
#4385=AXIS2_PLACEMENT_3D('',#6841,#5479,#5480);
#4386=AXIS2_PLACEMENT_3D('',#6843,#5482,#5483);
#4387=AXIS2_PLACEMENT_3D('',#6845,#5484,#5485);
#4388=AXIS2_PLACEMENT_3D('',#6848,#5487,#5488);
#4389=AXIS2_PLACEMENT_3D('',#6849,#5489,#5490);
#4390=AXIS2_PLACEMENT_3D('',#6851,#5492,#5493);
#4391=AXIS2_PLACEMENT_3D('',#6854,#5495,#5496);
#4392=AXIS2_PLACEMENT_3D('',#6855,#5497,#5498);
#4393=AXIS2_PLACEMENT_3D('',#6858,#5500,#5501);
#4394=AXIS2_PLACEMENT_3D('',#6859,#5502,#5503);
#4395=AXIS2_PLACEMENT_3D('',#6860,#5504,#5505);
#4396=AXIS2_PLACEMENT_3D('',#6861,#5506,#5507);
#4397=AXIS2_PLACEMENT_3D('',#6863,#5508,#5509);
#4398=AXIS2_PLACEMENT_3D('',#6864,#5510,#5511);
#4399=AXIS2_PLACEMENT_3D('',#6865,#5512,#5513);
#4400=AXIS2_PLACEMENT_3D('',#6867,#5515,#5516);
#4401=AXIS2_PLACEMENT_3D('',#6870,#5518,#5519);
#4402=AXIS2_PLACEMENT_3D('',#6871,#5520,#5521);
#4403=AXIS2_PLACEMENT_3D('',#6873,#5522,#5523);
#4404=AXIS2_PLACEMENT_3D('',#6874,#5524,#5525);
#4405=AXIS2_PLACEMENT_3D('',#6875,#5526,#5527);
#4406=AXIS2_PLACEMENT_3D('',#6878,#5529,#5530);
#4407=AXIS2_PLACEMENT_3D('',#6879,#5531,#5532);
#4408=AXIS2_PLACEMENT_3D('',#6882,#5534,#5535);
#4409=AXIS2_PLACEMENT_3D('',#6883,#5536,#5537);
#4410=AXIS2_PLACEMENT_3D('',#6885,#5539,#5540);
#4411=AXIS2_PLACEMENT_3D('',#6888,#5542,#5543);
#4412=AXIS2_PLACEMENT_3D('',#6889,#5544,#5545);
#4413=AXIS2_PLACEMENT_3D('',#6892,#5547,#5548);
#4414=AXIS2_PLACEMENT_3D('',#6893,#5549,#5550);
#4415=AXIS2_PLACEMENT_3D('',#6895,#5551,#5552);
#4416=AXIS2_PLACEMENT_3D('',#6896,#5553,#5554);
#4417=AXIS2_PLACEMENT_3D('',#6897,#5555,#5556);
#4418=AXIS2_PLACEMENT_3D('',#6899,#5558,#5559);
#4419=AXIS2_PLACEMENT_3D('',#6901,#5560,#5561);
#4420=AXIS2_PLACEMENT_3D('',#6902,#5562,#5563);
#4421=AXIS2_PLACEMENT_3D('',#6903,#5564,#5565);
#4422=AXIS2_PLACEMENT_3D('',#6905,#5567,#5568);
#4423=AXIS2_PLACEMENT_3D('',#6907,#5570,#5571);
#4424=AXIS2_PLACEMENT_3D('',#6910,#5573,#5574);
#4425=AXIS2_PLACEMENT_3D('',#6911,#5575,#5576);
#4426=AXIS2_PLACEMENT_3D('',#6912,#5577,#5578);
#4427=AXIS2_PLACEMENT_3D('',#6913,#5579,#5580);
#4428=AXIS2_PLACEMENT_3D('',#6916,#5582,#5583);
#4429=AXIS2_PLACEMENT_3D('',#6917,#5584,#5585);
#4430=AXIS2_PLACEMENT_3D('',#6921,#5588,#5589);
#4431=AXIS2_PLACEMENT_3D('',#6925,#5592,#5593);
#4432=AXIS2_PLACEMENT_3D('',#6929,#5596,#5597);
#4433=AXIS2_PLACEMENT_3D('',#6933,#5600,#5601);
#4434=AXIS2_PLACEMENT_3D('',#6937,#5604,#5605);
#4435=AXIS2_PLACEMENT_3D('',#6941,#5607,#5608);
#4436=AXIS2_PLACEMENT_3D('',#6942,#5609,#5610);
#4437=AXIS2_PLACEMENT_3D('',#6943,#5611,#5612);
#4438=AXIS2_PLACEMENT_3D('',#6947,#5615,#5616);
#4439=AXIS2_PLACEMENT_3D('',#6950,#5618,#5619);
#4440=AXIS2_PLACEMENT_3D('',#6951,#5620,#5621);
#4441=AXIS2_PLACEMENT_3D('',#6955,#5624,#5625);
#4442=AXIS2_PLACEMENT_3D('',#6959,#5628,#5629);
#4443=AXIS2_PLACEMENT_3D('',#6963,#5632,#5633);
#4444=AXIS2_PLACEMENT_3D('',#6967,#5636,#5637);
#4445=AXIS2_PLACEMENT_3D('',#6971,#5640,#5641);
#4446=AXIS2_PLACEMENT_3D('',#6975,#5644,#5645);
#4447=AXIS2_PLACEMENT_3D('',#6976,#5646,#5647);
#4448=AXIS2_PLACEMENT_3D('',#6977,#5648,#5649);
#4449=AXIS2_PLACEMENT_3D('',#6978,#5650,#5651);
#4450=AXIS2_PLACEMENT_3D('',#6979,#5652,#5653);
#4451=AXIS2_PLACEMENT_3D('',#6980,#5654,#5655);
#4452=AXIS2_PLACEMENT_3D('',#6981,#5656,#5657);
#4453=AXIS2_PLACEMENT_3D('',#6982,#5658,#5659);
#4454=AXIS2_PLACEMENT_3D('',#6983,#5660,#5661);
#4455=AXIS2_PLACEMENT_3D('',#7006,#5662,#5663);
#4456=AXIS2_PLACEMENT_3D('',#7007,#5664,#5665);
#4457=AXIS2_PLACEMENT_3D('',#7008,#5666,#5667);
#4458=AXIS2_PLACEMENT_3D('',#7009,#5668,#5669);
#4459=AXIS2_PLACEMENT_3D('',#7010,#5670,#5671);
#4460=AXIS2_PLACEMENT_3D('',#7035,#5672,#5673);
#4461=AXIS2_PLACEMENT_3D('',#7037,#5675,#5676);
#4462=AXIS2_PLACEMENT_3D('',#7041,#5678,#5679);
#4463=AXIS2_PLACEMENT_3D('',#7042,#5680,#5681);
#4464=AXIS2_PLACEMENT_3D('',#7043,#5682,#5683);
#4465=AXIS2_PLACEMENT_3D('',#7044,#5684,#5685);
#4466=AXIS2_PLACEMENT_3D('',#7045,#5686,#5687);
#4467=AXIS2_PLACEMENT_3D('',#7046,#5688,#5689);
#4468=AXIS2_PLACEMENT_3D('',#7047,#5690,#5691);
#4469=AXIS2_PLACEMENT_3D('',#7048,#5692,#5693);
#4470=AXIS2_PLACEMENT_3D('',#7049,#5694,#5695);
#4471=AXIS2_PLACEMENT_3D('',#7072,#5696,#5697);
#4472=AXIS2_PLACEMENT_3D('',#7073,#5698,#5699);
#4473=AXIS2_PLACEMENT_3D('',#7074,#5700,#5701);
#4474=AXIS2_PLACEMENT_3D('',#7075,#5702,#5703);
#4475=AXIS2_PLACEMENT_3D('',#7076,#5704,#5705);
#4476=AXIS2_PLACEMENT_3D('',#7077,#5706,#5707);
#4477=AXIS2_PLACEMENT_3D('',#7080,#5709,#5710);
#4478=AXIS2_PLACEMENT_3D('',#7081,#5711,#5712);
#4479=AXIS2_PLACEMENT_3D('',#7083,#5714,#5715);
#4480=AXIS2_PLACEMENT_3D('',#7085,#5716,#5717);
#4481=AXIS2_PLACEMENT_3D('',#7086,#5718,#5719);
#4482=AXIS2_PLACEMENT_3D('',#7087,#5720,#5721);
#4483=AXIS2_PLACEMENT_3D('',#7090,#5723,#5724);
#4484=AXIS2_PLACEMENT_3D('',#7091,#5725,#5726);
#4485=AXIS2_PLACEMENT_3D('',#7094,#5728,#5729);
#4486=AXIS2_PLACEMENT_3D('',#7095,#5730,#5731);
#4487=AXIS2_PLACEMENT_3D('',#7098,#5733,#5734);
#4488=AXIS2_PLACEMENT_3D('',#7099,#5735,#5736);
#4489=AXIS2_PLACEMENT_3D('',#7124,#5738,#5739);
#4490=AXIS2_PLACEMENT_3D('',#7127,#5741,#5742);
#4491=AXIS2_PLACEMENT_3D('',#7128,#5743,#5744);
#4492=AXIS2_PLACEMENT_3D('',#7131,#5746,#5747);
#4493=AXIS2_PLACEMENT_3D('',#7132,#5748,#5749);
#4494=AXIS2_PLACEMENT_3D('',#7134,#5750,#5751);
#4495=AXIS2_PLACEMENT_3D('',#7135,#5752,#5753);
#4496=AXIS2_PLACEMENT_3D('',#7136,#5754,#5755);
#4497=AXIS2_PLACEMENT_3D('',#7138,#5757,#5758);
#4498=AXIS2_PLACEMENT_3D('',#7139,#5759,#5760);
#4499=AXIS2_PLACEMENT_3D('',#7140,#5761,#5762);
#4500=AXIS2_PLACEMENT_3D('',#7141,#5763,#5764);
#4501=AXIS2_PLACEMENT_3D('',#7142,#5765,#5766);
#4502=AXIS2_PLACEMENT_3D('',#7143,#5767,#5768);
#4503=AXIS2_PLACEMENT_3D('',#7144,#5769,#5770);
#4504=AXIS2_PLACEMENT_3D('',#7146,#5772,#5773);
#4505=AXIS2_PLACEMENT_3D('',#7148,#5775,#5776);
#4506=AXIS2_PLACEMENT_3D('',#7150,#5778,#5779);
#4507=AXIS2_PLACEMENT_3D('',#7152,#5781,#5782);
#4508=AXIS2_PLACEMENT_3D('',#7154,#5784,#5785);
#4509=AXIS2_PLACEMENT_3D('',#7156,#5787,#5788);
#4510=AXIS2_PLACEMENT_3D('',#7158,#5790,#5791);
#4511=AXIS2_PLACEMENT_3D('',#7160,#5793,#5794);
#4512=AXIS2_PLACEMENT_3D('',#7162,#5796,#5797);
#4513=AXIS2_PLACEMENT_3D('',#7164,#5799,#5800);
#4514=AXIS2_PLACEMENT_3D('',#7166,#5802,#5803);
#4515=AXIS2_PLACEMENT_3D('',#7168,#5805,#5806);
#4516=AXIS2_PLACEMENT_3D('',#7170,#5808,#5809);
#4517=AXIS2_PLACEMENT_3D('',#7171,#5810,#5811);
#4518=AXIS2_PLACEMENT_3D('',#7173,#5812,#5813);
#4519=AXIS2_PLACEMENT_3D('',#7174,#5814,#5815);
#4520=AXIS2_PLACEMENT_3D('',#7176,#5816,#5817);
#4521=AXIS2_PLACEMENT_3D('',#7178,#5819,#5820);
#4522=AXIS2_PLACEMENT_3D('',#7179,#5821,#5822);
#4523=AXIS2_PLACEMENT_3D('',#7181,#5823,#5824);
#4524=AXIS2_PLACEMENT_3D('',#7182,#5825,#5826);
#4525=AXIS2_PLACEMENT_3D('',#7184,#5827,#5828);
#4526=AXIS2_PLACEMENT_3D('',#7186,#5830,#5831);
#4527=DIRECTION('axis',(0.,0.,1.));
#4528=DIRECTION('refdir',(1.,0.,0.));
#4529=DIRECTION('center_axis',(0.,0.,1.));
#4530=DIRECTION('ref_axis',(-1.,0.,0.));
#4531=DIRECTION('center_axis',(0.,0.,-1.));
#4532=DIRECTION('ref_axis',(-1.,0.,0.));
#4533=DIRECTION('center_axis',(0.,0.,-1.));
#4534=DIRECTION('ref_axis',(-1.,0.,0.));
#4535=DIRECTION('center_axis',(0.,0.,1.));
#4536=DIRECTION('ref_axis',(-1.,0.,0.));
#4537=DIRECTION('',(0.,0.,-1.));
#4538=DIRECTION('center_axis',(0.,0.,1.));
#4539=DIRECTION('ref_axis',(-1.,0.,0.));
#4540=DIRECTION('center_axis',(0.,0.,1.));
#4541=DIRECTION('ref_axis',(-1.,0.,0.));
#4542=DIRECTION('center_axis',(0.,0.,-1.));
#4543=DIRECTION('ref_axis',(-1.,0.,0.));
#4544=DIRECTION('center_axis',(0.,0.,-1.));
#4545=DIRECTION('ref_axis',(-1.,0.,0.));
#4546=DIRECTION('center_axis',(0.,0.,1.));
#4547=DIRECTION('ref_axis',(-1.,0.,0.));
#4548=DIRECTION('',(0.,0.,-1.));
#4549=DIRECTION('center_axis',(0.,0.,1.));
#4550=DIRECTION('ref_axis',(-1.,0.,0.));
#4551=DIRECTION('center_axis',(0.,0.,1.));
#4552=DIRECTION('ref_axis',(1.,0.,0.));
#4553=DIRECTION('center_axis',(0.,0.,-1.));
#4554=DIRECTION('ref_axis',(-1.,0.,0.));
#4555=DIRECTION('center_axis',(0.,-1.,0.));
#4556=DIRECTION('ref_axis',(-1.,0.,0.));
#4557=DIRECTION('center_axis',(0.,0.,1.));
#4558=DIRECTION('ref_axis',(-1.,0.,0.));
#4559=DIRECTION('center_axis',(0.,0.,1.));
#4560=DIRECTION('ref_axis',(-1.,0.,0.));
#4561=DIRECTION('center_axis',(0.,0.,1.));
#4562=DIRECTION('ref_axis',(-1.,1.22464679914735E-16,0.));
#4563=DIRECTION('',(0.707011939406082,0.70720161024792,0.));
#4564=DIRECTION('',(-0.709348350043482,0.704858083794596,0.));
#4565=DIRECTION('',(-1.,0.,0.));
#4566=DIRECTION('center_axis',(0.,0.,-1.));
#4567=DIRECTION('ref_axis',(-0.923520306025503,0.383549533122596,0.));
#4568=DIRECTION('',(-0.703145605485054,0.711045889860182,0.));
#4569=DIRECTION('',(0.711045889860182,0.703145605485054,0.));
#4570=DIRECTION('',(0.707489857755633,0.706723496972412,0.));
#4571=DIRECTION('',(0.830421438876755,-0.557135740958934,0.));
#4572=DIRECTION('',(0.711045889860182,0.703145605485054,0.));
#4573=DIRECTION('',(0.828283413127963,-0.56030936770421,0.));
#4574=DIRECTION('center_axis',(0.,0.,-1.));
#4575=DIRECTION('ref_axis',(-5.83810845474031E-14,1.,0.));
#4576=DIRECTION('',(0.828283413127899,0.560309367704306,0.));
#4577=DIRECTION('',(0.711045889860181,-0.703145605485054,0.));
#4578=DIRECTION('',(0.830421438876755,0.557135740958934,0.));
#4579=DIRECTION('',(0.707489857755633,-0.706723496972412,0.));
#4580=DIRECTION('',(0.711045889860181,-0.703145605485054,0.));
#4581=DIRECTION('',(-0.703145605485054,-0.711045889860181,0.));
#4582=DIRECTION('center_axis',(0.,0.,-1.));
#4583=DIRECTION('ref_axis',(0.923520306025503,0.383549533122596,0.));
#4584=DIRECTION('',(1.,0.,0.));
#4585=DIRECTION('',(0.707106781186547,0.707106781186548,0.));
#4586=DIRECTION('center_axis',(0.,0.,-1.));
#4587=DIRECTION('ref_axis',(-1.,0.,0.));
#4588=DIRECTION('center_axis',(0.,0.,-1.));
#4589=DIRECTION('ref_axis',(-1.,0.,0.));
#4590=DIRECTION('center_axis',(0.,0.,-1.));
#4591=DIRECTION('ref_axis',(-1.,0.,0.));
#4592=DIRECTION('center_axis',(0.,0.,-1.));
#4593=DIRECTION('ref_axis',(-1.,0.,0.));
#4594=DIRECTION('center_axis',(0.,0.,-1.));
#4595=DIRECTION('ref_axis',(-1.,0.,0.));
#4596=DIRECTION('',(0.,0.,-1.));
#4597=DIRECTION('center_axis',(0.,0.,1.));
#4598=DIRECTION('ref_axis',(1.,0.,0.));
#4599=DIRECTION('center_axis',(0.,-1.,0.));
#4600=DIRECTION('ref_axis',(-1.,0.,0.));
#4601=DIRECTION('center_axis',(0.,0.,1.));
#4602=DIRECTION('ref_axis',(-1.,0.,0.));
#4603=DIRECTION('center_axis',(0.,0.,1.));
#4604=DIRECTION('ref_axis',(-1.,0.,0.));
#4605=DIRECTION('center_axis',(0.,0.,-1.));
#4606=DIRECTION('ref_axis',(-1.,0.,0.));
#4607=DIRECTION('center_axis',(0.,0.,-1.));
#4608=DIRECTION('ref_axis',(-1.,0.,0.));
#4609=DIRECTION('',(0.,0.,-1.));
#4610=DIRECTION('center_axis',(0.,0.,1.));
#4611=DIRECTION('ref_axis',(1.,0.,0.));
#4612=DIRECTION('center_axis',(0.,-1.,0.));
#4613=DIRECTION('ref_axis',(-1.,0.,0.));
#4614=DIRECTION('center_axis',(0.,0.,1.));
#4615=DIRECTION('ref_axis',(-1.,0.,0.));
#4616=DIRECTION('center_axis',(0.,0.,1.));
#4617=DIRECTION('ref_axis',(-1.,0.,0.));
#4618=DIRECTION('center_axis',(0.,0.,-1.));
#4619=DIRECTION('ref_axis',(-1.,0.,0.));
#4620=DIRECTION('center_axis',(0.,0.,-1.));
#4621=DIRECTION('ref_axis',(-1.,0.,0.));
#4622=DIRECTION('',(0.,0.,-1.));
#4623=DIRECTION('center_axis',(0.,0.,1.));
#4624=DIRECTION('ref_axis',(1.,0.,0.));
#4625=DIRECTION('center_axis',(0.,-1.,0.));
#4626=DIRECTION('ref_axis',(-1.,0.,0.));
#4627=DIRECTION('center_axis',(0.,0.,1.));
#4628=DIRECTION('ref_axis',(-1.,0.,0.));
#4629=DIRECTION('center_axis',(0.,0.,1.));
#4630=DIRECTION('ref_axis',(-1.,0.,0.));
#4631=DIRECTION('center_axis',(0.,0.,-1.));
#4632=DIRECTION('ref_axis',(-1.,0.,0.));
#4633=DIRECTION('center_axis',(0.,0.,-1.));
#4634=DIRECTION('ref_axis',(-1.,0.,0.));
#4635=DIRECTION('',(0.,0.,-1.));
#4636=DIRECTION('center_axis',(0.,0.,1.));
#4637=DIRECTION('ref_axis',(1.,0.,0.));
#4638=DIRECTION('center_axis',(0.,0.,-1.));
#4639=DIRECTION('ref_axis',(-1.,0.,0.));
#4640=DIRECTION('center_axis',(0.,-1.,0.));
#4641=DIRECTION('ref_axis',(-1.,0.,0.));
#4642=DIRECTION('center_axis',(0.,0.,1.));
#4643=DIRECTION('ref_axis',(-1.,0.,0.));
#4644=DIRECTION('center_axis',(0.,0.,1.));
#4645=DIRECTION('ref_axis',(-1.,0.,0.));
#4646=DIRECTION('center_axis',(0.,0.,1.));
#4647=DIRECTION('ref_axis',(-1.,1.22464679914735E-16,0.));
#4648=DIRECTION('center_axis',(0.,0.,-1.));
#4649=DIRECTION('ref_axis',(0.923520306025503,-0.383549533122596,0.));
#4650=DIRECTION('',(0.703145605485054,-0.711045889860182,0.));
#4651=DIRECTION('',(-0.711045889860182,-0.703145605485054,0.));
#4652=DIRECTION('',(-0.828283413127963,0.56030936770421,0.));
#4653=DIRECTION('',(-0.830421438876755,0.557135740958934,0.));
#4654=DIRECTION('center_axis',(0.,0.,-1.));
#4655=DIRECTION('ref_axis',(0.00191331262610224,-0.999998169615722,0.));
#4656=DIRECTION('',(-0.828283413127963,-0.56030936770421,0.));
#4657=DIRECTION('',(-0.711045889860181,0.703145605485054,0.));
#4658=DIRECTION('',(-0.830421438876755,-0.557135740958934,0.));
#4659=DIRECTION('',(-0.707489857755633,0.706723496972412,0.));
#4660=DIRECTION('',(-0.711045889860181,0.703145605485054,0.));
#4661=DIRECTION('',(0.703145605485054,0.711045889860181,0.));
#4662=DIRECTION('center_axis',(0.,0.,-1.));
#4663=DIRECTION('ref_axis',(-0.923520306025503,-0.383549533122596,0.));
#4664=DIRECTION('',(-1.,0.,0.));
#4665=DIRECTION('',(-0.707106781186547,-0.707106781186548,0.));
#4666=DIRECTION('',(-0.707151002138093,0.707062557469345,0.));
#4667=DIRECTION('',(-1.,0.,0.));
#4668=DIRECTION('center_axis',(0.,0.,-1.));
#4669=DIRECTION('ref_axis',(-1.,0.,0.));
#4670=DIRECTION('center_axis',(0.,0.,-1.));
#4671=DIRECTION('ref_axis',(-1.,0.,0.));
#4672=DIRECTION('center_axis',(0.,0.,-1.));
#4673=DIRECTION('ref_axis',(-1.,0.,0.));
#4674=DIRECTION('center_axis',(0.,0.,-1.));
#4675=DIRECTION('ref_axis',(-1.,0.,0.));
#4676=DIRECTION('center_axis',(0.,0.,-1.));
#4677=DIRECTION('ref_axis',(-1.,0.,0.));
#4678=DIRECTION('',(0.,0.,-1.));
#4679=DIRECTION('center_axis',(0.,0.,1.));
#4680=DIRECTION('ref_axis',(1.,0.,0.));
#4681=DIRECTION('center_axis',(0.,-1.,0.));
#4682=DIRECTION('ref_axis',(-1.,0.,0.));
#4683=DIRECTION('center_axis',(0.,0.,1.));
#4684=DIRECTION('ref_axis',(-1.,0.,0.));
#4685=DIRECTION('center_axis',(0.,0.,1.));
#4686=DIRECTION('ref_axis',(-1.,0.,0.));
#4687=DIRECTION('center_axis',(0.,0.,-1.));
#4688=DIRECTION('ref_axis',(-1.,0.,0.));
#4689=DIRECTION('center_axis',(0.,0.,-1.));
#4690=DIRECTION('ref_axis',(-1.,0.,0.));
#4691=DIRECTION('',(0.,0.,-1.));
#4692=DIRECTION('center_axis',(0.,0.,1.));
#4693=DIRECTION('ref_axis',(1.,0.,0.));
#4694=DIRECTION('center_axis',(0.,-1.,0.));
#4695=DIRECTION('ref_axis',(-1.,0.,0.));
#4696=DIRECTION('center_axis',(0.,0.,1.));
#4697=DIRECTION('ref_axis',(-1.,0.,0.));
#4698=DIRECTION('center_axis',(0.,0.,1.));
#4699=DIRECTION('ref_axis',(-1.,0.,0.));
#4700=DIRECTION('center_axis',(0.,0.,-1.));
#4701=DIRECTION('ref_axis',(-1.,0.,0.));
#4702=DIRECTION('center_axis',(0.,0.,-1.));
#4703=DIRECTION('ref_axis',(-1.,0.,0.));
#4704=DIRECTION('',(0.,0.,-1.));
#4705=DIRECTION('center_axis',(0.,0.,1.));
#4706=DIRECTION('ref_axis',(1.,0.,0.));
#4707=DIRECTION('center_axis',(0.,-1.,0.));
#4708=DIRECTION('ref_axis',(-1.,0.,0.));
#4709=DIRECTION('center_axis',(0.,0.,1.));
#4710=DIRECTION('ref_axis',(-1.,0.,0.));
#4711=DIRECTION('center_axis',(0.,0.,1.));
#4712=DIRECTION('ref_axis',(-1.,0.,0.));
#4713=DIRECTION('center_axis',(0.,0.,-1.));
#4714=DIRECTION('ref_axis',(-1.,0.,0.));
#4715=DIRECTION('center_axis',(0.,0.,-1.));
#4716=DIRECTION('ref_axis',(-1.,0.,0.));
#4717=DIRECTION('',(0.,0.,-1.));
#4718=DIRECTION('center_axis',(0.,0.,-1.));
#4719=DIRECTION('ref_axis',(-1.,0.,0.));
#4720=DIRECTION('center_axis',(0.,0.,1.));
#4721=DIRECTION('ref_axis',(-1.,0.,0.));
#4722=DIRECTION('center_axis',(0.,-1.,0.));
#4723=DIRECTION('ref_axis',(1.,0.,0.));
#4724=DIRECTION('center_axis',(0.,0.,-1.));
#4725=DIRECTION('ref_axis',(-1.,0.,0.));
#4726=DIRECTION('center_axis',(0.,0.,1.));
#4727=DIRECTION('ref_axis',(-1.,1.22464679914735E-16,0.));
#4728=DIRECTION('',(0.,1.,0.));
#4729=DIRECTION('',(-0.999993113921346,0.00371107934297817,0.));
#4730=DIRECTION('center_axis',(0.,0.,1.));
#4731=DIRECTION('ref_axis',(0.923520306025503,0.383549533122596,0.));
#4732=DIRECTION('',(0.703145605485054,0.711045889860181,0.));
#4733=DIRECTION('',(-0.711045889860181,0.703145605485054,0.));
#4734=DIRECTION('',(-0.707489857755633,0.706723496972412,0.));
#4735=DIRECTION('',(-0.830421438876755,-0.557135740958934,0.));
#4736=DIRECTION('',(-0.711045889860181,0.703145605485054,0.));
#4737=DIRECTION('',(-0.828283413127899,-0.560309367704306,0.));
#4738=DIRECTION('center_axis',(0.,0.,1.));
#4739=DIRECTION('ref_axis',(-5.83810845474031E-14,1.,0.));
#4740=DIRECTION('',(-0.828283413127963,0.56030936770421,0.));
#4741=DIRECTION('',(-0.711045889860182,-0.703145605485054,0.));
#4742=DIRECTION('',(-0.830421438876755,0.557135740958934,0.));
#4743=DIRECTION('',(-0.707489857755633,-0.706723496972412,0.));
#4744=DIRECTION('',(-0.711045889860182,-0.703145605485054,0.));
#4745=DIRECTION('',(0.703145605485054,-0.711045889860182,0.));
#4746=DIRECTION('center_axis',(0.,0.,1.));
#4747=DIRECTION('ref_axis',(-0.923520306025503,0.383549533122596,0.));
#4748=DIRECTION('',(-0.999993113921346,-0.00371107934297793,0.));
#4749=DIRECTION('',(1.,0.,0.));
#4750=DIRECTION('',(0.,-1.,0.));
#4751=DIRECTION('',(1.,0.,0.));
#4752=DIRECTION('',(0.999993113921346,-0.00371107934297809,0.));
#4753=DIRECTION('center_axis',(0.,0.,1.));
#4754=DIRECTION('ref_axis',(-0.923520306025503,-0.383549533122596,0.));
#4755=DIRECTION('',(-0.703145605485054,-0.711045889860181,0.));
#4756=DIRECTION('',(0.711045889860181,-0.703145605485054,0.));
#4757=DIRECTION('',(0.707489857755633,-0.706723496972412,0.));
#4758=DIRECTION('',(0.830421438876755,0.557135740958934,0.));
#4759=DIRECTION('',(0.711045889860181,-0.703145605485054,0.));
#4760=DIRECTION('',(0.828283413127963,0.56030936770421,0.));
#4761=DIRECTION('center_axis',(0.,0.,1.));
#4762=DIRECTION('ref_axis',(0.00191331262610224,-0.999998169615722,0.));
#4763=DIRECTION('',(0.830421438876755,-0.557135740958934,0.));
#4764=DIRECTION('',(0.828283413127963,-0.56030936770421,0.));
#4765=DIRECTION('',(0.711045889860182,0.703145605485054,0.));
#4766=DIRECTION('',(-0.703145605485054,0.711045889860182,0.));
#4767=DIRECTION('center_axis',(0.,0.,1.));
#4768=DIRECTION('ref_axis',(0.923520306025503,-0.383549533122596,0.));
#4769=DIRECTION('',(0.999993113921346,0.00371107934297793,0.));
#4770=DIRECTION('center_axis',(0.,0.,1.));
#4771=DIRECTION('ref_axis',(-1.,0.,0.));
#4772=DIRECTION('center_axis',(0.,0.,1.));
#4773=DIRECTION('ref_axis',(1.,0.,0.));
#4774=DIRECTION('center_axis',(0.,0.,1.));
#4775=DIRECTION('ref_axis',(-1.,0.,0.));
#4776=DIRECTION('center_axis',(0.,0.,1.));
#4777=DIRECTION('ref_axis',(-1.,0.,0.));
#4778=DIRECTION('center_axis',(0.,0.,1.));
#4779=DIRECTION('ref_axis',(1.,0.,0.));
#4780=DIRECTION('center_axis',(0.,0.,1.));
#4781=DIRECTION('ref_axis',(1.,0.,0.));
#4782=DIRECTION('center_axis',(0.,0.,1.));
#4783=DIRECTION('ref_axis',(-1.,0.,0.));
#4784=DIRECTION('center_axis',(0.,0.,1.));
#4785=DIRECTION('ref_axis',(0.,-1.,0.));
#4786=DIRECTION('',(-1.,0.,0.));
#4787=DIRECTION('',(0.,-1.,0.));
#4788=DIRECTION('',(1.,0.,0.));
#4789=DIRECTION('center_axis',(0.,0.,1.));
#4790=DIRECTION('ref_axis',(0.,1.,0.));
#4791=DIRECTION('',(1.,0.,0.));
#4792=DIRECTION('',(0.,1.,0.));
#4793=DIRECTION('',(-1.,0.,0.));
#4794=DIRECTION('center_axis',(0.,0.,1.));
#4795=DIRECTION('ref_axis',(0.,-1.,0.));
#4796=DIRECTION('',(0.,-1.,0.));
#4797=DIRECTION('center_axis',(0.,0.,1.));
#4798=DIRECTION('ref_axis',(0.,1.,0.));
#4799=DIRECTION('',(0.,1.,0.));
#4800=DIRECTION('center_axis',(0.,0.,1.));
#4801=DIRECTION('ref_axis',(-1.,0.,0.));
#4802=DIRECTION('center_axis',(0.,0.,1.));
#4803=DIRECTION('ref_axis',(-1.,0.,0.));
#4804=DIRECTION('center_axis',(0.,0.,1.));
#4805=DIRECTION('ref_axis',(-1.,0.,0.));
#4806=DIRECTION('center_axis',(0.,0.,1.));
#4807=DIRECTION('ref_axis',(-1.,0.,0.));
#4808=DIRECTION('center_axis',(0.,0.,1.));
#4809=DIRECTION('ref_axis',(1.,0.,0.));
#4810=DIRECTION('center_axis',(0.,0.,1.));
#4811=DIRECTION('ref_axis',(-1.,0.,0.));
#4812=DIRECTION('center_axis',(0.,0.,-1.));
#4813=DIRECTION('ref_axis',(-1.,0.,0.));
#4814=DIRECTION('',(0.,0.,-1.));
#4815=DIRECTION('center_axis',(0.,0.,1.));
#4816=DIRECTION('ref_axis',(-1.,0.,0.));
#4817=DIRECTION('',(0.,0.,1.));
#4818=DIRECTION('center_axis',(0.,0.,1.));
#4819=DIRECTION('ref_axis',(-1.,0.,0.));
#4820=DIRECTION('',(0.,0.,-1.));
#4821=DIRECTION('center_axis',(0.,0.,1.));
#4822=DIRECTION('ref_axis',(-1.,0.,0.));
#4823=DIRECTION('center_axis',(0.,0.,-1.));
#4824=DIRECTION('ref_axis',(-1.,0.,0.));
#4825=DIRECTION('center_axis',(0.,-1.,0.));
#4826=DIRECTION('ref_axis',(1.,0.,0.));
#4827=DIRECTION('center_axis',(0.,0.,-1.));
#4828=DIRECTION('ref_axis',(-1.,0.,0.));
#4829=DIRECTION('center_axis',(0.,-1.,0.));
#4830=DIRECTION('ref_axis',(1.,0.,0.));
#4831=DIRECTION('center_axis',(0.,0.,-1.));
#4832=DIRECTION('ref_axis',(-1.,0.,0.));
#4833=DIRECTION('center_axis',(0.,-1.,0.));
#4834=DIRECTION('ref_axis',(1.,0.,0.));
#4835=DIRECTION('center_axis',(0.,0.,-1.));
#4836=DIRECTION('ref_axis',(1.,0.,0.));
#4837=DIRECTION('center_axis',(0.,0.,-1.));
#4838=DIRECTION('ref_axis',(1.,0.,0.));
#4839=DIRECTION('center_axis',(0.,0.,-1.));
#4840=DIRECTION('ref_axis',(1.,0.,0.));
#4841=DIRECTION('',(0.,0.,-1.));
#4842=DIRECTION('center_axis',(0.,0.,-1.));
#4843=DIRECTION('ref_axis',(1.,0.,0.));
#4844=DIRECTION('center_axis',(0.,0.,-1.));
#4845=DIRECTION('ref_axis',(-1.,0.,0.));
#4846=DIRECTION('center_axis',(0.,-1.,0.));
#4847=DIRECTION('ref_axis',(1.,0.,0.));
#4848=DIRECTION('center_axis',(0.,0.,-1.));
#4849=DIRECTION('ref_axis',(1.,0.,0.));
#4850=DIRECTION('center_axis',(0.,0.,-1.));
#4851=DIRECTION('ref_axis',(1.,0.,0.));
#4852=DIRECTION('center_axis',(0.,0.,-1.));
#4853=DIRECTION('ref_axis',(1.,0.,0.));
#4854=DIRECTION('',(0.,0.,-1.));
#4855=DIRECTION('center_axis',(0.,0.,-1.));
#4856=DIRECTION('ref_axis',(1.,0.,0.));
#4857=DIRECTION('center_axis',(0.,0.,-1.));
#4858=DIRECTION('ref_axis',(-1.,0.,0.));
#4859=DIRECTION('center_axis',(0.,-1.,0.));
#4860=DIRECTION('ref_axis',(1.,0.,0.));
#4861=DIRECTION('center_axis',(0.,0.,-1.));
#4862=DIRECTION('ref_axis',(-1.,0.,0.));
#4863=DIRECTION('center_axis',(0.,-1.,0.));
#4864=DIRECTION('ref_axis',(1.,0.,0.));
#4865=DIRECTION('center_axis',(0.,0.,-1.));
#4866=DIRECTION('ref_axis',(-1.,0.,0.));
#4867=DIRECTION('center_axis',(0.,-1.,0.));
#4868=DIRECTION('ref_axis',(1.,0.,0.));
#4869=DIRECTION('center_axis',(0.,0.,-1.));
#4870=DIRECTION('ref_axis',(-1.,0.,0.));
#4871=DIRECTION('center_axis',(0.,-1.,0.));
#4872=DIRECTION('ref_axis',(1.,0.,0.));
#4873=DIRECTION('center_axis',(0.,0.,-1.));
#4874=DIRECTION('ref_axis',(-1.,0.,0.));
#4875=DIRECTION('center_axis',(0.,-1.,0.));
#4876=DIRECTION('ref_axis',(1.,0.,0.));
#4877=DIRECTION('center_axis',(0.,0.,-1.));
#4878=DIRECTION('ref_axis',(1.,0.,0.));
#4879=DIRECTION('center_axis',(0.,0.,-1.));
#4880=DIRECTION('ref_axis',(1.,0.,0.));
#4881=DIRECTION('center_axis',(0.,0.,-1.));
#4882=DIRECTION('ref_axis',(1.,0.,0.));
#4883=DIRECTION('',(0.,0.,-1.));
#4884=DIRECTION('center_axis',(0.,0.,-1.));
#4885=DIRECTION('ref_axis',(1.,0.,0.));
#4886=DIRECTION('center_axis',(0.,0.,-1.));
#4887=DIRECTION('ref_axis',(-1.,0.,0.));
#4888=DIRECTION('center_axis',(0.,-1.,0.));
#4889=DIRECTION('ref_axis',(1.,0.,0.));
#4890=DIRECTION('center_axis',(0.,0.,-1.));
#4891=DIRECTION('ref_axis',(-1.,0.,0.));
#4892=DIRECTION('center_axis',(0.,0.,-1.));
#4893=DIRECTION('ref_axis',(-1.,0.,0.));
#4894=DIRECTION('',(0.,0.,-1.));
#4895=DIRECTION('center_axis',(0.,0.,1.));
#4896=DIRECTION('ref_axis',(-1.,0.,0.));
#4897=DIRECTION('',(0.,0.,1.));
#4898=DIRECTION('center_axis',(0.,0.,1.));
#4899=DIRECTION('ref_axis',(-1.,0.,0.));
#4900=DIRECTION('',(0.,0.,-1.));
#4901=DIRECTION('center_axis',(0.,0.,1.));
#4902=DIRECTION('ref_axis',(-1.,0.,0.));
#4903=DIRECTION('center_axis',(0.,0.,-1.));
#4904=DIRECTION('ref_axis',(-1.,0.,0.));
#4905=DIRECTION('center_axis',(0.,-1.,0.));
#4906=DIRECTION('ref_axis',(1.,0.,0.));
#4907=DIRECTION('center_axis',(0.,0.,-1.));
#4908=DIRECTION('ref_axis',(1.,0.,0.));
#4909=DIRECTION('center_axis',(0.,0.,-1.));
#4910=DIRECTION('ref_axis',(1.,0.,0.));
#4911=DIRECTION('center_axis',(0.,0.,-1.));
#4912=DIRECTION('ref_axis',(1.,0.,0.));
#4913=DIRECTION('',(0.,0.,-1.));
#4914=DIRECTION('center_axis',(0.,0.,-1.));
#4915=DIRECTION('ref_axis',(1.,0.,0.));
#4916=DIRECTION('center_axis',(0.,0.,-1.));
#4917=DIRECTION('ref_axis',(-1.,0.,0.));
#4918=DIRECTION('center_axis',(0.,-1.,0.));
#4919=DIRECTION('ref_axis',(1.,0.,0.));
#4920=DIRECTION('center_axis',(0.,0.,-1.));
#4921=DIRECTION('ref_axis',(-1.,0.,0.));
#4922=DIRECTION('center_axis',(0.,-1.,0.));
#4923=DIRECTION('ref_axis',(1.,0.,0.));
#4924=DIRECTION('center_axis',(0.,-1.,0.));
#4925=DIRECTION('ref_axis',(0.,0.,-1.));
#4926=DIRECTION('',(1.,-1.11008416700159E-13,0.));
#4927=DIRECTION('',(0.,0.,-1.));
#4928=DIRECTION('',(-1.,0.,0.));
#4929=DIRECTION('',(0.,0.,1.));
#4930=DIRECTION('center_axis',(0.,0.,1.));
#4931=DIRECTION('ref_axis',(0.,1.,0.));
#4932=DIRECTION('',(0.,1.,0.));
#4933=DIRECTION('center_axis',(0.,0.,-1.));
#4934=DIRECTION('ref_axis',(0.923520306025503,-0.383549533122596,0.));
#4935=DIRECTION('center_axis',(-1.,0.,0.));
#4936=DIRECTION('ref_axis',(0.,0.,1.));
#4937=DIRECTION('',(0.,-1.,0.));
#4938=DIRECTION('',(0.,0.,-1.));
#4939=DIRECTION('',(0.,-1.,0.));
#4940=DIRECTION('center_axis',(0.,0.,-1.));
#4941=DIRECTION('ref_axis',(1.,0.,0.));
#4942=DIRECTION('',(-0.707151002138093,0.707062557469345,0.));
#4943=DIRECTION('',(0.707106781186547,0.707106781186548,0.));
#4944=DIRECTION('',(1.,0.,0.));
#4945=DIRECTION('',(1.11978706249918E-16,-1.,0.));
#4946=DIRECTION('',(1.11978706249918E-16,-1.,0.));
#4947=DIRECTION('',(1.11978706249918E-16,-1.,0.));
#4948=DIRECTION('',(-1.,0.,0.));
#4949=DIRECTION('',(-0.709348350043482,0.704858083794596,0.));
#4950=DIRECTION('',(0.707011939406082,0.70720161024792,0.));
#4951=DIRECTION('',(-0.707106781186547,-0.707106781186548,0.));
#4952=DIRECTION('',(-1.,0.,0.));
#4953=DIRECTION('',(0.,1.,0.));
#4954=DIRECTION('center_axis',(0.,0.,1.));
#4955=DIRECTION('ref_axis',(0.,1.,0.));
#4956=DIRECTION('',(0.,1.,0.));
#4957=DIRECTION('center_axis',(0.,0.,1.));
#4958=DIRECTION('ref_axis',(0.,1.,0.));
#4959=DIRECTION('',(0.,1.,0.));
#4960=DIRECTION('center_axis',(0.,0.,1.));
#4961=DIRECTION('ref_axis',(0.,1.,0.));
#4962=DIRECTION('',(0.,1.,0.));
#4963=DIRECTION('center_axis',(0.,0.,1.));
#4964=DIRECTION('ref_axis',(0.,1.,0.));
#4965=DIRECTION('',(0.,1.,0.));
#4966=DIRECTION('',(0.00198102690305291,0.99999803776428,0.));
#4967=DIRECTION('',(-0.99999803776428,0.00198102690305292,0.));
#4968=DIRECTION('',(-0.707106781186547,-0.707106781186548,0.));
#4969=DIRECTION('',(-0.707151002138093,0.707062557469345,0.));
#4970=DIRECTION('',(0.,1.,0.));
#4971=DIRECTION('',(0.707011939406082,0.70720161024792,0.));
#4972=DIRECTION('',(-0.709348350043482,0.704858083794596,0.));
#4973=DIRECTION('',(-0.707106781186548,0.707106781186547,0.));
#4974=DIRECTION('',(-0.999998037764279,-0.00198102690318633,0.));
#4975=DIRECTION('',(-0.00198102690318613,0.999998037764279,0.));
#4976=DIRECTION('',(0.,-1.,0.));
#4977=DIRECTION('',(0.707106781186547,0.707106781186548,0.));
#4978=DIRECTION('center_axis',(-0.70720161024792,0.707011939406082,0.));
#4979=DIRECTION('ref_axis',(0.,0.,1.));
#4980=DIRECTION('',(0.,0.,1.));
#4981=DIRECTION('',(0.,0.,-1.));
#4982=DIRECTION('',(-0.707011939406082,-0.70720161024792,0.));
#4983=DIRECTION('center_axis',(0.70720161024792,-0.707011939406082,0.));
#4984=DIRECTION('ref_axis',(0.,0.,-1.));
#4985=DIRECTION('',(0.,0.,-1.));
#4986=DIRECTION('',(0.,0.,1.));
#4987=DIRECTION('center_axis',(0.704858083794596,0.709348350043482,0.));
#4988=DIRECTION('ref_axis',(-0.709348350043482,0.704858083794596,0.));
#4989=DIRECTION('',(0.,0.,1.));
#4990=DIRECTION('center_axis',(0.,0.,1.));
#4991=DIRECTION('ref_axis',(-1.,1.22464679914735E-16,0.));
#4992=DIRECTION('',(0.,-1.,0.));
#4993=DIRECTION('center_axis',(0.,0.,-1.));
#4994=DIRECTION('ref_axis',(1.,-1.22464679914735E-16,0.));
#4995=DIRECTION('',(0.,-1.,0.));
#4996=DIRECTION('center_axis',(0.,0.,-1.));
#4997=DIRECTION('ref_axis',(1.,-1.22464679914735E-16,0.));
#4998=DIRECTION('',(0.,-1.,0.));
#4999=DIRECTION('center_axis',(0.,0.,-1.));
#5000=DIRECTION('ref_axis',(1.,-1.22464679914735E-16,0.));
#5001=DIRECTION('',(0.,-1.,0.));
#5002=DIRECTION('center_axis',(0.,0.,-1.));
#5003=DIRECTION('ref_axis',(1.,-1.22464679914735E-16,0.));
#5004=DIRECTION('',(0.,-1.,0.));
#5005=DIRECTION('center_axis',(0.,0.,-1.));
#5006=DIRECTION('ref_axis',(0.923520306025503,0.383549533122596,0.));
#5007=DIRECTION('',(0.999993113921346,-0.00371107934297817,0.));
#5008=DIRECTION('',(0.,-1.,0.));
#5009=DIRECTION('',(-0.999993113921346,-0.00371107934297793,0.));
#5010=DIRECTION('center_axis',(0.,0.,-1.));
#5011=DIRECTION('ref_axis',(0.923520306025503,-0.383549533122596,0.));
#5012=DIRECTION('',(0.,1.,0.));
#5013=DIRECTION('center_axis',(0.,0.,-1.));
#5014=DIRECTION('ref_axis',(0.,-1.,0.));
#5015=DIRECTION('',(0.,-1.,0.));
#5016=DIRECTION('center_axis',(0.,0.,-1.));
#5017=DIRECTION('ref_axis',(0.,1.,0.));
#5018=DIRECTION('center_axis',(0.707062557469345,0.707151002138093,0.));
#5019=DIRECTION('ref_axis',(-0.707151002138093,0.707062557469345,0.));
#5020=DIRECTION('',(0.,0.,1.));
#5021=DIRECTION('center_axis',(-0.707106781186548,0.707106781186547,0.));
#5022=DIRECTION('ref_axis',(0.707106781186547,0.707106781186548,0.));
#5023=DIRECTION('',(0.,0.,1.));
#5024=DIRECTION('center_axis',(0.707062557469345,0.707151002138093,0.));
#5025=DIRECTION('ref_axis',(-0.707151002138093,0.707062557469345,0.));
#5026=DIRECTION('',(-0.707151002138093,0.707062557469345,0.));
#5027=DIRECTION('',(0.,0.,1.));
#5028=DIRECTION('',(0.,0.,-1.));
#5029=DIRECTION('center_axis',(0.707106781186548,-0.707106781186547,0.));
#5030=DIRECTION('ref_axis',(-0.707106781186547,-0.707106781186548,0.));
#5031=DIRECTION('',(0.,0.,-1.));
#5032=DIRECTION('',(0.707106781186547,0.707106781186548,0.));
#5033=DIRECTION('center_axis',(0.704858083794596,0.709348350043482,0.));
#5034=DIRECTION('ref_axis',(-0.709348350043482,0.704858083794596,0.));
#5035=DIRECTION('',(-0.709348350043482,0.704858083794596,0.));
#5036=DIRECTION('',(0.,0.,1.));
#5037=DIRECTION('center_axis',(-0.707106781186548,0.707106781186547,0.));
#5038=DIRECTION('ref_axis',(0.707106781186547,0.707106781186548,0.));
#5039=DIRECTION('',(0.,0.,-1.));
#5040=DIRECTION('',(-0.707106781186547,-0.707106781186548,0.));
#5041=DIRECTION('center_axis',(0.707106781186548,-0.707106781186547,0.));
#5042=DIRECTION('ref_axis',(-0.707106781186547,-0.707106781186548,0.));
#5043=DIRECTION('',(0.,0.,1.));
#5044=DIRECTION('center_axis',(-7.86108780156198E-16,1.,0.));
#5045=DIRECTION('ref_axis',(-1.,-7.86108780156198E-16,0.));
#5046=DIRECTION('',(0.,0.,-1.));
#5047=DIRECTION('center_axis',(-0.99999803776428,0.00198102690305291,0.));
#5048=DIRECTION('ref_axis',(0.,0.,1.));
#5049=DIRECTION('',(0.,0.,1.));
#5050=DIRECTION('',(0.,0.,1.));
#5051=DIRECTION('',(-0.00198102690305291,-0.99999803776428,0.));
#5052=DIRECTION('center_axis',(0.00198102690305292,0.99999803776428,0.));
#5053=DIRECTION('ref_axis',(0.,0.,1.));
#5054=DIRECTION('',(0.99999803776428,-0.00198102690305292,0.));
#5055=DIRECTION('center_axis',(0.999998037764279,0.00198102690318613,0.));
#5056=DIRECTION('ref_axis',(0.,0.,-1.));
#5057=DIRECTION('',(0.,0.,-1.));
#5058=DIRECTION('',(-0.00198102690318613,0.999998037764279,0.));
#5059=DIRECTION('',(0.,0.,1.));
#5060=DIRECTION('center_axis',(0.,0.,1.));
#5061=DIRECTION('ref_axis',(-1.,1.22464679914735E-16,0.));
#5062=DIRECTION('',(0.,-1.,0.));
#5063=DIRECTION('',(-0.999998037764279,-0.00198102690318633,0.));
#5064=DIRECTION('',(0.707106781186548,-0.707106781186547,0.));
#5065=DIRECTION('center_axis',(-0.00198102690318633,0.999998037764279,0.));
#5066=DIRECTION('ref_axis',(0.,0.,-1.));
#5067=DIRECTION('',(0.,0.,1.));
#5068=DIRECTION('center_axis',(-1.,0.,0.));
#5069=DIRECTION('ref_axis',(0.,-1.,0.));
#5070=DIRECTION('center_axis',(0.,-1.,0.));
#5071=DIRECTION('ref_axis',(0.707106781186547,0.,-0.707106781186547));
#5072=DIRECTION('center_axis',(0.,-1.,0.));
#5073=DIRECTION('ref_axis',(0.,0.,-1.));
#5074=DIRECTION('',(0.,-1.,0.));
#5075=DIRECTION('center_axis',(0.,1.,0.));
#5076=DIRECTION('ref_axis',(1.,0.,0.));
#5077=DIRECTION('center_axis',(0.,0.,1.));
#5078=DIRECTION('ref_axis',(1.,0.,0.));
#5079=DIRECTION('center_axis',(0.,-1.,0.));
#5080=DIRECTION('ref_axis',(-1.,0.,0.));
#5081=DIRECTION('center_axis',(0.,0.,1.));
#5082=DIRECTION('ref_axis',(0.,-1.,0.));
#5083=DIRECTION('center_axis',(0.,1.,0.));
#5084=DIRECTION('ref_axis',(-0.707106781186547,0.,-0.707106781186547));
#5085=DIRECTION('center_axis',(0.,-1.,0.));
#5086=DIRECTION('ref_axis',(-1.,0.,0.));
#5087=DIRECTION('',(0.,1.,0.));
#5088=DIRECTION('center_axis',(0.,0.,1.));
#5089=DIRECTION('ref_axis',(1.,0.,0.));
#5090=DIRECTION('center_axis',(0.,0.,1.));
#5091=DIRECTION('ref_axis',(0.,1.,0.));
#5092=DIRECTION('center_axis',(0.,0.,-1.));
#5093=DIRECTION('ref_axis',(-1.,0.,0.));
#5094=DIRECTION('',(0.,0.,-1.));
#5095=DIRECTION('center_axis',(0.,0.,-1.));
#5096=DIRECTION('ref_axis',(0.,-1.,0.));
#5097=DIRECTION('',(0.,0.,-1.));
#5098=DIRECTION('center_axis',(-1.,0.,0.));
#5099=DIRECTION('ref_axis',(0.,1.,0.));
#5100=DIRECTION('',(0.,0.,-1.));
#5101=DIRECTION('',(0.,1.,0.));
#5102=DIRECTION('center_axis',(0.,0.,-1.));
#5103=DIRECTION('ref_axis',(-1.,0.,0.));
#5104=DIRECTION('center_axis',(0.,-1.,0.));
#5105=DIRECTION('ref_axis',(0.,0.,1.));
#5106=DIRECTION('center_axis',(0.,-1.,0.));
#5107=DIRECTION('ref_axis',(1.,0.,0.));
#5108=DIRECTION('center_axis',(0.,1.,0.));
#5109=DIRECTION('ref_axis',(0.707106781186547,0.,0.707106781186547));
#5110=DIRECTION('center_axis',(0.,-1.,0.));
#5111=DIRECTION('ref_axis',(1.,0.,0.));
#5112=DIRECTION('center_axis',(0.,0.,-1.));
#5113=DIRECTION('ref_axis',(-1.,0.,0.));
#5114=DIRECTION('center_axis',(0.,1.,0.));
#5115=DIRECTION('ref_axis',(-1.,0.,0.));
#5116=DIRECTION('center_axis',(0.,0.,-1.));
#5117=DIRECTION('ref_axis',(0.,1.,0.));
#5118=DIRECTION('center_axis',(0.,-1.,0.));
#5119=DIRECTION('ref_axis',(-0.707106781186547,0.,0.707106781186547));
#5120=DIRECTION('',(0.,-1.,0.));
#5121=DIRECTION('center_axis',(1.,0.,0.));
#5122=DIRECTION('ref_axis',(0.,-1.,0.));
#5123=DIRECTION('',(0.,0.,-1.));
#5124=DIRECTION('center_axis',(0.,0.,-1.));
#5125=DIRECTION('ref_axis',(-1.,0.,0.));
#5126=DIRECTION('center_axis',(0.,0.,1.));
#5127=DIRECTION('ref_axis',(1.,0.,0.));
#5128=DIRECTION('center_axis',(0.,-1.,0.));
#5129=DIRECTION('ref_axis',(1.,0.,0.));
#5130=DIRECTION('center_axis',(0.,0.,-1.));
#5131=DIRECTION('ref_axis',(0.,-1.,0.));
#5132=DIRECTION('center_axis',(0.,-1.,0.));
#5133=DIRECTION('ref_axis',(-1.,0.,0.));
#5134=DIRECTION('center_axis',(0.,0.,1.));
#5135=DIRECTION('ref_axis',(0.,-1.,0.));
#5136=DIRECTION('center_axis',(0.,0.,1.));
#5137=DIRECTION('ref_axis',(-1.,1.22464679914735E-16,0.));
#5138=DIRECTION('',(0.,1.,0.));
#5139=DIRECTION('',(1.,0.,0.));
#5140=DIRECTION('',(0.999993113921346,0.00371107934297793,0.));
#5141=DIRECTION('',(-1.11978706249918E-16,1.,0.));
#5142=DIRECTION('',(-1.11978706249918E-16,1.,0.));
#5143=DIRECTION('',(-1.11978706249918E-16,1.,0.));
#5144=DIRECTION('',(-0.999993113921346,0.00371107934297809,0.));
#5145=DIRECTION('',(1.,0.,0.));
#5146=DIRECTION('',(1.,0.,0.));
#5147=DIRECTION('',(0.,-1.,0.));
#5148=DIRECTION('',(-1.,0.,0.));
#5149=DIRECTION('center_axis',(0.,0.,-1.));
#5150=DIRECTION('ref_axis',(0.,1.,0.));
#5151=DIRECTION('',(-1.,0.,0.));
#5152=DIRECTION('',(0.,1.,0.));
#5153=DIRECTION('',(1.,0.,0.));
#5154=DIRECTION('center_axis',(0.,-1.,0.));
#5155=DIRECTION('ref_axis',(-1.,0.,0.));
#5156=DIRECTION('',(0.,0.,-1.));
#5157=DIRECTION('center_axis',(0.,-1.,0.));
#5158=DIRECTION('ref_axis',(1.,0.,0.));
#5159=DIRECTION('center_axis',(0.,-1.,0.));
#5160=DIRECTION('ref_axis',(-0.707106781186555,0.,0.70710678118654));
#5161=DIRECTION('',(0.,0.,-1.));
#5162=DIRECTION('center_axis',(0.,-1.,0.));
#5163=DIRECTION('ref_axis',(-0.707106781186555,0.,-0.70710678118654));
#5164=DIRECTION('center_axis',(0.,0.,-1.));
#5165=DIRECTION('ref_axis',(-1.,0.,0.));
#5166=DIRECTION('center_axis',(0.,-1.,0.));
#5167=DIRECTION('ref_axis',(-1.,0.,0.));
#5168=DIRECTION('center_axis',(0.,0.,-1.));
#5169=DIRECTION('ref_axis',(0.,-1.,0.));
#5170=DIRECTION('center_axis',(0.,0.,1.));
#5171=DIRECTION('ref_axis',(1.,0.,0.));
#5172=DIRECTION('center_axis',(0.,1.,0.));
#5173=DIRECTION('ref_axis',(-1.,0.,0.));
#5174=DIRECTION('center_axis',(0.,1.,0.));
#5175=DIRECTION('ref_axis',(1.,0.,0.));
#5176=DIRECTION('center_axis',(0.,0.,1.));
#5177=DIRECTION('ref_axis',(0.,1.,0.));
#5178=DIRECTION('center_axis',(0.,1.,0.));
#5179=DIRECTION('ref_axis',(1.,0.,0.));
#5180=DIRECTION('',(0.,0.,-1.));
#5181=DIRECTION('center_axis',(0.,1.,0.));
#5182=DIRECTION('ref_axis',(-1.,0.,0.));
#5183=DIRECTION('center_axis',(0.,1.,0.));
#5184=DIRECTION('ref_axis',(0.707106781186547,0.,0.707106781186547));
#5185=DIRECTION('',(0.,0.,-1.));
#5186=DIRECTION('center_axis',(0.,1.,0.));
#5187=DIRECTION('ref_axis',(0.707106781186547,0.,-0.707106781186547));
#5188=DIRECTION('center_axis',(0.,0.,-1.));
#5189=DIRECTION('ref_axis',(-1.,0.,0.));
#5190=DIRECTION('center_axis',(0.,1.,0.));
#5191=DIRECTION('ref_axis',(1.,0.,0.));
#5192=DIRECTION('center_axis',(0.,0.,-1.));
#5193=DIRECTION('ref_axis',(0.,1.,0.));
#5194=DIRECTION('center_axis',(0.,1.,0.));
#5195=DIRECTION('ref_axis',(1.,0.,0.));
#5196=DIRECTION('center_axis',(0.,1.,0.));
#5197=DIRECTION('ref_axis',(-0.707106781186555,0.,-0.70710678118654));
#5198=DIRECTION('',(0.,0.,-1.));
#5199=DIRECTION('center_axis',(0.,1.,0.));
#5200=DIRECTION('ref_axis',(-0.707106781186555,0.,0.70710678118654));
#5201=DIRECTION('',(0.,0.,-1.));
#5202=DIRECTION('center_axis',(0.,-1.,0.));
#5203=DIRECTION('ref_axis',(0.707106781186547,0.,-0.707106781186547));
#5204=DIRECTION('',(0.,-1.,0.));
#5205=DIRECTION('center_axis',(0.,-1.,0.));
#5206=DIRECTION('ref_axis',(0.707106781186547,0.,-0.707106781186547));
#5207=DIRECTION('center_axis',(-1.,0.,0.));
#5208=DIRECTION('ref_axis',(0.,1.,0.));
#5209=DIRECTION('',(0.,1.,0.));
#5210=DIRECTION('',(0.,0.,-1.));
#5211=DIRECTION('center_axis',(0.,1.,0.));
#5212=DIRECTION('ref_axis',(0.707106781186547,0.,0.707106781186547));
#5213=DIRECTION('center_axis',(0.,-1.,0.));
#5214=DIRECTION('ref_axis',(0.707106781186547,0.,0.707106781186547));
#5215=DIRECTION('center_axis',(0.,1.,0.));
#5216=DIRECTION('ref_axis',(-0.707106781186555,0.,-0.70710678118654));
#5217=DIRECTION('',(0.,1.,0.));
#5218=DIRECTION('center_axis',(1.,0.,0.));
#5219=DIRECTION('ref_axis',(0.,-1.,0.));
#5220=DIRECTION('',(0.,-1.,0.));
#5221=DIRECTION('center_axis',(0.,-1.,0.));
#5222=DIRECTION('ref_axis',(-0.707106781186555,0.,0.70710678118654));
#5223=DIRECTION('center_axis',(0.,-1.,0.));
#5224=DIRECTION('ref_axis',(-1.,0.,0.));
#5225=DIRECTION('',(0.,0.,-1.));
#5226=DIRECTION('center_axis',(0.,0.,-1.));
#5227=DIRECTION('ref_axis',(-1.,0.,0.));
#5228=DIRECTION('center_axis',(0.,0.,-1.));
#5229=DIRECTION('ref_axis',(-1.,0.,0.));
#5230=DIRECTION('center_axis',(0.,0.,1.));
#5231=DIRECTION('ref_axis',(-0.708417630830486,0.705793496944057,0.));
#5232=DIRECTION('center_axis',(0.,0.,1.));
#5233=DIRECTION('ref_axis',(-0.00371107934298292,0.999993113921346,0.));
#5234=DIRECTION('',(0.,0.,1.));
#5235=DIRECTION('center_axis',(0.,0.,-1.));
#5236=DIRECTION('ref_axis',(-1.,0.,0.));
#5237=DIRECTION('',(0.,0.,-1.));
#5238=DIRECTION('center_axis',(0.,-1.,0.));
#5239=DIRECTION('ref_axis',(-0.707106781186555,0.,0.70710678118654));
#5240=DIRECTION('center_axis',(0.,-1.,0.));
#5241=DIRECTION('ref_axis',(0.,0.,1.));
#5242=DIRECTION('',(0.,-1.,0.));
#5243=DIRECTION('center_axis',(0.,1.,0.));
#5244=DIRECTION('ref_axis',(-1.,0.,0.));
#5245=DIRECTION('center_axis',(-0.408500096599718,0.406986922873581,-0.817000193199436));
#5246=DIRECTION('ref_axis',(-0.578777341254401,0.57663342336219,0.576637394132646));
#5247=DIRECTION('center_axis',(-0.999993113921346,-0.00371107934297793,
0.));
#5248=DIRECTION('ref_axis',(-0.00262412936893331,0.707101911993631,0.707106781186552));
#5249=DIRECTION('center_axis',(0.,0.,-1.));
#5250=DIRECTION('ref_axis',(-0.708417630830486,-0.705793496944057,0.));
#5251=DIRECTION('center_axis',(0.,0.,-1.));
#5252=DIRECTION('ref_axis',(-0.00371107934298292,-0.999993113921346,0.));
#5253=DIRECTION('',(0.,0.,-1.));
#5254=DIRECTION('center_axis',(0.,0.,1.));
#5255=DIRECTION('ref_axis',(-1.,0.,0.));
#5256=DIRECTION('',(0.,0.,1.));
#5257=DIRECTION('center_axis',(-0.408500096599718,-0.406986922873581,-0.817000193199436));
#5258=DIRECTION('ref_axis',(-0.578777341254401,-0.57663342336219,0.576637394132646));
#5259=DIRECTION('center_axis',(-0.999993113921346,0.00371107934297817,0.));
#5260=DIRECTION('ref_axis',(-0.0026241293689333,-0.707101911993634,0.707106781186549));
#5261=DIRECTION('center_axis',(0.,1.,0.));
#5262=DIRECTION('ref_axis',(-0.707106781186555,0.,-0.70710678118654));
#5263=DIRECTION('center_axis',(0.,1.,0.));
#5264=DIRECTION('ref_axis',(0.,0.,-1.));
#5265=DIRECTION('',(0.,1.,0.));
#5266=DIRECTION('center_axis',(0.,-1.,0.));
#5267=DIRECTION('ref_axis',(-1.,0.,0.));
#5268=DIRECTION('center_axis',(0.408500096599718,0.406986922873581,-0.817000193199436));
#5269=DIRECTION('ref_axis',(-0.578777341254399,-0.576633423362193,-0.576637394132645));
#5270=DIRECTION('center_axis',(-0.999993113921346,0.00371107934297817,0.));
#5271=DIRECTION('ref_axis',(-0.0026241293689333,-0.707101911993634,-0.707106781186549));
#5272=DIRECTION('center_axis',(0.408500096599718,-0.406986922873581,-0.817000193199436));
#5273=DIRECTION('ref_axis',(-0.578777341254401,0.57663342336219,-0.576637394132646));
#5274=DIRECTION('center_axis',(-0.999993113921346,-0.00371107934297793,
0.));
#5275=DIRECTION('ref_axis',(-0.00262412936893331,0.707101911993631,-0.707106781186552));
#5276=DIRECTION('center_axis',(0.999993113921346,-0.00371107934297817,0.));
#5277=DIRECTION('ref_axis',(-0.0026241293689446,-0.707101911993632,0.707106781186551));
#5278=DIRECTION('',(0.999993113921346,-0.00371107934297817,0.));
#5279=DIRECTION('center_axis',(-0.999993113921346,0.003711079342983,0.));
#5280=DIRECTION('ref_axis',(-0.003711079342983,-0.999993113921346,0.));
#5281=DIRECTION('center_axis',(0.00371107934297817,0.999993113921346,0.));
#5282=DIRECTION('ref_axis',(0.999993113921346,-0.00371107934297817,0.));
#5283=DIRECTION('',(-0.999993113921346,0.00371107934297817,0.));
#5284=DIRECTION('',(0.,0.,-1.));
#5285=DIRECTION('center_axis',(-0.999993113921346,0.00371107934297817,0.));
#5286=DIRECTION('ref_axis',(-0.0026241293689446,-0.707101911993632,-0.707106781186551));
#5287=DIRECTION('center_axis',(0.999993113921346,-0.00371107934297184,0.));
#5288=DIRECTION('ref_axis',(-0.00371107934297184,-0.999993113921346,0.));
#5289=DIRECTION('center_axis',(1.,0.,0.));
#5290=DIRECTION('ref_axis',(0.,0.,-1.));
#5291=DIRECTION('center_axis',(0.,0.,1.));
#5292=DIRECTION('ref_axis',(1.,0.,0.));
#5293=DIRECTION('center_axis',(0.,0.,1.));
#5294=DIRECTION('ref_axis',(1.,0.,0.));
#5295=DIRECTION('center_axis',(0.,0.,1.));
#5296=DIRECTION('ref_axis',(1.,0.,0.));
#5297=DIRECTION('center_axis',(0.,0.,1.));
#5298=DIRECTION('ref_axis',(1.,0.,0.));
#5299=DIRECTION('center_axis',(0.999993113921346,0.00371107934297793,0.));
#5300=DIRECTION('ref_axis',(-0.00262412936893658,0.707101911993632,-0.707106781186551));
#5301=DIRECTION('',(0.999993113921346,0.00371107934297793,0.));
#5302=DIRECTION('center_axis',(-0.999993113921346,-0.00371107934297165,
0.));
#5303=DIRECTION('ref_axis',(-0.00371107934297165,0.999993113921346,0.));
#5304=DIRECTION('center_axis',(0.00371107934297793,-0.999993113921346,0.));
#5305=DIRECTION('ref_axis',(-0.999993113921346,-0.00371107934297793,0.));
#5306=DIRECTION('',(-0.999993113921346,-0.00371107934297793,0.));
#5307=DIRECTION('',(0.,0.,1.));
#5308=DIRECTION('center_axis',(-0.999993113921346,-0.00371107934297793,
0.));
#5309=DIRECTION('ref_axis',(-0.00262412936893658,0.707101911993632,0.707106781186551));
#5310=DIRECTION('center_axis',(0.999993113921346,0.00371107934297163,0.));
#5311=DIRECTION('ref_axis',(-0.00371107934297163,0.999993113921346,0.));
#5312=DIRECTION('center_axis',(-0.408248290463863,-0.816496580927726,-0.408248290463863));
#5313=DIRECTION('ref_axis',(0.577350269189617,-0.577350269189628,0.577350269189633));
#5314=DIRECTION('center_axis',(0.,0.,1.));
#5315=DIRECTION('ref_axis',(0.707106781186545,-0.70710678118655,0.));
#5316=DIRECTION('center_axis',(0.,-1.,0.));
#5317=DIRECTION('ref_axis',(0.707106781186545,0.,0.70710678118655));
#5318=DIRECTION('center_axis',(1.,0.,0.));
#5319=DIRECTION('ref_axis',(0.,0.,1.));
#5320=DIRECTION('center_axis',(0.408248290463863,-0.816496580927726,0.408248290463863));
#5321=DIRECTION('ref_axis',(0.577350269189617,0.577350269189628,0.577350269189633));
#5322=DIRECTION('center_axis',(0.,1.,0.));
#5323=DIRECTION('ref_axis',(0.707106781186545,0.,0.70710678118655));
#5324=DIRECTION('center_axis',(0.,0.,1.));
#5325=DIRECTION('ref_axis',(0.707106781186545,0.70710678118655,0.));
#5326=DIRECTION('center_axis',(1.,0.,0.));
#5327=DIRECTION('ref_axis',(0.,1.,0.));
#5328=DIRECTION('center_axis',(0.408248290463863,-0.816496580927726,-0.408248290463863));
#5329=DIRECTION('ref_axis',(0.577350269189617,0.577350269189628,-0.577350269189633));
#5330=DIRECTION('center_axis',(0.,0.,-1.));
#5331=DIRECTION('ref_axis',(0.707106781186545,0.70710678118655,0.));
#5332=DIRECTION('center_axis',(0.,1.,0.));
#5333=DIRECTION('ref_axis',(0.707106781186545,0.,-0.70710678118655));
#5334=DIRECTION('center_axis',(1.,0.,0.));
#5335=DIRECTION('ref_axis',(0.,0.,-1.));
#5336=DIRECTION('center_axis',(-0.408248290463863,-0.816496580927726,0.408248290463863));
#5337=DIRECTION('ref_axis',(0.577350269189617,-0.577350269189628,-0.577350269189633));
#5338=DIRECTION('center_axis',(0.,-1.,0.));
#5339=DIRECTION('ref_axis',(0.707106781186545,0.,-0.70710678118655));
#5340=DIRECTION('center_axis',(0.,0.,-1.));
#5341=DIRECTION('ref_axis',(0.707106781186545,-0.70710678118655,0.));
#5342=DIRECTION('center_axis',(1.,0.,0.));
#5343=DIRECTION('ref_axis',(0.,-1.,0.));
#5344=DIRECTION('center_axis',(0.,0.,-1.));
#5345=DIRECTION('ref_axis',(0.70710678118654,-0.707106781186555,0.));
#5346=DIRECTION('',(0.,0.,-1.));
#5347=DIRECTION('',(0.,0.,1.));
#5348=DIRECTION('center_axis',(0.,1.,0.));
#5349=DIRECTION('ref_axis',(0.70710678118654,0.,-0.707106781186555));
#5350=DIRECTION('',(0.,-1.,0.));
#5351=DIRECTION('center_axis',(0.,0.,1.));
#5352=DIRECTION('ref_axis',(0.70710678118654,0.707106781186555,0.));
#5353=DIRECTION('',(0.,0.,-1.));
#5354=DIRECTION('',(0.,0.,1.));
#5355=DIRECTION('center_axis',(0.,-1.,0.));
#5356=DIRECTION('ref_axis',(0.70710678118654,0.,0.707106781186555));
#5357=DIRECTION('',(0.,1.,0.));
#5358=DIRECTION('center_axis',(0.,1.,0.));
#5359=DIRECTION('ref_axis',(0.,0.,1.));
#5360=DIRECTION('',(1.,0.,0.));
#5361=DIRECTION('',(0.,0.,-1.));
#5362=DIRECTION('',(1.,0.,0.));
#5363=DIRECTION('center_axis',(-1.,0.,0.));
#5364=DIRECTION('ref_axis',(0.,1.,4.91573879965216E-12));
#5365=DIRECTION('',(1.,0.,0.));
#5366=DIRECTION('center_axis',(-1.,0.,0.));
#5367=DIRECTION('ref_axis',(0.,-1.,4.91573879965216E-12));
#5368=DIRECTION('center_axis',(-1.,0.,0.));
#5369=DIRECTION('ref_axis',(0.,0.,1.));
#5370=DIRECTION('center_axis',(-1.,0.,0.));
#5371=DIRECTION('ref_axis',(0.,1.,-4.91573879965216E-12));
#5372=DIRECTION('center_axis',(0.,-1.,0.));
#5373=DIRECTION('ref_axis',(0.,0.,-1.));
#5374=DIRECTION('',(1.,0.,0.));
#5375=DIRECTION('',(0.,0.,1.));
#5376=DIRECTION('center_axis',(-1.,0.,0.));
#5377=DIRECTION('ref_axis',(0.,-1.,-4.91573879965216E-12));
#5378=DIRECTION('center_axis',(-0.999993113921346,-0.00371107934297793,
0.));
#5379=DIRECTION('ref_axis',(0.00262412936893658,-0.707101911993632,-0.707106781186551));
#5380=DIRECTION('',(-0.999993113921346,-0.00371107934297793,0.));
#5381=DIRECTION('center_axis',(0.999993113921346,0.00371107934297165,0.));
#5382=DIRECTION('ref_axis',(0.00371107934297165,-0.999993113921346,0.));
#5383=DIRECTION('center_axis',(-0.00371107934297793,0.999993113921346,0.));
#5384=DIRECTION('ref_axis',(0.999993113921346,0.00371107934297793,0.));
#5385=DIRECTION('',(0.999993113921346,0.00371107934297793,0.));
#5386=DIRECTION('',(0.,0.,1.));
#5387=DIRECTION('center_axis',(0.999993113921346,0.00371107934297793,0.));
#5388=DIRECTION('ref_axis',(0.00262412936893658,-0.707101911993632,0.707106781186551));
#5389=DIRECTION('center_axis',(-0.999993113921346,-0.00371107934297163,
0.));
#5390=DIRECTION('ref_axis',(0.00371107934297163,-0.999993113921346,0.));
#5391=DIRECTION('center_axis',(1.,1.11978706249918E-16,0.));
#5392=DIRECTION('ref_axis',(1.11978706249918E-16,-1.,0.));
#5393=DIRECTION('',(0.,0.,-1.));
#5394=DIRECTION('center_axis',(1.,1.11978706249918E-16,0.));
#5395=DIRECTION('ref_axis',(1.11978706249918E-16,-1.,0.));
#5396=DIRECTION('center_axis',(-0.707106781186547,-0.707106781186548,0.));
#5397=DIRECTION('ref_axis',(-0.707106781186548,0.707106781186547,0.));
#5398=DIRECTION('center_axis',(0.,0.,1.));
#5399=DIRECTION('ref_axis',(-1.,1.22464679914735E-16,0.));
#5400=DIRECTION('',(0.,1.,0.));
#5401=DIRECTION('center_axis',(1.,0.,0.));
#5402=DIRECTION('ref_axis',(0.,1.,0.));
#5403=DIRECTION('center_axis',(0.,-1.,0.));
#5404=DIRECTION('ref_axis',(-1.,0.,0.));
#5405=DIRECTION('',(0.,0.,-1.));
#5406=DIRECTION('center_axis',(0.,1.,0.));
#5407=DIRECTION('ref_axis',(1.,0.,0.));
#5408=DIRECTION('center_axis',(-1.,0.,0.));
#5409=DIRECTION('ref_axis',(0.,1.,0.));
#5410=DIRECTION('',(0.,0.,-1.));
#5411=DIRECTION('center_axis',(0.,0.,-1.));
#5412=DIRECTION('ref_axis',(0.,1.,0.));
#5413=DIRECTION('',(0.,0.,-1.));
#5414=DIRECTION('center_axis',(-1.,0.,0.));
#5415=DIRECTION('ref_axis',(0.,1.,0.));
#5416=DIRECTION('',(0.,0.,-1.));
#5417=DIRECTION('center_axis',(0.,0.,-1.));
#5418=DIRECTION('ref_axis',(0.,1.,0.));
#5419=DIRECTION('',(0.,0.,-1.));
#5420=DIRECTION('center_axis',(-1.,0.,0.));
#5421=DIRECTION('ref_axis',(0.,1.,0.));
#5422=DIRECTION('',(0.,0.,-1.));
#5423=DIRECTION('center_axis',(0.,0.,-1.));
#5424=DIRECTION('ref_axis',(0.,1.,0.));
#5425=DIRECTION('',(0.,0.,-1.));
#5426=DIRECTION('center_axis',(-1.,0.,0.));
#5427=DIRECTION('ref_axis',(0.,1.,0.));
#5428=DIRECTION('',(0.,0.,-1.));
#5429=DIRECTION('center_axis',(0.,0.,-1.));
#5430=DIRECTION('ref_axis',(0.,1.,0.));
#5431=DIRECTION('',(0.,0.,-1.));
#5432=DIRECTION('center_axis',(-1.,0.,0.));
#5433=DIRECTION('ref_axis',(0.,1.,0.));
#5434=DIRECTION('center_axis',(1.,1.11978706249918E-16,0.));
#5435=DIRECTION('ref_axis',(1.11978706249918E-16,-1.,0.));
#5436=DIRECTION('center_axis',(-0.828283413127899,-0.560309367704306,0.));
#5437=DIRECTION('ref_axis',(0.39619855346606,-0.585684818167079,-0.707106781186546));
#5438=DIRECTION('center_axis',(-0.995722498027774,0.0923943013466124,0.));
#5439=DIRECTION('ref_axis',(-0.0923943013466124,-0.995722498027774,6.70445501744094E-17));
#5440=DIRECTION('center_axis',(0.828283413127898,0.560309367704307,0.));
#5441=DIRECTION('ref_axis',(0.560309367704307,-0.828283413127898,0.));
#5442=DIRECTION('',(-0.828283413127899,-0.560309367704306,0.));
#5443=DIRECTION('center_axis',(-0.828283413127899,-0.560309367704306,0.));
#5444=DIRECTION('ref_axis',(0.39619855346606,-0.585684818167079,-0.707106781186546));
#5445=DIRECTION('center_axis',(-0.711045889860182,-0.703145605485054,0.));
#5446=DIRECTION('ref_axis',(0.497199025800005,-0.502785370454953,-0.707106781186549));
#5447=DIRECTION('center_axis',(-0.995543896289618,-0.0942992606571515,0.));
#5448=DIRECTION('ref_axis',(-0.0942992606571515,0.995543896289618,0.));
#5449=DIRECTION('',(-0.711045889860182,-0.703145605485054,0.));
#5450=DIRECTION('center_axis',(0.99572249802777,0.0923943013466579,-2.0515656139843E-15));
#5451=DIRECTION('ref_axis',(-0.0923943013466579,0.99572249802777,2.49952323875638E-15));
#5452=DIRECTION('center_axis',(-0.830421438876755,0.557135740958934,0.));
#5453=DIRECTION('ref_axis',(-0.393954460473456,-0.58719663067244,-0.707106781186549));
#5454=DIRECTION('center_axis',(-0.995302884755932,-0.0968099560815936,8.90046894622403E-15));
#5455=DIRECTION('ref_axis',(0.0968099560815936,-0.995302884755932,1.08304242489285E-14));
#5456=DIRECTION('',(-0.830421438876755,0.557135740958934,0.));
#5457=DIRECTION('center_axis',(-0.711045889860182,-0.703145605485054,0.));
#5458=DIRECTION('ref_axis',(0.497199025800005,-0.502785370454953,-0.707106781186549));
#5459=DIRECTION('center_axis',(-0.0055863446549556,-0.99998439625496,0.));
#5460=DIRECTION('ref_axis',(0.99998439625496,-0.0055863446549556,0.));
#5461=DIRECTION('',(-0.711045889860182,-0.703145605485054,0.));
#5462=DIRECTION('center_axis',(-0.707489857755633,0.706723496972412,0.));
#5463=DIRECTION('ref_axis',(0.499728977133051,0.50027087603971,-0.707106781186559));
#5464=DIRECTION('center_axis',(0.995302884755932,-0.0968099560815939,0.));
#5465=DIRECTION('ref_axis',(-0.0968099560815939,-0.995302884755932,0.));
#5466=DIRECTION('',(0.707489857755633,-0.706723496972412,0.));
#5467=DIRECTION('center_axis',(0.828283413127963,-0.56030936770421,0.));
#5468=DIRECTION('ref_axis',(0.396198553465992,0.585684818167116,-0.707106781186553));
#5469=DIRECTION('center_axis',(0.995722498027772,0.0923943013466425,1.10547404344771E-14));
#5470=DIRECTION('ref_axis',(-0.0923943013466425,0.995722498027772,1.34685337022849E-14));
#5471=DIRECTION('',(0.828283413127963,-0.56030936770421,0.));
#5472=DIRECTION('center_axis',(0.711045889860182,0.703145605485054,0.));
#5473=DIRECTION('ref_axis',(-0.497199025800005,0.502785370454953,-0.707106781186549));
#5474=DIRECTION('center_axis',(0.00558634465496354,0.99998439625496,0.));
#5475=DIRECTION('ref_axis',(-0.999984396254959,0.00558634465496354,0.));
#5476=DIRECTION('',(0.711045889860182,0.703145605485054,0.));
#5477=DIRECTION('center_axis',(0.707489857755633,-0.706723496972412,0.));
#5478=DIRECTION('ref_axis',(-0.499728977133051,-0.50027087603971,-0.707106781186559));
#5479=DIRECTION('center_axis',(-0.995302884755932,0.0968099560815939,0.));
#5480=DIRECTION('ref_axis',(0.0968099560815939,0.995302884755932,0.));
#5481=DIRECTION('',(-0.707489857755633,0.706723496972412,0.));
#5482=DIRECTION('center_axis',(0.711045889860181,-0.703145605485054,0.));
#5483=DIRECTION('ref_axis',(-0.497199025800005,-0.502785370454952,-0.707106781186549));
#5484=DIRECTION('center_axis',(-0.828283413127899,-0.560309367704306,0.));
#5485=DIRECTION('ref_axis',(0.560309367704306,-0.828283413127898,-1.69108170982593E-17));
#5486=DIRECTION('',(-0.711045889860181,0.703145605485054,0.));
#5487=DIRECTION('center_axis',(0.995543896289618,-0.0942992606571534,0.));
#5488=DIRECTION('ref_axis',(0.0942992606571534,0.995543896289618,0.));
#5489=DIRECTION('center_axis',(0.830421438876755,0.557135740958934,0.));
#5490=DIRECTION('ref_axis',(0.393954460473452,-0.587196630672451,-0.707106781186542));
#5491=DIRECTION('',(-0.830421438876755,-0.557135740958934,0.));
#5492=DIRECTION('center_axis',(0.711045889860181,-0.703145605485054,0.));
#5493=DIRECTION('ref_axis',(-0.497199025800005,-0.502785370454952,-0.707106781186549));
#5494=DIRECTION('',(-0.711045889860181,0.703145605485054,0.));
#5495=DIRECTION('center_axis',(0.00558634465495544,-0.99998439625496,1.09780152406929E-14));
#5496=DIRECTION('ref_axis',(-0.999984396254959,-0.00558634465495544,1.0978015240693E-14));
#5497=DIRECTION('center_axis',(0.703145605485054,0.711045889860181,0.));
#5498=DIRECTION('ref_axis',(-0.502785370454958,0.497199025800003,-0.707106781186546));
#5499=DIRECTION('',(0.703145605485054,0.711045889860181,0.));
#5500=DIRECTION('center_axis',(-0.703145605485053,-0.711045889860182,0.));
#5501=DIRECTION('ref_axis',(-0.711045889860182,0.703145605485053,0.));
#5502=DIRECTION('center_axis',(0.,0.,-1.));
#5503=DIRECTION('ref_axis',(1.,0.,0.));
#5504=DIRECTION('center_axis',(0.,0.,1.));
#5505=DIRECTION('ref_axis',(0.923520306025503,0.383549533122596,0.));
#5506=DIRECTION('center_axis',(0.,0.,-1.));
#5507=DIRECTION('ref_axis',(1.,0.,0.));
#5508=DIRECTION('center_axis',(0.703145605485053,-0.711045889860182,0.));
#5509=DIRECTION('ref_axis',(-0.711045889860182,-0.703145605485053,0.));
#5510=DIRECTION('center_axis',(0.,0.,1.));
#5511=DIRECTION('ref_axis',(0.923520306025503,-0.383549533122596,0.));
#5512=DIRECTION('center_axis',(-0.703145605485054,0.711045889860182,0.));
#5513=DIRECTION('ref_axis',(-0.502785370454955,-0.497199025799999,-0.707106781186552));
#5514=DIRECTION('',(-0.703145605485054,0.711045889860182,0.));
#5515=DIRECTION('center_axis',(0.830421438876755,-0.557135740958934,0.));
#5516=DIRECTION('ref_axis',(0.393954460473456,0.58719663067244,-0.707106781186549));
#5517=DIRECTION('',(0.830421438876755,-0.557135740958934,0.));
#5518=DIRECTION('center_axis',(-0.830421438876759,0.557135740958928,0.));
#5519=DIRECTION('ref_axis',(0.557135740958928,0.830421438876759,0.));
#5520=DIRECTION('center_axis',(0.,0.,-1.));
#5521=DIRECTION('ref_axis',(1.,0.,0.));
#5522=DIRECTION('center_axis',(-0.828283413127962,-0.560309367704212,0.));
#5523=DIRECTION('ref_axis',(-0.560309367704212,0.828283413127962,0.));
#5524=DIRECTION('center_axis',(0.,0.,1.));
#5525=DIRECTION('ref_axis',(0.00191331262610224,-0.999998169615722,0.));
#5526=DIRECTION('center_axis',(-0.828283413127963,-0.56030936770421,0.));
#5527=DIRECTION('ref_axis',(-0.396198553465993,0.58568481816712,-0.707106781186548));
#5528=DIRECTION('',(0.828283413127963,0.56030936770421,0.));
#5529=DIRECTION('center_axis',(-0.99572249802777,0.0923943013466597,1.10547404344771E-14));
#5530=DIRECTION('ref_axis',(0.0923943013466597,0.99572249802777,1.34685337022844E-14));
#5531=DIRECTION('center_axis',(-0.711045889860181,0.703145605485054,0.));
#5532=DIRECTION('ref_axis',(0.497199025800005,0.502785370454952,-0.707106781186549));
#5533=DIRECTION('',(0.711045889860181,-0.703145605485054,0.));
#5534=DIRECTION('center_axis',(-0.995543896289618,0.0942992606571534,0.));
#5535=DIRECTION('ref_axis',(-0.0942992606571534,-0.995543896289618,0.));
#5536=DIRECTION('center_axis',(-0.830421438876755,-0.557135740958934,0.));
#5537=DIRECTION('ref_axis',(-0.393954460473452,0.587196630672451,-0.707106781186542));
#5538=DIRECTION('',(0.830421438876755,0.557135740958934,0.));
#5539=DIRECTION('center_axis',(-0.711045889860181,0.703145605485054,0.));
#5540=DIRECTION('ref_axis',(0.497199025800005,0.502785370454952,-0.707106781186549));
#5541=DIRECTION('',(0.711045889860181,-0.703145605485054,0.));
#5542=DIRECTION('center_axis',(-0.00558634465495544,0.99998439625496,1.09780152406929E-14));
#5543=DIRECTION('ref_axis',(0.999984396254959,0.00558634465495544,1.0978015240693E-14));
#5544=DIRECTION('center_axis',(-0.703145605485054,-0.711045889860181,0.));
#5545=DIRECTION('ref_axis',(0.502785370454958,-0.497199025800003,-0.707106781186546));
#5546=DIRECTION('',(-0.703145605485054,-0.711045889860181,0.));
#5547=DIRECTION('center_axis',(0.703145605485053,0.711045889860182,0.));
#5548=DIRECTION('ref_axis',(0.711045889860182,-0.703145605485053,0.));
#5549=DIRECTION('center_axis',(0.,0.,-1.));
#5550=DIRECTION('ref_axis',(-0.923520306025504,-0.383549533122594,0.));
#5551=DIRECTION('center_axis',(-0.999993113921346,0.00371107934297188,0.));
#5552=DIRECTION('ref_axis',(0.00371107934297188,0.999993113921346,0.));
#5553=DIRECTION('center_axis',(0.,0.,1.));
#5554=DIRECTION('ref_axis',(-0.923520306025503,-0.383549533122596,0.));
#5555=DIRECTION('center_axis',(0.999993113921346,-0.00371107934297809,0.));
#5556=DIRECTION('ref_axis',(0.0026241293689446,0.707101911993632,-0.707106781186551));
#5557=DIRECTION('',(0.999993113921346,-0.00371107934297809,0.));
#5558=DIRECTION('center_axis',(0.,0.,-1.));
#5559=DIRECTION('ref_axis',(-0.923520306025504,0.383549533122594,0.));
#5560=DIRECTION('center_axis',(-0.703145605485053,0.711045889860182,0.));
#5561=DIRECTION('ref_axis',(0.711045889860182,0.703145605485053,0.));
#5562=DIRECTION('center_axis',(0.,0.,1.));
#5563=DIRECTION('ref_axis',(-0.923520306025503,0.383549533122596,0.));
#5564=DIRECTION('center_axis',(0.703145605485054,-0.711045889860182,0.));
#5565=DIRECTION('ref_axis',(0.502785370454955,0.497199025799999,-0.707106781186552));
#5566=DIRECTION('',(0.703145605485054,-0.711045889860182,0.));
#5567=DIRECTION('center_axis',(-0.707489857755633,-0.706723496972412,0.));
#5568=DIRECTION('ref_axis',(0.49972897713307,-0.500270876039714,-0.707106781186542));
#5569=DIRECTION('',(-0.707489857755633,-0.706723496972412,0.));
#5570=DIRECTION('center_axis',(-0.828283413127963,0.56030936770421,0.));
#5571=DIRECTION('ref_axis',(-0.396198553465993,-0.58568481816712,-0.707106781186548));
#5572=DIRECTION('',(-0.828283413127963,0.56030936770421,0.));
#5573=DIRECTION('center_axis',(0.828283413127962,-0.560309367704211,0.));
#5574=DIRECTION('ref_axis',(-0.560309367704211,-0.828283413127962,0.));
#5575=DIRECTION('center_axis',(0.,0.,-1.));
#5576=DIRECTION('ref_axis',(1.,0.,0.));
#5577=DIRECTION('center_axis',(0.,0.,1.));
#5578=DIRECTION('ref_axis',(-5.83810845474031E-14,1.,0.));
#5579=DIRECTION('center_axis',(0.,0.,-1.));
#5580=DIRECTION('ref_axis',(0.923520306025503,0.383549533122595,0.));
#5581=DIRECTION('',(0.,0.,1.));
#5582=DIRECTION('center_axis',(0.,0.,-1.));
#5583=DIRECTION('ref_axis',(0.923520306025503,0.383549533122596,0.));
#5584=DIRECTION('center_axis',(0.711045889860181,-0.703145605485054,0.));
#5585=DIRECTION('ref_axis',(-0.703145605485054,-0.711045889860181,0.));
#5586=DIRECTION('',(0.,0.,-1.));
#5587=DIRECTION('',(-0.703145605485054,-0.711045889860181,0.));
#5588=DIRECTION('center_axis',(0.703145605485054,0.711045889860181,0.));
#5589=DIRECTION('ref_axis',(-0.711045889860181,0.703145605485054,0.));
#5590=DIRECTION('',(0.,0.,1.));
#5591=DIRECTION('',(0.711045889860181,-0.703145605485054,0.));
#5592=DIRECTION('center_axis',(0.706723496972412,0.707489857755633,0.));
#5593=DIRECTION('ref_axis',(0.707489857755633,-0.706723496972412,0.));
#5594=DIRECTION('',(0.,0.,-1.));
#5595=DIRECTION('',(0.707489857755633,-0.706723496972412,0.));
#5596=DIRECTION('center_axis',(-0.557135740958934,0.830421438876755,0.));
#5597=DIRECTION('ref_axis',(0.830421438876755,0.557135740958934,0.));
#5598=DIRECTION('',(0.,0.,-1.));
#5599=DIRECTION('',(0.830421438876755,0.557135740958934,0.));
#5600=DIRECTION('center_axis',(0.703145605485054,0.711045889860181,0.));
#5601=DIRECTION('ref_axis',(-0.711045889860181,0.703145605485054,0.));
#5602=DIRECTION('',(0.,0.,1.));
#5603=DIRECTION('',(0.711045889860181,-0.703145605485054,0.));
#5604=DIRECTION('center_axis',(-0.828283413127899,-0.560309367704306,0.));
#5605=DIRECTION('ref_axis',(0.,0.,1.));
#5606=DIRECTION('',(0.,0.,1.));
#5607=DIRECTION('center_axis',(-0.828283413127899,-0.560309367704306,0.));
#5608=DIRECTION('ref_axis',(0.39619855346606,-0.585684818167079,0.707106781186546));
#5609=DIRECTION('center_axis',(-0.828283413127899,-0.560309367704306,0.));
#5610=DIRECTION('ref_axis',(0.560309367704306,-0.828283413127898,1.69108170982593E-17));
#5611=DIRECTION('center_axis',(-0.560309367704306,0.828283413127899,0.));
#5612=DIRECTION('ref_axis',(0.,0.,-1.));
#5613=DIRECTION('',(0.,0.,-1.));
#5614=DIRECTION('',(0.828283413127899,0.560309367704306,0.));
#5615=DIRECTION('center_axis',(0.,0.,1.));
#5616=DIRECTION('ref_axis',(-5.77153753073219E-14,1.,0.));
#5617=DIRECTION('',(0.,0.,1.));
#5618=DIRECTION('center_axis',(0.,0.,-1.));
#5619=DIRECTION('ref_axis',(-5.83810845474031E-14,1.,0.));
#5620=DIRECTION('center_axis',(-0.56030936770421,-0.828283413127963,0.));
#5621=DIRECTION('ref_axis',(0.828283413127963,-0.56030936770421,0.));
#5622=DIRECTION('',(0.,0.,1.));
#5623=DIRECTION('',(0.828283413127963,-0.56030936770421,0.));
#5624=DIRECTION('center_axis',(0.703145605485054,-0.711045889860182,0.));
#5625=DIRECTION('ref_axis',(0.711045889860182,0.703145605485054,0.));
#5626=DIRECTION('',(0.,0.,1.));
#5627=DIRECTION('',(0.711045889860182,0.703145605485054,0.));
#5628=DIRECTION('center_axis',(-0.557135740958934,-0.830421438876755,0.));
#5629=DIRECTION('ref_axis',(-0.830421438876755,0.557135740958934,0.));
#5630=DIRECTION('',(0.,0.,-1.));
#5631=DIRECTION('',(0.830421438876755,-0.557135740958934,0.));
#5632=DIRECTION('center_axis',(0.706723496972412,-0.707489857755633,0.));
#5633=DIRECTION('ref_axis',(-0.707489857755633,-0.706723496972412,0.));
#5634=DIRECTION('',(0.,0.,-1.));
#5635=DIRECTION('',(0.707489857755633,0.706723496972412,0.));
#5636=DIRECTION('center_axis',(0.703145605485054,-0.711045889860182,0.));
#5637=DIRECTION('ref_axis',(0.711045889860182,0.703145605485054,0.));
#5638=DIRECTION('',(0.,0.,1.));
#5639=DIRECTION('',(0.711045889860182,0.703145605485054,0.));
#5640=DIRECTION('center_axis',(-0.711045889860182,-0.703145605485054,0.));
#5641=DIRECTION('ref_axis',(-0.703145605485054,0.711045889860182,0.));
#5642=DIRECTION('',(0.,0.,-1.));
#5643=DIRECTION('',(-0.703145605485054,0.711045889860182,0.));
#5644=DIRECTION('center_axis',(0.,0.,-1.));
#5645=DIRECTION('ref_axis',(-0.923520306025503,0.383549533122595,0.));
#5646=DIRECTION('center_axis',(0.,0.,-1.));
#5647=DIRECTION('ref_axis',(-0.923520306025503,0.383549533122596,0.));
#5648=DIRECTION('center_axis',(0.828283413127899,0.560309367704306,0.));
#5649=DIRECTION('ref_axis',(0.39619855346606,-0.585684818167079,0.707106781186546));
#5650=DIRECTION('center_axis',(-0.995722498027776,0.0923943013465939,0.));
#5651=DIRECTION('ref_axis',(-0.0923943013465937,-0.995722498027776,-6.70445501744084E-17));
#5652=DIRECTION('center_axis',(-0.828283413127899,-0.560309367704305,0.));
#5653=DIRECTION('ref_axis',(0.560309367704305,-0.828283413127899,0.));
#5654=DIRECTION('center_axis',(0.830421438876755,-0.557135740958934,0.));
#5655=DIRECTION('ref_axis',(-0.393954460473456,-0.58719663067244,0.707106781186549));
#5656=DIRECTION('center_axis',(-0.995302884755932,-0.0968099560815936,-8.90046894622403E-15));
#5657=DIRECTION('ref_axis',(-0.0968099560815936,0.995302884755932,1.08304242489285E-14));
#5658=DIRECTION('center_axis',(0.995543896289618,0.0942992606571515,-1.10527575568577E-14));
#5659=DIRECTION('ref_axis',(-0.0942992606571515,0.995543896289618,-1.35187787349384E-14));
#5660=DIRECTION('center_axis',(0.707489857755633,0.706723496972412,0.));
#5661=DIRECTION('ref_axis',(0.49972897713307,-0.500270876039714,0.707106781186542));
#5662=DIRECTION('center_axis',(-0.703145605485054,0.711045889860182,0.));
#5663=DIRECTION('ref_axis',(0.502785370454955,0.497199025799999,0.707106781186552));
#5664=DIRECTION('center_axis',(0.703145605485053,-0.711045889860182,0.));
#5665=DIRECTION('ref_axis',(0.711045889860182,0.703145605485053,0.));
#5666=DIRECTION('center_axis',(0.0055863446549556,0.99998439625496,0.));
#5667=DIRECTION('ref_axis',(0.999984396254959,-0.0055863446549556,0.));
#5668=DIRECTION('center_axis',(0.,0.,1.));
#5669=DIRECTION('ref_axis',(-1.,0.,0.));
#5670=DIRECTION('center_axis',(-0.830421438876755,0.557135740958934,0.));
#5671=DIRECTION('ref_axis',(0.393954460473456,0.58719663067244,0.707106781186549));
#5672=DIRECTION('center_axis',(-0.830421438876759,0.557135740958928,0.));
#5673=DIRECTION('ref_axis',(0.,0.,1.));
#5674=DIRECTION('',(-0.830421438876755,0.557135740958934,0.));
#5675=DIRECTION('center_axis',(0.703145605485054,-0.711045889860182,0.));
#5676=DIRECTION('ref_axis',(-0.502785370454955,-0.497199025799999,0.707106781186552));
#5677=DIRECTION('',(0.703145605485054,-0.711045889860182,0.));
#5678=DIRECTION('center_axis',(-0.703145605485053,0.711045889860182,0.));
#5679=DIRECTION('ref_axis',(-0.711045889860182,-0.703145605485053,0.));
#5680=DIRECTION('center_axis',(-0.00558634465497139,-0.999984396254959,
0.));
#5681=DIRECTION('ref_axis',(-0.999984396254959,0.00558634465497139,0.));
#5682=DIRECTION('center_axis',(0.,0.,1.));
#5683=DIRECTION('ref_axis',(0.923520306025504,-0.383549533122594,0.));
#5684=DIRECTION('center_axis',(0.,0.,-1.));
#5685=DIRECTION('ref_axis',(0.923520306025503,-0.383549533122596,0.));
#5686=DIRECTION('center_axis',(-0.711045889860181,0.703145605485054,0.));
#5687=DIRECTION('ref_axis',(-0.497199025800005,-0.502785370454952,0.707106781186549));
#5688=DIRECTION('center_axis',(0.995543896289618,-0.0942992606571534,0.));
#5689=DIRECTION('ref_axis',(-0.0942992606571534,-0.995543896289618,0.));
#5690=DIRECTION('center_axis',(-0.830421438876755,-0.557135740958934,0.));
#5691=DIRECTION('ref_axis',(0.393954460473452,-0.587196630672451,0.707106781186542));
#5692=DIRECTION('center_axis',(0.995302884755932,-0.0968099560815939,1.10500817913187E-14));
#5693=DIRECTION('ref_axis',(0.0968099560815939,0.995302884755932,-1.34461537373392E-14));
#5694=DIRECTION('center_axis',(-0.707489857755633,0.706723496972412,0.));
#5695=DIRECTION('ref_axis',(-0.499728977133051,-0.50027087603971,0.707106781186559));
#5696=DIRECTION('center_axis',(-0.711045889860181,0.703145605485054,0.));
#5697=DIRECTION('ref_axis',(-0.497199025800005,-0.502785370454952,0.707106781186549));
#5698=DIRECTION('center_axis',(0.00558634465495544,-0.99998439625496,-1.09780152406929E-14));
#5699=DIRECTION('ref_axis',(0.999984396254959,0.00558634465495544,1.0978015240693E-14));
#5700=DIRECTION('center_axis',(0.,0.,1.));
#5701=DIRECTION('ref_axis',(0.923520306025504,0.383549533122594,0.));
#5702=DIRECTION('center_axis',(0.703145605485053,0.711045889860182,0.));
#5703=DIRECTION('ref_axis',(-0.711045889860182,0.703145605485053,0.));
#5704=DIRECTION('center_axis',(-0.703145605485054,-0.711045889860181,0.));
#5705=DIRECTION('ref_axis',(-0.502785370454958,0.497199025800003,0.707106781186546));
#5706=DIRECTION('center_axis',(-0.711045889860182,-0.703145605485054,0.));
#5707=DIRECTION('ref_axis',(-0.497199025800005,0.502785370454953,0.707106781186549));
#5708=DIRECTION('',(-0.711045889860182,-0.703145605485054,0.));
#5709=DIRECTION('center_axis',(-0.99572249802777,-0.0923943013466611,-2.41610464829385E-14));
#5710=DIRECTION('ref_axis',(-0.0923943013466611,0.99572249802777,-2.94365906433254E-14));
#5711=DIRECTION('center_axis',(-0.828283413127963,0.56030936770421,0.));
#5712=DIRECTION('ref_axis',(0.396198553465992,0.585684818167116,0.707106781186553));
#5713=DIRECTION('',(-0.828283413127963,0.56030936770421,0.));
#5714=DIRECTION('center_axis',(0.,0.,1.));
#5715=DIRECTION('ref_axis',(-1.,0.,0.));
#5716=DIRECTION('center_axis',(-0.828283413127962,-0.560309367704212,0.));
#5717=DIRECTION('ref_axis',(0.,0.,1.));
#5718=DIRECTION('center_axis',(0.,0.,-1.));
#5719=DIRECTION('ref_axis',(0.00191331262610224,-0.999998169615722,0.));
#5720=DIRECTION('center_axis',(0.828283413127963,0.56030936770421,0.));
#5721=DIRECTION('ref_axis',(-0.396198553465993,0.58568481816712,0.707106781186548));
#5722=DIRECTION('',(-0.828283413127963,-0.56030936770421,0.));
#5723=DIRECTION('center_axis',(-0.99572249802777,0.0923943013466597,-1.10547404344771E-14));
#5724=DIRECTION('ref_axis',(-0.0923943013466597,-0.99572249802777,1.34685337022844E-14));
#5725=DIRECTION('center_axis',(0.711045889860181,-0.703145605485054,0.));
#5726=DIRECTION('ref_axis',(0.497199025800005,0.502785370454952,0.707106781186549));
#5727=DIRECTION('',(-0.711045889860181,0.703145605485054,0.));
#5728=DIRECTION('center_axis',(-0.995543896289618,0.0942992606571534,0.));
#5729=DIRECTION('ref_axis',(0.0942992606571534,0.995543896289618,0.));
#5730=DIRECTION('center_axis',(0.830421438876755,0.557135740958934,0.));
#5731=DIRECTION('ref_axis',(-0.393954460473452,0.587196630672451,0.707106781186542));
#5732=DIRECTION('',(-0.830421438876755,-0.557135740958934,0.));
#5733=DIRECTION('center_axis',(-0.995302884755932,0.0968099560815939,1.10500817913187E-14));
#5734=DIRECTION('ref_axis',(-0.0968099560815939,-0.995302884755932,-1.34461537373392E-14));
#5735=DIRECTION('center_axis',(0.707489857755633,-0.706723496972412,0.));
#5736=DIRECTION('ref_axis',(0.499728977133051,0.50027087603971,0.707106781186559));
#5737=DIRECTION('',(-0.707489857755633,0.706723496972412,0.));
#5738=DIRECTION('center_axis',(0.711045889860181,-0.703145605485054,0.));
#5739=DIRECTION('ref_axis',(0.497199025800005,0.502785370454952,0.707106781186549));
#5740=DIRECTION('',(-0.711045889860181,0.703145605485054,0.));
#5741=DIRECTION('center_axis',(-0.00558634465495544,0.99998439625496,-1.09780152406929E-14));
#5742=DIRECTION('ref_axis',(-0.999984396254959,-0.00558634465495544,1.0978015240693E-14));
#5743=DIRECTION('center_axis',(-0.999993113921346,0.00371107934297809,0.));
#5744=DIRECTION('ref_axis',(0.0026241293689446,0.707101911993632,0.707106781186551));
#5745=DIRECTION('',(-0.999993113921346,0.00371107934297809,0.));
#5746=DIRECTION('center_axis',(0.999993113921346,-0.00371107934298302,0.));
#5747=DIRECTION('ref_axis',(0.00371107934298302,0.999993113921346,0.));
#5748=DIRECTION('center_axis',(0.,0.,1.));
#5749=DIRECTION('ref_axis',(-1.,0.,0.));
#5750=DIRECTION('center_axis',(-0.703145605485053,-0.711045889860182,0.));
#5751=DIRECTION('ref_axis',(0.711045889860182,-0.703145605485053,0.));
#5752=DIRECTION('center_axis',(0.,0.,-1.));
#5753=DIRECTION('ref_axis',(-0.923520306025503,-0.383549533122596,0.));
#5754=DIRECTION('center_axis',(0.703145605485054,0.711045889860181,0.));
#5755=DIRECTION('ref_axis',(0.502785370454958,-0.497199025800003,0.707106781186546));
#5756=DIRECTION('',(0.703145605485054,0.711045889860181,0.));
#5757=DIRECTION('center_axis',(0.711045889860182,0.703145605485054,0.));
#5758=DIRECTION('ref_axis',(0.497199025800005,-0.502785370454953,0.707106781186549));
#5759=DIRECTION('center_axis',(0.711045889860182,0.703145605485054,0.));
#5760=DIRECTION('ref_axis',(0.497199025800005,-0.502785370454953,0.707106781186549));
#5761=DIRECTION('center_axis',(0.99572249802777,0.0923943013466579,2.0515656139843E-15));
#5762=DIRECTION('ref_axis',(0.0923943013466579,-0.99572249802777,2.49952323875638E-15));
#5763=DIRECTION('center_axis',(0.,0.,1.));
#5764=DIRECTION('ref_axis',(-1.,0.,0.));
#5765=DIRECTION('center_axis',(-0.828283413127963,0.560309367704211,0.));
#5766=DIRECTION('ref_axis',(-0.560309367704211,-0.828283413127963,0.));
#5767=DIRECTION('center_axis',(0.828283413127963,-0.56030936770421,0.));
#5768=DIRECTION('ref_axis',(-0.396198553465993,-0.58568481816712,0.707106781186548));
#5769=DIRECTION('center_axis',(0.,0.,-1.));
#5770=DIRECTION('ref_axis',(0.923520306025503,-0.383549533122595,0.));
#5771=DIRECTION('',(0.,0.,-1.));
#5772=DIRECTION('center_axis',(0.711045889860182,0.703145605485054,0.));
#5773=DIRECTION('ref_axis',(0.703145605485054,-0.711045889860182,0.));
#5774=DIRECTION('',(0.,0.,1.));
#5775=DIRECTION('center_axis',(-0.703145605485054,0.711045889860182,0.));
#5776=DIRECTION('ref_axis',(-0.711045889860182,-0.703145605485054,0.));
#5777=DIRECTION('',(0.,0.,-1.));
#5778=DIRECTION('center_axis',(0.56030936770421,0.828283413127963,0.));
#5779=DIRECTION('ref_axis',(-0.828283413127963,0.56030936770421,0.));
#5780=DIRECTION('',(0.,0.,-1.));
#5781=DIRECTION('center_axis',(0.557135740958934,0.830421438876755,0.));
#5782=DIRECTION('ref_axis',(0.830421438876755,-0.557135740958934,0.));
#5783=DIRECTION('',(0.,0.,1.));
#5784=DIRECTION('center_axis',(0.,0.,-1.));
#5785=DIRECTION('ref_axis',(0.00191331262610335,-0.999998169615722,0.));
#5786=DIRECTION('',(0.,0.,-1.));
#5787=DIRECTION('center_axis',(0.56030936770421,-0.828283413127963,0.));
#5788=DIRECTION('ref_axis',(0.828283413127963,0.56030936770421,0.));
#5789=DIRECTION('',(0.,0.,1.));
#5790=DIRECTION('center_axis',(-0.703145605485054,-0.711045889860181,0.));
#5791=DIRECTION('ref_axis',(0.711045889860181,-0.703145605485054,0.));
#5792=DIRECTION('',(0.,0.,-1.));
#5793=DIRECTION('center_axis',(0.557135740958934,-0.830421438876755,0.));
#5794=DIRECTION('ref_axis',(-0.830421438876755,-0.557135740958934,0.));
#5795=DIRECTION('',(0.,0.,-1.));
#5796=DIRECTION('center_axis',(-0.706723496972412,-0.707489857755633,0.));
#5797=DIRECTION('ref_axis',(-0.707489857755633,0.706723496972412,0.));
#5798=DIRECTION('',(0.,0.,1.));
#5799=DIRECTION('center_axis',(-0.703145605485054,-0.711045889860181,0.));
#5800=DIRECTION('ref_axis',(0.711045889860181,-0.703145605485054,0.));
#5801=DIRECTION('',(0.,0.,-1.));
#5802=DIRECTION('center_axis',(-0.711045889860181,0.703145605485054,0.));
#5803=DIRECTION('ref_axis',(0.703145605485054,0.711045889860181,0.));
#5804=DIRECTION('',(0.,0.,1.));
#5805=DIRECTION('center_axis',(0.,0.,-1.));
#5806=DIRECTION('ref_axis',(-0.923520306025503,-0.383549533122595,0.));
#5807=DIRECTION('',(0.,0.,-1.));
#5808=DIRECTION('center_axis',(-0.00371107934297809,-0.999993113921346,
0.));
#5809=DIRECTION('ref_axis',(-0.999993113921346,0.00371107934297809,0.));
#5810=DIRECTION('center_axis',(0.,0.,1.));
#5811=DIRECTION('ref_axis',(-1.,0.,0.));
#5812=DIRECTION('center_axis',(0.,0.,-1.));
#5813=DIRECTION('ref_axis',(-1.,0.,0.));
#5814=DIRECTION('center_axis',(0.,0.,-1.));
#5815=DIRECTION('ref_axis',(-1.,0.,0.));
#5816=DIRECTION('center_axis',(0.,0.,1.));
#5817=DIRECTION('ref_axis',(-1.,0.,0.));
#5818=DIRECTION('',(0.,0.,-1.));
#5819=DIRECTION('center_axis',(0.,0.,1.));
#5820=DIRECTION('ref_axis',(-1.,0.,0.));
#5821=DIRECTION('center_axis',(0.,0.,1.));
#5822=DIRECTION('ref_axis',(-1.,0.,0.));
#5823=DIRECTION('center_axis',(0.,0.,-1.));
#5824=DIRECTION('ref_axis',(-1.,0.,0.));
#5825=DIRECTION('center_axis',(0.,0.,-1.));
#5826=DIRECTION('ref_axis',(-1.,0.,0.));
#5827=DIRECTION('center_axis',(0.,0.,1.));
#5828=DIRECTION('ref_axis',(-1.,0.,0.));
#5829=DIRECTION('',(0.,0.,-1.));
#5830=DIRECTION('center_axis',(0.,0.,1.));
#5831=DIRECTION('ref_axis',(-1.,0.,0.));
#5832=CARTESIAN_POINT('',(0.,0.,0.));
#5833=CARTESIAN_POINT('Origin',(5.00000007450581,3.50000005215406,2.92));
#5834=CARTESIAN_POINT('',(5.13000007450581,3.50000005215406,2.92));
#5835=CARTESIAN_POINT('Origin',(5.00000007450581,3.50000005215406,2.92));
#5836=CARTESIAN_POINT('Origin',(5.00000007450581,3.50000005215406,3.5));
#5837=CARTESIAN_POINT('',(5.13000007450581,3.50000005215406,3.));
#5838=CARTESIAN_POINT('Origin',(5.00000007450581,3.50000005215406,3.));
#5839=CARTESIAN_POINT('',(5.13000007450581,3.50000005215406,3.5));
#5840=CARTESIAN_POINT('Origin',(5.00000007450581,3.50000005215406,3.));
#5841=CARTESIAN_POINT('Origin',(5.00000007450581,-3.50000005215406,2.92));
#5842=CARTESIAN_POINT('',(5.13000007450581,-3.50000005215406,2.92));
#5843=CARTESIAN_POINT('Origin',(5.00000007450581,-3.50000005215406,2.92));
#5844=CARTESIAN_POINT('Origin',(5.00000007450581,-3.50000005215406,3.5));
#5845=CARTESIAN_POINT('',(5.13000007450581,-3.50000005215406,3.));
#5846=CARTESIAN_POINT('Origin',(5.00000007450581,-3.50000005215406,3.));
#5847=CARTESIAN_POINT('',(5.13000007450581,-3.50000005215406,3.5));
#5848=CARTESIAN_POINT('Origin',(5.00000007450581,-3.50000005215406,3.));
#5849=CARTESIAN_POINT('Origin',(-7.99504316396498,-6.88313429950722,3.05));
#5850=CARTESIAN_POINT('',(-8.19526076364528,-6.88313429950722,3.));
#5851=CARTESIAN_POINT('Origin',(-7.99504316396498,-6.88313429950722,3.));
#5852=CARTESIAN_POINT('',(-8.14526076364528,-6.88313429950722,3.05));
#5853=CARTESIAN_POINT('Origin',(-8.19526076364528,-6.88313429950722,3.05));
#5854=CARTESIAN_POINT('',(-7.84482556428469,-6.88313429950722,3.05));
#5855=CARTESIAN_POINT('Origin',(-7.99504316396498,-6.88313429950722,3.05));
#5856=CARTESIAN_POINT('Origin',(-7.99504316396498,-6.88313429950722,3.05));
#5857=CARTESIAN_POINT('Origin',(0.,0.,3.));
#5858=CARTESIAN_POINT('',(-0.000496234904148185,-0.295360128435659,3.));
#5859=CARTESIAN_POINT('',(0.0107537341336898,-0.284107141356711,3.));
#5860=CARTESIAN_POINT('',(0.073467819997504,-0.221376231118655,3.));
#5861=CARTESIAN_POINT('',(3.68672446454841,-3.9368085044688,3.));
#5862=CARTESIAN_POINT('',(-3.70092570245019,3.40407688722382,3.));
#5863=CARTESIAN_POINT('',(6.52460411159721,-3.9368085044688,3.));
#5864=CARTESIAN_POINT('',(3.7000000551343,-3.9368085044688,3.));
#5865=CARTESIAN_POINT('',(6.25581688360067,-4.58400121784323,3.));
#5866=CARTESIAN_POINT('Origin',(6.52601432174754,-4.31680588775891,3.));
#5867=CARTESIAN_POINT('',(8.47649102333614,-6.82962603219225,3.));
#5868=CARTESIAN_POINT('',(4.7036279453206,-3.01437245782399,3.));
#5869=CARTESIAN_POINT('',(7.47188929138918,-7.82306584128823,3.));
#5870=CARTESIAN_POINT('',(7.1746209926932,-8.1170312531679,3.));
#5871=CARTESIAN_POINT('',(6.81700465998534,-8.47724109445856,3.));
#5872=CARTESIAN_POINT('',(8.09132123528725,-7.20430487286493,3.));
#5873=CARTESIAN_POINT('',(6.81304820492966,-8.47458668018669,3.));
#5874=CARTESIAN_POINT('',(2.53277051272518,-5.60291746270848,3.));
#5875=CARTESIAN_POINT('',(6.79043759024083,-8.49694607299451,3.));
#5876=CARTESIAN_POINT('',(7.1746209926932,-8.1170312531679,3.));
#5877=CARTESIAN_POINT('',(0.322302340778269,-4.12144281600513,3.));
#5878=CARTESIAN_POINT('',(-0.883365175393999,-3.30584420212389,3.));
#5879=CARTESIAN_POINT('',(-0.327656525758671,-4.12144281600516,3.));
#5880=CARTESIAN_POINT('Origin',(-0.00267709249017315,-4.60184719561935,
3.));
#5881=CARTESIAN_POINT('',(-6.79261246480819,-8.49479536301034,3.));
#5882=CARTESIAN_POINT('',(0.881684247290433,-3.30335935188351,3.));
#5883=CARTESIAN_POINT('',(-6.81304820492966,-8.47458668018669,3.));
#5884=CARTESIAN_POINT('',(-7.1746209926932,-8.1170312531679,3.));
#5885=CARTESIAN_POINT('',(-6.81700465998534,-8.47724109445856,3.));
#5886=CARTESIAN_POINT('',(-2.53277051272518,-5.60291746270849,3.));
#5887=CARTESIAN_POINT('',(-7.47188928956828,-7.82306584309801,3.));
#5888=CARTESIAN_POINT('',(-8.09132123528725,-7.20430487286493,3.));
#5889=CARTESIAN_POINT('',(-8.47649102333614,-6.82962603219225,3.));
#5890=CARTESIAN_POINT('',(-7.1746209926932,-8.1170312531679,3.));
#5891=CARTESIAN_POINT('',(-6.25581688360067,-4.58400121784323,3.));
#5892=CARTESIAN_POINT('',(-3.31208655146216,-1.60719621871375,3.));
#5893=CARTESIAN_POINT('',(-6.32413963821102,-3.99486394866581,3.));
#5894=CARTESIAN_POINT('Origin',(-6.52601432174754,-4.31680588775891,3.));
#5895=CARTESIAN_POINT('',(-3.7000000551343,-3.99486394866581,3.));
#5896=CARTESIAN_POINT('',(3.16206981910551,-3.99486394866581,3.));
#5897=CARTESIAN_POINT('',(0.0737159733828773,-0.221147920148632,3.));
#5898=CARTESIAN_POINT('',(-5.83790291665984,-6.78561925335277,3.));
#5899=CARTESIAN_POINT('Origin',(-5.63800292040551,-6.78561925335277,3.));
#5900=CARTESIAN_POINT('',(5.43810292415118,-6.78561925335277,3.));
#5901=CARTESIAN_POINT('Origin',(5.63800292040551,-6.78561925335277,3.));
#5902=CARTESIAN_POINT('',(7.79482556428469,-6.88313429950722,3.));
#5903=CARTESIAN_POINT('Origin',(7.99504316396498,-6.88313429950722,3.));
#5904=CARTESIAN_POINT('Origin',(-7.99504316396498,-6.88313429950722,3.5));
#5905=CARTESIAN_POINT('',(-7.84482556428469,-6.88313429950722,3.45));
#5906=CARTESIAN_POINT('Origin',(-7.99504316396498,-6.88313429950722,3.45));
#5907=CARTESIAN_POINT('',(-7.84482556428469,-6.88313429950722,3.5));
#5908=CARTESIAN_POINT('Origin',(-5.63800292040551,-6.78561925335277,3.05));
#5909=CARTESIAN_POINT('',(-5.78790291665984,-6.78561925335277,3.05));
#5910=CARTESIAN_POINT('Origin',(-5.83790291665984,-6.78561925335277,3.05));
#5911=CARTESIAN_POINT('',(-5.48810292415118,-6.78561925335277,3.05));
#5912=CARTESIAN_POINT('Origin',(-5.63800292040551,-6.78561925335277,3.05));
#5913=CARTESIAN_POINT('Origin',(-5.63800292040551,-6.78561925335277,3.05));
#5914=CARTESIAN_POINT('Origin',(-5.63800292040551,-6.78561925335277,3.5));
#5915=CARTESIAN_POINT('',(-5.48810292415118,-6.78561925335277,3.45));
#5916=CARTESIAN_POINT('Origin',(-5.63800292040551,-6.78561925335277,3.45));
#5917=CARTESIAN_POINT('',(-5.48810292415118,-6.78561925335277,3.5));
#5918=CARTESIAN_POINT('Origin',(7.99504316396498,-6.88313429950722,3.05));
#5919=CARTESIAN_POINT('',(7.84482556428469,-6.88313429950722,3.05));
#5920=CARTESIAN_POINT('Origin',(7.79482556428469,-6.88313429950722,3.05));
#5921=CARTESIAN_POINT('',(8.14526076364528,-6.88313429950722,3.05));
#5922=CARTESIAN_POINT('Origin',(7.99504316396498,-6.88313429950722,3.05));
#5923=CARTESIAN_POINT('Origin',(7.99504316396498,-6.88313429950722,3.05));
#5924=CARTESIAN_POINT('Origin',(7.99504316396498,-6.88313429950722,3.5));
#5925=CARTESIAN_POINT('',(8.14526076364528,-6.88313429950722,3.45));
#5926=CARTESIAN_POINT('Origin',(7.99504316396498,-6.88313429950722,3.45));
#5927=CARTESIAN_POINT('',(8.14526076364528,-6.88313429950722,3.5));
#5928=CARTESIAN_POINT('Origin',(5.63800292040551,-6.78561925335277,3.05));
#5929=CARTESIAN_POINT('',(5.48810292415118,-6.78561925335277,3.05));
#5930=CARTESIAN_POINT('Origin',(5.43810292415118,-6.78561925335277,3.05));
#5931=CARTESIAN_POINT('',(5.78790291665984,-6.78561925335277,3.05));
#5932=CARTESIAN_POINT('Origin',(5.63800292040551,-6.78561925335277,3.05));
#5933=CARTESIAN_POINT('Origin',(5.63800292040551,-6.78561925335277,3.05));
#5934=CARTESIAN_POINT('Origin',(5.63800292040551,-6.78561925335277,3.5));
#5935=CARTESIAN_POINT('',(5.78790291665984,-6.78561925335277,3.45));
#5936=CARTESIAN_POINT('Origin',(5.63800292040551,-6.78561925335277,3.45));
#5937=CARTESIAN_POINT('',(5.78790291665984,-6.78561925335277,3.5));
#5938=CARTESIAN_POINT('Origin',(-7.99504316396498,6.88313429950722,3.05));
#5939=CARTESIAN_POINT('',(-8.19526076364528,6.88313429950722,3.));
#5940=CARTESIAN_POINT('Origin',(-7.99504316396498,6.88313429950722,3.));
#5941=CARTESIAN_POINT('',(-8.14526076364528,6.88313429950722,3.05));
#5942=CARTESIAN_POINT('Origin',(-8.19526076364528,6.88313429950722,3.05));
#5943=CARTESIAN_POINT('',(-7.84482556428469,6.88313429950722,3.05));
#5944=CARTESIAN_POINT('Origin',(-7.99504316396498,6.88313429950722,3.05));
#5945=CARTESIAN_POINT('Origin',(-7.99504316396498,6.88313429950722,3.05));
#5946=CARTESIAN_POINT('Origin',(0.,0.,3.));
#5947=CARTESIAN_POINT('',(-6.25581688360067,4.58400121784323,3.));
#5948=CARTESIAN_POINT('',(-6.32233903944197,3.99600005960464,3.));
#5949=CARTESIAN_POINT('Origin',(-6.52601432174754,4.31680588775891,3.));
#5950=CARTESIAN_POINT('',(-8.48000675136357,6.83318126164155,3.));
#5951=CARTESIAN_POINT('',(-4.7036279453206,3.01437245782399,3.));
#5952=CARTESIAN_POINT('',(-6.81640878380294,8.47829533495986,3.));
#5953=CARTESIAN_POINT('',(-7.17813672072063,8.1205864826172,3.));
#5954=CARTESIAN_POINT('',(-6.55505294812536,8.30149579906032,3.));
#5955=CARTESIAN_POINT('',(0.866555894362873,3.28099569973005,3.));
#5956=CARTESIAN_POINT('',(-0.324292225582575,4.12123342940221,3.));
#5957=CARTESIAN_POINT('',(-2.53277051272518,5.60291746270848,3.));
#5958=CARTESIAN_POINT('',(0.323825937442049,4.12247348433651,3.));
#5959=CARTESIAN_POINT('Origin',(-0.00115349582639312,4.60287786395073,3.));
#5960=CARTESIAN_POINT('',(6.79043759024083,8.49694607299451,3.));
#5961=CARTESIAN_POINT('',(-0.883365175393998,3.30584420212389,3.));
#5962=CARTESIAN_POINT('',(6.81304820492966,8.47458668018669,3.));
#5963=CARTESIAN_POINT('',(7.1746209926932,8.1170312531679,3.));
#5964=CARTESIAN_POINT('',(6.81700465998534,8.47724109445856,3.));
#5965=CARTESIAN_POINT('',(2.53277051272518,5.60291746270849,3.));
#5966=CARTESIAN_POINT('',(7.47188928956828,7.82306584309801,3.));
#5967=CARTESIAN_POINT('',(8.09132123528725,7.20430487286493,3.));
#5968=CARTESIAN_POINT('',(8.47649102333614,6.82962603219225,3.));
#5969=CARTESIAN_POINT('',(7.1746209926932,8.1170312531679,3.));
#5970=CARTESIAN_POINT('',(6.25581688360068,4.58400121784323,3.));
#5971=CARTESIAN_POINT('',(3.31208655146216,1.60719621871375,3.));
#5972=CARTESIAN_POINT('',(6.52460411159721,3.9368085044688,3.));
#5973=CARTESIAN_POINT('Origin',(6.52601432174754,4.31680588775891,3.));
#5974=CARTESIAN_POINT('',(3.7000000551343,3.9368085044688,3.));
#5975=CARTESIAN_POINT('',(-3.16206981910551,3.9368085044688,3.));
#5976=CARTESIAN_POINT('',(0.0313663562058069,0.268174805540313,3.));
#5977=CARTESIAN_POINT('',(-0.0592021123336256,0.177606337000878,3.));
#5978=CARTESIAN_POINT('',(-3.6969252021003,3.99600005960464,3.));
#5979=CARTESIAN_POINT('',(0.090567487191774,0.208981078948038,3.));
#5980=CARTESIAN_POINT('',(-3.70092570245019,3.99600005960464,3.));
#5981=CARTESIAN_POINT('',(-5.83790291665984,6.78561925335277,3.));
#5982=CARTESIAN_POINT('Origin',(-5.63800292040551,6.78561925335277,3.));
#5983=CARTESIAN_POINT('',(7.79482556428469,6.88313429950722,3.));
#5984=CARTESIAN_POINT('Origin',(7.99504316396498,6.88313429950722,3.));
#5985=CARTESIAN_POINT('',(5.43810292415118,6.78561925335277,3.));
#5986=CARTESIAN_POINT('Origin',(5.63800292040551,6.78561925335277,3.));
#5987=CARTESIAN_POINT('Origin',(-7.99504316396498,6.88313429950722,3.5));
#5988=CARTESIAN_POINT('',(-7.84482556428469,6.88313429950722,3.45));
#5989=CARTESIAN_POINT('Origin',(-7.99504316396498,6.88313429950722,3.45));
#5990=CARTESIAN_POINT('',(-7.84482556428469,6.88313429950722,3.5));
#5991=CARTESIAN_POINT('Origin',(-5.63800292040551,6.78561925335277,3.05));
#5992=CARTESIAN_POINT('',(-5.78790291665984,6.78561925335277,3.05));
#5993=CARTESIAN_POINT('Origin',(-5.83790291665984,6.78561925335277,3.05));
#5994=CARTESIAN_POINT('',(-5.48810292415118,6.78561925335277,3.05));
#5995=CARTESIAN_POINT('Origin',(-5.63800292040551,6.78561925335277,3.05));
#5996=CARTESIAN_POINT('Origin',(-5.63800292040551,6.78561925335277,3.05));
#5997=CARTESIAN_POINT('Origin',(-5.63800292040551,6.78561925335277,3.5));
#5998=CARTESIAN_POINT('',(-5.48810292415118,6.78561925335277,3.45));
#5999=CARTESIAN_POINT('Origin',(-5.63800292040551,6.78561925335277,3.45));
#6000=CARTESIAN_POINT('',(-5.48810292415118,6.78561925335277,3.5));
#6001=CARTESIAN_POINT('Origin',(5.63800292040551,6.78561925335277,3.05));
#6002=CARTESIAN_POINT('',(5.48810292415118,6.78561925335277,3.05));
#6003=CARTESIAN_POINT('Origin',(5.43810292415118,6.78561925335277,3.05));
#6004=CARTESIAN_POINT('',(5.78790291665984,6.78561925335277,3.05));
#6005=CARTESIAN_POINT('Origin',(5.63800292040551,6.78561925335277,3.05));
#6006=CARTESIAN_POINT('Origin',(5.63800292040551,6.78561925335277,3.05));
#6007=CARTESIAN_POINT('Origin',(5.63800292040551,6.78561925335277,3.5));
#6008=CARTESIAN_POINT('',(5.78790291665984,6.78561925335277,3.45));
#6009=CARTESIAN_POINT('Origin',(5.63800292040551,6.78561925335277,3.45));
#6010=CARTESIAN_POINT('',(5.78790291665984,6.78561925335277,3.5));
#6011=CARTESIAN_POINT('Origin',(7.99504316396498,6.88313429950722,3.05));
#6012=CARTESIAN_POINT('',(7.84482556428469,6.88313429950722,3.05));
#6013=CARTESIAN_POINT('Origin',(7.79482556428469,6.88313429950722,3.05));
#6014=CARTESIAN_POINT('',(8.14526076364528,6.88313429950722,3.05));
#6015=CARTESIAN_POINT('Origin',(7.99504316396498,6.88313429950722,3.05));
#6016=CARTESIAN_POINT('Origin',(7.99504316396498,6.88313429950722,3.05));
#6017=CARTESIAN_POINT('Origin',(7.99504316396498,6.88313429950722,3.5));
#6018=CARTESIAN_POINT('',(8.14526076364528,6.88313429950722,3.45));
#6019=CARTESIAN_POINT('Origin',(7.99504316396498,6.88313429950722,3.45));
#6020=CARTESIAN_POINT('',(8.14526076364528,6.88313429950722,3.5));
#6021=CARTESIAN_POINT('Origin',(6.50000009685755,2.5000000372529,3.45));
#6022=CARTESIAN_POINT('',(6.70000009685755,2.5000000372529,3.5));
#6023=CARTESIAN_POINT('Origin',(6.50000009685755,2.5000000372529,3.5));
#6024=CARTESIAN_POINT('',(6.65000009685755,2.5000000372529,3.45));
#6025=CARTESIAN_POINT('Origin',(6.70000009685755,2.5000000372529,3.45));
#6026=CARTESIAN_POINT('Origin',(6.50000009685755,2.5000000372529,3.45));
#6027=CARTESIAN_POINT('Origin',(0.,0.,3.5));
#6028=CARTESIAN_POINT('',(-8.324,-3.93013075757402,3.5));
#6029=CARTESIAN_POINT('',(-8.324,3.93013075757402,3.5));
#6030=CARTESIAN_POINT('',(-8.324,0.,3.5));
#6031=CARTESIAN_POINT('',(-6.52460411159721,-3.9368085044688,3.5));
#6032=CARTESIAN_POINT('',(-5.53420027431358,-3.94048399700028,3.5));
#6033=CARTESIAN_POINT('',(-6.25581688360067,-4.58400121784323,3.5));
#6034=CARTESIAN_POINT('Origin',(-6.52601432174754,-4.31680588775891,3.5));
#6035=CARTESIAN_POINT('',(-8.47649102333614,-6.82962603219225,3.5));
#6036=CARTESIAN_POINT('',(-3.31208655146216,-1.60719621871375,3.5));
#6037=CARTESIAN_POINT('',(-7.47188928956828,-7.82306584309801,3.5));
#6038=CARTESIAN_POINT('',(-7.1746209926932,-8.1170312531679,3.5));
#6039=CARTESIAN_POINT('',(-6.81700465998534,-8.47724109445856,3.5));
#6040=CARTESIAN_POINT('',(-8.09132123528725,-7.20430487286493,3.5));
#6041=CARTESIAN_POINT('',(-6.81304820492966,-8.47458668018669,3.5));
#6042=CARTESIAN_POINT('',(-2.53277051272518,-5.60291746270849,3.5));
#6043=CARTESIAN_POINT('',(-6.79261246480819,-8.49479536301034,3.5));
#6044=CARTESIAN_POINT('',(-7.1746209926932,-8.1170312531679,3.5));
#6045=CARTESIAN_POINT('',(-0.327656525758671,-4.12144281600516,3.5));
#6046=CARTESIAN_POINT('',(0.881684247290433,-3.30335935188351,3.5));
#6047=CARTESIAN_POINT('',(0.322302340778269,-4.12144281600513,3.5));
#6048=CARTESIAN_POINT('Origin',(-0.00267709249017315,-4.60184719561935,
3.5));
#6049=CARTESIAN_POINT('',(6.79043759024083,-8.49694607299451,3.5));
#6050=CARTESIAN_POINT('',(-0.883365175393999,-3.30584420212389,3.5));
#6051=CARTESIAN_POINT('',(6.81304820492966,-8.47458668018669,3.5));
#6052=CARTESIAN_POINT('',(7.1746209926932,-8.1170312531679,3.5));
#6053=CARTESIAN_POINT('',(6.81700465998534,-8.47724109445856,3.5));
#6054=CARTESIAN_POINT('',(2.53277051272518,-5.60291746270848,3.5));
#6055=CARTESIAN_POINT('',(7.47188928956827,-7.82306584309801,3.5));
#6056=CARTESIAN_POINT('',(8.09132123528725,-7.20430487286493,3.5));
#6057=CARTESIAN_POINT('',(8.47649102333614,-6.82962603219225,3.5));
#6058=CARTESIAN_POINT('',(7.1746209926932,-8.1170312531679,3.5));
#6059=CARTESIAN_POINT('',(6.25581688360067,-4.58400121784323,3.5));
#6060=CARTESIAN_POINT('',(4.7036279453206,-3.01437245782399,3.5));
#6061=CARTESIAN_POINT('',(6.52460411159721,-3.9368085044688,3.5));
#6062=CARTESIAN_POINT('Origin',(6.52601432174754,-4.31680588775891,3.5));
#6063=CARTESIAN_POINT('',(7.4,-3.93355981849971,3.5));
#6064=CARTESIAN_POINT('',(2.91223098130279,-3.95021440008582,3.5));
#6065=CARTESIAN_POINT('',(8.32,-3.9335603693898,3.5));
#6066=CARTESIAN_POINT('',(7.4,-3.93355981849971,3.5));
#6067=CARTESIAN_POINT('',(8.32,3.9335603693898,3.5));
#6068=CARTESIAN_POINT('',(8.32,0.,3.5));
#6069=CARTESIAN_POINT('',(7.4,3.93355981849971,3.5));
#6070=CARTESIAN_POINT('',(7.4,3.93355981849971,3.5));
#6071=CARTESIAN_POINT('',(6.52460411159721,3.9368085044688,3.5));
#6072=CARTESIAN_POINT('',(5.53420027431358,3.94048399700028,3.5));
#6073=CARTESIAN_POINT('',(6.25581688360067,4.58400121784323,3.5));
#6074=CARTESIAN_POINT('Origin',(6.52601432174754,4.31680588775891,3.5));
#6075=CARTESIAN_POINT('',(8.47649102333614,6.82962603219225,3.5));
#6076=CARTESIAN_POINT('',(3.31208655146216,1.60719621871375,3.5));
#6077=CARTESIAN_POINT('',(7.47188928956828,7.82306584309801,3.5));
#6078=CARTESIAN_POINT('',(7.1746209926932,8.1170312531679,3.5));
#6079=CARTESIAN_POINT('',(6.81700465998534,8.47724109445856,3.5));
#6080=CARTESIAN_POINT('',(8.09132123528725,7.20430487286493,3.5));
#6081=CARTESIAN_POINT('',(6.81304820492966,8.47458668018669,3.5));
#6082=CARTESIAN_POINT('',(2.53277051272518,5.60291746270849,3.5));
#6083=CARTESIAN_POINT('',(6.79043759024083,8.49694607299451,3.5));
#6084=CARTESIAN_POINT('',(7.1746209926932,8.1170312531679,3.5));
#6085=CARTESIAN_POINT('',(0.323825937442049,4.12247348433651,3.5));
#6086=CARTESIAN_POINT('',(-0.883365175393998,3.30584420212389,3.5));
#6087=CARTESIAN_POINT('',(-0.324292225582575,4.12123342940221,3.5));
#6088=CARTESIAN_POINT('Origin',(-0.00115349582639312,4.60287786395073,3.5));
#6089=CARTESIAN_POINT('',(-6.55505294719593,8.30149579843417,3.5));
#6090=CARTESIAN_POINT('',(-2.53277051272518,5.60291746270848,3.5));
#6091=CARTESIAN_POINT('',(-6.81640878380294,8.47829533495986,3.5));
#6092=CARTESIAN_POINT('',(0.866555894362873,3.28099569973005,3.5));
#6093=CARTESIAN_POINT('',(-8.48000675136357,6.83318126164155,3.5));
#6094=CARTESIAN_POINT('',(-7.17813672072063,8.1205864826172,3.5));
#6095=CARTESIAN_POINT('',(-6.25581688360067,4.58400121784323,3.5));
#6096=CARTESIAN_POINT('',(-4.7036279453206,3.01437245782399,3.5));
#6097=CARTESIAN_POINT('',(-6.52460411159721,3.9368085044688,3.5));
#6098=CARTESIAN_POINT('Origin',(-6.52601432174754,4.31680588775891,3.5));
#6099=CARTESIAN_POINT('',(-2.91223098130279,3.95021440008582,3.5));
#6100=CARTESIAN_POINT('',(-7.79482556428469,-6.88313429950722,3.5));
#6101=CARTESIAN_POINT('Origin',(-7.99504316396498,-6.88313429950722,3.5));
#6102=CARTESIAN_POINT('',(-5.29000008195639,-3.00000004470348,3.5));
#6103=CARTESIAN_POINT('Origin',(-5.50000008195639,-3.00000004470348,3.5));
#6104=CARTESIAN_POINT('',(-7.79482556428469,6.88313429950722,3.5));
#6105=CARTESIAN_POINT('Origin',(-7.99504316396498,6.88313429950722,3.5));
#6106=CARTESIAN_POINT('',(8.19526076364527,6.88313429950722,3.5));
#6107=CARTESIAN_POINT('Origin',(7.99504316396498,6.88313429950722,3.5));
#6108=CARTESIAN_POINT('',(5.71000008195639,3.00000004470348,3.5));
#6109=CARTESIAN_POINT('Origin',(5.50000008195639,3.00000004470348,3.5));
#6110=CARTESIAN_POINT('',(5.71000008195639,-3.00000004470348,3.5));
#6111=CARTESIAN_POINT('Origin',(5.50000008195639,-3.00000004470348,3.5));
#6112=CARTESIAN_POINT('',(5.83790291665984,-6.78561925335277,3.5));
#6113=CARTESIAN_POINT('Origin',(5.63800292040551,-6.78561925335277,3.5));
#6114=CARTESIAN_POINT('',(6.92000010430813,-1.00612546084385,3.5));
#6115=CARTESIAN_POINT('',(8.08000011920929,-1.00612546084385,3.5));
#6116=CARTESIAN_POINT('Origin',(7.50000011175871,-1.00612546084385,3.5));
#6117=CARTESIAN_POINT('',(6.91693738133679,-1.00612546084385,3.5));
#6118=CARTESIAN_POINT('',(3.50000005215406,-1.00612546084385,3.5));
#6119=CARTESIAN_POINT('',(6.91693738133679,1.00612546084384,3.5));
#6120=CARTESIAN_POINT('',(6.91693738133679,-0.503062730421923,3.5));
#6121=CARTESIAN_POINT('',(6.92000010430813,1.00612546084384,3.5));
#6122=CARTESIAN_POINT('',(3.49846869066839,1.00612546084384,3.5));
#6123=CARTESIAN_POINT('',(8.08000011920929,1.00612546084384,3.5));
#6124=CARTESIAN_POINT('Origin',(7.50000011175871,1.00612546084385,3.5));
#6125=CARTESIAN_POINT('',(8.08306284218063,1.00612546084384,3.5));
#6126=CARTESIAN_POINT('',(4.00000005960464,1.00612546084384,3.5));
#6127=CARTESIAN_POINT('',(8.08306284218063,-1.00612546084385,3.5));
#6128=CARTESIAN_POINT('',(8.08306284218063,0.503062730421922,3.5));
#6129=CARTESIAN_POINT('',(4.00153142109032,-1.00612546084385,3.5));
#6130=CARTESIAN_POINT('',(-7.99800011622906,-1.30000001937151,3.5));
#6131=CARTESIAN_POINT('',(-6.40200009834766,-1.30000001937151,3.5));
#6132=CARTESIAN_POINT('Origin',(-7.20000010728836,-1.30000001937151,3.5));
#6133=CARTESIAN_POINT('',(-7.99800011622906,1.30000001937151,3.5));
#6134=CARTESIAN_POINT('',(-7.99800011622906,-0.650000009685755,3.5));
#6135=CARTESIAN_POINT('',(-6.40200009834766,1.30000001937151,3.5));
#6136=CARTESIAN_POINT('Origin',(-7.20000010728836,1.30000001937151,3.5));
#6137=CARTESIAN_POINT('',(-6.40200009834766,0.650000009685755,3.5));
#6138=CARTESIAN_POINT('',(8.19526076364527,-6.88313429950722,3.5));
#6139=CARTESIAN_POINT('Origin',(7.99504316396498,-6.88313429950722,3.5));
#6140=CARTESIAN_POINT('',(6.70000009685755,-2.5000000372529,3.5));
#6141=CARTESIAN_POINT('Origin',(6.50000009685755,-2.5000000372529,3.5));
#6142=CARTESIAN_POINT('',(5.83790291665984,6.78561925335277,3.5));
#6143=CARTESIAN_POINT('Origin',(5.63800292040551,6.78561925335277,3.5));
#6144=CARTESIAN_POINT('',(-5.43810292415118,6.78561925335277,3.5));
#6145=CARTESIAN_POINT('Origin',(-5.63800292040551,6.78561925335277,3.5));
#6146=CARTESIAN_POINT('',(-5.29000008195639,3.00000004470348,3.5));
#6147=CARTESIAN_POINT('Origin',(-5.50000008195639,3.00000004470348,3.5));
#6148=CARTESIAN_POINT('',(-5.43810292415118,-6.78561925335277,3.5));
#6149=CARTESIAN_POINT('Origin',(-5.63800292040551,-6.78561925335277,3.5));
#6150=CARTESIAN_POINT('Origin',(6.50000009685755,2.5000000372529,3.5));
#6151=CARTESIAN_POINT('',(6.65000009685755,2.5000000372529,3.));
#6152=CARTESIAN_POINT('',(6.65000009685755,2.5000000372529,3.5));
#6153=CARTESIAN_POINT('',(6.52460411159721,2.35203165394522,3.));
#6154=CARTESIAN_POINT('Origin',(6.50000009685755,2.5000000372529,3.));
#6155=CARTESIAN_POINT('',(6.52460411159721,2.35203165394522,2.8));
#6156=CARTESIAN_POINT('',(6.52460411159721,2.35203165394522,3.5));
#6157=CARTESIAN_POINT('',(6.52460411159721,2.64796842056059,2.8));
#6158=CARTESIAN_POINT('Origin',(6.50000009685755,2.5000000372529,2.8));
#6159=CARTESIAN_POINT('',(6.52460411159721,2.64796842056059,3.));
#6160=CARTESIAN_POINT('',(6.52460411159721,2.64796842056059,3.5));
#6161=CARTESIAN_POINT('Origin',(6.50000009685755,2.5000000372529,3.));
#6162=CARTESIAN_POINT('Origin',(-7.99504316396498,-6.88313429950722,3.45));
#6163=CARTESIAN_POINT('Origin',(-7.79482556428469,-6.88313429950722,3.45));
#6164=CARTESIAN_POINT('Origin',(-5.63800292040551,-6.78561925335277,3.45));
#6165=CARTESIAN_POINT('Origin',(-5.43810292415118,-6.78561925335277,3.45));
#6166=CARTESIAN_POINT('Origin',(-5.50000008195639,-3.00000004470348,3.45));
#6167=CARTESIAN_POINT('',(-5.34000008195639,-3.00000004470348,3.45));
#6168=CARTESIAN_POINT('Origin',(-5.29000008195639,-3.00000004470348,3.45));
#6169=CARTESIAN_POINT('',(-5.66000008195639,-3.00000004470348,3.45));
#6170=CARTESIAN_POINT('Origin',(-5.50000008195639,-3.00000004470348,3.45));
#6171=CARTESIAN_POINT('Origin',(-5.50000008195639,-3.00000004470348,3.45));
#6172=CARTESIAN_POINT('Origin',(-5.50000008195639,-3.00000004470348,7.5));
#6173=CARTESIAN_POINT('',(-5.66000008195639,-3.00000004470348,2.93));
#6174=CARTESIAN_POINT('',(-5.66000008195639,-3.00000004470348,7.5));
#6175=CARTESIAN_POINT('Origin',(-5.50000008195639,-3.00000004470348,2.93));
#6176=CARTESIAN_POINT('Origin',(-5.50000008195639,3.00000004470348,3.45));
#6177=CARTESIAN_POINT('',(-5.34000008195639,3.00000004470348,3.45));
#6178=CARTESIAN_POINT('Origin',(-5.29000008195639,3.00000004470348,3.45));
#6179=CARTESIAN_POINT('',(-5.66000008195639,3.00000004470348,3.45));
#6180=CARTESIAN_POINT('Origin',(-5.50000008195639,3.00000004470348,3.45));
#6181=CARTESIAN_POINT('Origin',(-5.50000008195639,3.00000004470348,3.45));
#6182=CARTESIAN_POINT('Origin',(-5.50000008195639,3.00000004470348,7.5));
#6183=CARTESIAN_POINT('',(-5.66000008195639,3.00000004470348,2.93));
#6184=CARTESIAN_POINT('',(-5.66000008195639,3.00000004470348,7.5));
#6185=CARTESIAN_POINT('Origin',(-5.50000008195639,3.00000004470348,2.93));
#6186=CARTESIAN_POINT('Origin',(-7.99504316396498,6.88313429950722,3.45));
#6187=CARTESIAN_POINT('Origin',(-7.79482556428469,6.88313429950722,3.45));
#6188=CARTESIAN_POINT('Origin',(-5.63800292040551,6.78561925335277,3.45));
#6189=CARTESIAN_POINT('Origin',(-5.43810292415118,6.78561925335277,3.45));
#6190=CARTESIAN_POINT('Origin',(7.99504316396498,6.88313429950722,3.45));
#6191=CARTESIAN_POINT('Origin',(8.19526076364527,6.88313429950722,3.45));
#6192=CARTESIAN_POINT('Origin',(5.63800292040551,6.78561925335277,3.45));
#6193=CARTESIAN_POINT('Origin',(5.83790291665984,6.78561925335277,3.45));
#6194=CARTESIAN_POINT('Origin',(5.50000008195639,3.00000004470348,3.45));
#6195=CARTESIAN_POINT('',(5.66000008195639,3.00000004470348,3.45));
#6196=CARTESIAN_POINT('Origin',(5.71000008195639,3.00000004470348,3.45));
#6197=CARTESIAN_POINT('',(5.34000008195639,3.00000004470348,3.45));
#6198=CARTESIAN_POINT('Origin',(5.50000008195639,3.00000004470348,3.45));
#6199=CARTESIAN_POINT('Origin',(5.50000008195639,3.00000004470348,3.45));
#6200=CARTESIAN_POINT('Origin',(5.50000008195639,3.00000004470348,7.5));
#6201=CARTESIAN_POINT('',(5.34000008195639,3.00000004470348,2.93));
#6202=CARTESIAN_POINT('',(5.34000008195639,3.00000004470348,7.5));
#6203=CARTESIAN_POINT('Origin',(5.50000008195639,3.00000004470348,2.93));
#6204=CARTESIAN_POINT('Origin',(6.50000009685755,-2.5000000372529,3.45));
#6205=CARTESIAN_POINT('',(6.65000009685755,-2.5000000372529,3.45));
#6206=CARTESIAN_POINT('Origin',(6.70000009685755,-2.5000000372529,3.45));
#6207=CARTESIAN_POINT('Origin',(6.50000009685755,-2.5000000372529,3.45));
#6208=CARTESIAN_POINT('Origin',(6.50000009685755,-2.5000000372529,3.5));
#6209=CARTESIAN_POINT('',(6.65000009685755,-2.5000000372529,3.));
#6210=CARTESIAN_POINT('',(6.65000009685755,-2.5000000372529,3.5));
#6211=CARTESIAN_POINT('',(6.52460411159721,-2.64796842056059,3.));
#6212=CARTESIAN_POINT('Origin',(6.50000009685755,-2.5000000372529,3.));
#6213=CARTESIAN_POINT('',(6.52460411159721,-2.64796842056059,2.8));
#6214=CARTESIAN_POINT('',(6.52460411159721,-2.64796842056059,3.5));
#6215=CARTESIAN_POINT('',(6.52460411159721,-2.35203165394522,2.8));
#6216=CARTESIAN_POINT('Origin',(6.50000009685755,-2.5000000372529,2.8));
#6217=CARTESIAN_POINT('',(6.52460411159721,-2.35203165394522,3.));
#6218=CARTESIAN_POINT('',(6.52460411159721,-2.35203165394522,3.5));
#6219=CARTESIAN_POINT('Origin',(6.50000009685755,-2.5000000372529,3.));
#6220=CARTESIAN_POINT('Origin',(5.50000008195639,-3.00000004470348,3.45));
#6221=CARTESIAN_POINT('',(5.66000008195639,-3.00000004470348,3.45));
#6222=CARTESIAN_POINT('Origin',(5.71000008195639,-3.00000004470348,3.45));
#6223=CARTESIAN_POINT('',(5.34000008195639,-3.00000004470348,3.45));
#6224=CARTESIAN_POINT('Origin',(5.50000008195639,-3.00000004470348,3.45));
#6225=CARTESIAN_POINT('Origin',(5.50000008195639,-3.00000004470348,3.45));
#6226=CARTESIAN_POINT('Origin',(5.50000008195639,-3.00000004470348,7.5));
#6227=CARTESIAN_POINT('',(5.34000008195639,-3.00000004470348,2.93));
#6228=CARTESIAN_POINT('',(5.34000008195639,-3.00000004470348,7.5));
#6229=CARTESIAN_POINT('Origin',(5.50000008195639,-3.00000004470348,2.93));
#6230=CARTESIAN_POINT('Origin',(7.99504316396498,-6.88313429950722,3.45));
#6231=CARTESIAN_POINT('Origin',(8.19526076364527,-6.88313429950722,3.45));
#6232=CARTESIAN_POINT('Origin',(5.63800292040551,-6.78561925335277,3.45));
#6233=CARTESIAN_POINT('Origin',(5.83790291665984,-6.78561925335277,3.45));
#6234=CARTESIAN_POINT('Origin',(-3.70092570245019,3.99600005960464,3.));
#6235=CARTESIAN_POINT('',(-6.32412570245019,3.99600005960464,2.8));
#6236=CARTESIAN_POINT('',(-3.6969252021003,3.99600005960464,2.8));
#6237=CARTESIAN_POINT('',(-1.80034673287832,3.99600005960443,2.8));
#6238=CARTESIAN_POINT('',(-6.32412570245019,3.99600005960464,3.));
#6239=CARTESIAN_POINT('',(-6.32412570245019,3.99600005960465,2.9));
#6240=CARTESIAN_POINT('',(-3.70092570245019,3.99600005960464,3.));
#6241=CARTESIAN_POINT('',(-3.6969252021003,3.99600005960464,2.8));
#6242=CARTESIAN_POINT('Origin',(-3.70092570245019,3.9368085044688,3.));
#6243=CARTESIAN_POINT('',(-6.32412570245019,3.99487268754774,3.));
#6244=CARTESIAN_POINT('',(-6.32412570245019,2.00000002980232,3.));
#6245=CARTESIAN_POINT('Origin',(-6.52601432174754,4.31680588775891,3.));
#6246=CARTESIAN_POINT('Origin',(-6.32412570245019,4.00000005960464,2.8));
#6247=CARTESIAN_POINT('',(-6.32412570245019,3.9368085044688,2.8));
#6248=CARTESIAN_POINT('',(-6.32412570245019,3.40407688722382,2.8));
#6249=CARTESIAN_POINT('',(-6.32412570245019,3.9368085044688,3.));
#6250=CARTESIAN_POINT('',(-6.32412570245019,3.9368085044688,2.9));
#6251=CARTESIAN_POINT('',(-6.32412570245019,2.00000002980232,3.));
#6252=CARTESIAN_POINT('Origin',(0.100232236693097,-0.0290277220985034,2.8));
#6253=CARTESIAN_POINT('',(0.0313663562058069,0.268174805540313,2.8));
#6254=CARTESIAN_POINT('',(3.7000000551343,-3.40000005066395,2.8));
#6255=CARTESIAN_POINT('',(3.7000000551343,3.9368085044688,2.8));
#6256=CARTESIAN_POINT('',(3.7000000551343,3.9368085044688,2.8));
#6257=CARTESIAN_POINT('',(6.52460411159721,3.9368085044688,2.8));
#6258=CARTESIAN_POINT('',(6.52460411159721,3.9368085044688,2.8));
#6259=CARTESIAN_POINT('',(6.52460411159721,-3.99486394866581,2.8));
#6260=CARTESIAN_POINT('',(6.52460411159721,-3.99486394866581,2.8));
#6261=CARTESIAN_POINT('',(6.52460411159721,-3.9368085044688,2.8));
#6262=CARTESIAN_POINT('',(6.52460411159721,-3.99486394866581,2.8));
#6263=CARTESIAN_POINT('',(3.68672446454841,-3.9368085044688,2.8));
#6264=CARTESIAN_POINT('',(1.9001161459137,-3.9368085044688,2.8));
#6265=CARTESIAN_POINT('',(0.0107537341336898,-0.284107141356711,2.8));
#6266=CARTESIAN_POINT('',(1.81412000199685,-2.07605786890534,2.8));
#6267=CARTESIAN_POINT('',(-0.000496234904148185,-0.295360128435659,2.8));
#6268=CARTESIAN_POINT('',(-0.000496234904148185,-0.295360128435659,2.8));
#6269=CARTESIAN_POINT('',(-3.7000000551343,-3.99486394866581,2.8));
#6270=CARTESIAN_POINT('',(-3.7000000551343,-3.99486394866581,2.8));
#6271=CARTESIAN_POINT('',(-6.32413963821102,-3.99486394866581,2.8));
#6272=CARTESIAN_POINT('',(-6.32413963821102,-3.99486394866581,2.8));
#6273=CARTESIAN_POINT('',(-6.32413963821102,-2.71412278524621,2.8));
#6274=CARTESIAN_POINT('',(-6.32413963821102,3.9368085044688,2.8));
#6275=CARTESIAN_POINT('',(-6.32413963821102,-2.08587730118052,2.8));
#6276=CARTESIAN_POINT('Origin',(-6.50000011175871,-2.40000004321337,2.8));
#6277=CARTESIAN_POINT('',(-6.32413963821102,-1.61412276885493,2.8));
#6278=CARTESIAN_POINT('',(-6.32413963821102,3.9368085044688,2.8));
#6279=CARTESIAN_POINT('',(-6.32413963821102,-0.985877284789245,2.8));
#6280=CARTESIAN_POINT('Origin',(-6.50000011175871,-1.30000002682209,2.8));
#6281=CARTESIAN_POINT('',(-6.32413963821102,0.985877284789247,2.8));
#6282=CARTESIAN_POINT('',(-6.32413963821102,3.9368085044688,2.8));
#6283=CARTESIAN_POINT('',(-6.32413963821102,1.61412276885494,2.8));
#6284=CARTESIAN_POINT('Origin',(-6.50000011175871,1.30000002682209,2.8));
#6285=CARTESIAN_POINT('',(-6.32413963821102,2.08587730118052,2.8));
#6286=CARTESIAN_POINT('',(-6.32413963821102,3.9368085044688,2.8));
#6287=CARTESIAN_POINT('',(-6.32413963821102,2.71412278524621,2.8));
#6288=CARTESIAN_POINT('Origin',(-6.50000011175871,2.40000004321337,2.8));
#6289=CARTESIAN_POINT('',(-6.32413963821102,3.9368085044688,2.8));
#6290=CARTESIAN_POINT('',(3.70000010633244,2.93681500029139,2.8));
#6291=CARTESIAN_POINT('',(3.70092581339283,3.40407688700404,2.8));
#6292=CARTESIAN_POINT('',(3.70000016607699,2.93682149634306,2.8));
#6293=CARTESIAN_POINT('',(3.69894470517194,3.40408081164043,2.8));
#6294=CARTESIAN_POINT('',(1.9029960659583,3.40763864119251,2.8));
#6295=CARTESIAN_POINT('',(0.297219152986496,0.00235525945498649,2.8));
#6296=CARTESIAN_POINT('',(-3.7000000551343,-3.99486394866581,2.8));
#6297=CARTESIAN_POINT('',(3.7000000551343,-3.40000005066395,2.8));
#6298=CARTESIAN_POINT('',(3.7000000551343,-3.40000005066395,2.8));
#6299=CARTESIAN_POINT('',(3.7000000551343,-2.01194583538215,2.8));
#6300=CARTESIAN_POINT('',(-0.266368059630421,-0.0295596102959186,2.8));
#6301=CARTESIAN_POINT('',(-0.255926388608377,-0.0191151380757299,2.8));
#6302=CARTESIAN_POINT('',(-0.266368059630421,-0.0295596102959186,2.8));
#6303=CARTESIAN_POINT('',(-3.38735834337329,3.09249444984178,2.8));
#6304=CARTESIAN_POINT('',(1.81412000199685,-2.07605786890534,2.8));
#6305=CARTESIAN_POINT('',(-3.69894470517194,3.40408081164043,2.8));
#6306=CARTESIAN_POINT('',(-3.9658362265673,3.67097233303579,2.8));
#6307=CARTESIAN_POINT('',(-3.70092570245019,3.40407688722382,2.8));
#6308=CARTESIAN_POINT('',(-1.8027642226236,3.40783720356058,2.8));
#6309=CARTESIAN_POINT('',(-3.7000000551343,2.93682149656284,2.8));
#6310=CARTESIAN_POINT('',(-3.7000000551343,2.93682149656284,2.8));
#6311=CARTESIAN_POINT('',(-3.7000000551343,-3.46319160579979,2.8));
#6312=CARTESIAN_POINT('',(-3.7000000551343,1.95389039118515,2.8));
#6313=CARTESIAN_POINT('',(3.7000000551343,3.9368085044688,2.8));
#6314=CARTESIAN_POINT('Origin',(-0.26636805963042,-0.0295596102959181,2.8));
#6315=CARTESIAN_POINT('',(-0.255926388608377,-0.0191151380757299,3.));
#6316=CARTESIAN_POINT('',(-0.255926388608377,-0.0191151380757295,2.8));
#6317=CARTESIAN_POINT('',(-0.266368059630421,-0.0295596102959186,3.));
#6318=CARTESIAN_POINT('',(-0.26636805963042,-0.0295596102959181,2.9));
#6319=CARTESIAN_POINT('',(-0.192404004728768,0.0444242870210844,3.));
#6320=CARTESIAN_POINT('Origin',(-0.000496234904148907,-0.295360128435658,
3.));
#6321=CARTESIAN_POINT('',(0.0107537341336894,-0.28410714135671,2.9));
#6322=CARTESIAN_POINT('',(-0.000496234904148907,-0.295360128435658,2.9));
#6323=CARTESIAN_POINT('Origin',(3.7000000551343,-3.95000005885959,2.8));
#6324=CARTESIAN_POINT('',(3.68672446454841,-3.9368085044688,2.8));
#6325=CARTESIAN_POINT('Origin',(0.,0.,3.));
#6326=CARTESIAN_POINT('',(-6.32413963821102,2.71412278524621,3.));
#6327=CARTESIAN_POINT('',(-6.32413963821102,1.35706139262311,3.));
#6328=CARTESIAN_POINT('',(-6.32413963821102,2.08587730118052,3.));
#6329=CARTESIAN_POINT('Origin',(-6.50000011175871,2.40000004321337,3.));
#6330=CARTESIAN_POINT('',(-6.32413963821102,1.61412276885494,3.));
#6331=CARTESIAN_POINT('',(-6.32413963821102,0.807061384427468,3.));
#6332=CARTESIAN_POINT('',(-6.32413963821102,0.985877284789247,3.));
#6333=CARTESIAN_POINT('Origin',(-6.50000011175871,1.30000002682209,3.));
#6334=CARTESIAN_POINT('',(-6.32413963821102,-0.985877284789245,3.));
#6335=CARTESIAN_POINT('',(-6.32413963821102,-0.492938642394622,3.));
#6336=CARTESIAN_POINT('',(-6.32413963821102,-1.61412276885493,3.));
#6337=CARTESIAN_POINT('Origin',(-6.50000011175871,-1.30000002682209,3.));
#6338=CARTESIAN_POINT('',(-6.32413963821102,-2.08587730118052,3.));
#6339=CARTESIAN_POINT('',(-6.32413963821102,-1.04293865059026,3.));
#6340=CARTESIAN_POINT('',(-6.32413963821102,-2.71412278524621,3.));
#6341=CARTESIAN_POINT('Origin',(-6.50000011175871,-2.40000004321337,3.));
#6342=CARTESIAN_POINT('',(-6.32413963821102,-1.9974319743329,3.));
#6343=CARTESIAN_POINT('',(-6.52460411159721,-3.9368085044688,3.));
#6344=CARTESIAN_POINT('Origin',(-6.52601432174754,-4.31680588775891,3.));
#6345=CARTESIAN_POINT('',(-8.324,-3.93013075757402,3.));
#6346=CARTESIAN_POINT('',(-5.53420027431358,-3.94048399700028,3.));
#6347=CARTESIAN_POINT('',(-8.324,3.93013075757402,3.));
#6348=CARTESIAN_POINT('',(-8.324,0.,3.));
#6349=CARTESIAN_POINT('',(-6.52460411159721,3.9368085044688,3.));
#6350=CARTESIAN_POINT('',(-2.91223098130279,3.95021440008582,3.));
#6351=CARTESIAN_POINT('Origin',(-6.52601432174754,4.31680588775891,3.));
#6352=CARTESIAN_POINT('',(-7.99800011622906,-1.30000001937151,3.));
#6353=CARTESIAN_POINT('',(-7.99800011622906,1.30000001937151,3.));
#6354=CARTESIAN_POINT('',(-7.99800011622906,-0.650000009685755,3.));
#6355=CARTESIAN_POINT('',(-6.40200009834766,-1.30000001937151,3.));
#6356=CARTESIAN_POINT('Origin',(-7.20000010728836,-1.30000001937151,3.));
#6357=CARTESIAN_POINT('',(-6.40200009834766,1.30000001937151,3.));
#6358=CARTESIAN_POINT('',(-6.40200009834766,0.650000009685755,3.));
#6359=CARTESIAN_POINT('Origin',(-7.20000010728836,1.30000001937151,3.));
#6360=CARTESIAN_POINT('Origin',(0.0313663562058064,0.268174805540314,2.8));
#6361=CARTESIAN_POINT('',(0.0313663562058084,0.268174805540312,2.9));
#6362=CARTESIAN_POINT('Origin',(4.44089209850063E-16,0.236808449334504,
3.));
#6363=CARTESIAN_POINT('',(3.7000000551343,3.9368085044688,2.9));
#6364=CARTESIAN_POINT('Origin',(3.7000000551343,-3.40000005066395,2.8));
#6365=CARTESIAN_POINT('',(3.7000000551343,-3.40000005066395,3.));
#6366=CARTESIAN_POINT('',(0.297219152986496,0.00235525945498649,3.));
#6367=CARTESIAN_POINT('',(1.92488433665602,-1.62510634915409,3.));
#6368=CARTESIAN_POINT('',(3.7000000551343,-3.40000005066395,2.8));
#6369=CARTESIAN_POINT('',(0.297219152986495,0.0023552594549856,2.9));
#6370=CARTESIAN_POINT('Origin',(3.69894470517194,3.40408081164043,3.));
#6371=CARTESIAN_POINT('',(3.69894470517194,3.40408081164043,3.));
#6372=CARTESIAN_POINT('',(3.69894470517194,3.40408081164043,2.9));
#6373=CARTESIAN_POINT('',(1.92318832596884,1.62832443243734,3.));
#6374=CARTESIAN_POINT('Origin',(3.7000000551343,-3.95000005885959,2.8));
#6375=CARTESIAN_POINT('',(-3.38735834337329,3.09249444984178,3.));
#6376=CARTESIAN_POINT('',(-3.70092570245019,3.40407688722382,3.));
#6377=CARTESIAN_POINT('',(-3.38735834337326,3.09249444984175,2.9));
#6378=CARTESIAN_POINT('Origin',(-3.7000000551343,-3.46319160579979,3.));
#6379=CARTESIAN_POINT('',(-3.7000000551343,-3.46319160579979,3.));
#6380=CARTESIAN_POINT('',(-3.7000000551343,-3.46319160579979,2.9));
#6381=CARTESIAN_POINT('',(-1.90920213990077,-1.67239369056627,3.));
#6382=CARTESIAN_POINT('Origin',(0.,-0.294863893531509,3.));
#6383=CARTESIAN_POINT('',(-3.7000000551343,-3.99486394866581,2.9));
#6384=CARTESIAN_POINT('Origin',(6.52460411159721,-3.9368085044688,2.8));
#6385=CARTESIAN_POINT('',(6.52460411159721,-3.9368085044688,3.));
#6386=CARTESIAN_POINT('Origin',(3.70000016607699,2.93682149634306,2.8));
#6387=CARTESIAN_POINT('',(3.70092581339283,3.40407688700404,3.));
#6388=CARTESIAN_POINT('',(3.70092581339283,3.40407688700404,2.8));
#6389=CARTESIAN_POINT('',(3.70000010633244,2.9368150002914,3.));
#6390=CARTESIAN_POINT('',(3.70000016607699,2.93682149634306,3.));
#6391=CARTESIAN_POINT('',(3.69708395032283,1.46475161815817,3.));
#6392=CARTESIAN_POINT('Origin',(3.69894470517194,3.40408081164043,2.8));
#6393=CARTESIAN_POINT('',(3.69894470517194,3.40408081164043,3.));
#6394=CARTESIAN_POINT('Origin',(-3.7000000551343,2.93682149656284,3.));
#6395=CARTESIAN_POINT('',(-3.70092570245019,3.40407688722382,3.));
#6396=CARTESIAN_POINT('',(-3.70092570245019,3.40407688722382,3.));
#6397=CARTESIAN_POINT('',(-3.7000000551343,2.93682149656284,3.));
#6398=CARTESIAN_POINT('',(-3.69708383937994,1.46475161837771,3.));
#6399=CARTESIAN_POINT('',(-3.7000000551343,2.93682149656284,2.8));
#6400=CARTESIAN_POINT('Origin',(0.,0.,3.));
#6401=CARTESIAN_POINT('',(-3.7000000551343,4.00000005960464,3.));
#6402=CARTESIAN_POINT('',(-3.69894470517194,3.40408081164043,3.));
#6403=CARTESIAN_POINT('',(-3.69894470517194,3.40408081164043,3.));
#6404=CARTESIAN_POINT('',(-0.206634059099381,-0.0882298344321294,3.));
#6405=CARTESIAN_POINT('Origin',(-3.69894470517194,3.40408081164043,3.));
#6406=CARTESIAN_POINT('',(-3.69894470517194,3.40408081164043,2.9));
#6407=CARTESIAN_POINT('Origin',(-3.7000000551343,3.9368085044688,2.8));
#6408=CARTESIAN_POINT('Origin',(-7.99800011622906,-0.650000009685755,3.198));
#6409=CARTESIAN_POINT('',(-7.80000011622906,1.30000001937151,3.198));
#6410=CARTESIAN_POINT('Origin',(-7.99800011622906,1.30000001937151,3.198));
#6411=CARTESIAN_POINT('',(-7.80000011622906,-1.30000001937151,3.198));
#6412=CARTESIAN_POINT('',(-7.80000011622906,-0.650000009685755,3.198));
#6413=CARTESIAN_POINT('Origin',(-7.99800011622906,-1.30000001937151,3.198));
#6414=CARTESIAN_POINT('Origin',(-7.20000010728836,-1.30000001937151,3.198));
#6415=CARTESIAN_POINT('',(-6.60000009834766,-1.30000001937151,3.198));
#6416=CARTESIAN_POINT('Origin',(-6.40200009834766,-1.30000001937151,3.198));
#6417=CARTESIAN_POINT('Origin',(-7.20000010728836,-1.30000001937151,3.198));
#6418=CARTESIAN_POINT('Origin',(-6.40200009834766,0.650000009685755,3.198));
#6419=CARTESIAN_POINT('',(-6.60000009834766,1.30000001937151,3.198));
#6420=CARTESIAN_POINT('Origin',(-6.40200009834766,1.30000001937151,3.198));
#6421=CARTESIAN_POINT('',(-6.60000009834766,0.650000009685755,3.198));
#6422=CARTESIAN_POINT('Origin',(-7.20000010728836,1.30000001937151,3.198));
#6423=CARTESIAN_POINT('Origin',(-7.20000010728836,1.30000001937151,3.198));
#6424=CARTESIAN_POINT('Origin',(-7.20000010728836,-1.30000001937151,3.5));
#6425=CARTESIAN_POINT('',(-7.80000011622906,-1.30000001937151,3.302));
#6426=CARTESIAN_POINT('',(-7.80000011622906,-1.30000001937151,3.5));
#6427=CARTESIAN_POINT('',(-6.60000009834766,-1.30000001937151,3.302));
#6428=CARTESIAN_POINT('Origin',(-7.20000010728836,-1.30000001937151,3.302));
#6429=CARTESIAN_POINT('',(-6.60000009834766,-1.30000001937151,3.5));
#6430=CARTESIAN_POINT('Origin',(-7.80000011622906,-1.30000001937151,3.5));
#6431=CARTESIAN_POINT('',(-7.80000011622906,1.30000001937151,3.302));
#6432=CARTESIAN_POINT('',(-7.80000011622906,1.30000001937151,3.5));
#6433=CARTESIAN_POINT('',(-7.80000011622906,-0.650000009685755,3.302));
#6434=CARTESIAN_POINT('Origin',(-7.20000010728836,-1.30000001937151,3.302));
#6435=CARTESIAN_POINT('Origin',(-6.40200009834766,-1.30000001937151,3.302));
#6436=CARTESIAN_POINT('Origin',(-7.99800011622906,-1.30000001937151,3.302));
#6437=CARTESIAN_POINT('Origin',(-7.99800011622906,-0.650000009685755,3.302));
#6438=CARTESIAN_POINT('Origin',(-7.99800011622906,1.30000001937151,3.302));
#6439=CARTESIAN_POINT('Origin',(-7.20000010728836,1.30000001937151,3.302));
#6440=CARTESIAN_POINT('',(-6.60000009834766,1.30000001937151,3.302));
#6441=CARTESIAN_POINT('Origin',(-6.40200009834766,1.30000001937151,3.302));
#6442=CARTESIAN_POINT('Origin',(-7.20000010728836,1.30000001937151,3.302));
#6443=CARTESIAN_POINT('Origin',(-6.40200009834766,0.650000009685755,3.302));
#6444=CARTESIAN_POINT('',(-6.60000009834766,0.650000009685755,3.302));
#6445=CARTESIAN_POINT('Origin',(-6.60000009834766,1.30000001937151,3.5));
#6446=CARTESIAN_POINT('',(-6.60000009834766,1.30000001937151,3.5));
#6447=CARTESIAN_POINT('Origin',(-7.20000010728836,1.30000001937151,3.5));
#6448=CARTESIAN_POINT('Origin',(7.50000011175871,-1.00612546084385,3.08));
#6449=CARTESIAN_POINT('',(8.00000011920929,-1.00612546084385,3.08));
#6450=CARTESIAN_POINT('',(8.08000011920929,-1.00612546084385,3.));
#6451=CARTESIAN_POINT('Origin',(8.08000011920929,-1.00612546084385,3.08));
#6452=CARTESIAN_POINT('',(6.92000010430813,-1.00612546084385,3.));
#6453=CARTESIAN_POINT('Origin',(7.50000011175871,-1.00612546084385,3.));
#6454=CARTESIAN_POINT('',(7.00000010430813,-1.00612546084385,3.08));
#6455=CARTESIAN_POINT('Origin',(6.92000010430813,-1.00612546084385,3.08));
#6456=CARTESIAN_POINT('Origin',(7.50000011175871,-1.00612546084385,3.08));
#6457=CARTESIAN_POINT('Origin',(0.,0.,3.));
#6458=CARTESIAN_POINT('',(8.32,-3.9335603693898,3.));
#6459=CARTESIAN_POINT('',(8.32,3.9335603693898,3.));
#6460=CARTESIAN_POINT('',(8.32,0.,3.));
#6461=CARTESIAN_POINT('',(7.4,-3.93355981849971,3.));
#6462=CARTESIAN_POINT('',(7.4,-3.93355981849971,3.));
#6463=CARTESIAN_POINT('',(2.91223098130279,-3.95021440008582,3.));
#6464=CARTESIAN_POINT('',(6.52460411159721,1.9684042522344,3.));
#6465=CARTESIAN_POINT('',(6.52460411159721,1.9684042522344,3.));
#6466=CARTESIAN_POINT('',(6.52460411159721,1.9684042522344,3.));
#6467=CARTESIAN_POINT('',(7.4,3.93355981849971,3.));
#6468=CARTESIAN_POINT('',(5.53420027431358,3.94048399700028,3.));
#6469=CARTESIAN_POINT('',(7.4,3.93355981849971,3.));
#6470=CARTESIAN_POINT('',(8.08306284218063,-1.00612546084385,3.));
#6471=CARTESIAN_POINT('',(4.00153142109032,-1.00612546084385,3.));
#6472=CARTESIAN_POINT('',(8.08306284218063,1.00612546084384,3.));
#6473=CARTESIAN_POINT('',(8.08306284218063,0.503062730421922,3.));
#6474=CARTESIAN_POINT('',(8.08000011920929,1.00612546084384,3.));
#6475=CARTESIAN_POINT('',(4.00000005960464,1.00612546084384,3.));
#6476=CARTESIAN_POINT('',(6.92000010430813,1.00612546084384,3.));
#6477=CARTESIAN_POINT('Origin',(7.50000011175871,1.00612546084385,3.));
#6478=CARTESIAN_POINT('',(6.91693738133679,1.00612546084384,3.));
#6479=CARTESIAN_POINT('',(3.49846869066839,1.00612546084384,3.));
#6480=CARTESIAN_POINT('',(6.91693738133679,-1.00612546084385,3.));
#6481=CARTESIAN_POINT('',(6.91693738133679,-0.503062730421923,3.));
#6482=CARTESIAN_POINT('',(3.50000005215406,-1.00612546084385,3.));
#6483=CARTESIAN_POINT('Origin',(8.00306284218063,-1.00612546084385,3.5));
#6484=CARTESIAN_POINT('',(8.00000011920929,-1.00612546084385,3.42));
#6485=CARTESIAN_POINT('',(8.00000011920929,-1.00612546084385,3.5));
#6486=CARTESIAN_POINT('Origin',(8.08000011920929,-1.00612546084385,3.42));
#6487=CARTESIAN_POINT('',(8.00306284218063,-1.00612546084385,3.42));
#6488=CARTESIAN_POINT('Origin',(8.08306284218063,-1.00612546084385,3.42));
#6489=CARTESIAN_POINT('',(8.00306284218063,-1.00612546084385,3.08));
#6490=CARTESIAN_POINT('',(8.00306284218063,-1.00612546084385,3.5));
#6491=CARTESIAN_POINT('Origin',(8.08306284218063,-1.00612546084385,3.08));
#6492=CARTESIAN_POINT('Origin',(7.50000011175871,-1.00612546084385,3.42));
#6493=CARTESIAN_POINT('',(7.00000010430813,-1.00612546084385,3.42));
#6494=CARTESIAN_POINT('Origin',(6.92000010430813,-1.00612546084385,3.42));
#6495=CARTESIAN_POINT('Origin',(7.50000011175871,-1.00612546084385,3.42));
#6496=CARTESIAN_POINT('Origin',(7.50000011175871,1.00612546084385,3.08));
#6497=CARTESIAN_POINT('',(7.00000010430813,1.00612546084385,3.08));
#6498=CARTESIAN_POINT('Origin',(6.92000010430813,1.00612546084385,3.08));
#6499=CARTESIAN_POINT('',(8.00000011920929,1.00612546084385,3.08));
#6500=CARTESIAN_POINT('Origin',(8.08000011920929,1.00612546084385,3.08));
#6501=CARTESIAN_POINT('Origin',(7.50000011175871,1.00612546084385,3.08));
#6502=CARTESIAN_POINT('Origin',(6.99693738133679,1.00612546084384,3.5));
#6503=CARTESIAN_POINT('',(7.00000010430813,1.00612546084385,3.42));
#6504=CARTESIAN_POINT('',(7.00000010430813,1.00612546084385,3.5));
#6505=CARTESIAN_POINT('Origin',(6.92000010430813,1.00612546084385,3.42));
#6506=CARTESIAN_POINT('',(6.99693738133679,1.00612546084384,3.42));
#6507=CARTESIAN_POINT('Origin',(6.91693738133679,1.00612546084384,3.42));
#6508=CARTESIAN_POINT('',(6.99693738133679,1.00612546084384,3.08));
#6509=CARTESIAN_POINT('',(6.99693738133679,1.00612546084384,3.5));
#6510=CARTESIAN_POINT('Origin',(6.91693738133679,1.00612546084384,3.08));
#6511=CARTESIAN_POINT('Origin',(7.50000011175871,1.00612546084385,3.42));
#6512=CARTESIAN_POINT('',(8.00000011920929,1.00612546084385,3.42));
#6513=CARTESIAN_POINT('Origin',(8.08000011920929,1.00612546084385,3.42));
#6514=CARTESIAN_POINT('Origin',(7.50000011175871,1.00612546084385,3.42));
#6515=CARTESIAN_POINT('Origin',(8.00000011920929,1.00612546084384,3.5));
#6516=CARTESIAN_POINT('',(8.00306284218063,1.00612546084384,3.08));
#6517=CARTESIAN_POINT('Origin',(8.08306284218063,1.00612546084384,3.08));
#6518=CARTESIAN_POINT('',(8.00306284218063,1.00612546084384,3.42));
#6519=CARTESIAN_POINT('',(8.00306284218063,1.00612546084384,3.5));
#6520=CARTESIAN_POINT('Origin',(8.08306284218063,1.00612546084384,3.42));
#6521=CARTESIAN_POINT('',(8.00000011920929,1.00612546084385,3.5));
#6522=CARTESIAN_POINT('Origin',(6.91693738133679,-0.503062730421923,3.08));
#6523=CARTESIAN_POINT('',(6.99693738133679,-1.00612546084385,3.08));
#6524=CARTESIAN_POINT('',(6.99693738133679,-0.503062730421923,3.08));
#6525=CARTESIAN_POINT('Origin',(6.91693738133679,-1.00612546084385,3.08));
#6526=CARTESIAN_POINT('Origin',(6.99693738133679,-1.00612546084385,3.5));
#6527=CARTESIAN_POINT('',(6.99693738133679,-1.00612546084385,3.42));
#6528=CARTESIAN_POINT('',(6.99693738133679,-0.503062730421923,3.42));
#6529=CARTESIAN_POINT('',(6.99693738133679,-1.00612546084385,3.5));
#6530=CARTESIAN_POINT('Origin',(6.91693738133679,-0.503062730421923,3.42));
#6531=CARTESIAN_POINT('Origin',(6.91693738133679,-1.00612546084385,3.42));
#6532=CARTESIAN_POINT('Origin',(8.08306284218063,0.503062730421922,3.08));
#6533=CARTESIAN_POINT('',(8.00306284218063,0.503062730421922,3.08));
#6534=CARTESIAN_POINT('Origin',(8.00306284218063,1.00612546084384,3.5));
#6535=CARTESIAN_POINT('',(8.00306284218063,0.503062730421922,3.42));
#6536=CARTESIAN_POINT('Origin',(8.08306284218063,0.503062730421922,3.42));
#6537=CARTESIAN_POINT('Origin',(7.00000010430813,-1.00612546084385,3.5));
#6538=CARTESIAN_POINT('',(7.00000010430813,-1.00612546084385,3.5));
#6539=CARTESIAN_POINT('Origin',(7.50000011175871,-1.00612546084385,3.5));
#6540=CARTESIAN_POINT('Origin',(7.50000011175871,1.00612546084385,3.5));
#6541=CARTESIAN_POINT('Origin',(-8.324,3.93013075757402,3.37500002421439));
#6542=CARTESIAN_POINT('',(-8.32429688634744,4.01013020668773,3.08));
#6543=CARTESIAN_POINT('',(-8.404,3.93013075757402,3.08));
#6544=CARTESIAN_POINT('Origin',(-8.324,3.93013075757402,3.08));
#6545=CARTESIAN_POINT('',(-8.404,3.93013075757402,3.42));
#6546=CARTESIAN_POINT('',(-8.404,3.93013075757402,3.37500002421439));
#6547=CARTESIAN_POINT('',(-8.32429688634744,4.01013020668773,3.42));
#6548=CARTESIAN_POINT('Origin',(-8.324,3.93013075757402,3.42));
#6549=CARTESIAN_POINT('',(-8.32429688634744,4.01013020668773,3.37500002421439));
#6550=CARTESIAN_POINT('Origin',(-8.324,0.,3.42));
#6551=CARTESIAN_POINT('Origin',(-8.324,3.93013075757402,3.42));
#6552=CARTESIAN_POINT('',(-8.404,-3.93013075757402,3.42));
#6553=CARTESIAN_POINT('',(-8.404,0.,3.42));
#6554=CARTESIAN_POINT('Origin',(-8.324,-3.93013075757402,3.42));
#6555=CARTESIAN_POINT('Origin',(-8.324,3.93013075757402,3.42));
#6556=CARTESIAN_POINT('Origin',(-8.324,3.93013075757402,3.42));
#6557=CARTESIAN_POINT('Origin',(-8.324,-3.93013075757402,3.37500002421439));
#6558=CARTESIAN_POINT('',(-8.32429688634744,-4.01013020668772,3.42));
#6559=CARTESIAN_POINT('Origin',(-8.324,-3.93013075757402,3.42));
#6560=CARTESIAN_POINT('',(-8.404,-3.93013075757402,3.08));
#6561=CARTESIAN_POINT('',(-8.404,-3.93013075757402,3.37500002421439));
#6562=CARTESIAN_POINT('',(-8.32429688634744,-4.01013020668772,3.08));
#6563=CARTESIAN_POINT('Origin',(-8.324,-3.93013075757402,3.08));
#6564=CARTESIAN_POINT('',(-8.32429688634744,-4.01013020668773,3.37500002421439));
#6565=CARTESIAN_POINT('Origin',(-8.324,-3.93013075757402,3.42));
#6566=CARTESIAN_POINT('Origin',(-8.324,-3.93013075757402,3.42));
#6567=CARTESIAN_POINT('Origin',(-8.324,0.,3.08));
#6568=CARTESIAN_POINT('Origin',(-8.324,-3.93013075757402,3.08));
#6569=CARTESIAN_POINT('',(-8.404,0.,3.08));
#6570=CARTESIAN_POINT('Origin',(-8.324,3.93013075757402,3.08));
#6571=CARTESIAN_POINT('Origin',(-8.324,-3.93013075757402,3.08));
#6572=CARTESIAN_POINT('Origin',(-8.324,-3.93013075757402,3.08));
#6573=CARTESIAN_POINT('Origin',(-8.324,3.93013075757402,3.08));
#6574=CARTESIAN_POINT('Origin',(-8.324,3.93013075757402,3.08));
#6575=CARTESIAN_POINT('Origin',(-5.53420027431358,-3.94048399700028,3.42));
#6576=CARTESIAN_POINT('',(-6.52490099794465,-4.01680795358251,3.42));
#6577=CARTESIAN_POINT('',(-5.53449716066102,-4.02048344611399,3.42));
#6578=CARTESIAN_POINT('Origin',(-6.52460411159721,-3.9368085044688,3.42));
#6579=CARTESIAN_POINT('Origin',(-11.0539978692959,-4.,3.5));
#6580=CARTESIAN_POINT('',(-6.52490099794465,-4.01680795358251,3.08));
#6581=CARTESIAN_POINT('',(-5.53449716066102,-4.02048344611399,3.08));
#6582=CARTESIAN_POINT('',(-6.52490099794465,-4.01680795358251,3.5));
#6583=CARTESIAN_POINT('Origin',(-5.53420027431358,-3.94048399700028,3.08));
#6584=CARTESIAN_POINT('Origin',(-6.52460411159721,-3.9368085044688,3.08));
#6585=CARTESIAN_POINT('Origin',(-8.404,0.,3.25000004842877));
#6586=CARTESIAN_POINT('Origin',(-5.50000008195639,3.00000004470348,2.93));
#6587=CARTESIAN_POINT('Origin',(5.50000008195639,3.00000004470348,2.93));
#6588=CARTESIAN_POINT('Origin',(-5.50000008195639,-3.00000004470348,2.93));
#6589=CARTESIAN_POINT('Origin',(5.50000008195639,-3.00000004470348,2.93));
#6590=CARTESIAN_POINT('Origin',(-2.91223098130279,3.95021440008582,3.08));
#6591=CARTESIAN_POINT('',(-6.52490099794465,4.01680795358251,3.08));
#6592=CARTESIAN_POINT('',(-2.91252786765023,4.03021384919952,3.08));
#6593=CARTESIAN_POINT('Origin',(-6.52460411159721,3.9368085044688,3.08));
#6594=CARTESIAN_POINT('Origin',(-5.8100592832743,4.01946080617107,3.5));
#6595=CARTESIAN_POINT('',(-6.52490099794465,4.01680795358251,3.42));
#6596=CARTESIAN_POINT('',(-2.91252786765023,4.03021384919952,3.42));
#6597=CARTESIAN_POINT('',(-6.52490099794465,4.01680795358251,3.5));
#6598=CARTESIAN_POINT('Origin',(-2.91223098130279,3.95021440008582,3.42));
#6599=CARTESIAN_POINT('Origin',(-6.52460411159721,3.9368085044688,3.42));
#6600=CARTESIAN_POINT('Origin',(8.32,-3.9335603693898,3.42));
#6601=CARTESIAN_POINT('',(8.32,-4.0135603693898,3.42));
#6602=CARTESIAN_POINT('',(8.4,-3.9335603693898,3.42));
#6603=CARTESIAN_POINT('Origin',(8.32,-3.9335603693898,3.42));
#6604=CARTESIAN_POINT('Origin',(8.32,-3.9335603693898,3.42));
#6605=CARTESIAN_POINT('Origin',(8.32,-3.9335603693898,3.42));
#6606=CARTESIAN_POINT('Origin',(8.32,3.9335603693898,3.42));
#6607=CARTESIAN_POINT('',(8.4,3.9335603693898,3.42));
#6608=CARTESIAN_POINT('Origin',(8.32,3.9335603693898,3.42));
#6609=CARTESIAN_POINT('',(8.32,4.0135603693898,3.42));
#6610=CARTESIAN_POINT('Origin',(8.32,3.9335603693898,3.42));
#6611=CARTESIAN_POINT('Origin',(8.32,3.9335603693898,3.42));
#6612=CARTESIAN_POINT('Origin',(8.32,3.9335603693898,3.08));
#6613=CARTESIAN_POINT('',(8.32,4.0135603693898,3.08));
#6614=CARTESIAN_POINT('',(8.4,3.9335603693898,3.08));
#6615=CARTESIAN_POINT('Origin',(8.32,3.9335603693898,3.08));
#6616=CARTESIAN_POINT('Origin',(8.32,3.9335603693898,3.08));
#6617=CARTESIAN_POINT('Origin',(8.32,3.9335603693898,3.08));
#6618=CARTESIAN_POINT('Origin',(8.32,-3.9335603693898,3.08));
#6619=CARTESIAN_POINT('',(8.4,-3.9335603693898,3.08));
#6620=CARTESIAN_POINT('Origin',(8.32,-3.9335603693898,3.08));
#6621=CARTESIAN_POINT('',(8.32,-4.0135603693898,3.08));
#6622=CARTESIAN_POINT('Origin',(8.32,-3.9335603693898,3.08));
#6623=CARTESIAN_POINT('Origin',(8.32,-3.9335603693898,3.08));
#6624=CARTESIAN_POINT('Origin',(8.32,-3.9335603693898,3.42));
#6625=CARTESIAN_POINT('',(8.32,-4.0135603693898,3.42));
#6626=CARTESIAN_POINT('',(8.4,-3.9335603693898,3.42));
#6627=CARTESIAN_POINT('Origin',(8.32,0.,3.08));
#6628=CARTESIAN_POINT('',(8.4,0.,3.08));
#6629=CARTESIAN_POINT('Origin',(8.32,3.9335603693898,3.25));
#6630=CARTESIAN_POINT('',(8.4,3.9335603693898,3.25));
#6631=CARTESIAN_POINT('',(8.32,4.0135603693898,3.25));
#6632=CARTESIAN_POINT('Origin',(8.32,0.,3.42));
#6633=CARTESIAN_POINT('',(8.4,0.,3.42));
#6634=CARTESIAN_POINT('Origin',(7.4,4.0135603693898,3.08));
#6635=CARTESIAN_POINT('',(7.4,4.0135603693898,3.08));
#6636=CARTESIAN_POINT('',(7.4,4.0135603693898,3.08));
#6637=CARTESIAN_POINT('',(7.4,4.0135603693898,3.42));
#6638=CARTESIAN_POINT('',(7.4,4.0135603693898,3.46));
#6639=CARTESIAN_POINT('',(7.4,4.0135603693898,3.42));
#6640=CARTESIAN_POINT('Ctrl Pts',(7.4,3.93355981850011,3.));
#6641=CARTESIAN_POINT('Ctrl Pts',(7.4,4.01356036939019,3.00000000000039));
#6642=CARTESIAN_POINT('Ctrl Pts',(7.4,4.0135603693898,3.08000000000039));
#6643=CARTESIAN_POINT('Ctrl Pts',(8.32,3.93355981850011,3.));
#6644=CARTESIAN_POINT('Ctrl Pts',(8.32,4.01356036939019,3.00000000000039));
#6645=CARTESIAN_POINT('Ctrl Pts',(8.32,4.0135603693898,3.08000000000039));
#6646=CARTESIAN_POINT('Origin',(7.4,3.93355981849971,3.08));
#6647=CARTESIAN_POINT('Ctrl Pts',(7.4,-4.0135603693898,3.08000000000039));
#6648=CARTESIAN_POINT('Ctrl Pts',(7.4,-4.01356036939019,3.00000000000039));
#6649=CARTESIAN_POINT('Ctrl Pts',(7.4,-3.93355981850011,3.));
#6650=CARTESIAN_POINT('Ctrl Pts',(8.32,-4.0135603693898,3.08000000000039));
#6651=CARTESIAN_POINT('Ctrl Pts',(8.32,-4.01356036939019,3.00000000000039));
#6652=CARTESIAN_POINT('Ctrl Pts',(8.32,-3.93355981850011,3.));
#6653=CARTESIAN_POINT('',(7.4,-4.0135603693898,3.08));
#6654=CARTESIAN_POINT('',(7.4,-4.0135603693898,3.08));
#6655=CARTESIAN_POINT('Origin',(7.4,-3.93355981849971,3.08));
#6656=CARTESIAN_POINT('Origin',(8.4,0.,3.42));
#6657=CARTESIAN_POINT('Ctrl Pts',(7.4,4.0135603693898,3.41999999999961));
#6658=CARTESIAN_POINT('Ctrl Pts',(7.4,4.01356036939019,3.49999999999961));
#6659=CARTESIAN_POINT('Ctrl Pts',(7.4,3.93355981850011,3.5));
#6660=CARTESIAN_POINT('Ctrl Pts',(8.32,4.0135603693898,3.41999999999961));
#6661=CARTESIAN_POINT('Ctrl Pts',(8.32,4.01356036939019,3.49999999999961));
#6662=CARTESIAN_POINT('Ctrl Pts',(8.32,3.93355981850011,3.5));
#6663=CARTESIAN_POINT('Origin',(7.4,3.93355981849971,3.42));
#6664=CARTESIAN_POINT('Origin',(7.4,-4.0135603693898,3.42));
#6665=CARTESIAN_POINT('',(7.4,-4.0135603693898,3.42));
#6666=CARTESIAN_POINT('',(7.4,-4.0135603693898,3.42));
#6667=CARTESIAN_POINT('',(7.4,-4.0135603693898,3.46));
#6668=CARTESIAN_POINT('Ctrl Pts',(7.4,-3.93355981850011,3.5));
#6669=CARTESIAN_POINT('Ctrl Pts',(7.4,-4.01356036939019,3.49999999999961));
#6670=CARTESIAN_POINT('Ctrl Pts',(7.4,-4.0135603693898,3.41999999999961));
#6671=CARTESIAN_POINT('Ctrl Pts',(8.32,-3.93355981850011,3.5));
#6672=CARTESIAN_POINT('Ctrl Pts',(8.32,-4.01356036939019,3.49999999999961));
#6673=CARTESIAN_POINT('Ctrl Pts',(8.32,-4.0135603693898,3.41999999999961));
#6674=CARTESIAN_POINT('Origin',(7.4,-3.93355981849971,3.42));
#6675=CARTESIAN_POINT('Origin',(2.91223098130279,-3.95021440008582,3.08));
#6676=CARTESIAN_POINT('',(6.52490099794465,-4.01680795358251,3.08));
#6677=CARTESIAN_POINT('',(2.91252786765023,-4.03021384919952,3.08));
#6678=CARTESIAN_POINT('Origin',(6.52460411159721,-3.9368085044688,3.08));
#6679=CARTESIAN_POINT('Origin',(5.8100592832743,-4.01946080617107,3.5));
#6680=CARTESIAN_POINT('',(6.52490099794465,-4.01680795358251,3.42));
#6681=CARTESIAN_POINT('',(2.91252786765023,-4.03021384919952,3.42));
#6682=CARTESIAN_POINT('',(6.52490099794465,-4.01680795358251,3.5));
#6683=CARTESIAN_POINT('Origin',(2.91223098130279,-3.95021440008582,3.42));
#6684=CARTESIAN_POINT('Origin',(6.52460411159721,-3.9368085044688,3.42));
#6685=CARTESIAN_POINT('Origin',(6.52460411159721,3.9368085044688,3.));
#6686=CARTESIAN_POINT('',(6.52460411159721,3.9368085044688,3.));
#6687=CARTESIAN_POINT('Origin',(6.52460411159721,3.9368085044688,3.));
#6688=CARTESIAN_POINT('Origin',(-0.265836171433006,-0.0290277220985038,
3.));
#6689=CARTESIAN_POINT('Origin',(0.,0.,3.));
#6690=CARTESIAN_POINT('',(3.7000000551343,-1.9974319743329,3.));
#6691=CARTESIAN_POINT('Origin',(3.7000000551343,-3.99486394866581,2.8));
#6692=CARTESIAN_POINT('Origin',(6.32413963821102,-3.99486394866581,3.));
#6693=CARTESIAN_POINT('',(-6.32413963821102,-3.99486394866581,3.));
#6694=CARTESIAN_POINT('Origin',(-6.32413963821102,3.9368085044688,3.));
#6695=CARTESIAN_POINT('Origin',(-6.32413963821102,2.71412278524621,3.));
#6696=CARTESIAN_POINT('',(-6.32413963821102,2.71412278524621,3.));
#6697=CARTESIAN_POINT('Origin',(-6.50000011175871,2.40000004321337,3.));
#6698=CARTESIAN_POINT('',(-6.32413963821102,2.08587730118052,3.));
#6699=CARTESIAN_POINT('Origin',(-6.32413963821102,1.61412276885494,3.));
#6700=CARTESIAN_POINT('',(-6.32413963821102,1.61412276885494,3.));
#6701=CARTESIAN_POINT('Origin',(-6.50000011175871,1.30000002682209,3.));
#6702=CARTESIAN_POINT('',(-6.32413963821102,0.985877284789247,3.));
#6703=CARTESIAN_POINT('Origin',(-6.32413963821102,-0.985877284789245,3.));
#6704=CARTESIAN_POINT('',(-6.32413963821102,-0.985877284789245,3.));
#6705=CARTESIAN_POINT('Origin',(-6.50000011175871,-1.30000002682209,3.));
#6706=CARTESIAN_POINT('',(-6.32413963821102,-1.61412276885493,3.));
#6707=CARTESIAN_POINT('Origin',(-6.32413963821102,-2.08587730118052,3.));
#6708=CARTESIAN_POINT('',(-6.32413963821102,-2.08587730118052,3.));
#6709=CARTESIAN_POINT('Origin',(-6.50000011175871,-2.40000004321337,3.));
#6710=CARTESIAN_POINT('',(-6.32413963821102,-2.71412278524621,3.));
#6711=CARTESIAN_POINT('Origin',(-6.32413963821102,-3.99486394866581,3.));
#6712=CARTESIAN_POINT('Origin',(6.52460411159721,3.9368085044688,3.));
#6713=CARTESIAN_POINT('Origin',(0.881684247290433,-3.30335935188351,3.08));
#6714=CARTESIAN_POINT('',(-6.80208812892968,-8.5969134786517,3.06924258261713));
#6715=CARTESIAN_POINT('Origin',(-6.79261246480819,-8.49479536301034,3.08));
#6716=CARTESIAN_POINT('',(-0.282831776342326,-4.1877054890554,3.08));
#6717=CARTESIAN_POINT('Origin',(-0.327656525758671,-4.12144281600516,3.08));
#6718=CARTESIAN_POINT('',(-6.80168102943101,-8.5975152779106,3.08));
#6719=CARTESIAN_POINT('',(0.926508996706777,-3.36962202493374,3.08));
#6720=CARTESIAN_POINT('Origin',(-6.84650577884736,-8.53125260486037,3.08));
#6721=CARTESIAN_POINT('Origin',(7.1746209926932,-8.1170312531679,3.08));
#6722=CARTESIAN_POINT('',(6.82279258825811,-8.57746088384579,3.08));
#6723=CARTESIAN_POINT('Origin',(6.81304820492966,-8.47458668018669,3.08));
#6724=CARTESIAN_POINT('',(6.8000001013279,-8.60000012814999,3.08));
#6725=CARTESIAN_POINT('',(7.23087264113201,-8.17391492435671,3.08));
#6726=CARTESIAN_POINT('Origin',(6.79043759024083,-8.49694607299451,3.08));
#6727=CARTESIAN_POINT('Origin',(2.53277051272518,-5.60291746270848,3.08));
#6728=CARTESIAN_POINT('',(6.8270291891006,-8.58030324994934,3.08));
#6729=CARTESIAN_POINT('Origin',(6.81700465998534,-8.47724109445856,3.08));
#6730=CARTESIAN_POINT('',(2.48819965344846,-5.66935117781863,3.08));
#6731=CARTESIAN_POINT('Origin',(7.1746209926932,-8.1170312531679,3.08));
#6732=CARTESIAN_POINT('',(7.52828441334179,-7.87980763306789,3.08));
#6733=CARTESIAN_POINT('Ctrl Pts',(7.52828441334179,-7.87980763306789,3.08));
#6734=CARTESIAN_POINT('Ctrl Pts',(7.52827679284413,-7.87981516889576,3.07332545810912));
#6735=CARTESIAN_POINT('Ctrl Pts',(7.52767878538091,-7.87922568438813,3.06665135151487));
#6736=CARTESIAN_POINT('Ctrl Pts',(7.52650871200162,-7.87805770644306,3.06018479291538));
#6737=CARTESIAN_POINT('Ctrl Pts',(7.52533896965116,-7.87689005893399,3.05372006378861));
#6738=CARTESIAN_POINT('Ctrl Pts',(7.52359763816174,-7.87514440012145,3.04746360726496));
#6739=CARTESIAN_POINT('Ctrl Pts',(7.52133848843858,-7.87287510506072,3.04160946659275));
#6740=CARTESIAN_POINT('Ctrl Pts',(7.5190798669217,-7.87060634057832,3.03575669466286));
#6741=CARTESIAN_POINT('Ctrl Pts',(7.51630396362935,-7.86781448233344,3.03030681161118));
#6742=CARTESIAN_POINT('Ctrl Pts',(7.5130965968718,-7.86458631285918,3.02542876661093));
#6743=CARTESIAN_POINT('Ctrl Pts',(7.50988729238278,-7.8613561930855,3.02054777453853));
#6744=CARTESIAN_POINT('Ctrl Pts',(7.50624641763903,-7.85768965409306,3.01623995152411));
#6745=CARTESIAN_POINT('Ctrl Pts',(7.50228674023515,-7.85370073049153,3.01263900220139));
#6746=CARTESIAN_POINT('Ctrl Pts',(7.49832921672422,-7.84971397669161,3.00904001163909));
#6747=CARTESIAN_POINT('Ctrl Pts',(7.49405375374932,-7.84540571117731,3.00614759097959));
#6748=CARTESIAN_POINT('Ctrl Pts',(7.48959267242085,-7.84090974177017,3.0040514173849));
#6749=CARTESIAN_POINT('Ctrl Pts',(7.48513100554528,-7.83641318223661,3.00195496865324));
#6750=CARTESIAN_POINT('Ctrl Pts',(7.48048425143049,-7.83172945589198,3.00065525013834));
#6751=CARTESIAN_POINT('Ctrl Pts',(7.47579628014646,-7.82700404927721,3.00019256904174));
#6752=CARTESIAN_POINT('Ctrl Pts',(7.47449603858115,-7.82569342476156,3.00006424120933));
#6753=CARTESIAN_POINT('Ctrl Pts',(7.47319266523664,-7.82437963327919,3.));
#6754=CARTESIAN_POINT('Ctrl Pts',(7.47188929138918,-7.82306584128823,3.));
#6755=CARTESIAN_POINT('',(8.58962634296376,-6.83025805494226,3.08));
#6756=CARTESIAN_POINT('Origin',(8.47649102333614,-6.82962603219225,3.08));
#6757=CARTESIAN_POINT('',(7.23087264113201,-8.17391492435671,3.08));
#6758=CARTESIAN_POINT('Origin',(8.09132123528725,7.20430487286493,3.08));
#6759=CARTESIAN_POINT('',(7.52828441334179,7.87980763306789,3.08));
#6760=CARTESIAN_POINT('Ctrl Pts',(7.52828441334179,7.87980763306789,3.08));
#6761=CARTESIAN_POINT('Ctrl Pts',(7.52829199572836,7.87980005889465,3.07332545810912));
#6762=CARTESIAN_POINT('Ctrl Pts',(7.52770618701979,7.87919845016151,3.06665135151487));
#6763=CARTESIAN_POINT('Ctrl Pts',(7.52654540149057,7.87802124111115,3.06018479291538));
#6764=CARTESIAN_POINT('Ctrl Pts',(7.52538494436254,7.87684436510839,3.05372006378861));
#6765=CARTESIAN_POINT('Ctrl Pts',(7.52364998961697,7.87509236851116,3.04746360726496));
#6766=CARTESIAN_POINT('Ctrl Pts',(7.52139458176741,7.87281935443808,3.04160946659275));
#6767=CARTESIAN_POINT('Ctrl Pts',(7.51913970124924,7.87054687181286,3.03575669466286));
#6768=CARTESIAN_POINT('Ctrl Pts',(7.51636490681506,7.86775391148446,3.03030681161117));
#6769=CARTESIAN_POINT('Ctrl Pts',(7.51315645345367,7.86452682197536,3.02542876661093));
#6770=CARTESIAN_POINT('Ctrl Pts',(7.50994606170434,7.86129778281929,3.02054777453852));
#6771=CARTESIAN_POINT('Ctrl Pts',(7.50630190369489,7.85763450703321,3.01623995152411));
#6772=CARTESIAN_POINT('Ctrl Pts',(7.50233732082741,7.853650458925,3.01263900220139));
#6773=CARTESIAN_POINT('Ctrl Pts',(7.49837489452124,7.84966857796634,3.00904001163909));
#6774=CARTESIAN_POINT('Ctrl Pts',(7.4940929109455,7.84536679321481,3.00614759097959));
#6775=CARTESIAN_POINT('Ctrl Pts',(7.48962436451433,7.84087824330179,3.0040514173849));
#6776=CARTESIAN_POINT('Ctrl Pts',(7.48515523155621,7.83638910423621,3.00195496865324));
#6777=CARTESIAN_POINT('Ctrl Pts',(7.48050006955956,7.83171373440489,3.00065525013834));
#6778=CARTESIAN_POINT('Ctrl Pts',(7.4758034806639,7.82699689275184,3.00019256904174));
#6779=CARTESIAN_POINT('Ctrl Pts',(7.47450084894384,7.82568864378812,3.00006424120933));
#6780=CARTESIAN_POINT('Ctrl Pts',(7.47319506950881,7.82437724369609,3.));
#6781=CARTESIAN_POINT('Ctrl Pts',(7.47188928956828,7.82306584309801,3.));
#6782=CARTESIAN_POINT('',(6.8270291891006,8.58030324994934,3.08));
#6783=CARTESIAN_POINT('Origin',(6.81700465998534,8.47724109445856,3.08));
#6784=CARTESIAN_POINT('',(8.14785911504504,7.26090406148538,3.08));
#6785=CARTESIAN_POINT('Origin',(0.866555894362873,3.28099569973005,3.08));
#6786=CARTESIAN_POINT('',(-6.51035497968595,8.3678442357126,3.08));
#6787=CARTESIAN_POINT('Ctrl Pts',(-6.51035497968595,8.3678442357126,3.08000000000001));
#6788=CARTESIAN_POINT('Ctrl Pts',(-6.51034824580098,8.36783968043748,3.07332545810913));
#6789=CARTESIAN_POINT('Ctrl Pts',(-6.51081196831196,8.36713966788139,3.06665135151488));
#6790=CARTESIAN_POINT('Ctrl Pts',(-6.51173154788755,8.36576577966458,3.06018479291539));
#6791=CARTESIAN_POINT('Ctrl Pts',(-6.51265086730224,8.36439228013844,3.05372006378862));
#6792=CARTESIAN_POINT('Ctrl Pts',(-6.51402566385643,8.36234546657998,3.04746360726497));
#6793=CARTESIAN_POINT('Ctrl Pts',(-6.51581308960842,8.35968867942478,3.04160946659276));
#6794=CARTESIAN_POINT('Ctrl Pts',(-6.51760009744676,8.35703251344648,3.03575669466287));
#6795=CARTESIAN_POINT('Ctrl Pts',(-6.5197993070002,8.35376700580241,3.03030681161118));
#6796=CARTESIAN_POINT('Ctrl Pts',(-6.52234233299718,8.34999324776352,3.02542876661094));
#6797=CARTESIAN_POINT('Ctrl Pts',(-6.52488689536398,8.34621720980773,3.02054777453853));
#6798=CARTESIAN_POINT('Ctrl Pts',(-6.52777535927075,8.34193279566242,3.01623995152411));
#6799=CARTESIAN_POINT('Ctrl Pts',(-6.53091786461009,8.3372728420081,3.0126390022014));
#6800=CARTESIAN_POINT('Ctrl Pts',(-6.53405866056267,8.33261542316667,3.0090400116391));
#6801=CARTESIAN_POINT('Ctrl Pts',(-6.5374528101004,8.32758348163416,3.0061475909796));
#6802=CARTESIAN_POINT('Ctrl Pts',(-6.54099487168011,8.32233288751784,3.00405141738491));
#6803=CARTESIAN_POINT('Ctrl Pts',(-6.54453739817938,8.31708160422552,3.00195496865324));
#6804=CARTESIAN_POINT('Ctrl Pts',(-6.54822741349627,8.31161229398539,3.00065525013834));
#6805=CARTESIAN_POINT('Ctrl Pts',(-6.55195027317121,8.30609443121597,3.00019256904174));
#6806=CARTESIAN_POINT('Ctrl Pts',(-6.55298283429369,8.30456401345319,3.00006424120933));
#6807=CARTESIAN_POINT('Ctrl Pts',(-6.55401789100914,8.30302990655298,3.));
#6808=CARTESIAN_POINT('Ctrl Pts',(-6.55505294812536,8.30149579906032,3.));
#6809=CARTESIAN_POINT('',(-6.82597129489,8.58134939011534,3.08));
#6810=CARTESIAN_POINT('Origin',(-6.81640878380294,8.47829533495986,3.08));
#6811=CARTESIAN_POINT('',(0.91138064377921,3.34725837278028,3.08));
#6812=CARTESIAN_POINT('Origin',(-7.17813672072063,8.1205864826172,3.08));
#6813=CARTESIAN_POINT('',(-8.59314207099119,6.83381328439156,3.08));
#6814=CARTESIAN_POINT('Origin',(-8.48000675136357,6.83318126164155,3.08));
#6815=CARTESIAN_POINT('',(-7.23438836915943,8.17747015380602,3.08));
#6816=CARTESIAN_POINT('Origin',(-8.09132123528725,-7.20430487286493,3.08));
#6817=CARTESIAN_POINT('',(-7.52828441334179,-7.87980763306789,3.08));
#6818=CARTESIAN_POINT('Ctrl Pts',(-7.52828441334179,-7.87980763306789,3.08));
#6819=CARTESIAN_POINT('Ctrl Pts',(-7.52829199572836,-7.87980005889465,3.07332545810912));
#6820=CARTESIAN_POINT('Ctrl Pts',(-7.52770618701979,-7.87919845016151,3.06665135151487));
#6821=CARTESIAN_POINT('Ctrl Pts',(-7.52654540149057,-7.87802124111115,3.06018479291538));
#6822=CARTESIAN_POINT('Ctrl Pts',(-7.52538494436254,-7.87684436510839,3.05372006378861));
#6823=CARTESIAN_POINT('Ctrl Pts',(-7.52364998961697,-7.87509236851116,3.04746360726496));
#6824=CARTESIAN_POINT('Ctrl Pts',(-7.52139458176741,-7.87281935443808,3.04160946659275));
#6825=CARTESIAN_POINT('Ctrl Pts',(-7.51913970124924,-7.87054687181286,3.03575669466286));
#6826=CARTESIAN_POINT('Ctrl Pts',(-7.51636490681506,-7.86775391148446,3.03030681161117));
#6827=CARTESIAN_POINT('Ctrl Pts',(-7.51315645345367,-7.86452682197536,3.02542876661093));
#6828=CARTESIAN_POINT('Ctrl Pts',(-7.50994606170434,-7.86129778281929,3.02054777453852));
#6829=CARTESIAN_POINT('Ctrl Pts',(-7.50630190369489,-7.85763450703321,3.01623995152411));
#6830=CARTESIAN_POINT('Ctrl Pts',(-7.50233732082741,-7.853650458925,3.01263900220139));
#6831=CARTESIAN_POINT('Ctrl Pts',(-7.49837489452124,-7.84966857796634,3.00904001163909));
#6832=CARTESIAN_POINT('Ctrl Pts',(-7.4940929109455,-7.84536679321481,3.00614759097959));
#6833=CARTESIAN_POINT('Ctrl Pts',(-7.48962436451433,-7.84087824330179,3.0040514173849));
#6834=CARTESIAN_POINT('Ctrl Pts',(-7.48515523155621,-7.83638910423621,3.00195496865324));
#6835=CARTESIAN_POINT('Ctrl Pts',(-7.48050006955956,-7.83171373440489,3.00065525013834));
#6836=CARTESIAN_POINT('Ctrl Pts',(-7.4758034806639,-7.82699689275184,3.00019256904174));
#6837=CARTESIAN_POINT('Ctrl Pts',(-7.47450084894384,-7.82568864378812,3.00006424120933));
#6838=CARTESIAN_POINT('Ctrl Pts',(-7.47319506950881,-7.82437724369609,3.));
#6839=CARTESIAN_POINT('Ctrl Pts',(-7.47188928956828,-7.82306584309801,3.));
#6840=CARTESIAN_POINT('',(-6.8270291891006,-8.58030324994934,3.08));
#6841=CARTESIAN_POINT('Origin',(-6.81700465998534,-8.47724109445856,3.08));
#6842=CARTESIAN_POINT('',(-8.14785911504504,-7.26090406148538,3.08));
#6843=CARTESIAN_POINT('Origin',(-7.1746209926932,-8.1170312531679,3.08));
#6844=CARTESIAN_POINT('',(-6.8000001013279,-8.60000012814999,3.08));
#6845=CARTESIAN_POINT('Origin',(-7.02990781266289,-8.26013655487225,3.08));
#6846=CARTESIAN_POINT('',(-6.82279258825811,-8.57746088384579,3.08));
#6847=CARTESIAN_POINT('',(-7.23087264113201,-8.17391492435671,3.08));
#6848=CARTESIAN_POINT('Origin',(-6.81304820492966,-8.47458668018669,3.08));
#6849=CARTESIAN_POINT('Origin',(-2.53277051272518,-5.60291746270849,3.08));
#6850=CARTESIAN_POINT('',(-2.48819965344846,-5.66935117781863,3.08));
#6851=CARTESIAN_POINT('Origin',(-7.1746209926932,-8.1170312531679,3.08));
#6852=CARTESIAN_POINT('',(-8.58962634296376,-6.83025805494226,3.08));
#6853=CARTESIAN_POINT('',(-7.23087264113201,-8.17391492435671,3.08));
#6854=CARTESIAN_POINT('Origin',(-8.47649102333614,-6.82962603219225,3.08));
#6855=CARTESIAN_POINT('Origin',(-3.31208655146216,-1.60719621871375,3.08));
#6856=CARTESIAN_POINT('',(-6.31270055478949,-4.52774956940443,3.08));
#6857=CARTESIAN_POINT('',(-3.36897022265098,-1.55094457027494,3.08));
#6858=CARTESIAN_POINT('Origin',(-6.25581688360067,-4.58400121784323,3.08));
#6859=CARTESIAN_POINT('Origin',(-6.52601432174754,-4.31680588775891,3.08));
#6860=CARTESIAN_POINT('Origin',(-6.52601432174754,-4.31680588775891,3.08));
#6861=CARTESIAN_POINT('Origin',(-6.52601432174754,4.31680588775891,3.08));
#6862=CARTESIAN_POINT('',(-6.31270055478949,4.52774956940443,3.08));
#6863=CARTESIAN_POINT('Origin',(-6.25581688360067,4.58400121784323,3.08));
#6864=CARTESIAN_POINT('Origin',(-6.52601432174754,4.31680588775891,3.08));
#6865=CARTESIAN_POINT('Origin',(-4.7036279453206,3.01437245782399,3.08));
#6866=CARTESIAN_POINT('',(-4.76051161650942,2.95812080938519,3.08));
#6867=CARTESIAN_POINT('Origin',(-2.53277051272518,5.60291746270848,3.08));
#6868=CARTESIAN_POINT('',(-0.27972136630586,4.18766714451235,3.08));
#6869=CARTESIAN_POINT('',(-2.48819965344846,5.66935117781863,3.08));
#6870=CARTESIAN_POINT('Origin',(-0.324292225582575,4.12123342940221,3.08));
#6871=CARTESIAN_POINT('Origin',(-0.00115349582639312,4.60287786395073,3.08));
#6872=CARTESIAN_POINT('',(0.279001188025712,4.18873615738674,3.08));
#6873=CARTESIAN_POINT('Origin',(0.323825937442049,4.12247348433651,3.08));
#6874=CARTESIAN_POINT('Origin',(-0.00115349582639312,4.60287786395073,3.08));
#6875=CARTESIAN_POINT('Origin',(-0.883365175393998,3.30584420212389,3.08));
#6876=CARTESIAN_POINT('',(6.8000001013279,8.60000012814999,3.08));
#6877=CARTESIAN_POINT('',(-0.928189924810335,3.37210687517412,3.08));
#6878=CARTESIAN_POINT('Origin',(6.79043759024083,8.49694607299451,3.08));
#6879=CARTESIAN_POINT('Origin',(7.1746209926932,8.1170312531679,3.08));
#6880=CARTESIAN_POINT('',(6.82279258825811,8.57746088384579,3.08));
#6881=CARTESIAN_POINT('',(7.23087264113201,8.17391492435671,3.08));
#6882=CARTESIAN_POINT('Origin',(6.81304820492966,8.47458668018669,3.08));
#6883=CARTESIAN_POINT('Origin',(2.53277051272518,5.60291746270849,3.08));
#6884=CARTESIAN_POINT('',(2.48819965344846,5.66935117781863,3.08));
#6885=CARTESIAN_POINT('Origin',(7.1746209926932,8.1170312531679,3.08));
#6886=CARTESIAN_POINT('',(8.58962634296376,6.83025805494226,3.08));
#6887=CARTESIAN_POINT('',(7.23087264113201,8.17391492435671,3.08));
#6888=CARTESIAN_POINT('Origin',(8.47649102333614,6.82962603219225,3.08));
#6889=CARTESIAN_POINT('Origin',(3.31208655146216,1.60719621871375,3.08));
#6890=CARTESIAN_POINT('',(6.31270055478949,4.52774956940443,3.08));
#6891=CARTESIAN_POINT('',(3.36897022265098,1.55094457027494,3.08));
#6892=CARTESIAN_POINT('Origin',(6.25581688360068,4.58400121784323,3.08));
#6893=CARTESIAN_POINT('Origin',(6.52601432174754,4.31680588775891,3.08));
#6894=CARTESIAN_POINT('',(6.52490099794465,4.01680795358251,3.08));
#6895=CARTESIAN_POINT('Origin',(6.52460411159721,3.9368085044688,3.08));
#6896=CARTESIAN_POINT('Origin',(6.52601432174754,4.31680588775891,3.08));
#6897=CARTESIAN_POINT('Origin',(5.53420027431358,3.94048399700028,3.08));
#6898=CARTESIAN_POINT('',(5.53449716066102,4.02048344611399,3.08));
#6899=CARTESIAN_POINT('Origin',(6.52601432174754,-4.31680588775891,3.08));
#6900=CARTESIAN_POINT('',(6.31270055478949,-4.52774956940443,3.08));
#6901=CARTESIAN_POINT('Origin',(6.25581688360067,-4.58400121784323,3.08));
#6902=CARTESIAN_POINT('Origin',(6.52601432174754,-4.31680588775891,3.08));
#6903=CARTESIAN_POINT('Origin',(4.7036279453206,-3.01437245782399,3.08));
#6904=CARTESIAN_POINT('',(4.76051161650942,-2.95812080938519,3.08));
#6905=CARTESIAN_POINT('Origin',(8.09132123528725,-7.20430487286493,3.08));
#6906=CARTESIAN_POINT('',(8.14785911504504,-7.26090406148538,3.08));
#6907=CARTESIAN_POINT('Origin',(-0.883365175393999,-3.30584420212389,3.08));
#6908=CARTESIAN_POINT('',(0.277477591361932,-4.18770548905536,3.08));
#6909=CARTESIAN_POINT('',(-0.928189924810336,-3.37210687517412,3.08));
#6910=CARTESIAN_POINT('Origin',(0.322302340778269,-4.12144281600513,3.08));
#6911=CARTESIAN_POINT('Origin',(-0.00267709249017315,-4.60184719561935,
3.08));
#6912=CARTESIAN_POINT('Origin',(-0.00267709249017315,-4.60184719561935,
3.08));
#6913=CARTESIAN_POINT('Origin',(-6.52601432174754,-4.31680588775891,3.5));
#6914=CARTESIAN_POINT('',(-6.31270055478949,-4.52774956940443,3.42));
#6915=CARTESIAN_POINT('',(-6.31270055478949,-4.52774956940443,3.5));
#6916=CARTESIAN_POINT('Origin',(-6.52601432174754,-4.31680588775891,3.42));
#6917=CARTESIAN_POINT('Origin',(-5.81005928327431,-4.01946080617107,3.5));
#6918=CARTESIAN_POINT('',(-8.58962634296376,-6.83025805494226,3.42));
#6919=CARTESIAN_POINT('',(-8.58962634296376,-6.83025805494226,3.25));
#6920=CARTESIAN_POINT('',(-3.36897022265098,-1.55094457027494,3.42));
#6921=CARTESIAN_POINT('Origin',(-6.8000001013279,-8.60000012814999,3.));
#6922=CARTESIAN_POINT('',(-7.52828441334179,-7.87980763306789,3.42));
#6923=CARTESIAN_POINT('',(-7.52828441334179,-7.87980763306789,3.25));
#6924=CARTESIAN_POINT('',(-7.23087264113201,-8.17391492435671,3.42));
#6925=CARTESIAN_POINT('Origin',(-8.59575408931918,-6.81349425196593,3.5));
#6926=CARTESIAN_POINT('',(-6.8270291891006,-8.58030324994934,3.42));
#6927=CARTESIAN_POINT('',(-6.8270291891006,-8.58030324994934,3.5));
#6928=CARTESIAN_POINT('',(-8.14785911504504,-7.26090406148538,3.42));
#6929=CARTESIAN_POINT('Origin',(-6.8270291891006,-8.58030324994934,3.5));
#6930=CARTESIAN_POINT('',(-6.82279258825811,-8.57746088384579,3.42));
#6931=CARTESIAN_POINT('',(-6.82279258825811,-8.57746088384579,3.25));
#6932=CARTESIAN_POINT('',(-2.48819965344846,-5.66935117781863,3.42));
#6933=CARTESIAN_POINT('Origin',(-6.8000001013279,-8.60000012814999,3.));
#6934=CARTESIAN_POINT('',(-6.8000001013279,-8.60000012814999,3.42));
#6935=CARTESIAN_POINT('',(-6.8000001013279,-8.60000012814999,3.));
#6936=CARTESIAN_POINT('',(-7.23087264113201,-8.17391492435671,3.42));
#6937=CARTESIAN_POINT('Origin',(-6.8000001013279,-8.60000012814999,3.));
#6938=CARTESIAN_POINT('',(-6.80168102943101,-8.5975152779106,3.42));
#6939=CARTESIAN_POINT('',(-6.80168102943101,-8.5975152779106,3.));
#6940=CARTESIAN_POINT('',(-6.80208812892968,-8.5969134786517,3.43075741738287));
#6941=CARTESIAN_POINT('Origin',(-6.84650577884736,-8.53125260486037,3.42));
#6942=CARTESIAN_POINT('Origin',(-7.02990781266289,-8.26013655487225,3.42));
#6943=CARTESIAN_POINT('Origin',(-0.00168092810364536,-3.99751520936448,
3.));
#6944=CARTESIAN_POINT('',(-0.282831776342326,-4.1877054890554,3.42));
#6945=CARTESIAN_POINT('',(-0.282831776342326,-4.1877054890554,3.));
#6946=CARTESIAN_POINT('',(0.926508996706777,-3.36962202493374,3.42));
#6947=CARTESIAN_POINT('Origin',(-0.00267709249017315,-4.60184719561935,
3.));
#6948=CARTESIAN_POINT('',(0.277477591361932,-4.18770548905536,3.42));
#6949=CARTESIAN_POINT('',(0.277477591361932,-4.18770548905536,3.));
#6950=CARTESIAN_POINT('Origin',(-0.00267709249017315,-4.60184719561935,
3.42));
#6951=CARTESIAN_POINT('Origin',(3.9831969274172E-16,-4.00000005960465,3.));
#6952=CARTESIAN_POINT('',(6.8000001013279,-8.60000012814999,3.42));
#6953=CARTESIAN_POINT('',(6.8000001013279,-8.60000012814999,3.));
#6954=CARTESIAN_POINT('',(-0.928189924810336,-3.37210687517412,3.42));
#6955=CARTESIAN_POINT('Origin',(6.8000001013279,-8.60000012814999,3.));
#6956=CARTESIAN_POINT('',(6.82279258825811,-8.57746088384579,3.42));
#6957=CARTESIAN_POINT('',(6.82279258825811,-8.57746088384579,3.25));
#6958=CARTESIAN_POINT('',(7.23087264113201,-8.17391492435671,3.42));
#6959=CARTESIAN_POINT('Origin',(6.8270291891006,-8.58030324994934,3.5));
#6960=CARTESIAN_POINT('',(6.8270291891006,-8.58030324994934,3.42));
#6961=CARTESIAN_POINT('',(6.8270291891006,-8.58030324994934,3.5));
#6962=CARTESIAN_POINT('',(2.48819965344846,-5.66935117781863,3.42));
#6963=CARTESIAN_POINT('Origin',(8.59575408931918,-6.81349425196594,3.5));
#6964=CARTESIAN_POINT('',(7.52828441334179,-7.87980763306789,3.42));
#6965=CARTESIAN_POINT('',(7.52828441334179,-7.87980763306789,3.25));
#6966=CARTESIAN_POINT('',(8.14785911504504,-7.26090406148538,3.42));
#6967=CARTESIAN_POINT('Origin',(6.8000001013279,-8.60000012814999,3.));
#6968=CARTESIAN_POINT('',(8.58962634296376,-6.83025805494226,3.42));
#6969=CARTESIAN_POINT('',(8.58962634296376,-6.83025805494226,3.25));
#6970=CARTESIAN_POINT('',(7.23087264113201,-8.17391492435671,3.42));
#6971=CARTESIAN_POINT('Origin',(8.59314207099119,-6.83381328439156,3.5));
#6972=CARTESIAN_POINT('',(6.31270055478949,-4.52774956940443,3.42));
#6973=CARTESIAN_POINT('',(6.31270055478949,-4.52774956940443,3.5));
#6974=CARTESIAN_POINT('',(4.76051161650942,-2.95812080938519,3.42));
#6975=CARTESIAN_POINT('Origin',(6.52601432174754,-4.31680588775891,3.5));
#6976=CARTESIAN_POINT('Origin',(6.52601432174754,-4.31680588775891,3.42));
#6977=CARTESIAN_POINT('Origin',(0.881684247290433,-3.30335935188351,3.42));
#6978=CARTESIAN_POINT('Origin',(-6.79261246480819,-8.49479536301034,3.42));
#6979=CARTESIAN_POINT('Origin',(-0.327656525758671,-4.12144281600516,3.42));
#6980=CARTESIAN_POINT('Origin',(2.53277051272518,-5.60291746270848,3.42));
#6981=CARTESIAN_POINT('Origin',(6.81700465998534,-8.47724109445856,3.42));
#6982=CARTESIAN_POINT('Origin',(6.81304820492966,-8.47458668018669,3.42));
#6983=CARTESIAN_POINT('Origin',(8.09132123528725,-7.20430487286493,3.42));
#6984=CARTESIAN_POINT('Ctrl Pts',(7.52828441334179,-7.87980763306789,3.42));
#6985=CARTESIAN_POINT('Ctrl Pts',(7.52829199572835,-7.87980005889465,3.42667454189087));
#6986=CARTESIAN_POINT('Ctrl Pts',(7.52770618701979,-7.87919845016151,3.43334864848513));
#6987=CARTESIAN_POINT('Ctrl Pts',(7.52654540149057,-7.87802124111115,3.43981520708462));
#6988=CARTESIAN_POINT('Ctrl Pts',(7.52538494436254,-7.87684436510839,3.44627993621138));
#6989=CARTESIAN_POINT('Ctrl Pts',(7.52364998961698,-7.87509236851116,3.45253639273503));
#6990=CARTESIAN_POINT('Ctrl Pts',(7.52139458176741,-7.87281935443808,3.45839053340725));
#6991=CARTESIAN_POINT('Ctrl Pts',(7.51913970124925,-7.87054687181286,3.46424330533713));
#6992=CARTESIAN_POINT('Ctrl Pts',(7.51636490681506,-7.86775391148446,3.46969318838882));
#6993=CARTESIAN_POINT('Ctrl Pts',(7.51315645345367,-7.86452682197536,3.47457123338907));
#6994=CARTESIAN_POINT('Ctrl Pts',(7.50994606170435,-7.8612977828193,3.47945222546147));
#6995=CARTESIAN_POINT('Ctrl Pts',(7.5063019036949,-7.85763450703321,3.48376004847589));
#6996=CARTESIAN_POINT('Ctrl Pts',(7.50233732082742,-7.853650458925,3.4873609977986));
#6997=CARTESIAN_POINT('Ctrl Pts',(7.49837489452125,-7.84966857796635,3.4909599883609));
#6998=CARTESIAN_POINT('Ctrl Pts',(7.4940929109455,-7.84536679321482,3.4938524090204));
#6999=CARTESIAN_POINT('Ctrl Pts',(7.48962436451434,-7.84087824330179,3.4959485826151));
#7000=CARTESIAN_POINT('Ctrl Pts',(7.48515523155622,-7.83638910423622,3.49804503134676));
#7001=CARTESIAN_POINT('Ctrl Pts',(7.48050006955956,-7.8317137344049,3.49934474986166));
#7002=CARTESIAN_POINT('Ctrl Pts',(7.4758034806639,-7.82699689275185,3.49980743095826));
#7003=CARTESIAN_POINT('Ctrl Pts',(7.47450084894384,-7.82568864378813,3.49993575879067));
#7004=CARTESIAN_POINT('Ctrl Pts',(7.47319506950881,-7.82437724369609,3.5));
#7005=CARTESIAN_POINT('Ctrl Pts',(7.47188928956827,-7.82306584309801,3.5));
#7006=CARTESIAN_POINT('Origin',(4.7036279453206,-3.01437245782399,3.42));
#7007=CARTESIAN_POINT('Origin',(6.25581688360067,-4.58400121784323,3.42));
#7008=CARTESIAN_POINT('Origin',(8.47649102333614,-6.82962603219225,3.42));
#7009=CARTESIAN_POINT('Origin',(6.52601432174754,-4.31680588775891,3.42));
#7010=CARTESIAN_POINT('Origin',(-2.53277051272518,5.60291746270848,3.42));
#7011=CARTESIAN_POINT('',(-6.51035497968595,8.3678442357126,3.42));
#7012=CARTESIAN_POINT('Ctrl Pts',(-6.51035497968595,8.3678442357126,3.41999999999999));
#7013=CARTESIAN_POINT('Ctrl Pts',(-6.51036173095291,8.36784876518636,3.42667454189086));
#7014=CARTESIAN_POINT('Ctrl Pts',(-6.51083627392183,8.36715604221395,3.43334864848512));
#7015=CARTESIAN_POINT('Ctrl Pts',(-6.5117640919529,8.36578770412364,3.43981520708461));
#7016=CARTESIAN_POINT('Ctrl Pts',(-6.51269164749229,8.36441975315381,3.44627993621138));
#7017=CARTESIAN_POINT('Ctrl Pts',(-6.51407210032063,8.36237675014422,3.45253639273503));
#7018=CARTESIAN_POINT('Ctrl Pts',(-6.51586284518961,8.3597221990294,3.45839053340724));
#7019=CARTESIAN_POINT('Ctrl Pts',(-6.5176531713689,8.35706826856869,3.46424330533713));
#7020=CARTESIAN_POINT('Ctrl Pts',(-6.51985336452739,8.35380342356491,3.46969318838881));
#7021=CARTESIAN_POINT('Ctrl Pts',(-6.52239542673194,8.3500290162332,3.47457123338906));
#7022=CARTESIAN_POINT('Ctrl Pts',(-6.52493902472402,8.34625232859233,3.47945222546146));
#7023=CARTESIAN_POINT('Ctrl Pts',(-6.5278245763766,8.34196595250411,3.48376004847588));
#7024=CARTESIAN_POINT('Ctrl Pts',(-6.53096273055542,8.33730306753683,3.4873609977986));
#7025=CARTESIAN_POINT('Ctrl Pts',(-6.53409917771434,8.33264271897695,3.4909599883609));
#7026=CARTESIAN_POINT('Ctrl Pts',(-6.5374875434481,8.32760688098061,3.4938524090204));
#7027=CARTESIAN_POINT('Ctrl Pts',(-6.54102298344094,8.32235182599842,3.49594858261509));
#7028=CARTESIAN_POINT('Ctrl Pts',(-6.54455888748419,8.31709608125471,3.49804503134676));
#7029=CARTESIAN_POINT('Ctrl Pts',(-6.54824144495934,8.31162174677609,3.49934474986166));
#7030=CARTESIAN_POINT('Ctrl Pts',(-6.55195666076007,8.30609873444082,3.49980743095826));
#7031=CARTESIAN_POINT('Ctrl Pts',(-6.55298710180067,8.30456688840999,3.49993575879067));
#7032=CARTESIAN_POINT('Ctrl Pts',(-6.55402002429905,8.30303134371907,3.5));
#7033=CARTESIAN_POINT('Ctrl Pts',(-6.55505294719593,8.30149579843417,3.5));
#7034=CARTESIAN_POINT('',(-0.27972136630586,4.18766714451235,3.42));
#7035=CARTESIAN_POINT('Origin',(-0.324292225582575,4.12123342940221,3.42));
#7036=CARTESIAN_POINT('',(-2.48819965344846,5.66935117781863,3.42));
#7037=CARTESIAN_POINT('Origin',(-4.7036279453206,3.01437245782399,3.42));
#7038=CARTESIAN_POINT('',(-8.59314207099119,6.83381328439156,3.42));
#7039=CARTESIAN_POINT('',(-6.31270055478949,4.52774956940443,3.42));
#7040=CARTESIAN_POINT('',(-4.76051161650942,2.95812080938519,3.42));
#7041=CARTESIAN_POINT('Origin',(-6.25581688360067,4.58400121784323,3.42));
#7042=CARTESIAN_POINT('Origin',(-8.48000675136357,6.83318126164155,3.42));
#7043=CARTESIAN_POINT('Origin',(-6.52601432174754,4.31680588775891,3.42));
#7044=CARTESIAN_POINT('Origin',(-6.52601432174754,4.31680588775891,3.42));
#7045=CARTESIAN_POINT('Origin',(-7.1746209926932,-8.1170312531679,3.42));
#7046=CARTESIAN_POINT('Origin',(-6.81304820492966,-8.47458668018669,3.42));
#7047=CARTESIAN_POINT('Origin',(-2.53277051272518,-5.60291746270849,3.42));
#7048=CARTESIAN_POINT('Origin',(-6.81700465998534,-8.47724109445856,3.42));
#7049=CARTESIAN_POINT('Origin',(-8.09132123528725,-7.20430487286493,3.42));
#7050=CARTESIAN_POINT('Ctrl Pts',(-7.47188928956828,-7.82306584309801,3.5));
#7051=CARTESIAN_POINT('Ctrl Pts',(-7.47659876276752,-7.82779558796421,3.5));
#7052=CARTESIAN_POINT('Ctrl Pts',(-7.48130792833241,-7.83252502486247,3.4991603631439));
#7053=CARTESIAN_POINT('Ctrl Pts',(-7.48587041485265,-7.83710762365943,3.49750714527186));
#7054=CARTESIAN_POINT('Ctrl Pts',(-7.49043161058669,-7.84168892598017,3.49585439511646));
#7055=CARTESIAN_POINT('Ctrl Pts',(-7.49484561517833,-7.84612287754655,3.49338874200823));
#7056=CARTESIAN_POINT('Ctrl Pts',(-7.49897529370455,-7.85027219472842,3.49018665788244));
#7057=CARTESIAN_POINT('Ctrl Pts',(-7.50310400668073,-7.85442054176859,3.48698532242812));
#7058=CARTESIAN_POINT('Ctrl Pts',(-7.50694798862002,-7.85828384901362,3.48304831889676));
#7059=CARTESIAN_POINT('Ctrl Pts',(-7.51038783917189,-7.86174258663698,3.47849769641956));
#7060=CARTESIAN_POINT('Ctrl Pts',(-7.51382976791037,-7.86520341385758,3.47394432468262));
#7061=CARTESIAN_POINT('Ctrl Pts',(-7.51686662460783,-7.86825872978287,3.46877718212584));
#7062=CARTESIAN_POINT('Ctrl Pts',(-7.51940391705797,-7.87081393974057,3.46315664462833));
#7063=CARTESIAN_POINT('Ctrl Pts',(-7.52193982933095,-7.87336775977476,3.4575391644597));
#7064=CARTESIAN_POINT('Ctrl Pts',(-7.52397639205137,-7.87542168876893,3.45146951697111));
#7065=CARTESIAN_POINT('Ctrl Pts',(-7.52545022826169,-7.87691228104047,3.4451358866714));
#7066=CARTESIAN_POINT('Ctrl Pts',(-7.52692425792299,-7.87840306896234,3.43880142503986));
#7067=CARTESIAN_POINT('Ctrl Pts',(-7.52783521961936,-7.87933017833648,3.43220373593769));
#7068=CARTESIAN_POINT('Ctrl Pts',(-7.52815462730437,-7.87966509222661,3.42554742857934));
#7069=CARTESIAN_POINT('Ctrl Pts',(-7.52824321725579,-7.87975798293229,3.42370125526162));
#7070=CARTESIAN_POINT('Ctrl Pts',(-7.52828651568485,-7.87980553300211,3.42185062798845));
#7071=CARTESIAN_POINT('Ctrl Pts',(-7.52828441334179,-7.87980763306789,3.42));
#7072=CARTESIAN_POINT('Origin',(-7.1746209926932,-8.1170312531679,3.42));
#7073=CARTESIAN_POINT('Origin',(-8.47649102333614,-6.82962603219225,3.42));
#7074=CARTESIAN_POINT('Origin',(-6.52601432174754,-4.31680588775891,3.42));
#7075=CARTESIAN_POINT('Origin',(-6.25581688360067,-4.58400121784323,3.42));
#7076=CARTESIAN_POINT('Origin',(-3.31208655146216,-1.60719621871375,3.42));
#7077=CARTESIAN_POINT('Origin',(-7.17813672072063,8.1205864826172,3.42));
#7078=CARTESIAN_POINT('',(-6.82597129489,8.58134939011534,3.42));
#7079=CARTESIAN_POINT('',(-7.23438836915943,8.17747015380602,3.42));
#7080=CARTESIAN_POINT('Origin',(-6.81640878380294,8.47829533495986,3.42));
#7081=CARTESIAN_POINT('Origin',(0.866555894362873,3.28099569973005,3.42));
#7082=CARTESIAN_POINT('',(0.91138064377921,3.34725837278028,3.42));
#7083=CARTESIAN_POINT('Origin',(-0.00115349582639312,4.60287786395073,3.42));
#7084=CARTESIAN_POINT('',(0.279001188025712,4.18873615738674,3.42));
#7085=CARTESIAN_POINT('Origin',(0.323825937442049,4.12247348433651,3.42));
#7086=CARTESIAN_POINT('Origin',(-0.00115349582639312,4.60287786395073,3.42));
#7087=CARTESIAN_POINT('Origin',(-0.883365175393998,3.30584420212389,3.42));
#7088=CARTESIAN_POINT('',(6.8000001013279,8.60000012814999,3.42));
#7089=CARTESIAN_POINT('',(-0.928189924810335,3.37210687517412,3.42));
#7090=CARTESIAN_POINT('Origin',(6.79043759024083,8.49694607299451,3.42));
#7091=CARTESIAN_POINT('Origin',(7.1746209926932,8.1170312531679,3.42));
#7092=CARTESIAN_POINT('',(6.82279258825811,8.57746088384579,3.42));
#7093=CARTESIAN_POINT('',(7.23087264113201,8.17391492435671,3.42));
#7094=CARTESIAN_POINT('Origin',(6.81304820492966,8.47458668018669,3.42));
#7095=CARTESIAN_POINT('Origin',(2.53277051272518,5.60291746270849,3.42));
#7096=CARTESIAN_POINT('',(6.8270291891006,8.58030324994934,3.42));
#7097=CARTESIAN_POINT('',(2.48819965344846,5.66935117781863,3.42));
#7098=CARTESIAN_POINT('Origin',(6.81700465998534,8.47724109445856,3.42));
#7099=CARTESIAN_POINT('Origin',(8.09132123528725,7.20430487286493,3.42));
#7100=CARTESIAN_POINT('',(7.52828441334179,7.87980763306789,3.42));
#7101=CARTESIAN_POINT('Ctrl Pts',(7.47188928956828,7.82306584309801,3.5));
#7102=CARTESIAN_POINT('Ctrl Pts',(7.47659876276752,7.82779558796421,3.5));
#7103=CARTESIAN_POINT('Ctrl Pts',(7.48130792833241,7.83252502486247,3.4991603631439));
#7104=CARTESIAN_POINT('Ctrl Pts',(7.48587041485265,7.83710762365943,3.49750714527186));
#7105=CARTESIAN_POINT('Ctrl Pts',(7.49043161058669,7.84168892598017,3.49585439511646));
#7106=CARTESIAN_POINT('Ctrl Pts',(7.49484561517833,7.84612287754655,3.49338874200823));
#7107=CARTESIAN_POINT('Ctrl Pts',(7.49897529370455,7.85027219472842,3.49018665788244));
#7108=CARTESIAN_POINT('Ctrl Pts',(7.50310400668073,7.85442054176859,3.48698532242812));
#7109=CARTESIAN_POINT('Ctrl Pts',(7.50694798862002,7.85828384901362,3.48304831889676));
#7110=CARTESIAN_POINT('Ctrl Pts',(7.51038783917189,7.86174258663698,3.47849769641956));
#7111=CARTESIAN_POINT('Ctrl Pts',(7.51382976791037,7.86520341385758,3.47394432468262));
#7112=CARTESIAN_POINT('Ctrl Pts',(7.51686662460783,7.86825872978287,3.46877718212584));
#7113=CARTESIAN_POINT('Ctrl Pts',(7.51940391705797,7.87081393974057,3.46315664462833));
#7114=CARTESIAN_POINT('Ctrl Pts',(7.52193982933095,7.87336775977476,3.4575391644597));
#7115=CARTESIAN_POINT('Ctrl Pts',(7.52397639205137,7.87542168876893,3.45146951697111));
#7116=CARTESIAN_POINT('Ctrl Pts',(7.52545022826169,7.87691228104047,3.4451358866714));
#7117=CARTESIAN_POINT('Ctrl Pts',(7.52692425792299,7.87840306896234,3.43880142503986));
#7118=CARTESIAN_POINT('Ctrl Pts',(7.52783521961936,7.87933017833648,3.43220373593769));
#7119=CARTESIAN_POINT('Ctrl Pts',(7.52815462730437,7.87966509222661,3.42554742857934));
#7120=CARTESIAN_POINT('Ctrl Pts',(7.52824321725579,7.87975798293229,3.42370125526162));
#7121=CARTESIAN_POINT('Ctrl Pts',(7.52828651568485,7.87980553300211,3.42185062798845));
#7122=CARTESIAN_POINT('Ctrl Pts',(7.52828441334179,7.87980763306789,3.42));
#7123=CARTESIAN_POINT('',(8.14785911504504,7.26090406148538,3.42));
#7124=CARTESIAN_POINT('Origin',(7.1746209926932,8.1170312531679,3.42));
#7125=CARTESIAN_POINT('',(8.58962634296376,6.83025805494226,3.42));
#7126=CARTESIAN_POINT('',(7.23087264113201,8.17391492435671,3.42));
#7127=CARTESIAN_POINT('Origin',(8.47649102333614,6.82962603219225,3.42));
#7128=CARTESIAN_POINT('Origin',(5.53420027431358,3.94048399700028,3.42));
#7129=CARTESIAN_POINT('',(6.52490099794465,4.01680795358251,3.42));
#7130=CARTESIAN_POINT('',(5.53449716066102,4.02048344611399,3.42));
#7131=CARTESIAN_POINT('Origin',(6.52460411159721,3.9368085044688,3.42));
#7132=CARTESIAN_POINT('Origin',(6.52601432174754,4.31680588775891,3.42));
#7133=CARTESIAN_POINT('',(6.31270055478949,4.52774956940443,3.42));
#7134=CARTESIAN_POINT('Origin',(6.25581688360067,4.58400121784323,3.42));
#7135=CARTESIAN_POINT('Origin',(6.52601432174754,4.31680588775891,3.42));
#7136=CARTESIAN_POINT('Origin',(3.31208655146216,1.60719621871375,3.42));
#7137=CARTESIAN_POINT('',(3.36897022265098,1.55094457027494,3.42));
#7138=CARTESIAN_POINT('Origin',(7.1746209926932,-8.1170312531679,3.42));
#7139=CARTESIAN_POINT('Origin',(7.1746209926932,-8.1170312531679,3.42));
#7140=CARTESIAN_POINT('Origin',(6.79043759024083,-8.49694607299451,3.42));
#7141=CARTESIAN_POINT('Origin',(-0.00267709249017315,-4.60184719561935,
3.42));
#7142=CARTESIAN_POINT('Origin',(0.322302340778269,-4.12144281600513,3.42));
#7143=CARTESIAN_POINT('Origin',(-0.883365175393999,-3.30584420212389,3.42));
#7144=CARTESIAN_POINT('Origin',(-6.52601432174754,4.31680588775891,3.5));
#7145=CARTESIAN_POINT('',(-6.31270055478949,4.52774956940443,3.5));
#7146=CARTESIAN_POINT('Origin',(-8.59314207099119,6.83381328439156,3.5));
#7147=CARTESIAN_POINT('',(-8.59314207099119,6.83381328439156,3.));
#7148=CARTESIAN_POINT('Origin',(-6.80351582935532,8.60355535759929,3.));
#7149=CARTESIAN_POINT('',(-6.82597129489,8.58134939011534,3.));
#7150=CARTESIAN_POINT('Origin',(-0.0168092810311262,3.9751515572108,3.));
#7151=CARTESIAN_POINT('',(-6.51035497968595,8.3678442357126,3.25));
#7152=CARTESIAN_POINT('Origin',(-6.8270291891006,8.58030324994934,3.5));
#7153=CARTESIAN_POINT('',(-0.27972136630586,4.18766714451235,3.25));
#7154=CARTESIAN_POINT('Origin',(-0.00115349582639312,4.60287786395073,3.25));
#7155=CARTESIAN_POINT('',(0.279001188025712,4.18873615738674,3.25));
#7156=CARTESIAN_POINT('Origin',(1.37803714665853E-15,4.00000005960465,3.));
#7157=CARTESIAN_POINT('',(6.8000001013279,8.60000012814999,3.));
#7158=CARTESIAN_POINT('Origin',(6.8000001013279,8.60000012814999,3.));
#7159=CARTESIAN_POINT('',(6.82279258825811,8.57746088384579,3.25));
#7160=CARTESIAN_POINT('Origin',(6.8270291891006,8.58030324994934,3.5));
#7161=CARTESIAN_POINT('',(6.8270291891006,8.58030324994934,3.5));
#7162=CARTESIAN_POINT('Origin',(8.59575408931918,6.81349425196593,3.5));
#7163=CARTESIAN_POINT('',(7.52828441334179,7.87980763306789,3.25));
#7164=CARTESIAN_POINT('Origin',(6.8000001013279,8.60000012814999,3.));
#7165=CARTESIAN_POINT('',(8.58962634296376,6.83025805494226,3.25));
#7166=CARTESIAN_POINT('Origin',(5.81005928327431,4.01946080617107,3.5));
#7167=CARTESIAN_POINT('',(6.31270055478949,4.52774956940443,3.5));
#7168=CARTESIAN_POINT('Origin',(6.52601432174754,4.31680588775891,3.5));
#7169=CARTESIAN_POINT('',(6.52490099794465,4.01680795358251,3.5));
#7170=CARTESIAN_POINT('Origin',(11.0539978692959,4.,3.5));
#7171=CARTESIAN_POINT('Origin',(-5.00000007450581,3.50000005215406,2.92));
#7172=CARTESIAN_POINT('',(-4.87000007450581,3.50000005215406,2.92));
#7173=CARTESIAN_POINT('Origin',(-5.00000007450581,3.50000005215406,2.92));
#7174=CARTESIAN_POINT('Origin',(-5.00000007450581,3.50000005215406,3.5));
#7175=CARTESIAN_POINT('',(-4.87000007450581,3.50000005215406,3.));
#7176=CARTESIAN_POINT('Origin',(-5.00000007450581,3.50000005215406,3.));
#7177=CARTESIAN_POINT('',(-4.87000007450581,3.50000005215406,3.5));
#7178=CARTESIAN_POINT('Origin',(-5.00000007450581,3.50000005215406,3.));
#7179=CARTESIAN_POINT('Origin',(-5.00000007450581,-3.50000005215406,2.92));
#7180=CARTESIAN_POINT('',(-4.87000007450581,-3.50000005215406,2.92));
#7181=CARTESIAN_POINT('Origin',(-5.00000007450581,-3.50000005215406,2.92));
#7182=CARTESIAN_POINT('Origin',(-5.00000007450581,-3.50000005215406,3.5));
#7183=CARTESIAN_POINT('',(-4.87000007450581,-3.50000005215406,3.));
#7184=CARTESIAN_POINT('Origin',(-5.00000007450581,-3.50000005215406,3.));
#7185=CARTESIAN_POINT('',(-4.87000007450581,-3.50000005215406,3.5));
#7186=CARTESIAN_POINT('Origin',(-5.00000007450581,-3.50000005215406,3.));
#7187=UNCERTAINTY_MEASURE_WITH_UNIT(LENGTH_MEASURE(0.001),#7191,
'DISTANCE_ACCURACY_VALUE',
'Maximum model space distance between geometric entities at asserted c
onnectivities');
#7188=UNCERTAINTY_MEASURE_WITH_UNIT(LENGTH_MEASURE(0.001),#7191,
'DISTANCE_ACCURACY_VALUE',
'Maximum model space distance between geometric entities at asserted c
onnectivities');
#7189=(
GEOMETRIC_REPRESENTATION_CONTEXT(3)
GLOBAL_UNCERTAINTY_ASSIGNED_CONTEXT((#7187))
GLOBAL_UNIT_ASSIGNED_CONTEXT((#7191,#7193,#7194))
REPRESENTATION_CONTEXT('','3D')
);
#7190=(
GEOMETRIC_REPRESENTATION_CONTEXT(3)
GLOBAL_UNCERTAINTY_ASSIGNED_CONTEXT((#7188))
GLOBAL_UNIT_ASSIGNED_CONTEXT((#7191,#7193,#7194))
REPRESENTATION_CONTEXT('','3D')
);
#7191=(
LENGTH_UNIT()
NAMED_UNIT(*)
SI_UNIT(.CENTI.,.METRE.)
);
#7192=(
LENGTH_UNIT()
NAMED_UNIT(*)
SI_UNIT($,.METRE.)
);
#7193=(
NAMED_UNIT(*)
PLANE_ANGLE_UNIT()
SI_UNIT($,.RADIAN.)
);
#7194=(
NAMED_UNIT(*)
SI_UNIT($,.STERADIAN.)
SOLID_ANGLE_UNIT()
);
#7195=SHAPE_DEFINITION_REPRESENTATION(#7196,#7197);
#7196=PRODUCT_DEFINITION_SHAPE('',$,#7199);
#7197=SHAPE_REPRESENTATION('',(#4031),#7189);
#7198=PRODUCT_DEFINITION_CONTEXT('part definition',#7203,'design');
#7199=PRODUCT_DEFINITION('export body bilbo','export body bilbo',#7200,
#7198);
#7200=PRODUCT_DEFINITION_FORMATION('',$,#7205);
#7201=PRODUCT_RELATED_PRODUCT_CATEGORY('export body bilbo',
'export body bilbo',(#7205));
#7202=APPLICATION_PROTOCOL_DEFINITION('international standard',
'automotive_design',2009,#7203);
#7203=APPLICATION_CONTEXT(
'Core Data for Automotive Mechanical Design Process');
#7204=PRODUCT_CONTEXT('part definition',#7203,'mechanical');
#7205=PRODUCT('export body bilbo','export body bilbo',$,(#7204));
#7206=PRESENTATION_STYLE_ASSIGNMENT((#7211));
#7207=PRESENTATION_STYLE_ASSIGNMENT((#7212));
#7208=PRESENTATION_STYLE_ASSIGNMENT((#7213));
#7209=PRESENTATION_STYLE_ASSIGNMENT((#7214));
#7210=PRESENTATION_STYLE_ASSIGNMENT((#7215));
#7211=SURFACE_STYLE_USAGE(.BOTH.,#7216);
#7212=SURFACE_STYLE_USAGE(.BOTH.,#7217);
#7213=SURFACE_STYLE_USAGE(.BOTH.,#7218);
#7214=SURFACE_STYLE_USAGE(.BOTH.,#7219);
#7215=SURFACE_STYLE_USAGE(.BOTH.,#7220);
#7216=SURFACE_SIDE_STYLE('',(#7221));
#7217=SURFACE_SIDE_STYLE('',(#7222));
#7218=SURFACE_SIDE_STYLE('',(#7223));
#7219=SURFACE_SIDE_STYLE('',(#7224));
#7220=SURFACE_SIDE_STYLE('',(#7225));
#7221=SURFACE_STYLE_FILL_AREA(#7226);
#7222=SURFACE_STYLE_FILL_AREA(#7227);
#7223=SURFACE_STYLE_FILL_AREA(#7228);
#7224=SURFACE_STYLE_FILL_AREA(#7229);
#7225=SURFACE_STYLE_FILL_AREA(#7230);
#7226=FILL_AREA_STYLE('ABS (White)',(#7231));
#7227=FILL_AREA_STYLE('Paint - Enamel Glossy (Black)',(#7232));
#7228=FILL_AREA_STYLE('Polymide (Kapton)',(#7233));
#7229=FILL_AREA_STYLE('Carbon Fiber - Plain',(#7234));
#7230=FILL_AREA_STYLE('Tough 2000 (with Formlabs SLA 3D Printers)',(#7235));
#7231=FILL_AREA_STYLE_COLOUR('ABS (White)',#7236);
#7232=FILL_AREA_STYLE_COLOUR('Paint - Enamel Glossy (Black)',#7237);
#7233=FILL_AREA_STYLE_COLOUR('Polymide (Kapton)',#7238);
#7234=FILL_AREA_STYLE_COLOUR('Carbon Fiber - Plain',#7239);
#7235=FILL_AREA_STYLE_COLOUR(
'Tough 2000 (with Formlabs SLA 3D Printers)',#7240);
#7236=COLOUR_RGB('ABS (White)',0.964705882352941,0.964705882352941,0.952941176470588);
#7237=COLOUR_RGB('Paint - Enamel Glossy (Black)',0.0980392156862745,0.0980392156862745,
0.0980392156862745);
#7238=COLOUR_RGB('Polymide (Kapton)',0.784313725490196,0.556862745098039,
0.0274509803921569);
#7239=COLOUR_RGB('Carbon Fiber - Plain',0.0980392156862745,0.0980392156862745,
0.0980392156862745);
#7240=COLOUR_RGB('Tough 2000 (with Formlabs SLA 3D Printers)',0.247058823529412,
0.247058823529412,0.247058823529412);
ENDSEC;
END-ISO-10303-21;
