ISO-10303-21;
HEADER;
/* Generated by software containing ST-Developer
 * from STEP Tools, Inc. (www.steptools.com) 
 */

FILE_DESCRIPTION(
/* description */ (''),
/* implementation_level */ '2;1');

FILE_NAME(
/* name */ 'BILBO landing gear R.step',
/* time_stamp */ '2026-04-05T23:42:22+05:30',
/* author */ (''),
/* organization */ (''),
/* preprocessor_version */ 'ST-DEVELOPER v20.1',
/* originating_system */ 'Autodesk Translation Framework v14.24.0.0',
/* authorisation */ '');

FILE_SCHEMA (('AUTOMOTIVE_DESIGN { 1 0 10303 214 3 1 1 }'));
ENDSEC;

DATA;
#10=MECHANICAL_DESIGN_GEOMETRIC_PRESENTATION_REPRESENTATION('',(#13),#1440);
#11=SHAPE_REPRESENTATION_RELATIONSHIP('SRR','None',#1447,#12);
#12=ADVANCED_BREP_SHAPE_REPRESENTATION('',(#14),#1439);
#13=STYLED_ITEM('',(#1458),#14);
#14=MANIFOLD_SOLID_BREP('frame_bottom 2',#436);
#15=PLANE('',#455);
#16=PLANE('',#463);
#17=PLANE('',#467);
#18=PLANE('',#470);
#19=PLANE('',#473);
#20=FACE_BOUND('',#88,.T.);
#21=FACE_BOUND('',#90,.T.);
#22=FACE_BOUND('',#91,.T.);
#23=FACE_BOUND('',#104,.T.);
#24=FACE_BOUND('',#106,.T.);
#25=FACE_BOUND('',#112,.T.);
#26=CIRCLE('',#452,0.2);
#27=CIRCLE('',#453,0.2);
#28=CIRCLE('',#454,0.199999999999999);
#29=CIRCLE('',#456,0.21);
#30=CIRCLE('',#457,0.21);
#31=CIRCLE('',#458,0.2);
#32=CIRCLE('',#459,0.2);
#33=CIRCLE('',#460,0.2);
#34=CIRCLE('',#461,0.2);
#35=CIRCLE('',#462,0.2);
#36=CIRCLE('',#464,0.500000007450581);
#37=CIRCLE('',#466,0.21);
#38=CIRCLE('',#469,0.21);
#39=CIRCLE('',#472,0.500000007450581);
#40=B_SPLINE_SURFACE_WITH_KNOTS('',3,3,((#715,#716,#717,#718),(#719,#720,
#721,#722),(#723,#724,#725,#726),(#727,#728,#729,#730),(#731,#732,#733,
#734)),.UNSPECIFIED.,.F.,.F.,.F.,(4,1,4),(4,4),(0.,0.571428571428571,1.),
(0.,0.0195856073106376),.UNSPECIFIED.);
#41=B_SPLINE_SURFACE_WITH_KNOTS('',3,3,((#749,#750,#751,#752,#753,#754,
#755),(#756,#757,#758,#759,#760,#761,#762),(#763,#764,#765,#766,#767,#768,
#769),(#770,#771,#772,#773,#774,#775,#776),(#777,#778,#779,#780,#781,#782,
#783)),.UNSPECIFIED.,.F.,.F.,.F.,(4,1,4),(4,1,1,1,4),(0.,0.571428571428571,
1.),(-2.74067772464116,-1.62515203126027,-0.881468235673018,-0.50962633787939,
-0.137784440085762),.UNSPECIFIED.);
#42=B_SPLINE_SURFACE_WITH_KNOTS('',3,3,((#812,#813,#814,#815,#816,#817,
#818),(#819,#820,#821,#822,#823,#824,#825),(#826,#827,#828,#829,#830,#831,
#832),(#833,#834,#835,#836,#837,#838,#839),(#840,#841,#842,#843,#844,#845,
#846)),.UNSPECIFIED.,.F.,.F.,.F.,(4,1,4),(4,1,1,1,4),(0.,0.571428571428571,
1.),(0.0223211788563231,0.28479582835965,0.547270477862977,0.67850780261464,
0.940982452117967),.UNSPECIFIED.);
#43=B_SPLINE_SURFACE_WITH_KNOTS('',3,3,((#864,#865,#866,#867),(#868,#869,
#870,#871),(#872,#873,#874,#875),(#876,#877,#878,#879),(#880,#881,#882,
#883),(#884,#885,#886,#887)),.UNSPECIFIED.,.F.,.F.,.F.,(4,1,1,4),(4,4),
(0.0242239293843436,0.429572269144112,0.699804495650624,0.970036722157137),
(0.,0.948131702271949),.UNSPECIFIED.);
#44=B_SPLINE_SURFACE_WITH_KNOTS('',3,3,((#967,#968,#969,#970),(#971,#972,
#973,#974),(#975,#976,#977,#978),(#979,#980,#981,#982),(#983,#984,#985,
#986)),.UNSPECIFIED.,.F.,.F.,.F.,(4,1,4),(4,4),(0.,0.5,1.),(1.95676808090141E-15,
0.0242163470354371),.UNSPECIFIED.);
#45=B_SPLINE_SURFACE_WITH_KNOTS('',3,3,((#998,#999,#1000,#1001,#1002,#1003,
#1004),(#1005,#1006,#1007,#1008,#1009,#1010,#1011),(#1012,#1013,#1014,#1015,
#1016,#1017,#1018),(#1019,#1020,#1021,#1022,#1023,#1024,#1025),(#1026,#1027,
#1028,#1029,#1030,#1031,#1032)),.UNSPECIFIED.,.F.,.F.,.F.,(4,1,4),(4,1,
1,1,4),(0.,0.571428571428571,1.),(-0.101253537941469,0.725443400894496,
1.27657469345181,1.55214033973046,1.82770598600912),.UNSPECIFIED.);
#46=B_SPLINE_SURFACE_WITH_KNOTS('',3,3,((#1040,#1041,#1042,#1043,#1044,
#1045,#1046),(#1047,#1048,#1049,#1050,#1051,#1052,#1053),(#1054,#1055,#1056,
#1057,#1058,#1059,#1060),(#1061,#1062,#1063,#1064,#1065,#1066,#1067),(#1068,
#1069,#1070,#1071,#1072,#1073,#1074)),.UNSPECIFIED.,.F.,.F.,.F.,(4,1,4),
(4,1,1,1,4),(0.,0.571428571428571,1.),(0.0281930298859655,0.29529691909008,
0.428848863692138,0.695952752896253,0.963056642100368),.UNSPECIFIED.);
#47=B_SPLINE_SURFACE_WITH_KNOTS('',3,3,((#1092,#1093,#1094,#1095),(#1096,
#1097,#1098,#1099),(#1100,#1101,#1102,#1103),(#1104,#1105,#1106,#1107),
(#1108,#1109,#1110,#1111),(#1112,#1113,#1114,#1115)),.UNSPECIFIED.,.F.,
 .F.,.F.,(4,1,1,4),(4,4),(0.0299088295221458,0.298532355509492,0.567155881496837,
0.970091170477856),(0.,0.94090299229566),.UNSPECIFIED.);
#48=B_SPLINE_SURFACE_WITH_KNOTS('',3,3,((#1123,#1124,#1125,#1126),(#1127,
#1128,#1129,#1130),(#1131,#1132,#1133,#1134),(#1135,#1136,#1137,#1138),
(#1139,#1140,#1141,#1142)),.UNSPECIFIED.,.F.,.F.,.F.,(4,1,4),(4,4),(0.,
0.571428571428571,1.),(0.,0.0195856073106347),.UNSPECIFIED.);
#49=B_SPLINE_SURFACE_WITH_KNOTS('',3,3,((#1157,#1158,#1159,#1160,#1161,
#1162,#1163),(#1164,#1165,#1166,#1167,#1168,#1169,#1170),(#1171,#1172,#1173,
#1174,#1175,#1176,#1177),(#1178,#1179,#1180,#1181,#1182,#1183,#1184),(#1185,
#1186,#1187,#1188,#1189,#1190,#1191)),.UNSPECIFIED.,.F.,.F.,.F.,(4,1,4),
(4,1,1,1,4),(0.,0.571428571428571,1.),(-0.100471398966556,1.38699624610236,
1.75886315736959,2.13073006863682,2.50259697990405),.UNSPECIFIED.);
#50=B_SPLINE_SURFACE_WITH_KNOTS('',3,3,((#1206,#1207,#1208,#1209,#1210,
#1211),(#1212,#1213,#1214,#1215,#1216,#1217),(#1218,#1219,#1220,#1221,#1222,
#1223),(#1224,#1225,#1226,#1227,#1228,#1229),(#1230,#1231,#1232,#1233,#1234,
#1235)),.UNSPECIFIED.,.F.,.F.,.F.,(4,1,4),(4,1,1,4),(0.,0.571428571428571,
1.),(0.0223801504513865,0.415595111514692,0.677738418890229,0.939881726265766),
 .UNSPECIFIED.);
#51=B_SPLINE_SURFACE_WITH_KNOTS('',3,3,((#1248,#1249,#1250,#1251),(#1252,
#1253,#1254,#1255),(#1256,#1257,#1258,#1259),(#1260,#1261,#1262,#1263),
(#1264,#1265,#1266,#1267),(#1268,#1269,#1270,#1271)),.UNSPECIFIED.,.F.,
 .F.,.F.,(4,1,1,4),(4,4),(0.0243543512454671,0.432050621606495,0.703848135180514,
0.975645648754532),(0.,0.947762221248972),.UNSPECIFIED.);
#52=B_SPLINE_SURFACE_WITH_KNOTS('',3,3,((#1272,#1273,#1274,#1275),(#1276,
#1277,#1278,#1279),(#1280,#1281,#1282,#1283),(#1284,#1285,#1286,#1287),
(#1288,#1289,#1290,#1291)),.UNSPECIFIED.,.F.,.F.,.F.,(4,1,4),(4,4),(0.,
0.5,1.),(3.81819052841108E-16,0.024216347035438),.UNSPECIFIED.);
#53=B_SPLINE_SURFACE_WITH_KNOTS('',3,3,((#1303,#1304,#1305,#1306,#1307,
#1308,#1309),(#1310,#1311,#1312,#1313,#1314,#1315,#1316),(#1317,#1318,#1319,
#1320,#1321,#1322,#1323),(#1324,#1325,#1326,#1327,#1328,#1329,#1330),(#1331,
#1332,#1333,#1334,#1335,#1336,#1337)),.UNSPECIFIED.,.F.,.F.,.F.,(4,1,4),
(4,1,1,1,4),(0.,0.571428571428571,1.),(-2.04009790497667,-1.2134009661407,
-0.662269673583393,-0.386704027304738,-0.111138381026083),.UNSPECIFIED.);
#54=B_SPLINE_SURFACE_WITH_KNOTS('',3,3,((#1345,#1346,#1347,#1348,#1349,
#1350,#1351),(#1352,#1353,#1354,#1355,#1356,#1357,#1358),(#1359,#1360,#1361,
#1362,#1363,#1364,#1365),(#1366,#1367,#1368,#1369,#1370,#1371,#1372),(#1373,
#1374,#1375,#1376,#1377,#1378,#1379)),.UNSPECIFIED.,.F.,.F.,.F.,(4,1,4),
(4,1,1,1,4),(0.,0.571428571428571,1.),(0.0282545740569567,0.290729223560284,
0.421966548311947,0.684441197815274,0.9469158473186),.UNSPECIFIED.);
#55=B_SPLINE_SURFACE_WITH_KNOTS('',3,3,((#1394,#1395,#1396,#1397),(#1398,
#1399,#1400,#1401),(#1402,#1403,#1404,#1405),(#1406,#1407,#1408,#1409),
(#1410,#1411,#1412,#1413),(#1414,#1415,#1416,#1417)),.UNSPECIFIED.,.F.,
 .F.,.F.,(4,1,1,4),(4,4),(0.0299632778428676,0.300195504349379,0.570427730855891,
0.975776070615659),(0.,0.948131702271949),.UNSPECIFIED.);
#56=FACE_OUTER_BOUND('',#82,.T.);
#57=FACE_OUTER_BOUND('',#83,.T.);
#58=FACE_OUTER_BOUND('',#84,.T.);
#59=FACE_OUTER_BOUND('',#85,.T.);
#60=FACE_OUTER_BOUND('',#86,.T.);
#61=FACE_OUTER_BOUND('',#87,.T.);
#62=FACE_OUTER_BOUND('',#89,.T.);
#63=FACE_OUTER_BOUND('',#92,.T.);
#64=FACE_OUTER_BOUND('',#93,.T.);
#65=FACE_OUTER_BOUND('',#94,.T.);
#66=FACE_OUTER_BOUND('',#95,.T.);
#67=FACE_OUTER_BOUND('',#96,.T.);
#68=FACE_OUTER_BOUND('',#97,.T.);
#69=FACE_OUTER_BOUND('',#98,.T.);
#70=FACE_OUTER_BOUND('',#99,.T.);
#71=FACE_OUTER_BOUND('',#100,.T.);
#72=FACE_OUTER_BOUND('',#101,.T.);
#73=FACE_OUTER_BOUND('',#102,.T.);
#74=FACE_OUTER_BOUND('',#103,.T.);
#75=FACE_OUTER_BOUND('',#105,.T.);
#76=FACE_OUTER_BOUND('',#107,.T.);
#77=FACE_OUTER_BOUND('',#108,.T.);
#78=FACE_OUTER_BOUND('',#109,.T.);
#79=FACE_OUTER_BOUND('',#110,.T.);
#80=FACE_OUTER_BOUND('',#111,.T.);
#81=FACE_OUTER_BOUND('',#113,.T.);
#82=EDGE_LOOP('',(#277,#278,#279,#280,#281,#282));
#83=EDGE_LOOP('',(#283,#284,#285,#286,#287,#288,#289,#290));
#84=EDGE_LOOP('',(#291,#292,#293,#294));
#85=EDGE_LOOP('',(#295,#296,#297,#298));
#86=EDGE_LOOP('',(#299,#300,#301,#302));
#87=EDGE_LOOP('',(#303,#304,#305,#306));
#88=EDGE_LOOP('',(#307,#308));
#89=EDGE_LOOP('',(#309,#310,#311,#312,#313,#314,#315,#316,#317,#318));
#90=EDGE_LOOP('',(#319));
#91=EDGE_LOOP('',(#320));
#92=EDGE_LOOP('',(#321,#322,#323,#324));
#93=EDGE_LOOP('',(#325,#326,#327,#328));
#94=EDGE_LOOP('',(#329,#330,#331,#332));
#95=EDGE_LOOP('',(#333,#334,#335,#336,#337,#338));
#96=EDGE_LOOP('',(#339,#340,#341,#342));
#97=EDGE_LOOP('',(#343,#344,#345,#346));
#98=EDGE_LOOP('',(#347,#348,#349,#350));
#99=EDGE_LOOP('',(#351,#352,#353,#354));
#100=EDGE_LOOP('',(#355,#356,#357,#358));
#101=EDGE_LOOP('',(#359,#360,#361,#362));
#102=EDGE_LOOP('',(#363,#364,#365,#366));
#103=EDGE_LOOP('',(#367,#368,#369,#370));
#104=EDGE_LOOP('',(#371,#372));
#105=EDGE_LOOP('',(#373,#374,#375,#376,#377,#378,#379,#380));
#106=EDGE_LOOP('',(#381));
#107=EDGE_LOOP('',(#382,#383,#384,#385));
#108=EDGE_LOOP('',(#386));
#109=EDGE_LOOP('',(#387,#388,#389,#390));
#110=EDGE_LOOP('',(#391));
#111=EDGE_LOOP('',(#392,#393,#394,#395,#396,#397,#398,#399,#400,#401));
#112=EDGE_LOOP('',(#402,#403));
#113=EDGE_LOOP('',(#404));
#114=LINE('',#579,#121);
#115=LINE('',#640,#122);
#116=LINE('',#945,#123);
#117=LINE('',#1423,#124);
#118=LINE('',#1428,#125);
#119=LINE('',#1432,#126);
#120=LINE('',#1434,#127);
#121=VECTOR('',#478,0.145);
#122=VECTOR('',#481,0.145);
#123=VECTOR('',#490,1.);
#124=VECTOR('',#511,0.21);
#125=VECTOR('',#518,0.21);
#126=VECTOR('',#525,0.500000007450581);
#127=VECTOR('',#526,0.500000007450581);
#128=B_SPLINE_CURVE_WITH_KNOTS('',3,(#535,#536,#537,#538,#539,#540,#541),
 .UNSPECIFIED.,.F.,.F.,(4,3,4),(-0.926031922327594,-0.882606731382212,-0.859844378679885),
 .UNSPECIFIED.);
#129=B_SPLINE_CURVE_WITH_KNOTS('',3,(#542,#543,#544,#545,#546,#547,#548,
#549,#550,#551,#552,#553,#554,#555,#556,#557,#558,#559,#560,#561,#562,#563,
#564,#565,#566,#567,#568,#569,#570,#571,#572,#573,#574,#575,#576,#577),
 .UNSPECIFIED.,.F.,.F.,(4,2,2,2,2,2,2,2,2,2,2,2,2,2,2,2,2,4),(-0.859844378679885,
-0.833672803201991,-0.788092175777072,-0.741271570637292,-0.689210679540989,
-0.632699878196537,-0.577036972409225,-0.520176253004089,-0.463085125585659,
-0.402269846264295,-0.351919868358557,-0.311776544085351,-0.272209411659167,
-0.223848336859248,-0.167230905092406,-0.110252157539241,-0.0547281348005578,
0.),.UNSPECIFIED.);
#130=B_SPLINE_CURVE_WITH_KNOTS('',3,(#581,#582,#583,#584),.UNSPECIFIED.,
 .F.,.F.,(4,4),(0.,0.0488218306036935),.UNSPECIFIED.);
#131=B_SPLINE_CURVE_WITH_KNOTS('',3,(#585,#586,#587,#588,#589,#590,#591,
#592,#593,#594,#595,#596,#597,#598,#599,#600,#601,#602,#603,#604,#605,#606,
#607,#608,#609,#610,#611,#612,#613,#614,#615,#616,#617,#618),
 .UNSPECIFIED.,.F.,.F.,(4,2,2,2,2,2,2,2,2,2,2,2,2,2,2,2,4),(0.0488218306036935,
0.0549695677854645,0.109939135570929,0.16489809931116,0.219857063051392,
0.274807656676036,0.329758250300681,0.384726643441041,0.4396950365814,0.49466203120323,
0.54962902582506,0.604581017651045,0.65953300947703,0.714490568197103,0.769448126917175,
0.824419100067993,0.879390073218811),.UNSPECIFIED.);
#132=B_SPLINE_CURVE_WITH_KNOTS('',3,(#622,#623,#624,#625,#626,#627,#628,
#629,#630,#631,#632,#633),.UNSPECIFIED.,.F.,.F.,(4,2,2,2,2,4),(0.,0.0549709731508181,
0.109941946301636,0.164899505021709,0.219857063741781,0.220185658267668),
 .UNSPECIFIED.);
#133=B_SPLINE_CURVE_WITH_KNOTS('',3,(#635,#636,#637,#638),.UNSPECIFIED.,
 .F.,.F.,(4,4),(0.830568242615118,0.879390073218811),.UNSPECIFIED.);
#134=B_SPLINE_CURVE_WITH_KNOTS('',3,(#642,#643,#644,#645,#646,#647,#648,
#649,#650,#651,#652,#653,#654,#655,#656,#657,#658,#659,#660,#661,#662,#663,
#664,#665,#666,#667,#668,#669,#670,#671,#672,#673,#674,#675,#676,#677),
 .UNSPECIFIED.,.F.,.F.,(4,2,2,2,2,2,2,2,2,2,2,2,2,2,2,2,2,4),(-0.925988339874753,
-0.871868287333484,-0.814865121382472,-0.760734479256408,-0.708522385346364,
-0.65850458757811,-0.618464133341657,-0.578814794455034,-0.530152767746406,
-0.469420420341854,-0.410624779525942,-0.355737239810954,-0.302566784505331,
-0.248827377140809,-0.1951307629597,-0.14754573506154,-0.102050680076476,
-0.066213913419389),.UNSPECIFIED.);
#135=B_SPLINE_CURVE_WITH_KNOTS('',3,(#678,#679,#680,#681,#682,#683),
 .UNSPECIFIED.,.F.,.F.,(4,2,4),(-0.066213913419389,-0.054270331871503,0.),
 .UNSPECIFIED.);
#136=B_SPLINE_CURVE_WITH_KNOTS('',3,(#685,#686,#687,#688,#689,#690,#691,
#692,#693,#694,#695,#696),.UNSPECIFIED.,.F.,.F.,(4,2,2,2,2,4),(0.659204415648485,
0.65953301016742,0.714491973907651,0.769450937647882,0.824420505433347,
0.830568242615118),.UNSPECIFIED.);
#137=B_SPLINE_CURVE_WITH_KNOTS('',3,(#697,#698,#699,#700,#701,#702,#703,
#704,#705,#706,#707,#708,#709,#710,#711,#712,#713,#714),.UNSPECIFIED.,.F.,
 .F.,(4,2,2,2,2,2,2,2,4),(0.220185658267668,0.274809055567766,0.329761047393751,
0.384728042015581,0.439695036637412,0.494663429777771,0.54963182291813,
0.604582416542775,0.659204415648485),.UNSPECIFIED.);
#138=B_SPLINE_CURVE_WITH_KNOTS('',3,(#739,#740,#741,#742),.UNSPECIFIED.,
 .F.,.F.,(4,4),(-0.0195856073106376,0.),.UNSPECIFIED.);
#139=B_SPLINE_CURVE_WITH_KNOTS('',3,(#745,#746,#747,#748),.UNSPECIFIED.,
 .F.,.F.,(4,4),(0.,0.0195856073106376),.UNSPECIFIED.);
#140=B_SPLINE_CURVE_WITH_KNOTS('',3,(#786,#787,#788,#789,#790,#791,#792,
#793,#794,#795,#796,#797),.UNSPECIFIED.,.F.,.F.,(4,2,2,2,2,4),(0.,0.103302457576674,
0.202366807284113,0.307704985922373,0.37886998661714,0.451806068986129),
 .UNSPECIFIED.);
#141=B_SPLINE_CURVE_WITH_KNOTS('',3,(#798,#799,#800,#801,#802,#803,#804),
 .UNSPECIFIED.,.F.,.F.,(4,1,1,1,4),(-2.6403807879711,-1.62515203126027,
-0.881468235673018,-0.50962633787939,-0.138867613468794),.UNSPECIFIED.);
#142=B_SPLINE_CURVE_WITH_KNOTS('',3,(#805,#806,#807,#808,#809,#810,#811),
 .UNSPECIFIED.,.F.,.F.,(4,1,1,1,4),(0.137784440085762,0.50962633787939,
0.881468235673018,1.62515203126027,2.72619047482031),.UNSPECIFIED.);
#143=B_SPLINE_CURVE_WITH_KNOTS('',3,(#848,#849,#850,#851,#852,#853,#854),
 .UNSPECIFIED.,.F.,.F.,(4,1,1,1,4),(0.0223211788563231,0.28479582835965,
0.547270477862977,0.67850780261464,0.940982452117967),.UNSPECIFIED.);
#144=B_SPLINE_CURVE_WITH_KNOTS('',3,(#857,#858,#859,#860,#861,#862,#863),
 .UNSPECIFIED.,.F.,.F.,(4,1,1,1,4),(-0.940982452117967,-0.67850780261464,
-0.547270477862977,-0.28479582835965,-0.0223211788563231),.UNSPECIFIED.);
#145=B_SPLINE_CURVE_WITH_KNOTS('',3,(#889,#890,#891,#892,#893,#894),
 .UNSPECIFIED.,.F.,.F.,(4,1,1,4),(-0.879381729667071,-0.699804495650624,
-0.429572269144112,-0.120296849214449),.UNSPECIFIED.);
#146=B_SPLINE_CURVE_WITH_KNOTS('',3,(#895,#896,#897,#898,#899,#900,#901),
 .UNSPECIFIED.,.F.,.F.,(4,1,1,1,4),(-1.82770598600912,-1.55214033973046,
-1.27657469345181,-0.725443400894496,0.101253537941469),.UNSPECIFIED.);
#147=B_SPLINE_CURVE_WITH_KNOTS('',3,(#904,#905,#906,#907,#908,#909),
 .UNSPECIFIED.,.F.,.F.,(4,1,1,4),(-0.892444808883217,-0.703848135180514,
-0.432050621606495,-0.107555191116783),.UNSPECIFIED.);
#148=B_SPLINE_CURVE_WITH_KNOTS('',3,(#911,#912,#913,#914,#915,#916,#917,
#918,#919,#920),.UNSPECIFIED.,.F.,.F.,(4,2,2,2,4),(0.,0.136906825220734,
0.250497949965185,0.353432083764495,0.453906984047136),.UNSPECIFIED.);
#149=B_SPLINE_CURVE_WITH_KNOTS('',3,(#922,#923,#924,#925,#926,#927),
 .UNSPECIFIED.,.F.,.F.,(4,1,1,4),(-0.879703150785551,-0.570427730855891,
-0.300195504349379,-0.120618270332929),.UNSPECIFIED.);
#150=B_SPLINE_CURVE_WITH_KNOTS('',3,(#929,#930,#931,#932,#933,#934,#935,
#936,#937,#938),.UNSPECIFIED.,.F.,.F.,(4,2,2,2,4),(0.,0.12976064555066,
0.256633567320999,0.376864735053866,0.487390298118938),.UNSPECIFIED.);
#151=B_SPLINE_CURVE_WITH_KNOTS('',3,(#940,#941,#942,#943),.UNSPECIFIED.,
 .F.,.F.,(4,4),(-0.873384617989028,-0.707079032143874),.UNSPECIFIED.);
#152=B_SPLINE_CURVE_WITH_KNOTS('',3,(#947,#948,#949,#950),.UNSPECIFIED.,
 .F.,.F.,(4,4),(-0.295062641848246,-0.126615382010972),.UNSPECIFIED.);
#153=B_SPLINE_CURVE_WITH_KNOTS('',3,(#951,#952,#953,#954,#955,#956,#957,
#958,#959,#960,#961,#962),.UNSPECIFIED.,.F.,.F.,(4,2,2,2,2,4),(0.,0.112186012106592,
0.227275367054528,0.347986286892707,0.417225995904829,0.486144448711811),
 .UNSPECIFIED.);
#154=B_SPLINE_CURVE_WITH_KNOTS('',3,(#990,#991,#992,#993),.UNSPECIFIED.,
 .F.,.F.,(4,4),(-0.0242163470354371,-1.95676808090141E-15),
 .UNSPECIFIED.);
#155=B_SPLINE_CURVE_WITH_KNOTS('',3,(#994,#995,#996,#997),.UNSPECIFIED.,
 .F.,.F.,(4,4),(1.95676808090141E-15,0.0242163470354371),.UNSPECIFIED.);
#156=B_SPLINE_CURVE_WITH_KNOTS('',3,(#1033,#1034,#1035,#1036,#1037,#1038,
#1039),.UNSPECIFIED.,.F.,.F.,(4,1,1,1,4),(1.57629269308435E-6,0.725443400894496,
1.27657469345181,1.55214033973046,1.82720092031836),.UNSPECIFIED.);
#157=B_SPLINE_CURVE_WITH_KNOTS('',3,(#1076,#1077,#1078,#1079,#1080,#1081,
#1082),.UNSPECIFIED.,.F.,.F.,(4,1,1,1,4),(0.0281930298859655,0.29529691909008,
0.428848863692138,0.695952752896253,0.963056642100368),.UNSPECIFIED.);
#158=B_SPLINE_CURVE_WITH_KNOTS('',3,(#1085,#1086,#1087,#1088,#1089,#1090,
#1091),.UNSPECIFIED.,.F.,.F.,(4,1,1,1,4),(-0.963056642100368,-0.695952752896253,
-0.428848863692138,-0.29529691909008,-0.0281930298859655),.UNSPECIFIED.);
#159=B_SPLINE_CURVE_WITH_KNOTS('',3,(#1116,#1117,#1118,#1119,#1120,#1121,
#1122),.UNSPECIFIED.,.F.,.F.,(4,1,1,1,4),(0.111643446716833,0.386704027304738,
0.662269673583393,1.2134009661407,1.93884279075605),.UNSPECIFIED.);
#160=B_SPLINE_CURVE_WITH_KNOTS('',3,(#1147,#1148,#1149,#1150),
 .UNSPECIFIED.,.F.,.F.,(4,4),(-0.0195856073106347,0.),.UNSPECIFIED.);
#161=B_SPLINE_CURVE_WITH_KNOTS('',3,(#1153,#1154,#1155,#1156),
 .UNSPECIFIED.,.F.,.F.,(4,4),(0.,0.0195856073106347),.UNSPECIFIED.);
#162=B_SPLINE_CURVE_WITH_KNOTS('',3,(#1192,#1193,#1194,#1195,#1196,#1197,
#1198),.UNSPECIFIED.,.F.,.F.,(4,1,1,1,4),(-0.0858090011712402,1.38699624610236,
1.75886315736959,2.13073006863682,2.50259697990405),.UNSPECIFIED.);
#163=B_SPLINE_CURVE_WITH_KNOTS('',3,(#1199,#1200,#1201,#1202,#1203,#1204,
#1205),.UNSPECIFIED.,.F.,.F.,(4,1,1,1,4),(-2.50151380586007,-2.13073006863682,
-1.75886315736959,-1.38699624610236,-2.5678810659993E-6),.UNSPECIFIED.);
#164=B_SPLINE_CURVE_WITH_KNOTS('',3,(#1236,#1237,#1238,#1239,#1240,#1241),
 .UNSPECIFIED.,.F.,.F.,(4,1,1,4),(-0.939881726265766,-0.677738418890229,
-0.415595111514692,-0.0223801504513865),.UNSPECIFIED.);
#165=B_SPLINE_CURVE_WITH_KNOTS('',3,(#1242,#1243,#1244,#1245,#1246,#1247),
 .UNSPECIFIED.,.F.,.F.,(4,1,1,4),(0.0223801504513865,0.415595111514692,
0.677738418890229,0.939881726265766),.UNSPECIFIED.);
#166=B_SPLINE_CURVE_WITH_KNOTS('',3,(#1295,#1296,#1297,#1298),
 .UNSPECIFIED.,.F.,.F.,(4,4),(-0.024216347035438,-3.81819052841108E-16),
 .UNSPECIFIED.);
#167=B_SPLINE_CURVE_WITH_KNOTS('',3,(#1299,#1300,#1301,#1302),
 .UNSPECIFIED.,.F.,.F.,(4,4),(3.81819052841108E-16,0.024216347035438),
 .UNSPECIFIED.);
#168=B_SPLINE_CURVE_WITH_KNOTS('',3,(#1338,#1339,#1340,#1341,#1342,#1343,
#1344),.UNSPECIFIED.,.F.,.F.,(4,1,1,1,4),(-2.04009790497667,-1.2134009661407,
-0.662269673583393,-0.386704027304738,-0.111138381026083),.UNSPECIFIED.);
#169=B_SPLINE_CURVE_WITH_KNOTS('',3,(#1380,#1381,#1382,#1383,#1384,#1385,
#1386),.UNSPECIFIED.,.F.,.F.,(4,1,1,1,4),(-0.9469158473186,-0.684441197815274,
-0.421966548311947,-0.290729223560284,-0.0282545740569567),
 .UNSPECIFIED.);
#170=B_SPLINE_CURVE_WITH_KNOTS('',3,(#1387,#1388,#1389,#1390,#1391,#1392,
#1393),.UNSPECIFIED.,.F.,.F.,(4,1,1,1,4),(0.0282545740569567,0.290729223560284,
0.421966548311947,0.684441197815274,0.9469158473186),.UNSPECIFIED.);
#171=VERTEX_POINT('',#533);
#172=VERTEX_POINT('',#534);
#173=VERTEX_POINT('',#578);
#174=VERTEX_POINT('',#580);
#175=VERTEX_POINT('',#620);
#176=VERTEX_POINT('',#621);
#177=VERTEX_POINT('',#634);
#178=VERTEX_POINT('',#639);
#179=VERTEX_POINT('',#641);
#180=VERTEX_POINT('',#684);
#181=VERTEX_POINT('',#735);
#182=VERTEX_POINT('',#736);
#183=VERTEX_POINT('',#738);
#184=VERTEX_POINT('',#743);
#185=VERTEX_POINT('',#784);
#186=VERTEX_POINT('',#785);
#187=VERTEX_POINT('',#847);
#188=VERTEX_POINT('',#855);
#189=VERTEX_POINT('',#888);
#190=VERTEX_POINT('',#903);
#191=VERTEX_POINT('',#910);
#192=VERTEX_POINT('',#921);
#193=VERTEX_POINT('',#928);
#194=VERTEX_POINT('',#939);
#195=VERTEX_POINT('',#944);
#196=VERTEX_POINT('',#946);
#197=VERTEX_POINT('',#963);
#198=VERTEX_POINT('',#965);
#199=VERTEX_POINT('',#987);
#200=VERTEX_POINT('',#988);
#201=VERTEX_POINT('',#1075);
#202=VERTEX_POINT('',#1083);
#203=VERTEX_POINT('',#1143);
#204=VERTEX_POINT('',#1144);
#205=VERTEX_POINT('',#1146);
#206=VERTEX_POINT('',#1151);
#207=VERTEX_POINT('',#1292);
#208=VERTEX_POINT('',#1293);
#209=VERTEX_POINT('',#1419);
#210=VERTEX_POINT('',#1422);
#211=VERTEX_POINT('',#1427);
#212=VERTEX_POINT('',#1433);
#213=EDGE_CURVE('',#171,#172,#128,.T.);
#214=EDGE_CURVE('',#172,#171,#129,.T.);
#215=EDGE_CURVE('',#172,#173,#114,.T.);
#216=EDGE_CURVE('',#174,#173,#130,.T.);
#217=EDGE_CURVE('',#173,#174,#131,.T.);
#218=EDGE_CURVE('',#175,#176,#132,.T.);
#219=EDGE_CURVE('',#177,#175,#133,.T.);
#220=EDGE_CURVE('',#177,#178,#115,.T.);
#221=EDGE_CURVE('',#179,#178,#134,.T.);
#222=EDGE_CURVE('',#178,#179,#135,.T.);
#223=EDGE_CURVE('',#180,#177,#136,.T.);
#224=EDGE_CURVE('',#176,#180,#137,.T.);
#225=EDGE_CURVE('',#181,#182,#26,.T.);
#226=EDGE_CURVE('',#182,#183,#138,.T.);
#227=EDGE_CURVE('',#183,#184,#27,.T.);
#228=EDGE_CURVE('',#184,#181,#139,.T.);
#229=EDGE_CURVE('',#185,#186,#140,.T.);
#230=EDGE_CURVE('',#186,#181,#141,.T.);
#231=EDGE_CURVE('',#184,#185,#142,.T.);
#232=EDGE_CURVE('',#181,#187,#143,.T.);
#233=EDGE_CURVE('',#188,#187,#28,.T.);
#234=EDGE_CURVE('',#188,#182,#144,.T.);
#235=EDGE_CURVE('',#189,#186,#145,.T.);
#236=EDGE_CURVE('',#187,#189,#146,.T.);
#237=EDGE_CURVE('',#185,#190,#147,.T.);
#238=EDGE_CURVE('',#191,#190,#148,.T.);
#239=EDGE_CURVE('',#191,#192,#149,.T.);
#240=EDGE_CURVE('',#193,#192,#150,.T.);
#241=EDGE_CURVE('',#193,#194,#151,.T.);
#242=EDGE_CURVE('',#195,#194,#116,.T.);
#243=EDGE_CURVE('',#195,#196,#152,.T.);
#244=EDGE_CURVE('',#189,#196,#153,.T.);
#245=EDGE_CURVE('',#197,#197,#29,.T.);
#246=EDGE_CURVE('',#198,#198,#30,.T.);
#247=EDGE_CURVE('',#199,#200,#31,.T.);
#248=EDGE_CURVE('',#200,#188,#154,.T.);
#249=EDGE_CURVE('',#187,#199,#155,.T.);
#250=EDGE_CURVE('',#196,#199,#156,.T.);
#251=EDGE_CURVE('',#199,#201,#157,.T.);
#252=EDGE_CURVE('',#202,#201,#32,.T.);
#253=EDGE_CURVE('',#202,#200,#158,.T.);
#254=EDGE_CURVE('',#201,#193,#159,.T.);
#255=EDGE_CURVE('',#203,#204,#33,.T.);
#256=EDGE_CURVE('',#204,#205,#160,.T.);
#257=EDGE_CURVE('',#205,#206,#34,.T.);
#258=EDGE_CURVE('',#206,#203,#161,.T.);
#259=EDGE_CURVE('',#190,#203,#162,.T.);
#260=EDGE_CURVE('',#206,#191,#163,.T.);
#261=EDGE_CURVE('',#183,#204,#164,.T.);
#262=EDGE_CURVE('',#203,#184,#165,.T.);
#263=EDGE_CURVE('',#207,#208,#35,.T.);
#264=EDGE_CURVE('',#208,#202,#166,.T.);
#265=EDGE_CURVE('',#201,#207,#167,.T.);
#266=EDGE_CURVE('',#192,#207,#168,.T.);
#267=EDGE_CURVE('',#205,#208,#169,.T.);
#268=EDGE_CURVE('',#207,#206,#170,.T.);
#269=EDGE_CURVE('',#209,#209,#36,.T.);
#270=EDGE_CURVE('',#197,#210,#117,.T.);
#271=EDGE_CURVE('',#210,#210,#37,.T.);
#272=EDGE_CURVE('',#198,#211,#118,.T.);
#273=EDGE_CURVE('',#211,#211,#38,.T.);
#274=EDGE_CURVE('',#209,#180,#119,.T.);
#275=EDGE_CURVE('',#176,#212,#120,.T.);
#276=EDGE_CURVE('',#212,#212,#39,.T.);
#277=ORIENTED_EDGE('',*,*,#213,.F.);
#278=ORIENTED_EDGE('',*,*,#214,.F.);
#279=ORIENTED_EDGE('',*,*,#215,.T.);
#280=ORIENTED_EDGE('',*,*,#216,.F.);
#281=ORIENTED_EDGE('',*,*,#217,.F.);
#282=ORIENTED_EDGE('',*,*,#215,.F.);
#283=ORIENTED_EDGE('',*,*,#218,.F.);
#284=ORIENTED_EDGE('',*,*,#219,.F.);
#285=ORIENTED_EDGE('',*,*,#220,.T.);
#286=ORIENTED_EDGE('',*,*,#221,.F.);
#287=ORIENTED_EDGE('',*,*,#222,.F.);
#288=ORIENTED_EDGE('',*,*,#220,.F.);
#289=ORIENTED_EDGE('',*,*,#223,.F.);
#290=ORIENTED_EDGE('',*,*,#224,.F.);
#291=ORIENTED_EDGE('',*,*,#225,.T.);
#292=ORIENTED_EDGE('',*,*,#226,.T.);
#293=ORIENTED_EDGE('',*,*,#227,.T.);
#294=ORIENTED_EDGE('',*,*,#228,.T.);
#295=ORIENTED_EDGE('',*,*,#229,.T.);
#296=ORIENTED_EDGE('',*,*,#230,.T.);
#297=ORIENTED_EDGE('',*,*,#228,.F.);
#298=ORIENTED_EDGE('',*,*,#231,.T.);
#299=ORIENTED_EDGE('',*,*,#225,.F.);
#300=ORIENTED_EDGE('',*,*,#232,.T.);
#301=ORIENTED_EDGE('',*,*,#233,.F.);
#302=ORIENTED_EDGE('',*,*,#234,.T.);
#303=ORIENTED_EDGE('',*,*,#230,.F.);
#304=ORIENTED_EDGE('',*,*,#235,.F.);
#305=ORIENTED_EDGE('',*,*,#236,.F.);
#306=ORIENTED_EDGE('',*,*,#232,.F.);
#307=ORIENTED_EDGE('',*,*,#213,.T.);
#308=ORIENTED_EDGE('',*,*,#214,.T.);
#309=ORIENTED_EDGE('',*,*,#229,.F.);
#310=ORIENTED_EDGE('',*,*,#237,.T.);
#311=ORIENTED_EDGE('',*,*,#238,.F.);
#312=ORIENTED_EDGE('',*,*,#239,.T.);
#313=ORIENTED_EDGE('',*,*,#240,.F.);
#314=ORIENTED_EDGE('',*,*,#241,.T.);
#315=ORIENTED_EDGE('',*,*,#242,.F.);
#316=ORIENTED_EDGE('',*,*,#243,.T.);
#317=ORIENTED_EDGE('',*,*,#244,.F.);
#318=ORIENTED_EDGE('',*,*,#235,.T.);
#319=ORIENTED_EDGE('',*,*,#245,.T.);
#320=ORIENTED_EDGE('',*,*,#246,.T.);
#321=ORIENTED_EDGE('',*,*,#247,.T.);
#322=ORIENTED_EDGE('',*,*,#248,.T.);
#323=ORIENTED_EDGE('',*,*,#233,.T.);
#324=ORIENTED_EDGE('',*,*,#249,.T.);
#325=ORIENTED_EDGE('',*,*,#244,.T.);
#326=ORIENTED_EDGE('',*,*,#250,.T.);
#327=ORIENTED_EDGE('',*,*,#249,.F.);
#328=ORIENTED_EDGE('',*,*,#236,.T.);
#329=ORIENTED_EDGE('',*,*,#247,.F.);
#330=ORIENTED_EDGE('',*,*,#251,.T.);
#331=ORIENTED_EDGE('',*,*,#252,.F.);
#332=ORIENTED_EDGE('',*,*,#253,.T.);
#333=ORIENTED_EDGE('',*,*,#250,.F.);
#334=ORIENTED_EDGE('',*,*,#243,.F.);
#335=ORIENTED_EDGE('',*,*,#242,.T.);
#336=ORIENTED_EDGE('',*,*,#241,.F.);
#337=ORIENTED_EDGE('',*,*,#254,.F.);
#338=ORIENTED_EDGE('',*,*,#251,.F.);
#339=ORIENTED_EDGE('',*,*,#255,.T.);
#340=ORIENTED_EDGE('',*,*,#256,.T.);
#341=ORIENTED_EDGE('',*,*,#257,.T.);
#342=ORIENTED_EDGE('',*,*,#258,.T.);
#343=ORIENTED_EDGE('',*,*,#238,.T.);
#344=ORIENTED_EDGE('',*,*,#259,.T.);
#345=ORIENTED_EDGE('',*,*,#258,.F.);
#346=ORIENTED_EDGE('',*,*,#260,.T.);
#347=ORIENTED_EDGE('',*,*,#227,.F.);
#348=ORIENTED_EDGE('',*,*,#261,.T.);
#349=ORIENTED_EDGE('',*,*,#255,.F.);
#350=ORIENTED_EDGE('',*,*,#262,.T.);
#351=ORIENTED_EDGE('',*,*,#231,.F.);
#352=ORIENTED_EDGE('',*,*,#262,.F.);
#353=ORIENTED_EDGE('',*,*,#259,.F.);
#354=ORIENTED_EDGE('',*,*,#237,.F.);
#355=ORIENTED_EDGE('',*,*,#263,.T.);
#356=ORIENTED_EDGE('',*,*,#264,.T.);
#357=ORIENTED_EDGE('',*,*,#252,.T.);
#358=ORIENTED_EDGE('',*,*,#265,.T.);
#359=ORIENTED_EDGE('',*,*,#240,.T.);
#360=ORIENTED_EDGE('',*,*,#266,.T.);
#361=ORIENTED_EDGE('',*,*,#265,.F.);
#362=ORIENTED_EDGE('',*,*,#254,.T.);
#363=ORIENTED_EDGE('',*,*,#257,.F.);
#364=ORIENTED_EDGE('',*,*,#267,.T.);
#365=ORIENTED_EDGE('',*,*,#263,.F.);
#366=ORIENTED_EDGE('',*,*,#268,.T.);
#367=ORIENTED_EDGE('',*,*,#260,.F.);
#368=ORIENTED_EDGE('',*,*,#268,.F.);
#369=ORIENTED_EDGE('',*,*,#266,.F.);
#370=ORIENTED_EDGE('',*,*,#239,.F.);
#371=ORIENTED_EDGE('',*,*,#221,.T.);
#372=ORIENTED_EDGE('',*,*,#222,.T.);
#373=ORIENTED_EDGE('',*,*,#226,.F.);
#374=ORIENTED_EDGE('',*,*,#234,.F.);
#375=ORIENTED_EDGE('',*,*,#248,.F.);
#376=ORIENTED_EDGE('',*,*,#253,.F.);
#377=ORIENTED_EDGE('',*,*,#264,.F.);
#378=ORIENTED_EDGE('',*,*,#267,.F.);
#379=ORIENTED_EDGE('',*,*,#256,.F.);
#380=ORIENTED_EDGE('',*,*,#261,.F.);
#381=ORIENTED_EDGE('',*,*,#269,.T.);
#382=ORIENTED_EDGE('',*,*,#245,.F.);
#383=ORIENTED_EDGE('',*,*,#270,.T.);
#384=ORIENTED_EDGE('',*,*,#271,.T.);
#385=ORIENTED_EDGE('',*,*,#270,.F.);
#386=ORIENTED_EDGE('',*,*,#271,.F.);
#387=ORIENTED_EDGE('',*,*,#246,.F.);
#388=ORIENTED_EDGE('',*,*,#272,.T.);
#389=ORIENTED_EDGE('',*,*,#273,.T.);
#390=ORIENTED_EDGE('',*,*,#272,.F.);
#391=ORIENTED_EDGE('',*,*,#273,.F.);
#392=ORIENTED_EDGE('',*,*,#269,.F.);
#393=ORIENTED_EDGE('',*,*,#274,.T.);
#394=ORIENTED_EDGE('',*,*,#223,.T.);
#395=ORIENTED_EDGE('',*,*,#219,.T.);
#396=ORIENTED_EDGE('',*,*,#218,.T.);
#397=ORIENTED_EDGE('',*,*,#275,.T.);
#398=ORIENTED_EDGE('',*,*,#276,.T.);
#399=ORIENTED_EDGE('',*,*,#275,.F.);
#400=ORIENTED_EDGE('',*,*,#224,.T.);
#401=ORIENTED_EDGE('',*,*,#274,.F.);
#402=ORIENTED_EDGE('',*,*,#216,.T.);
#403=ORIENTED_EDGE('',*,*,#217,.T.);
#404=ORIENTED_EDGE('',*,*,#276,.F.);
#405=CYLINDRICAL_SURFACE('',#450,0.145);
#406=CYLINDRICAL_SURFACE('',#451,0.145);
#407=CYLINDRICAL_SURFACE('',#465,0.21);
#408=CYLINDRICAL_SURFACE('',#468,0.21);
#409=CYLINDRICAL_SURFACE('',#471,0.500000007450581);
#410=ADVANCED_FACE('',(#56),#405,.F.);
#411=ADVANCED_FACE('',(#57),#406,.F.);
#412=ADVANCED_FACE('',(#58),#40,.F.);
#413=ADVANCED_FACE('',(#59),#41,.F.);
#414=ADVANCED_FACE('',(#60),#42,.F.);
#415=ADVANCED_FACE('',(#61,#20),#43,.T.);
#416=ADVANCED_FACE('',(#62,#21,#22),#15,.T.);
#417=ADVANCED_FACE('',(#63),#44,.F.);
#418=ADVANCED_FACE('',(#64),#45,.F.);
#419=ADVANCED_FACE('',(#65),#46,.F.);
#420=ADVANCED_FACE('',(#66),#47,.T.);
#421=ADVANCED_FACE('',(#67),#48,.F.);
#422=ADVANCED_FACE('',(#68),#49,.F.);
#423=ADVANCED_FACE('',(#69),#50,.F.);
#424=ADVANCED_FACE('',(#70),#51,.T.);
#425=ADVANCED_FACE('',(#71),#52,.F.);
#426=ADVANCED_FACE('',(#72),#53,.F.);
#427=ADVANCED_FACE('',(#73),#54,.F.);
#428=ADVANCED_FACE('',(#74,#23),#55,.T.);
#429=ADVANCED_FACE('',(#75,#24),#16,.F.);
#430=ADVANCED_FACE('',(#76),#407,.F.);
#431=ADVANCED_FACE('',(#77),#17,.T.);
#432=ADVANCED_FACE('',(#78),#408,.F.);
#433=ADVANCED_FACE('',(#79),#18,.T.);
#434=ADVANCED_FACE('',(#80,#25),#409,.F.);
#435=ADVANCED_FACE('',(#81),#19,.F.);
#436=CLOSED_SHELL('',(#410,#411,#412,#413,#414,#415,#416,#417,#418,#419,
#420,#421,#422,#423,#424,#425,#426,#427,#428,#429,#430,#431,#432,#433,#434,
#435));
#437=DERIVED_UNIT_ELEMENT(#439,1.);
#438=DERIVED_UNIT_ELEMENT(#1442,-3.);
#439=(
MASS_UNIT()
NAMED_UNIT(*)
SI_UNIT(.KILO.,.GRAM.)
);
#440=DERIVED_UNIT((#437,#438));
#441=MEASURE_REPRESENTATION_ITEM('density measure',
POSITIVE_RATIO_MEASURE(1060.),#440);
#442=PROPERTY_DEFINITION_REPRESENTATION(#447,#444);
#443=PROPERTY_DEFINITION_REPRESENTATION(#448,#445);
#444=REPRESENTATION('material name',(#446),#1439);
#445=REPRESENTATION('density',(#441),#1439);
#446=DESCRIPTIVE_REPRESENTATION_ITEM('ABS Plastic','ABS Plastic');
#447=PROPERTY_DEFINITION('material property','material name',#1449);
#448=PROPERTY_DEFINITION('material property','density of part',#1449);
#449=AXIS2_PLACEMENT_3D('',#531,#474,#475);
#450=AXIS2_PLACEMENT_3D('',#532,#476,#477);
#451=AXIS2_PLACEMENT_3D('',#619,#479,#480);
#452=AXIS2_PLACEMENT_3D('',#737,#482,#483);
#453=AXIS2_PLACEMENT_3D('',#744,#484,#485);
#454=AXIS2_PLACEMENT_3D('',#856,#486,#487);
#455=AXIS2_PLACEMENT_3D('',#902,#488,#489);
#456=AXIS2_PLACEMENT_3D('',#964,#491,#492);
#457=AXIS2_PLACEMENT_3D('',#966,#493,#494);
#458=AXIS2_PLACEMENT_3D('',#989,#495,#496);
#459=AXIS2_PLACEMENT_3D('',#1084,#497,#498);
#460=AXIS2_PLACEMENT_3D('',#1145,#499,#500);
#461=AXIS2_PLACEMENT_3D('',#1152,#501,#502);
#462=AXIS2_PLACEMENT_3D('',#1294,#503,#504);
#463=AXIS2_PLACEMENT_3D('',#1418,#505,#506);
#464=AXIS2_PLACEMENT_3D('',#1420,#507,#508);
#465=AXIS2_PLACEMENT_3D('',#1421,#509,#510);
#466=AXIS2_PLACEMENT_3D('',#1424,#512,#513);
#467=AXIS2_PLACEMENT_3D('',#1425,#514,#515);
#468=AXIS2_PLACEMENT_3D('',#1426,#516,#517);
#469=AXIS2_PLACEMENT_3D('',#1429,#519,#520);
#470=AXIS2_PLACEMENT_3D('',#1430,#521,#522);
#471=AXIS2_PLACEMENT_3D('',#1431,#523,#524);
#472=AXIS2_PLACEMENT_3D('',#1435,#527,#528);
#473=AXIS2_PLACEMENT_3D('',#1436,#529,#530);
#474=DIRECTION('axis',(0.,0.,1.));
#475=DIRECTION('refdir',(1.,0.,0.));
#476=DIRECTION('center_axis',(-1.,0.,0.));
#477=DIRECTION('ref_axis',(0.,1.,0.));
#478=DIRECTION('',(-1.,0.,0.));
#479=DIRECTION('center_axis',(-1.,0.,0.));
#480=DIRECTION('ref_axis',(0.,1.,0.));
#481=DIRECTION('',(-1.,0.,0.));
#482=DIRECTION('center_axis',(-0.637400989139836,0.724063488155076,-0.263537557407408));
#483=DIRECTION('ref_axis',(0.730432575817374,0.45889296398091,-0.505851262520527));
#484=DIRECTION('center_axis',(0.781285909153511,-0.586531058949787,0.213479846930366));
#485=DIRECTION('ref_axis',(6.10622663543837E-15,-0.342020143325672,-0.939692620785907));
#486=DIRECTION('center_axis',(-0.597202791109681,-0.753718322604007,0.274331034448909));
#487=DIRECTION('ref_axis',(5.5511151231258E-16,-0.342020143325669,-0.939692620785908));
#488=DIRECTION('center_axis',(0.,0.,1.));
#489=DIRECTION('ref_axis',(1.,0.,0.));
#490=DIRECTION('',(-1.,0.,0.));
#491=DIRECTION('center_axis',(0.,0.,-1.));
#492=DIRECTION('ref_axis',(-1.,0.,0.));
#493=DIRECTION('center_axis',(0.,0.,-1.));
#494=DIRECTION('ref_axis',(-1.,0.,0.));
#495=DIRECTION('center_axis',(0.791869654484945,0.573861020616443,-0.208868330110019));
#496=DIRECTION('ref_axis',(0.539056736332587,-0.817557474749518,-0.20252804866401));
#497=DIRECTION('center_axis',(-0.791869654484945,0.573861020616446,-0.208868330110013));
#498=DIRECTION('ref_axis',(3.05311331771918E-15,-0.34202014332567,-0.939692620785908));
#499=DIRECTION('center_axis',(-0.78128590915351,-0.586531058949792,0.213479846930359));
#500=DIRECTION('ref_axis',(-0.593803953354374,0.59306114204966,-0.543760376242577));
#501=DIRECTION('center_axis',(0.637400989139842,0.724063488155065,-0.263537557407424));
#502=DIRECTION('ref_axis',(-1.60982338570647E-14,-0.34202014332568,-0.939692620785904));
#503=DIRECTION('center_axis',(0.59720279110966,-0.753718322604019,0.274331034448922));
#504=DIRECTION('ref_axis',(-0.709896321956457,-0.655886900452246,-0.256631225473129));
#505=DIRECTION('center_axis',(1.24442041618803E-17,0.342020143325668,0.939692620785909));
#506=DIRECTION('ref_axis',(1.,0.,-1.32428454652252E-17));
#507=DIRECTION('center_axis',(1.24442041618803E-17,0.342020143325668,0.939692620785909));
#508=DIRECTION('ref_axis',(1.,0.,0.));
#509=DIRECTION('center_axis',(0.,0.,-1.));
#510=DIRECTION('ref_axis',(-1.,0.,0.));
#511=DIRECTION('',(0.,0.,-1.));
#512=DIRECTION('center_axis',(0.,0.,-1.));
#513=DIRECTION('ref_axis',(-1.,0.,0.));
#514=DIRECTION('center_axis',(0.,0.,1.));
#515=DIRECTION('ref_axis',(-1.,0.,0.));
#516=DIRECTION('center_axis',(0.,0.,-1.));
#517=DIRECTION('ref_axis',(-1.,0.,0.));
#518=DIRECTION('',(0.,0.,-1.));
#519=DIRECTION('center_axis',(0.,0.,-1.));
#520=DIRECTION('ref_axis',(-1.,0.,0.));
#521=DIRECTION('center_axis',(0.,0.,1.));
#522=DIRECTION('ref_axis',(-1.,0.,0.));
#523=DIRECTION('center_axis',(0.,0.342020143325668,0.939692620785909));
#524=DIRECTION('ref_axis',(1.,0.,0.));
#525=DIRECTION('',(0.,0.342020143325668,0.939692620785909));
#526=DIRECTION('',(0.,0.342020143325668,0.939692620785909));
#527=DIRECTION('center_axis',(0.,0.342020143325668,0.939692620785909));
#528=DIRECTION('ref_axis',(1.,0.,0.));
#529=DIRECTION('center_axis',(0.,0.342020143325668,0.939692620785909));
#530=DIRECTION('ref_axis',(1.,0.,0.));
#531=CARTESIAN_POINT('',(0.,0.,0.));
#532=CARTESIAN_POINT('Origin',(1.25,-2.90000004321337,-1.30000001937151));
#533=CARTESIAN_POINT('',(0.922755373412269,-3.03073634763379,-1.36271380339457));
#534=CARTESIAN_POINT('',(0.935332726371198,-3.04500023045814,-1.29999995121999));
#535=CARTESIAN_POINT('Ctrl Pts',(0.92268501346353,-3.03073698063671,-1.36271357300035));
#536=CARTESIAN_POINT('Ctrl Pts',(0.92504144256207,-3.03691524205135,-1.34983644616929));
#537=CARTESIAN_POINT('Ctrl Pts',(0.927680850811554,-3.04113574550791,-1.33616378124923));
#538=CARTESIAN_POINT('Ctrl Pts',(0.93056378751466,-3.04330329826406,-1.3221429914045));
#539=CARTESIAN_POINT('Ctrl Pts',(0.932074968445037,-3.04443948845066,-1.31479355837));
#540=CARTESIAN_POINT('Ctrl Pts',(0.933643834356858,-3.04500499277162,-1.30739037070552));
#541=CARTESIAN_POINT('Ctrl Pts',(0.935258615081238,-3.04500541313626,-1.29999806487943));
#542=CARTESIAN_POINT('Ctrl Pts',(0.935335403935034,-3.04500004321337,-1.30000001937151));
#543=CARTESIAN_POINT('Ctrl Pts',(0.937192128862655,-3.04500004321337,-1.29150068287558));
#544=CARTESIAN_POINT('Ctrl Pts',(0.939109354456084,-3.04425276937285,-1.28301588867059));
#545=CARTESIAN_POINT('Ctrl Pts',(0.944469568004951,-3.04017589944363,-1.26006182937977));
#546=CARTESIAN_POINT('Ctrl Pts',(0.947957534620183,-3.03536754515622,-1.24596438068615));
#547=CARTESIAN_POINT('Ctrl Pts',(0.954884211776999,-3.0214662283459,-1.21936339137765));
#548=CARTESIAN_POINT('Ctrl Pts',(0.958284863281471,-3.01232565359721,-1.20703863202357));
#549=CARTESIAN_POINT('Ctrl Pts',(0.964849904015519,-2.9892379815335,-1.18445465538488));
#550=CARTESIAN_POINT('Ctrl Pts',(0.967898886748728,-2.97502335748981,-1.17473412175656));
#551=CARTESIAN_POINT('Ctrl Pts',(0.972936107891961,-2.9423398593861,-1.16007155205385));
#552=CARTESIAN_POINT('Ctrl Pts',(0.97475783986216,-2.92394497940804,-1.15575998175002));
#553=CARTESIAN_POINT('Ctrl Pts',(0.976430501558604,-2.88664491850308,-1.15443333608239));
#554=CARTESIAN_POINT('Ctrl Pts',(0.976290177383965,-2.86819140335729,-1.15732668288161));
#555=CARTESIAN_POINT('Ctrl Pts',(0.974036419666508,-2.83300211907302,-1.17002445800315));
#556=CARTESIAN_POINT('Ctrl Pts',(0.971908599261834,-2.81674331579574,-1.17981850739757));
#557=CARTESIAN_POINT('Ctrl Pts',(0.966012406924998,-2.78889947517884,-1.20494852398816));
#558=CARTESIAN_POINT('Ctrl Pts',(0.962299132092241,-2.77761813511264,-1.22004740549993));
#559=CARTESIAN_POINT('Ctrl Pts',(0.953683391161433,-2.76089275536957,-1.254553799992));
#560=CARTESIAN_POINT('Ctrl Pts',(0.948796965712886,-2.75602182667363,-1.27387829853379));
#561=CARTESIAN_POINT('Ctrl Pts',(0.939832606011369,-2.75441784864223,-1.30980516762297));
#562=CARTESIAN_POINT('Ctrl Pts',(0.935808917007864,-2.7564368688389,-1.32611922313986));
#563=CARTESIAN_POINT('Ctrl Pts',(0.929045343757233,-2.76490909477054,-1.35427283164698));
#564=CARTESIAN_POINT('Ctrl Pts',(0.926236070491993,-2.77034880397392,-1.36624348291497));
#565=CARTESIAN_POINT('Ctrl Pts',(0.92120348188722,-2.78426764229609,-1.38831044517004));
#566=CARTESIAN_POINT('Ctrl Pts',(0.918995312554268,-2.79263916357262,-1.39833119429522));
#567=CARTESIAN_POINT('Ctrl Pts',(0.914820650304219,-2.81406978108338,-1.41787927585283));
#568=CARTESIAN_POINT('Ctrl Pts',(0.913049609523966,-2.82758935275931,-1.4266482160798));
#569=CARTESIAN_POINT('Ctrl Pts',(0.910313881858245,-2.85958441781576,-1.44051795894577));
#570=CARTESIAN_POINT('Ctrl Pts',(0.909561012229803,-2.87815956190612,-1.44458124092114));
#571=CARTESIAN_POINT('Ctrl Pts',(0.909279664637854,-2.91599385881802,-1.44535987974151));
#572=CARTESIAN_POINT('Ctrl Pts',(0.909754423345566,-2.93485841026859,-1.4420183724775));
#573=CARTESIAN_POINT('Ctrl Pts',(0.911775000848705,-2.9697437731151,-1.42846019688771));
#574=CARTESIAN_POINT('Ctrl Pts',(0.913277118388317,-2.98548831439211,-1.41855373536666));
#575=CARTESIAN_POINT('Ctrl Pts',(0.917302952079173,-3.01218587974075,-1.39363729431916));
#576=CARTESIAN_POINT('Ctrl Pts',(0.919781979916965,-3.02295172339402,-1.37894202212292));
#577=CARTESIAN_POINT('Ctrl Pts',(0.922755373412269,-3.03073634763379,-1.36271380339457));
#578=CARTESIAN_POINT('',(0.480983137062825,-3.04500004321337,-1.30000001937151));
#579=CARTESIAN_POINT('',(1.25,-3.04500004321337,-1.30000001937151));
#580=CARTESIAN_POINT('',(0.478413598639606,-3.03625547322732,-1.25040709858929));
#581=CARTESIAN_POINT('Ctrl Pts',(0.478413598639606,-3.03625547322732,-1.25040709858929));
#582=CARTESIAN_POINT('Ctrl Pts',(0.478413598639606,-3.04182148972749,-1.2656996032398));
#583=CARTESIAN_POINT('Ctrl Pts',(0.479316037134893,-3.04500004321337,-1.28283518952092));
#584=CARTESIAN_POINT('Ctrl Pts',(0.480983137062825,-3.04500004321337,-1.30000001937151));
#585=CARTESIAN_POINT('Ctrl Pts',(0.480983137062825,-3.04500004321337,-1.30000001937151));
#586=CARTESIAN_POINT('Ctrl Pts',(0.481193061436531,-3.04500004321337,-1.30216144718744));
#587=CARTESIAN_POINT('Ctrl Pts',(0.481414107226162,-3.04495168515084,-1.30432344019601));
#588=CARTESIAN_POINT('Ctrl Pts',(0.483711520144877,-3.04399117299698,-1.32578698764166));
#589=CARTESIAN_POINT('Ctrl Pts',(0.486611173770934,-3.03907508489868,-1.34485104171465));
#590=CARTESIAN_POINT('Ctrl Pts',(0.491998729693186,-3.02375807435864,-1.37770011223609));
#591=CARTESIAN_POINT('Ctrl Pts',(0.494847612747443,-3.0123136916527,-1.39372401845734));
#592=CARTESIAN_POINT('Ctrl Pts',(0.498868355943911,-2.98384339632758,-1.41987009965475));
#593=CARTESIAN_POINT('Ctrl Pts',(0.499987855418953,-2.96680780449953,-1.42998975985439));
#594=CARTESIAN_POINT('Ctrl Pts',(0.500011941537725,-2.9323807452697,-1.44252018466737));
#595=CARTESIAN_POINT('Ctrl Pts',(0.498918351595287,-2.91282749599067,-1.44571884285429));
#596=CARTESIAN_POINT('Ctrl Pts',(0.49494582984125,-2.87421283952485,-1.44399147333211));
#597=CARTESIAN_POINT('Ctrl Pts',(0.492119292051607,-2.85514569971868,-1.43907351425628));
#598=CARTESIAN_POINT('Ctrl Pts',(0.486767381827023,-2.82229475945259,-1.42375562828131));
#599=CARTESIAN_POINT('Ctrl Pts',(0.483883559349194,-2.806273199609,-1.41231087344105));
#600=CARTESIAN_POINT('Ctrl Pts',(0.479772483398957,-2.78013077931472,-1.38384395841079));
#601=CARTESIAN_POINT('Ctrl Pts',(0.478612815778755,-2.77001137909949,-1.36681073795722));
#602=CARTESIAN_POINT('Ctrl Pts',(0.478612815778755,-2.75747800673983,-1.33237558040943));
#603=CARTESIAN_POINT('Ctrl Pts',(0.47977242325218,-2.75428115687211,-1.31282324627338));
#604=CARTESIAN_POINT('Ctrl Pts',(0.483883325957664,-2.75600882436284,-1.27421319151269));
#605=CARTESIAN_POINT('Ctrl Pts',(0.486767041247524,-2.7609251141247,-1.25514793771443));
#606=CARTESIAN_POINT('Ctrl Pts',(0.49211895612854,-2.7762436232446,-1.22229728889492));
#607=CARTESIAN_POINT('Ctrl Pts',(0.494945602763708,-2.78768874955651,-1.20627323785706));
#608=CARTESIAN_POINT('Ctrl Pts',(0.498918294929988,-2.81615938146552,-1.18012808742797));
#609=CARTESIAN_POINT('Ctrl Pts',(0.500011941844133,-2.83319446574552,-1.17000948404376));
#610=CARTESIAN_POINT('Ctrl Pts',(0.499987855726856,-2.86762152283949,-1.15747906000818));
#611=CARTESIAN_POINT('Ctrl Pts',(0.498868414113052,-2.88717583789342,-1.15428088502206));
#612=CARTESIAN_POINT('Ctrl Pts',(0.49484784311692,-2.92579083063126,-1.15600918194108));
#613=CARTESIAN_POINT('Ctrl Pts',(0.49199906978974,-2.94485730586807,-1.16092750622171));
#614=CARTESIAN_POINT('Ctrl Pts',(0.486611517953132,-2.97770608495575,-1.17624514347133));
#615=CARTESIAN_POINT('Ctrl Pts',(0.483711755934271,-2.99372672174712,-1.18768910912988));
#616=CARTESIAN_POINT('Ctrl Pts',(0.479578944614784,-3.01986862346027,-1.21615521232091));
#617=CARTESIAN_POINT('Ctrl Pts',(0.478413598639606,-3.02998841318873,-1.23318849264687));
#618=CARTESIAN_POINT('Ctrl Pts',(0.478413598639606,-3.03625547322732,-1.25040709858929));
#619=CARTESIAN_POINT('Origin',(1.25,-2.90000004321337,-1.30000001937151));
#620=CARTESIAN_POINT('',(-0.478413598639606,-3.03625547322732,-1.25040709858929));
#621=CARTESIAN_POINT('',(-0.500000007450581,-2.85009835657518,-1.16385736745578));
#622=CARTESIAN_POINT('Ctrl Pts',(-0.478413598639606,-3.03625547322732,-1.25040709858929));
#623=CARTESIAN_POINT('Ctrl Pts',(-0.478413598639606,-3.02998841318873,-1.23318849264687));
#624=CARTESIAN_POINT('Ctrl Pts',(-0.479578944614784,-3.01986862346027,-1.21615521232091));
#625=CARTESIAN_POINT('Ctrl Pts',(-0.483711755934271,-2.99372672174712,-1.18768910912988));
#626=CARTESIAN_POINT('Ctrl Pts',(-0.486611517953132,-2.97770608495575,-1.17624514347133));
#627=CARTESIAN_POINT('Ctrl Pts',(-0.49199906978974,-2.94485730586807,-1.16092750622171));
#628=CARTESIAN_POINT('Ctrl Pts',(-0.49484784311692,-2.92579083063126,-1.15600918194108));
#629=CARTESIAN_POINT('Ctrl Pts',(-0.498868414113052,-2.88717583789342,-1.15428088502206));
#630=CARTESIAN_POINT('Ctrl Pts',(-0.499987855726856,-2.86762152283949,-1.15747906000818));
#631=CARTESIAN_POINT('Ctrl Pts',(-0.499999971405287,-2.85030419650299,-1.16378205133174));
#632=CARTESIAN_POINT('Ctrl Pts',(-0.500000007450592,-2.85020127432433,-1.16381964401491));
#633=CARTESIAN_POINT('Ctrl Pts',(-0.500000007450581,-2.85009835655134,-1.16385736746446));
#634=CARTESIAN_POINT('',(-0.480983137062825,-3.04500004321337,-1.30000001937151));
#635=CARTESIAN_POINT('Ctrl Pts',(-0.480983137062825,-3.04500004321337,-1.30000001937151));
#636=CARTESIAN_POINT('Ctrl Pts',(-0.479316037134893,-3.04500004321337,-1.28283518952093));
#637=CARTESIAN_POINT('Ctrl Pts',(-0.478413598639606,-3.04182148972749,-1.2656996032398));
#638=CARTESIAN_POINT('Ctrl Pts',(-0.478413598639606,-3.03625547322732,-1.25040709858929));
#639=CARTESIAN_POINT('',(-0.935335403935034,-3.04500004321337,-1.30000001937151));
#640=CARTESIAN_POINT('',(1.25,-3.04500004321337,-1.30000001937151));
#641=CARTESIAN_POINT('',(-0.922757729197434,-3.03074251440782,-1.36270094620651));
#642=CARTESIAN_POINT('Ctrl Pts',(-0.922757729197434,-3.03074251440782,-1.36270094620651));
#643=CARTESIAN_POINT('Ctrl Pts',(-0.919817130499287,-3.02304598038083,-1.3787495746577));
#644=CARTESIAN_POINT('Ctrl Pts',(-0.917359676311037,-3.01243324836914,-1.39330094010468));
#645=CARTESIAN_POINT('Ctrl Pts',(-0.913279210449335,-2.98563340385331,-1.41852579033787));
#646=CARTESIAN_POINT('Ctrl Pts',(-0.911739880064766,-2.96945427605361,-1.42868860355704));
#647=CARTESIAN_POINT('Ctrl Pts',(-0.909775956509434,-2.93491520889007,-1.44188109705653));
#648=CARTESIAN_POINT('Ctrl Pts',(-0.909315555240813,-2.91702301396061,-1.44512202404451));
#649=CARTESIAN_POINT('Ctrl Pts',(-0.909497889940987,-2.88159763077969,-1.44487543818573));
#650=CARTESIAN_POINT('Ctrl Pts',(-0.910105991142469,-2.86438584930793,-1.44162552373866));
#651=CARTESIAN_POINT('Ctrl Pts',(-0.912483938903713,-2.83265168876643,-1.42948195781201));
#652=CARTESIAN_POINT('Ctrl Pts',(-0.914189198415031,-2.81831891587864,-1.42093766953493));
#653=CARTESIAN_POINT('Ctrl Pts',(-0.918281773145278,-2.7957196924315,-1.40161389229011));
#654=CARTESIAN_POINT('Ctrl Pts',(-0.920443210819038,-2.78693593325863,-1.39172547769965));
#655=CARTESIAN_POINT('Ctrl Pts',(-0.925353955121525,-2.77238230082797,-1.37005299709202));
#656=CARTESIAN_POINT('Ctrl Pts',(-0.928074300346039,-2.7666512301803,-1.35838909302568));
#657=CARTESIAN_POINT('Ctrl Pts',(-0.934579584515525,-2.75750881214383,-1.33117018346418));
#658=CARTESIAN_POINT('Ctrl Pts',(-0.938429041122424,-2.75497233328296,-1.31548713707882));
#659=CARTESIAN_POINT('Ctrl Pts',(-0.947233719537925,-2.7550351396232,-1.28009299480356));
#660=CARTESIAN_POINT('Ctrl Pts',(-0.952156972875312,-2.75906397199868,-1.26061305137517));
#661=CARTESIAN_POINT('Ctrl Pts',(-0.961080764460169,-2.77446317623444,-1.22496422255391));
#662=CARTESIAN_POINT('Ctrl Pts',(-0.96503187400084,-2.78547425417333,-1.20899141521081));
#663=CARTESIAN_POINT('Ctrl Pts',(-0.971171787011153,-2.81239254314804,-1.18305722394032));
#664=CARTESIAN_POINT('Ctrl Pts',(-0.973402817019907,-2.82767874941967,-1.17300743431175));
#665=CARTESIAN_POINT('Ctrl Pts',(-0.97601362669707,-2.86084566934002,-1.15927353355274));
#666=CARTESIAN_POINT('Ctrl Pts',(-0.976421186075659,-2.87827907695158,-1.15554729709723));
#667=CARTESIAN_POINT('Ctrl Pts',(-0.975439546324296,-2.91386040254987,-1.15455923233199));
#668=CARTESIAN_POINT('Ctrl Pts',(-0.974042425900265,-2.93161678204961,-1.15737739136453));
#669=CARTESIAN_POINT('Ctrl Pts',(-0.969700147472847,-2.96511080448576,-1.16922954043644));
#670=CARTESIAN_POINT('Ctrl Pts',(-0.96679947268217,-2.98052695002256,-1.17814285818391));
#671=CARTESIAN_POINT('Ctrl Pts',(-0.960391806153587,-3.00577857871436,-1.19960893689249));
#672=CARTESIAN_POINT('Ctrl Pts',(-0.957031159619222,-3.01589968406615,-1.21150407879813));
#673=CARTESIAN_POINT('Ctrl Pts',(-0.950146800529853,-3.03160716045413,-1.23736401019189));
#674=CARTESIAN_POINT('Ctrl Pts',(-0.946669397013485,-3.03730212103221,-1.25109767208503));
#675=CARTESIAN_POINT('Ctrl Pts',(-0.940534725908462,-3.04359632782235,-1.27675010807079));
#676=CARTESIAN_POINT('Ctrl Pts',(-0.937880190531678,-3.04500004321337,-1.28835101457093));
#677=CARTESIAN_POINT('Ctrl Pts',(-0.935335403935034,-3.04500004321337,-1.30000001937151));
#678=CARTESIAN_POINT('Ctrl Pts',(-0.935335403935034,-3.04500004321337,-1.30000001937151));
#679=CARTESIAN_POINT('Ctrl Pts',(-0.934487284278207,-3.04500004321337,-1.30388236847177));
#680=CARTESIAN_POINT('Ctrl Pts',(-0.933651223098107,-3.04484412363227,-1.30777003126153));
#681=CARTESIAN_POINT('Ctrl Pts',(-0.929093266501946,-3.0431081030842,-1.32930050792089));
#682=CARTESIAN_POINT('Ctrl Pts',(-0.925706493283123,-3.03846041999534,-1.34660775428906));
#683=CARTESIAN_POINT('Ctrl Pts',(-0.922757729197434,-3.03074251440782,-1.36270094620651));
#684=CARTESIAN_POINT('',(-0.500000007450581,-2.94928394326321,-1.43636752721652));
#685=CARTESIAN_POINT('Ctrl Pts',(-0.500000007450581,-2.94928394323938,-1.4363675272252));
#686=CARTESIAN_POINT('Ctrl Pts',(-0.500000007450592,-2.94938703099561,-1.43633027079402));
#687=CARTESIAN_POINT('Ctrl Pts',(-0.499999971405285,-2.94949003806961,-1.43629291135886));
#688=CARTESIAN_POINT('Ctrl Pts',(-0.499987855418953,-2.96680780449953,-1.42998975985439));
#689=CARTESIAN_POINT('Ctrl Pts',(-0.498868355943911,-2.98384339632758,-1.41987009965475));
#690=CARTESIAN_POINT('Ctrl Pts',(-0.494847612747443,-3.0123136916527,-1.39372401845734));
#691=CARTESIAN_POINT('Ctrl Pts',(-0.491998729693186,-3.02375807435864,-1.37770011223609));
#692=CARTESIAN_POINT('Ctrl Pts',(-0.486611173770934,-3.03907508489868,-1.34485104171465));
#693=CARTESIAN_POINT('Ctrl Pts',(-0.483711520144877,-3.04399117299698,-1.32578698764166));
#694=CARTESIAN_POINT('Ctrl Pts',(-0.481414107226162,-3.04495168515084,-1.30432344019601));
#695=CARTESIAN_POINT('Ctrl Pts',(-0.481193061436531,-3.04500004321337,-1.30216144718744));
#696=CARTESIAN_POINT('Ctrl Pts',(-0.480983137062825,-3.04500004321337,-1.30000001937151));
#697=CARTESIAN_POINT('Ctrl Pts',(-0.500000007450581,-2.85009835655134,-1.16385736746446));
#698=CARTESIAN_POINT('Ctrl Pts',(-0.500000007448732,-2.83298998145586,-1.17012826612371));
#699=CARTESIAN_POINT('Ctrl Pts',(-0.498906417244981,-2.81607425903881,-1.18020625705407));
#700=CARTESIAN_POINT('Ctrl Pts',(-0.494945602763708,-2.78768874955651,-1.20627323785706));
#701=CARTESIAN_POINT('Ctrl Pts',(-0.49211895612854,-2.7762436232446,-1.22229728889492));
#702=CARTESIAN_POINT('Ctrl Pts',(-0.486767041247524,-2.7609251141247,-1.25514793771443));
#703=CARTESIAN_POINT('Ctrl Pts',(-0.483883325957664,-2.75600882436284,-1.27421319151269));
#704=CARTESIAN_POINT('Ctrl Pts',(-0.47977242325218,-2.75428115687211,-1.31282324627338));
#705=CARTESIAN_POINT('Ctrl Pts',(-0.478612815778755,-2.75747800673983,-1.33237558040943));
#706=CARTESIAN_POINT('Ctrl Pts',(-0.478612815778755,-2.77001137909949,-1.36681073795722));
#707=CARTESIAN_POINT('Ctrl Pts',(-0.479772483398957,-2.78013077931472,-1.38384395841079));
#708=CARTESIAN_POINT('Ctrl Pts',(-0.483883559349194,-2.806273199609,-1.41231087344105));
#709=CARTESIAN_POINT('Ctrl Pts',(-0.486767381827023,-2.82229475945259,-1.42375562828131));
#710=CARTESIAN_POINT('Ctrl Pts',(-0.492119292051607,-2.85514569971868,-1.43907351425628));
#711=CARTESIAN_POINT('Ctrl Pts',(-0.49494582984125,-2.87421283952485,-1.44399147333211));
#712=CARTESIAN_POINT('Ctrl Pts',(-0.498906474117824,-2.91271204169228,-1.44571367817708));
#713=CARTESIAN_POINT('Ctrl Pts',(-0.500000007448732,-2.9321477495294,-1.44256063341979));
#714=CARTESIAN_POINT('Ctrl Pts',(-0.500000007450581,-2.94928394323938,-1.4363675272252));
#715=CARTESIAN_POINT('Ctrl Pts',(0.545152091478222,-2.60322516180936,-2.17914454813241));
#716=CARTESIAN_POINT('Ctrl Pts',(0.560158236423869,-2.61527908917063,-2.17590416442065));
#717=CARTESIAN_POINT('Ctrl Pts',(0.574016708147,-2.62860522471705,-2.17178854599967));
#718=CARTESIAN_POINT('Ctrl Pts',(0.586422402209966,-2.64293618020383,-2.16687574136057));
#719=CARTESIAN_POINT('Ctrl Pts',(0.535938253103791,-2.62965079775186,-2.2180279100093));
#720=CARTESIAN_POINT('Ctrl Pts',(0.550048560293484,-2.64116907285884,-2.2146729386478));
#721=CARTESIAN_POINT('Ctrl Pts',(0.563057308827139,-2.65380084971599,-2.21061405472012));
#722=CARTESIAN_POINT('Ctrl Pts',(0.574770150991293,-2.66739296160673,-2.20588766095291));
#723=CARTESIAN_POINT('Ctrl Pts',(0.501190740096148,-2.69436109707376,-2.26865029076617));
#724=CARTESIAN_POINT('Ctrl Pts',(0.512327420350063,-2.70344367380648,-2.26557223346376));
#725=CARTESIAN_POINT('Ctrl Pts',(0.522618649371297,-2.71344780873112,-2.26207455100186));
#726=CARTESIAN_POINT('Ctrl Pts',(0.531879517028161,-2.72419806173348,-2.25822163021907));
#727=CARTESIAN_POINT('Ctrl Pts',(0.448818220207721,-2.7638623032103,-2.26793220995273));
#728=CARTESIAN_POINT('Ctrl Pts',(0.455728176632625,-2.76924317328141,-2.26597246929019));
#729=CARTESIAN_POINT('Ctrl Pts',(0.462093835446735,-2.77525646804364,-2.26378539718224));
#730=CARTESIAN_POINT('Ctrl Pts',(0.467783598786123,-2.78178275945597,-2.26140969729484));
#731=CARTESIAN_POINT('Ctrl Pts',(0.426391300807347,-2.79024141888443,-2.25833099704108));
#732=CARTESIAN_POINT('Ctrl Pts',(0.431491953812019,-2.79407060788312,-2.25693728622418));
#733=CARTESIAN_POINT('Ctrl Pts',(0.436174591888923,-2.79839172728282,-2.25536452738398));
#734=CARTESIAN_POINT('Ctrl Pts',(0.440335887046492,-2.80311880166515,-2.25364401301365));
#735=CARTESIAN_POINT('',(0.586422402209966,-2.64293618020383,-2.16687574136057));
#736=CARTESIAN_POINT('',(0.440335887046492,-2.80311880166515,-2.25364401301365));
#737=CARTESIAN_POINT('Origin',(0.440335887046491,-2.73471477300002,-2.06570548885647));
#738=CARTESIAN_POINT('',(0.426391300807348,-2.79024141888443,-2.25833099704108));
#739=CARTESIAN_POINT('Ctrl Pts',(0.440335887046492,-2.80311880166515,-2.25364401301365));
#740=CARTESIAN_POINT('Ctrl Pts',(0.436174591888923,-2.79839172728282,-2.25536452738398));
#741=CARTESIAN_POINT('Ctrl Pts',(0.431491953812019,-2.79407060788312,-2.25693728622418));
#742=CARTESIAN_POINT('Ctrl Pts',(0.426391300807347,-2.79024141888443,-2.25833099704108));
#743=CARTESIAN_POINT('',(0.545152091478222,-2.60322516180936,-2.17914454813241));
#744=CARTESIAN_POINT('Origin',(0.426391300807347,-2.7218373902193,-2.0703924728839));
#745=CARTESIAN_POINT('Ctrl Pts',(0.545152091478222,-2.60322516180936,-2.17914454813241));
#746=CARTESIAN_POINT('Ctrl Pts',(0.560158236423869,-2.61527908917063,-2.17590416442065));
#747=CARTESIAN_POINT('Ctrl Pts',(0.574016708147,-2.62860522471705,-2.17178854599967));
#748=CARTESIAN_POINT('Ctrl Pts',(0.586422402209966,-2.64293618020383,-2.16687574136057));
#749=CARTESIAN_POINT('Ctrl Pts',(1.27379233680235,-1.50361689094865,0.0852372816754448));
#750=CARTESIAN_POINT('Ctrl Pts',(1.18562058042884,-1.67857321825352,-0.230638985320044));
#751=CARTESIAN_POINT('Ctrl Pts',(1.03838919275109,-1.96607224783445,-0.759412412787173));
#752=CARTESIAN_POINT('Ctrl Pts',(0.852996891990277,-2.29417078239604,-1.40261928059055));
#753=CARTESIAN_POINT('Ctrl Pts',(0.714083873457134,-2.49972340921533,-1.83757962018907));
#754=CARTESIAN_POINT('Ctrl Pts',(0.632712619566976,-2.59621514755853,-2.05769753518684));
#755=CARTESIAN_POINT('Ctrl Pts',(0.586014463739521,-2.64334809595498,-2.16783826132858));
#756=CARTESIAN_POINT('Ctrl Pts',(1.2635555334605,-1.43187576420549,0.0457401738514143));
#757=CARTESIAN_POINT('Ctrl Pts',(1.17311732349024,-1.61026135649934,-0.267336338772181));
#758=CARTESIAN_POINT('Ctrl Pts',(1.0223320066483,-1.90473534534388,-0.790798771183129));
#759=CARTESIAN_POINT('Ctrl Pts',(0.833439809592033,-2.24878227076005,-1.4235918328444));
#760=CARTESIAN_POINT('Ctrl Pts',(0.696584452220187,-2.47195016266832,-1.8488181606223));
#761=CARTESIAN_POINT('Ctrl Pts',(0.620509698093181,-2.58096613445115,-2.06305553903368));
#762=CARTESIAN_POINT('Ctrl Pts',(0.578976355608484,-2.63515702778726,-2.17055644191489));
#763=CARTESIAN_POINT('Ctrl Pts',(1.18497842542682,-1.30675668549102,-0.00617544720760557));
#764=CARTESIAN_POINT('Ctrl Pts',(1.09742146692001,-1.49272012485679,-0.315409954701971));
#765=CARTESIAN_POINT('Ctrl Pts',(0.952109815163361,-1.8022890232734,-0.831215112251615));
#766=CARTESIAN_POINT('Ctrl Pts',(0.777293929931709,-2.17498578508184,-1.45084926734565));
#767=CARTESIAN_POINT('Ctrl Pts',(0.658190224685067,-2.42687165785405,-1.86410468098636));
#768=CARTESIAN_POINT('Ctrl Pts',(0.597010114441515,-2.55554424933273,-2.07100901612234));
#769=CARTESIAN_POINT('Ctrl Pts',(0.56586665292547,-2.62132167152468,-2.17476347698772));
#770=CARTESIAN_POINT('Ctrl Pts',(1.04426140254112,-1.25008293852625,-0.0003148155634302));
#771=CARTESIAN_POINT('Ctrl Pts',(0.965172011047381,-1.43655969656815,-0.31165441777866));
#772=CARTESIAN_POINT('Ctrl Pts',(0.836711259854698,-1.74737660827282,-0.831399413551219));
#773=CARTESIAN_POINT('Ctrl Pts',(0.694962899514821,-2.12686031190523,-1.45579343836662));
#774=CARTESIAN_POINT('Ctrl Pts',(0.609050356382101,-2.39138531983261,-1.87055707600609));
#775=CARTESIAN_POINT('Ctrl Pts',(0.570249356234457,-2.53285028377589,-2.0763156336106));
#776=CARTESIAN_POINT('Ctrl Pts',(0.551511498990714,-2.60850925035227,-2.1779630465666));
#777=CARTESIAN_POINT('Ctrl Pts',(0.984079956780033,-1.2427972544601,0.0122007365623577));
#778=CARTESIAN_POINT('Ctrl Pts',(0.907863486505634,-1.42766744257951,-0.300944619948778));
#779=CARTESIAN_POINT('Ctrl Pts',(0.785461498645178,-1.73568117000372,-0.824073845448418));
#780=CARTESIAN_POINT('Ctrl Pts',(0.657385701882311,-2.11241039313034,-1.45367398206264));
#781=CARTESIAN_POINT('Ctrl Pts',(0.586523242781032,-2.37831764602152,-1.87162800221057));
#782=CARTESIAN_POINT('Ctrl Pts',(0.558256670760077,-2.52369045849153,-2.07808809869677));
#783=CARTESIAN_POINT('Ctrl Pts',(0.545152091478219,-2.60322516180936,-2.17914454813242));
#784=CARTESIAN_POINT('',(0.981112022208042,-1.25,5.55111512312578E-17));
#785=CARTESIAN_POINT('',(1.25,-1.55074212303612,0.));
#786=CARTESIAN_POINT('Ctrl Pts',(0.981112022208042,-1.25,3.64240401502702E-17));
#787=CARTESIAN_POINT('Ctrl Pts',(1.0155461747336,-1.25,3.54921858017617E-17));
#788=CARTESIAN_POINT('Ctrl Pts',(1.04941935305994,-1.25650734559829,-8.32667268468867E-16));
#789=CARTESIAN_POINT('Ctrl Pts',(1.11160673139922,-1.28248994838635,-8.32667268468867E-16));
#790=CARTESIAN_POINT('Ctrl Pts',(1.13900016038857,-1.30096952065911,-2.67152568384388E-17));
#791=CARTESIAN_POINT('Ctrl Pts',(1.18733420686459,-1.34895417795367,-2.88617786595697E-17));
#792=CARTESIAN_POINT('Ctrl Pts',(1.20699183523974,-1.37830490006943,2.20400518701198E-14));
#793=CARTESIAN_POINT('Ctrl Pts',(1.23095198027479,-1.43211431178138,2.20364915324845E-14));
#794=CARTESIAN_POINT('Ctrl Pts',(1.23808181271046,-1.45487525435249,4.08146545213016E-15));
#795=CARTESIAN_POINT('Ctrl Pts',(1.24767123292575,-1.50202324514392,4.07863904071177E-15));
#796=CARTESIAN_POINT('Ctrl Pts',(1.25,-1.52637944484862,-1.03143371503151E-17));
#797=CARTESIAN_POINT('Ctrl Pts',(1.25,-1.55074212303612,-8.85157289143681E-18));
#798=CARTESIAN_POINT('Ctrl Pts',(1.25000393325426,-1.55074638838298,1.41827282732279E-6));
#799=CARTESIAN_POINT('Ctrl Pts',(1.16971435389042,-1.70955108457204,-0.287710467455992));
#800=CARTESIAN_POINT('Ctrl Pts',(1.03005488007732,-1.98082192062895,-0.788327783750213));
#801=CARTESIAN_POINT('Ctrl Pts',(0.852996891990277,-2.29417078239604,-1.40261928059055));
#802=CARTESIAN_POINT('Ctrl Pts',(0.714185036669997,-2.49957371580027,-1.83726286092571));
#803=CARTESIAN_POINT('Ctrl Pts',(0.632949628301865,-2.59593405432866,-2.05705633851868));
#804=CARTESIAN_POINT('Ctrl Pts',(0.58642240516159,-2.64293617356177,-2.16687574545386));
#805=CARTESIAN_POINT('Ctrl Pts',(0.545152091478219,-2.60322516180936,-2.17914454813242));
#806=CARTESIAN_POINT('Ctrl Pts',(0.558256670760077,-2.52369045849153,-2.07808809869677));
#807=CARTESIAN_POINT('Ctrl Pts',(0.586523242781032,-2.37831764602152,-1.87162800221057));
#808=CARTESIAN_POINT('Ctrl Pts',(0.657385701882311,-2.11241039313034,-1.45367398206264));
#809=CARTESIAN_POINT('Ctrl Pts',(0.784629843186807,-1.73812744730717,-0.828162130693881));
#810=CARTESIAN_POINT('Ctrl Pts',(0.905956887387518,-1.43246798431593,-0.309097322060382));
#811=CARTESIAN_POINT('Ctrl Pts',(0.98111191427901,-1.24999991437583,-2.03912953015972E-8));
#812=CARTESIAN_POINT('Ctrl Pts',(0.586422402209966,-2.64293618020383,-2.16687574136057));
#813=CARTESIAN_POINT('Ctrl Pts',(0.661516172723536,-2.72191489785168,-2.1300899116712));
#814=CARTESIAN_POINT('Ctrl Pts',(0.77018354172635,-2.91007535144493,-2.04697485474177));
#815=CARTESIAN_POINT('Ctrl Pts',(0.796576603129384,-3.1739883413371,-1.9505945496392));
#816=CARTESIAN_POINT('Ctrl Pts',(0.746701915431592,-3.43526657244843,-1.87232959173842));
#817=CARTESIAN_POINT('Ctrl Pts',(0.668684583684426,-3.5846008372341,-1.83931443141158));
#818=CARTESIAN_POINT('Ctrl Pts',(0.595546544380992,-3.66954825321418,-1.8245248349196));
#819=CARTESIAN_POINT('Ctrl Pts',(0.574770150991293,-2.66739296160673,-2.20588766095291));
#820=CARTESIAN_POINT('Ctrl Pts',(0.649534768336116,-2.74471954672804,-2.17189070402467));
#821=CARTESIAN_POINT('Ctrl Pts',(0.759437912571285,-2.92993575633742,-2.09356724546699));
#822=CARTESIAN_POINT('Ctrl Pts',(0.785734293064072,-3.19127480158173,-1.99821201058185));
#823=CARTESIAN_POINT('Ctrl Pts',(0.733004688340289,-3.44742995371438,-1.91755951660545));
#824=CARTESIAN_POINT('Ctrl Pts',(0.652994735362718,-3.59078998348014,-1.8809058837103));
#825=CARTESIAN_POINT('Ctrl Pts',(0.58009140475937,-3.67126555343456,-1.8628880233269));
#826=CARTESIAN_POINT('Ctrl Pts',(0.531878827233903,-2.72419810194005,-2.25822007232564));
#827=CARTESIAN_POINT('Ctrl Pts',(0.601453553027797,-2.79712741094705,-2.23008909399629));
#828=CARTESIAN_POINT('Ctrl Pts',(0.7049552194478,-2.9717746016708,-2.16349689622751));
#829=CARTESIAN_POINT('Ctrl Pts',(0.729799660507206,-3.21754268858525,-2.07396371625202));
#830=CARTESIAN_POINT('Ctrl Pts',(0.67918474862954,-3.4554812820677,-1.99086227354463));
#831=CARTESIAN_POINT('Ctrl Pts',(0.603871323198252,-3.58600091340061,-1.94752636525415));
#832=CARTESIAN_POINT('Ctrl Pts',(0.536602719019299,-3.65900963186284,-1.92388750845724));
#833=CARTESIAN_POINT('Ctrl Pts',(0.467783598786122,-2.78178275945597,-2.26140969729484));
#834=CARTESIAN_POINT('Ctrl Pts',(0.527692110913663,-2.84816793473118,-2.23725606188066));
#835=CARTESIAN_POINT('Ctrl Pts',(0.615840235720745,-3.00529219153183,-2.18008197195264));
#836=CARTESIAN_POINT('Ctrl Pts',(0.638105369799633,-3.22463145031531,-2.10025948647882));
#837=CARTESIAN_POINT('Ctrl Pts',(0.597268858602927,-3.43800619941512,-2.02257543876975));
#838=CARTESIAN_POINT('Ctrl Pts',(0.535222090828982,-3.55641342767395,-1.97947792881984));
#839=CARTESIAN_POINT('Ctrl Pts',(0.478469165786992,-3.62419764861411,-1.95479575273861));
#840=CARTESIAN_POINT('Ctrl Pts',(0.440335887046491,-2.80311880166515,-2.25364401301365));
#841=CARTESIAN_POINT('Ctrl Pts',(0.496111628584863,-2.86647794082684,-2.23058317229006));
#842=CARTESIAN_POINT('Ctrl Pts',(0.577697454221112,-3.01567061775416,-2.17628147871802));
#843=CARTESIAN_POINT('Ctrl Pts',(0.598863122758732,-3.22368454395485,-2.10057060126813));
#844=CARTESIAN_POINT('Ctrl Pts',(0.562197095695365,-3.42703707053345,-2.02655633453069));
#845=CARTESIAN_POINT('Ctrl Pts',(0.505823526975884,-3.54082328299147,-1.98514154012608));
#846=CARTESIAN_POINT('Ctrl Pts',(0.453567279989702,-3.60677490178887,-1.96113711398216));
#847=CARTESIAN_POINT('',(0.595546544380992,-3.66954825321418,-1.8245248349196));
#848=CARTESIAN_POINT('Ctrl Pts',(0.586422402209966,-2.64293618020383,-2.16687574136057));
#849=CARTESIAN_POINT('Ctrl Pts',(0.661516172723536,-2.72191489785168,-2.1300899116712));
#850=CARTESIAN_POINT('Ctrl Pts',(0.77018354172635,-2.91007535144493,-2.04697485474177));
#851=CARTESIAN_POINT('Ctrl Pts',(0.796576603129384,-3.1739883413371,-1.9505945496392));
#852=CARTESIAN_POINT('Ctrl Pts',(0.746701915431592,-3.43526657244843,-1.87232959173842));
#853=CARTESIAN_POINT('Ctrl Pts',(0.668684583684426,-3.5846008372341,-1.83931443141158));
#854=CARTESIAN_POINT('Ctrl Pts',(0.595546544380992,-3.66954825321418,-1.8245248349196));
#855=CARTESIAN_POINT('',(0.453567279989703,-3.60677490178887,-1.96113711398216));
#856=CARTESIAN_POINT('Origin',(0.453567279989703,-3.53837087312373,-1.77319858982497));
#857=CARTESIAN_POINT('Ctrl Pts',(0.453567279989702,-3.60677490178887,-1.96113711398216));
#858=CARTESIAN_POINT('Ctrl Pts',(0.505823526975884,-3.54082328299147,-1.98514154012608));
#859=CARTESIAN_POINT('Ctrl Pts',(0.562197095695365,-3.42703707053345,-2.02655633453069));
#860=CARTESIAN_POINT('Ctrl Pts',(0.598863122758732,-3.22368454395485,-2.10057060126813));
#861=CARTESIAN_POINT('Ctrl Pts',(0.577697454221112,-3.01567061775416,-2.17628147871802));
#862=CARTESIAN_POINT('Ctrl Pts',(0.496111628584863,-2.86647794082684,-2.23058317229006));
#863=CARTESIAN_POINT('Ctrl Pts',(0.440335887046491,-2.80311880166515,-2.25364401301365));
#864=CARTESIAN_POINT('Ctrl Pts',(1.25,-1.31055982346086,0.));
#865=CARTESIAN_POINT('Ctrl Pts',(1.02880746740235,-1.75468527571047,-0.722291913790031));
#866=CARTESIAN_POINT('Ctrl Pts',(0.8076149348047,-2.19881072796008,-1.44458382758006));
#867=CARTESIAN_POINT('Ctrl Pts',(0.58642240220705,-2.64293618020969,-2.16687574137009));
#868=CARTESIAN_POINT('Ctrl Pts',(1.25,-1.648350106594,0.));
#869=CARTESIAN_POINT('Ctrl Pts',(1.0631745700447,-2.02030476980288,-0.709703723097839));
#870=CARTESIAN_POINT('Ctrl Pts',(0.875829864695118,-2.39252757821406,-1.41930984932358));
#871=CARTESIAN_POINT('Ctrl Pts',(0.689004434739814,-2.76448224142294,-2.12901357242142));
#872=CARTESIAN_POINT('Ctrl Pts',(1.25,-2.2113339118159,0.));
#873=CARTESIAN_POINT('Ctrl Pts',(1.09953399783136,-2.48075889560296,-0.6822611250587));
#874=CARTESIAN_POINT('Ctrl Pts',(0.949102670279436,-2.75014308439392,-1.36453709828169));
#875=CARTESIAN_POINT('Ctrl Pts',(0.798636668110793,-3.01956806818098,-2.04679822334039));
#876=CARTESIAN_POINT('Ctrl Pts',(1.25,-2.99951123912656,0.));
#877=CARTESIAN_POINT('Ctrl Pts',(1.08723417907436,-3.13213028051434,-0.641389926694221));
#878=CARTESIAN_POINT('Ctrl Pts',(0.924312346470939,-3.26480588217259,-1.28275926713355));
#879=CARTESIAN_POINT('Ctrl Pts',(0.761546525545297,-3.39742492356037,-1.92414919382777));
#880=CARTESIAN_POINT('Ctrl Pts',(1.25,-3.44989828330408,0.));
#881=CARTESIAN_POINT('Ctrl Pts',(1.05286974371516,-3.49590388168722,-0.62110636225319));
#882=CARTESIAN_POINT('Ctrl Pts',(0.855608705841678,-3.54189485687848,-1.24221804691295));
#883=CARTESIAN_POINT('Ctrl Pts',(0.658478449556834,-3.58790045526163,-1.86332440916614));
#884=CARTESIAN_POINT('Ctrl Pts',(1.25,-3.67509180539284,0.));
#885=CARTESIAN_POINT('Ctrl Pts',(1.03025284670763,-3.6732304357264,-0.612624374036795));
#886=CARTESIAN_POINT('Ctrl Pts',(0.810505693415262,-3.67136906605996,-1.22524874807359));
#887=CARTESIAN_POINT('Ctrl Pts',(0.590758540122893,-3.66950769639351,-1.83787312211038));
#888=CARTESIAN_POINT('',(1.25,-3.44845432416768,1.11022302462516E-16));
#889=CARTESIAN_POINT('Ctrl Pts',(1.25,-3.44845432416768,0.));
#890=CARTESIAN_POINT('Ctrl Pts',(1.25,-3.29880662915397,0.));
#891=CARTESIAN_POINT('Ctrl Pts',(1.25,-2.92396541205151,0.));
#892=CARTESIAN_POINT('Ctrl Pts',(1.25,-2.29139467834099,0.));
#893=CARTESIAN_POINT('Ctrl Pts',(1.25,-1.80847163964418,0.));
#894=CARTESIAN_POINT('Ctrl Pts',(1.25,-1.55074212303612,0.));
#895=CARTESIAN_POINT('Ctrl Pts',(0.595546544380994,-3.66954825321418,-1.8245248349196));
#896=CARTESIAN_POINT('Ctrl Pts',(0.644552208857139,-3.65009330736404,-1.73868689063234));
#897=CARTESIAN_POINT('Ctrl Pts',(0.724738911729045,-3.61328006794819,-1.56608190943585));
#898=CARTESIAN_POINT('Ctrl Pts',(0.855720084838251,-3.55657822323657,-1.21946233608573));
#899=CARTESIAN_POINT('Ctrl Pts',(1.02783124049817,-3.49638802334092,-0.697472944299426));
#900=CARTESIAN_POINT('Ctrl Pts',(1.1663294996335,-3.46436128323961,-0.26154824381688));
#901=CARTESIAN_POINT('Ctrl Pts',(1.25,-3.44845432416768,1.38777878078145E-16));
#902=CARTESIAN_POINT('Origin',(0.,-2.5,0.));
#903=CARTESIAN_POINT('',(-0.981112022208042,-1.25,2.77555756156289E-17));
#904=CARTESIAN_POINT('Ctrl Pts',(0.981112022208042,-1.25,0.));
#905=CARTESIAN_POINT('Ctrl Pts',(0.823948127455789,-1.25,0.));
#906=CARTESIAN_POINT('Ctrl Pts',(0.440286304725188,-1.25,0.));
#907=CARTESIAN_POINT('Ctrl Pts',(-0.21378837674684,-1.25,0.));
#908=CARTESIAN_POINT('Ctrl Pts',(-0.710699163466616,-1.25,0.));
#909=CARTESIAN_POINT('Ctrl Pts',(-0.981112022208042,-1.25,0.));
#910=CARTESIAN_POINT('',(-1.25,-1.55074212303612,-8.32667268468867E-17));
#911=CARTESIAN_POINT('Ctrl Pts',(-1.25,-1.55074212303612,5.10686894230849E-17));
#912=CARTESIAN_POINT('Ctrl Pts',(-1.25,-1.50510651462921,5.12693913930436E-17));
#913=CARTESIAN_POINT('Ctrl Pts',(-1.24182884056083,-1.45959511519908,5.97022431492178E-14));
#914=CARTESIAN_POINT('Ctrl Pts',(-1.20988782584222,-1.38271675646022,5.97022431492178E-14));
#915=CARTESIAN_POINT('Ctrl Pts',(-1.18923311583798,-1.3508620270777,3.27634536673403E-15));
#916=CARTESIAN_POINT('Ctrl Pts',(-1.13828512864276,-1.3002391819996,3.27408188321688E-15));
#917=CARTESIAN_POINT('Ctrl Pts',(-1.10983293745742,-1.2812966848844,1.22124532708767E-15));
#918=CARTESIAN_POINT('Ctrl Pts',(-1.04728066746173,-1.2560994764202,1.22124532708767E-15));
#919=CARTESIAN_POINT('Ctrl Pts',(-1.01444957689075,-1.25,8.17419086607472E-18));
#920=CARTESIAN_POINT('Ctrl Pts',(-0.981112022208042,-1.25,8.19307928363201E-18));
#921=CARTESIAN_POINT('',(-1.25,-3.44845432416768,1.38777878078145E-16));
#922=CARTESIAN_POINT('Ctrl Pts',(-1.25,-1.55074212303612,0.));
#923=CARTESIAN_POINT('Ctrl Pts',(-1.25,-1.80847163964417,0.));
#924=CARTESIAN_POINT('Ctrl Pts',(-1.25,-2.29139467834098,0.));
#925=CARTESIAN_POINT('Ctrl Pts',(-1.25,-2.9239654120515,0.));
#926=CARTESIAN_POINT('Ctrl Pts',(-1.25,-3.29880662915397,0.));
#927=CARTESIAN_POINT('Ctrl Pts',(-1.25,-3.44845432416768,0.));
#928=CARTESIAN_POINT('',(-0.933461544972571,-3.75,-6.93889390390723E-17));
#929=CARTESIAN_POINT('Ctrl Pts',(-0.933461544972571,-3.75,-3.28137974547979E-18));
#930=CARTESIAN_POINT('Ctrl Pts',(-0.976715093489457,-3.75,-3.35513429863869E-18));
#931=CARTESIAN_POINT('Ctrl Pts',(-1.01967010631689,-3.74150921941794,-9.50649281517002E-13));
#932=CARTESIAN_POINT('Ctrl Pts',(-1.0986595892904,-3.70872546961868,-9.50649281517002E-13));
#933=CARTESIAN_POINT('Ctrl Pts',(-1.13422849985255,-3.68503374944166,-2.60834225994729E-13));
#934=CARTESIAN_POINT('Ctrl Pts',(-1.19205032198115,-3.62649102014254,-2.60831880737692E-13));
#935=CARTESIAN_POINT('Ctrl Pts',(-1.21435645303964,-3.59283143840832,4.10088629720917E-14));
#936=CARTESIAN_POINT('Ctrl Pts',(-1.2429083777102,-3.52155444001142,4.10088629720917E-14));
#937=CARTESIAN_POINT('Ctrl Pts',(-1.25,-3.48522012320114,4.12268173207016E-17));
#938=CARTESIAN_POINT('Ctrl Pts',(-1.25,-3.44845432416768,4.11790173441072E-17));
#939=CARTESIAN_POINT('',(-0.517697580359685,-3.75,-1.38777878078145E-17));
#940=CARTESIAN_POINT('Ctrl Pts',(-0.93346154497257,-3.75,0.));
#941=CARTESIAN_POINT('Ctrl Pts',(-0.794873556768276,-3.75,0.));
#942=CARTESIAN_POINT('Ctrl Pts',(-0.656285568563981,-3.75,0.));
#943=CARTESIAN_POINT('Ctrl Pts',(-0.517697580359686,-3.75,0.));
#944=CARTESIAN_POINT('',(0.512343395379385,-3.75,0.));
#945=CARTESIAN_POINT('',(1.25,-3.75,0.));
#946=CARTESIAN_POINT('',(0.933461544972571,-3.75,8.32667268468867E-17));
#947=CARTESIAN_POINT('Ctrl Pts',(0.512343395379385,-3.75,0.));
#948=CARTESIAN_POINT('Ctrl Pts',(0.652716111910447,-3.75,0.));
#949=CARTESIAN_POINT('Ctrl Pts',(0.793088828441509,-3.75,0.));
#950=CARTESIAN_POINT('Ctrl Pts',(0.933461544972571,-3.75,0.));
#951=CARTESIAN_POINT('Ctrl Pts',(1.25,-3.44845432416768,-3.76505021530676E-17));
#952=CARTESIAN_POINT('Ctrl Pts',(1.25,-3.48584966153654,-3.76633931953043E-17));
#953=CARTESIAN_POINT('Ctrl Pts',(1.24266361377034,-3.52279114802469,-4.10941431642286E-17));
#954=CARTESIAN_POINT('Ctrl Pts',(1.214035565407,-3.59295815399579,-4.21865385532351E-17));
#955=CARTESIAN_POINT('Ctrl Pts',(1.19272014315633,-3.62526481583321,2.35367281220533E-14));
#956=CARTESIAN_POINT('Ctrl Pts',(1.13797589138435,-3.68177250088913,2.35367281220533E-14));
#957=CARTESIAN_POINT('Ctrl Pts',(1.10453304423409,-3.70496669226878,3.63193298566955E-13));
#958=CARTESIAN_POINT('Ctrl Pts',(1.04664081954649,-3.73086731572415,3.63196896053318E-13));
#959=CARTESIAN_POINT('Ctrl Pts',(1.02457384520974,-3.7380317179049,5.09183353342681E-15));
#960=CARTESIAN_POINT('Ctrl Pts',(0.97944374249925,-3.74759647144982,5.09445661810655E-15));
#961=CARTESIAN_POINT('Ctrl Pts',(0.956474509940162,-3.75,-1.140864175634E-17));
#962=CARTESIAN_POINT('Ctrl Pts',(0.933461544972571,-3.75,-1.01714841269538E-17));
#963=CARTESIAN_POINT('',(0.835,-3.125,0.));
#964=CARTESIAN_POINT('Origin',(0.625,-3.125,0.));
#965=CARTESIAN_POINT('',(-0.415,-1.875,0.));
#966=CARTESIAN_POINT('Origin',(-0.625,-1.875,0.));
#967=CARTESIAN_POINT('Ctrl Pts',(0.595546544380992,-3.66954825321418,-1.8245248349196));
#968=CARTESIAN_POINT('Ctrl Pts',(0.5806497192146,-3.68776946095094,-1.81916363981184));
#969=CARTESIAN_POINT('Ctrl Pts',(0.563412479798177,-3.7041484619644,-1.81352414070523));
#970=CARTESIAN_POINT('Ctrl Pts',(0.544456819213086,-3.71806100632597,-1.80781565680297));
#971=CARTESIAN_POINT('Ctrl Pts',(0.582023297212073,-3.67105089090702,-1.85809262477599));
#972=CARTESIAN_POINT('Ctrl Pts',(0.567942723342995,-3.68795545775397,-1.85287676754714));
#973=CARTESIAN_POINT('Ctrl Pts',(0.551812199199186,-3.70321254083153,-1.84756099184702));
#974=CARTESIAN_POINT('Ctrl Pts',(0.53411026160247,-3.71633826974716,-1.84230874450595));
#975=CARTESIAN_POINT('Ctrl Pts',(0.5406708543948,-3.6608130773565,-1.91998633886984));
#976=CARTESIAN_POINT('Ctrl Pts',(0.529440569502889,-3.67401821650352,-1.91545484130926));
#977=CARTESIAN_POINT('Ctrl Pts',(0.516651380234756,-3.68604615888718,-1.91114514566666));
#978=CARTESIAN_POINT('Ctrl Pts',(0.502657015952139,-3.69654849553534,-1.90718354257351));
#979=CARTESIAN_POINT('Ctrl Pts',(0.482619480086541,-3.62710143975165,-1.95373885919802));
#980=CARTESIAN_POINT('Ctrl Pts',(0.475658579853517,-3.63553130982101,-1.95066811294507));
#981=CARTESIAN_POINT('Ctrl Pts',(0.467591443919512,-3.64317363160887,-1.94788779366523));
#982=CARTESIAN_POINT('Ctrl Pts',(0.45866245808526,-3.64978080978393,-1.94548424357436));
#983=CARTESIAN_POINT('Ctrl Pts',(0.453567279989703,-3.60677490178887,-1.96113711398216));
#984=CARTESIAN_POINT('Ctrl Pts',(0.448746589976353,-3.61285900327792,-1.95892268213789));
#985=CARTESIAN_POINT('Ctrl Pts',(0.443037535399848,-3.61832126749941,-1.95693458054957));
#986=CARTESIAN_POINT('Ctrl Pts',(0.436645471946569,-3.6229535400412,-1.95524857122735));
#987=CARTESIAN_POINT('',(0.544456819213086,-3.71806100632597,-1.80781565680297));
#988=CARTESIAN_POINT('',(0.436645471946568,-3.6229535400412,-1.95524857122735));
#989=CARTESIAN_POINT('Origin',(0.436645471946569,-3.55454951137606,-1.76731004707017));
#990=CARTESIAN_POINT('Ctrl Pts',(0.436645471946569,-3.6229535400412,-1.95524857122735));
#991=CARTESIAN_POINT('Ctrl Pts',(0.443037535399848,-3.61832126749941,-1.95693458054957));
#992=CARTESIAN_POINT('Ctrl Pts',(0.448746589976353,-3.61285900327792,-1.95892268213789));
#993=CARTESIAN_POINT('Ctrl Pts',(0.453567279989703,-3.60677490178887,-1.96113711398216));
#994=CARTESIAN_POINT('Ctrl Pts',(0.595546544380992,-3.66954825321418,-1.8245248349196));
#995=CARTESIAN_POINT('Ctrl Pts',(0.5806497192146,-3.68776946095094,-1.81916363981184));
#996=CARTESIAN_POINT('Ctrl Pts',(0.563412479798177,-3.7041484619644,-1.81352414070523));
#997=CARTESIAN_POINT('Ctrl Pts',(0.544456819213086,-3.71806100632597,-1.80781565680297));
#998=CARTESIAN_POINT('Ctrl Pts',(0.960576332822548,-3.7483711935668,0.0974301554470543));
#999=CARTESIAN_POINT('Ctrl Pts',(0.886367917770473,-3.75278015831355,-0.167598381630217));
#1000=CARTESIAN_POINT('Ctrl Pts',(0.767824729002256,-3.76080624669845,-0.610845866678792));
#1001=CARTESIAN_POINT('Ctrl Pts',(0.645997697601279,-3.76488940979277,-1.15066398340844));
#1002=CARTESIAN_POINT('Ctrl Pts',(0.580592816193503,-3.75331411113526,-1.51961759662373));
#1003=CARTESIAN_POINT('Ctrl Pts',(0.555773396177671,-3.73473294814612,-1.71049400857419));
#1004=CARTESIAN_POINT('Ctrl Pts',(0.544394245686898,-3.71796890666651,-1.80835371472502));
#1005=CARTESIAN_POINT('Ctrl Pts',(1.04703221980263,-3.74998929217845,0.0697986391692144));
#1006=CARTESIAN_POINT('Ctrl Pts',(0.968933809989828,-3.75109847614879,-0.193795359347389));
#1007=CARTESIAN_POINT('Ctrl Pts',(0.842474728923473,-3.75361353745959,-0.634264943449214));
#1008=CARTESIAN_POINT('Ctrl Pts',(0.701956258123881,-3.75002623131872,-1.16832067211469));
#1009=CARTESIAN_POINT('Ctrl Pts',(0.615400425520836,-3.73681821267494,-1.53082768676425));
#1010=CARTESIAN_POINT('Ctrl Pts',(0.575147478863761,-3.72181849148146,-1.71674914402307));
#1011=CARTESIAN_POINT('Ctrl Pts',(0.555135924545917,-3.71002398103462,-1.81180347470685));
#1012=CARTESIAN_POINT('Ctrl Pts',(1.19761819347821,-3.67569965448595,0.0204260743597674));
#1013=CARTESIAN_POINT('Ctrl Pts',(1.11065237168369,-3.67903620971598,-0.240015075982901));
#1014=CARTESIAN_POINT('Ctrl Pts',(0.966367268966065,-3.6856185925863,-0.674303445264128));
#1015=CARTESIAN_POINT('Ctrl Pts',(0.791760717685427,-3.69367273270334,-1.19721279612477));
#1016=CARTESIAN_POINT('Ctrl Pts',(0.670866476313028,-3.69635084027231,-1.54869445584959));
#1017=CARTESIAN_POINT('Ctrl Pts',(0.606905615887225,-3.69573317781035,-1.72691162879705));
#1018=CARTESIAN_POINT('Ctrl Pts',(0.573033580259617,-3.69475648934339,-1.81750219249463));
#1019=CARTESIAN_POINT('Ctrl Pts',(1.25031896145576,-3.51653016440407,0.000997051627915524));
#1020=CARTESIAN_POINT('Ctrl Pts',(1.16409838099512,-3.52938292922412,-0.259663642503166));
#1021=CARTESIAN_POINT('Ctrl Pts',(1.02097463002199,-3.55483598364816,-0.694092817435723));
#1022=CARTESIAN_POINT('Ctrl Pts',(0.842894476801124,-3.59994450327333,-1.21472262551703));
#1023=CARTESIAN_POINT('Ctrl Pts',(0.710965905789326,-3.63971832214959,-1.56163009181209));
#1024=CARTESIAN_POINT('Ctrl Pts',(0.633946235338035,-3.66437123047051,-1.73539562302162));
#1025=CARTESIAN_POINT('Ctrl Pts',(0.589058948968483,-3.67735673972961,-1.8225143083549));
#1026=CARTESIAN_POINT('Ctrl Pts',(1.25,-3.44845432416768,1.38777878078145E-16));
#1027=CARTESIAN_POINT('Ctrl Pts',(1.1663294996335,-3.46436128323961,-0.26154824381688));
#1028=CARTESIAN_POINT('Ctrl Pts',(1.02783124049817,-3.49638802334092,-0.697472944299426));
#1029=CARTESIAN_POINT('Ctrl Pts',(0.855720084838251,-3.55657822323657,-1.21946233608573));
#1030=CARTESIAN_POINT('Ctrl Pts',(0.724738911729045,-3.61328006794819,-1.56608190943585));
#1031=CARTESIAN_POINT('Ctrl Pts',(0.644552208857139,-3.65009330736404,-1.73868689063234));
#1032=CARTESIAN_POINT('Ctrl Pts',(0.595546544380994,-3.66954825321418,-1.8245248349196));
#1033=CARTESIAN_POINT('Ctrl Pts',(0.933453173368434,-3.75000574145594,2.76659035520002E-6));
#1034=CARTESIAN_POINT('Ctrl Pts',(0.869036617145423,-3.75393484599389,-0.232781592359205));
#1035=CARTESIAN_POINT('Ctrl Pts',(0.760363947788596,-3.76105630275051,-0.643904743824324));
#1036=CARTESIAN_POINT('Ctrl Pts',(0.645997697601279,-3.76488940979277,-1.15066398340844));
#1037=CARTESIAN_POINT('Ctrl Pts',(0.580622785242669,-3.75331941503135,-1.51944853907425));
#1038=CARTESIAN_POINT('Ctrl Pts',(0.55581889263927,-3.73476699356254,-1.71014416944467));
#1039=CARTESIAN_POINT('Ctrl Pts',(0.544456824311287,-3.71806100842012,-1.80781565775423));
#1040=CARTESIAN_POINT('Ctrl Pts',(0.544456819213087,-3.71806100632597,-1.80781565680297));
#1041=CARTESIAN_POINT('Ctrl Pts',(0.45808842303153,-3.78440070315332,-1.76989967777405));
#1042=CARTESIAN_POINT('Ctrl Pts',(0.303413765667929,-3.85360289846311,-1.72522928011016));
#1043=CARTESIAN_POINT('Ctrl Pts',(0.0286070181893558,-3.89675340855717,
-1.69637601571535));
#1044=CARTESIAN_POINT('Ctrl Pts',(-0.251850491039563,-3.87613911341466,
-1.71050761418449));
#1045=CARTESIAN_POINT('Ctrl Pts',(-0.458088423031531,-3.78440070315332,
-1.76989967777405));
#1046=CARTESIAN_POINT('Ctrl Pts',(-0.544456819213088,-3.71806100632596,
-1.80781565680297));
#1047=CARTESIAN_POINT('Ctrl Pts',(0.532632181943811,-3.71609216452162,-1.84723632846352));
#1048=CARTESIAN_POINT('Ctrl Pts',(0.449299767714771,-3.78321729439172,-1.81319155928328));
#1049=CARTESIAN_POINT('Ctrl Pts',(0.298998543457931,-3.85550419577236,-1.77280664949485));
#1050=CARTESIAN_POINT('Ctrl Pts',(0.0283636362193596,-3.90158410765152,
-1.74628657204936));
#1051=CARTESIAN_POINT('Ctrl Pts',(-0.248847890918448,-3.87922978029778,
-1.75942040615365));
#1052=CARTESIAN_POINT('Ctrl Pts',(-0.449299767714773,-3.78321729439172,
-1.81319155928328));
#1053=CARTESIAN_POINT('Ctrl Pts',(-0.532632181943812,-3.71609216452162,
-1.84723632846352));
#1054=CARTESIAN_POINT('Ctrl Pts',(0.49957289925671,-3.69382309971377,-1.91138820104801));
#1055=CARTESIAN_POINT('Ctrl Pts',(0.421614852604585,-3.75780031601728,-1.8856031730305));
#1056=CARTESIAN_POINT('Ctrl Pts',(0.281397772541475,-3.82858238696145,-1.85607814814335));
#1057=CARTESIAN_POINT('Ctrl Pts',(0.0268208531763394,-3.87469385294078,
-1.83659858286426));
#1058=CARTESIAN_POINT('Ctrl Pts',(-0.234614959485297,-3.85198037457817,
-1.84627416207974));
#1059=CARTESIAN_POINT('Ctrl Pts',(-0.421614852604587,-3.75780031601728,
-1.8856031730305));
#1060=CARTESIAN_POINT('Ctrl Pts',(-0.499572899256711,-3.69382309971377,
-1.91138820104801));
#1061=CARTESIAN_POINT('Ctrl Pts',(0.455517174351162,-3.64594834267783,-1.94687914752479));
#1062=CARTESIAN_POINT('Ctrl Pts',(0.382765903064746,-3.70115213051941,-1.92679563877492));
#1063=CARTESIAN_POINT('Ctrl Pts',(0.254590893355714,-3.76099338274276,-1.90502084507346));
#1064=CARTESIAN_POINT('Ctrl Pts',(0.0241572611032982,-3.80003055785517,
-1.89083118389506));
#1065=CARTESIAN_POINT('Ctrl Pts',(-0.211856787331694,-3.78078633617627,
-1.89782281001115));
#1066=CARTESIAN_POINT('Ctrl Pts',(-0.382765903064747,-3.70115213051941,
-1.92679563877492));
#1067=CARTESIAN_POINT('Ctrl Pts',(-0.455517174351163,-3.64594834267783,
-1.94687914752479));
#1068=CARTESIAN_POINT('Ctrl Pts',(0.436645471946569,-3.6229535400412,-1.95524857122735));
#1069=CARTESIAN_POINT('Ctrl Pts',(0.366127619559544,-3.67405721160292,-1.93664835591716));
#1070=CARTESIAN_POINT('Ctrl Pts',(0.243116472354879,-3.72870056380559,-1.91675980221486));
#1071=CARTESIAN_POINT('Ctrl Pts',(0.0230168194556991,-3.76434144617063,
-1.90378758191101));
#1072=CARTESIAN_POINT('Ctrl Pts',(-0.20211722889774,-3.74677426534098,-1.91018151283297));
#1073=CARTESIAN_POINT('Ctrl Pts',(-0.366127619559546,-3.67405721160292,
-1.93664835591716));
#1074=CARTESIAN_POINT('Ctrl Pts',(-0.43664547194657,-3.62295354004119,-1.95524857122735));
#1075=CARTESIAN_POINT('',(-0.544456819213087,-3.71806100632596,-1.80781565680297));
#1076=CARTESIAN_POINT('Ctrl Pts',(0.544456819213087,-3.71806100632597,-1.80781565680297));
#1077=CARTESIAN_POINT('Ctrl Pts',(0.45808842303153,-3.78440070315332,-1.76989967777405));
#1078=CARTESIAN_POINT('Ctrl Pts',(0.303413765667929,-3.85360289846311,-1.72522928011016));
#1079=CARTESIAN_POINT('Ctrl Pts',(0.0286070181893558,-3.89675340855717,
-1.69637601571535));
#1080=CARTESIAN_POINT('Ctrl Pts',(-0.251850491039563,-3.87613911341466,
-1.71050761418449));
#1081=CARTESIAN_POINT('Ctrl Pts',(-0.458088423031531,-3.78440070315332,
-1.76989967777405));
#1082=CARTESIAN_POINT('Ctrl Pts',(-0.544456819213088,-3.71806100632596,
-1.80781565680297));
#1083=CARTESIAN_POINT('',(-0.436645471946569,-3.6229535400412,-1.95524857122735));
#1084=CARTESIAN_POINT('Origin',(-0.436645471946569,-3.55454951137606,-1.76731004707017));
#1085=CARTESIAN_POINT('Ctrl Pts',(-0.43664547194657,-3.62295354004119,-1.95524857122735));
#1086=CARTESIAN_POINT('Ctrl Pts',(-0.366127619559546,-3.67405721160292,
-1.93664835591716));
#1087=CARTESIAN_POINT('Ctrl Pts',(-0.20211722889774,-3.74677426534098,-1.91018151283297));
#1088=CARTESIAN_POINT('Ctrl Pts',(0.0230168194556991,-3.76434144617063,
-1.90378758191101));
#1089=CARTESIAN_POINT('Ctrl Pts',(0.243116472354879,-3.72870056380559,-1.91675980221486));
#1090=CARTESIAN_POINT('Ctrl Pts',(0.366127619559544,-3.67405721160292,-1.93664835591716));
#1091=CARTESIAN_POINT('Ctrl Pts',(0.436645471946569,-3.6229535400412,-1.95524857122735));
#1092=CARTESIAN_POINT('Ctrl Pts',(1.17522792619464,-3.75,0.));
#1093=CARTESIAN_POINT('Ctrl Pts',(0.964970890514663,-3.73935366877434,-0.602605218990085));
#1094=CARTESIAN_POINT('Ctrl Pts',(0.75471385483469,-3.72870733754867,-1.20521043798017));
#1095=CARTESIAN_POINT('Ctrl Pts',(0.544456819154718,-3.71806100632301,-1.80781565697026));
#1096=CARTESIAN_POINT('Ctrl Pts',(0.951374987871847,-3.75,0.));
#1097=CARTESIAN_POINT('Ctrl Pts',(0.786869212589705,-3.76031099808919,-0.594977374929763));
#1098=CARTESIAN_POINT('Ctrl Pts',(0.622331647999781,-3.77053069830025,-1.18998797956962));
#1099=CARTESIAN_POINT('Ctrl Pts',(0.457825872717639,-3.78084169638945,-1.78496535449938));
#1100=CARTESIAN_POINT('Ctrl Pts',(0.503669111226271,-3.75,0.));
#1101=CARTESIAN_POINT('Ctrl Pts',(0.421123791950462,-3.79225613821983,-0.583350294792747));
#1102=CARTESIAN_POINT('Ctrl Pts',(0.338653501553091,-3.83433784829909,-1.16676407623668));
#1103=CARTESIAN_POINT('Ctrl Pts',(0.256108182277282,-3.87659398651892,-1.75011437102943));
#1104=CARTESIAN_POINT('Ctrl Pts',(-0.279816172903487,-3.75,0.));
#1105=CARTESIAN_POINT('Ctrl Pts',(-0.23441465386646,-3.8040465910058,-0.579058920930133));
#1106=CARTESIAN_POINT('Ctrl Pts',(-0.189052681656641,-3.85811688493631,
-1.15810921470121));
#1107=CARTESIAN_POINT('Ctrl Pts',(-0.143651162619613,-3.91216347594212,
-1.73716813563134));
#1108=CARTESIAN_POINT('Ctrl Pts',(-0.839448518710458,-3.75,0.));
#1109=CARTESIAN_POINT('Ctrl Pts',(-0.697909026920335,-3.77092940419174,
-0.591112591173085));
#1110=CARTESIAN_POINT('Ctrl Pts',(-0.556049891289225,-3.79130263723093,
-1.18242761209086));
#1111=CARTESIAN_POINT('Ctrl Pts',(-0.414510399499102,-3.81223204142267,
-1.77354020326394));
#1112=CARTESIAN_POINT('Ctrl Pts',(-1.17522792619464,-3.75,0.));
#1113=CARTESIAN_POINT('Ctrl Pts',(-0.964970890514667,-3.73935366877434,
-0.602605218990085));
#1114=CARTESIAN_POINT('Ctrl Pts',(-0.754713854834693,-3.72870733754867,
-1.20521043798017));
#1115=CARTESIAN_POINT('Ctrl Pts',(-0.544456819154719,-3.71806100632301,
-1.80781565697026));
#1116=CARTESIAN_POINT('Ctrl Pts',(-0.544456824311285,-3.71806100842012,
-1.80781565775423));
#1117=CARTESIAN_POINT('Ctrl Pts',(-0.55581889263927,-3.73476699356254,-1.71014416944467));
#1118=CARTESIAN_POINT('Ctrl Pts',(-0.580622785242669,-3.75331941503135,
-1.51944853907425));
#1119=CARTESIAN_POINT('Ctrl Pts',(-0.645997697601279,-3.76488940979277,
-1.15066398340844));
#1120=CARTESIAN_POINT('Ctrl Pts',(-0.760363947789594,-3.76105630275048,
-0.643904743819899));
#1121=CARTESIAN_POINT('Ctrl Pts',(-0.86903661714773,-3.75393484599374,-0.232781592350479));
#1122=CARTESIAN_POINT('Ctrl Pts',(-0.933453173372043,-3.75000574145572,
2.7666033968754E-6));
#1123=CARTESIAN_POINT('Ctrl Pts',(-0.586422402209964,-2.64293618020383,
-2.16687574136057));
#1124=CARTESIAN_POINT('Ctrl Pts',(-0.574016708147,-2.62860522471705,-2.17178854599967));
#1125=CARTESIAN_POINT('Ctrl Pts',(-0.560158236423866,-2.61527908917062,
-2.17590416442065));
#1126=CARTESIAN_POINT('Ctrl Pts',(-0.545152091478222,-2.60322516180936,
-2.17914454813241));
#1127=CARTESIAN_POINT('Ctrl Pts',(-0.574770150991291,-2.66739296160673,
-2.20588766095291));
#1128=CARTESIAN_POINT('Ctrl Pts',(-0.563057308827139,-2.65380084971599,
-2.21061405472012));
#1129=CARTESIAN_POINT('Ctrl Pts',(-0.550048560293481,-2.64116907285883,
-2.2146729386478));
#1130=CARTESIAN_POINT('Ctrl Pts',(-0.535938253103792,-2.62965079775186,
-2.2180279100093));
#1131=CARTESIAN_POINT('Ctrl Pts',(-0.531879517028159,-2.72419806173348,
-2.25822163021907));
#1132=CARTESIAN_POINT('Ctrl Pts',(-0.522618649371297,-2.71344780873112,
-2.26207455100186));
#1133=CARTESIAN_POINT('Ctrl Pts',(-0.51232742035006,-2.70344367380648,-2.26557223346376));
#1134=CARTESIAN_POINT('Ctrl Pts',(-0.501190740096149,-2.69436109707376,
-2.26865029076617));
#1135=CARTESIAN_POINT('Ctrl Pts',(-0.467783598786121,-2.78178275945597,
-2.26140969729484));
#1136=CARTESIAN_POINT('Ctrl Pts',(-0.462093835446734,-2.77525646804364,
-2.26378539718224));
#1137=CARTESIAN_POINT('Ctrl Pts',(-0.455728176632623,-2.76924317328141,
-2.26597246929019));
#1138=CARTESIAN_POINT('Ctrl Pts',(-0.448818220207722,-2.7638623032103,-2.26793220995273));
#1139=CARTESIAN_POINT('Ctrl Pts',(-0.44033588704649,-2.80311880166515,-2.25364401301365));
#1140=CARTESIAN_POINT('Ctrl Pts',(-0.436174591888922,-2.79839172728282,
-2.25536452738398));
#1141=CARTESIAN_POINT('Ctrl Pts',(-0.431491953812018,-2.79407060788312,
-2.25693728622418));
#1142=CARTESIAN_POINT('Ctrl Pts',(-0.426391300807348,-2.79024141888443,
-2.25833099704108));
#1143=CARTESIAN_POINT('',(-0.545152091478222,-2.60322516180936,-2.17914454813241));
#1144=CARTESIAN_POINT('',(-0.426391300807348,-2.79024141888443,-2.25833099704108));
#1145=CARTESIAN_POINT('Origin',(-0.426391300807348,-2.7218373902193,-2.0703924728839));
#1146=CARTESIAN_POINT('',(-0.440335887046493,-2.80311880166515,-2.25364401301365));
#1147=CARTESIAN_POINT('Ctrl Pts',(-0.426391300807348,-2.79024141888443,
-2.25833099704108));
#1148=CARTESIAN_POINT('Ctrl Pts',(-0.431491953812018,-2.79407060788312,
-2.25693728622418));
#1149=CARTESIAN_POINT('Ctrl Pts',(-0.436174591888922,-2.79839172728282,
-2.25536452738398));
#1150=CARTESIAN_POINT('Ctrl Pts',(-0.44033588704649,-2.80311880166515,-2.25364401301365));
#1151=CARTESIAN_POINT('',(-0.586422402209964,-2.64293618020383,-2.16687574136057));
#1152=CARTESIAN_POINT('Origin',(-0.44033588704649,-2.73471477300001,-2.06570548885647));
#1153=CARTESIAN_POINT('Ctrl Pts',(-0.586422402209964,-2.64293618020383,
-2.16687574136057));
#1154=CARTESIAN_POINT('Ctrl Pts',(-0.574016708147,-2.62860522471705,-2.17178854599967));
#1155=CARTESIAN_POINT('Ctrl Pts',(-0.560158236423866,-2.61527908917062,
-2.17590416442065));
#1156=CARTESIAN_POINT('Ctrl Pts',(-0.545152091478222,-2.60322516180936,
-2.17914454813241));
#1157=CARTESIAN_POINT('Ctrl Pts',(-0.984115846099828,-1.24271020209804,
0.0123481915760029));
#1158=CARTESIAN_POINT('Ctrl Pts',(-0.882485799080554,-1.48922031469583,
-0.405206737896021));
#1159=CARTESIAN_POINT('Ctrl Pts',(-0.761060673325166,-1.79603375610583,
-0.92904666978194));
#1160=CARTESIAN_POINT('Ctrl Pts',(-0.639571107630875,-2.17857228573085,
-1.55819709072117));
#1161=CARTESIAN_POINT('Ctrl Pts',(-0.586610853186588,-2.37845720784512,
-1.87157538645014));
#1162=CARTESIAN_POINT('Ctrl Pts',(-0.558257552293466,-2.52368510826281,
-2.07808130071933));
#1163=CARTESIAN_POINT('Ctrl Pts',(-0.545152091478222,-2.60322516180936,
-2.17914454813241));
#1164=CARTESIAN_POINT('Ctrl Pts',(-1.06435959603772,-1.25242345888503,-0.00434033822643914));
#1165=CARTESIAN_POINT('Ctrl Pts',(-0.957521054227062,-1.50188952956648,
-0.41859609907997));
#1166=CARTESIAN_POINT('Ctrl Pts',(-0.827996476098697,-1.81279380374425,
-0.937754834256936));
#1167=CARTESIAN_POINT('Ctrl Pts',(-0.684715417530075,-2.1974884881339,-1.55991576711882));
#1168=CARTESIAN_POINT('Ctrl Pts',(-0.616577086113593,-2.39583935983062,
-1.87014874752789));
#1169=CARTESIAN_POINT('Ctrl Pts',(-0.574248786713159,-2.53589816579826,
-2.07571834506459));
#1170=CARTESIAN_POINT('Ctrl Pts',(-0.553631301494883,-2.61027061319992,
-2.17756921271133));
#1171=CARTESIAN_POINT('Ctrl Pts',(-1.20382452371555,-1.32359854491471,-0.00128914609952237));
#1172=CARTESIAN_POINT('Ctrl Pts',(-1.08533699593469,-1.57007667907469,-0.414042716475628));
#1173=CARTESIAN_POINT('Ctrl Pts',(-0.937936508092135,-1.87709714100063,
-0.930627541476962));
#1174=CARTESIAN_POINT('Ctrl Pts',(-0.75707486438006,-2.24674496643741,-1.55162480329275));
#1175=CARTESIAN_POINT('Ctrl Pts',(-0.664506947407861,-2.43292908969085,
-1.86239011750675));
#1176=CARTESIAN_POINT('Ctrl Pts',(-0.600600475694962,-2.55903517447263,
-2.0700192945595));
#1177=CARTESIAN_POINT('Ctrl Pts',(-0.567824806753097,-2.62324439095395,
-2.17422167171416));
#1178=CARTESIAN_POINT('Ctrl Pts',(-1.26615700706838,-1.44972746232071,0.0557622232716795));
#1179=CARTESIAN_POINT('Ctrl Pts',(-1.14640353438734,-1.68638028067772,-0.362698912083938));
#1180=CARTESIAN_POINT('Ctrl Pts',(-0.997111127054398,-1.97845463833814,
-0.887865990105513));
#1181=CARTESIAN_POINT('Ctrl Pts',(-0.804222829610653,-2.31483410835655,
-1.52521106916466));
#1182=CARTESIAN_POINT('Ctrl Pts',(-0.700870271444963,-2.47883605986296,
-1.8460152147188));
#1183=CARTESIAN_POINT('Ctrl Pts',(-0.623562943761121,-2.58477514991353,
-2.06170847521087));
#1184=CARTESIAN_POINT('Ctrl Pts',(-0.580735882641248,-2.63720479482919,
-2.16987689676831));
#1185=CARTESIAN_POINT('Ctrl Pts',(-1.2738338554239,-1.50353450665742,0.0853860225737412));
#1186=CARTESIAN_POINT('Ctrl Pts',(-1.15626376167286,-1.73682641193391,-0.335810044264312));
#1187=CARTESIAN_POINT('Ctrl Pts',(-1.01008204414079,-2.02348627396165,-0.865182731389468));
#1188=CARTESIAN_POINT('Ctrl Pts',(-0.818558581016292,-2.34563876781224,
-1.5112824749612));
#1189=CARTESIAN_POINT('Ctrl Pts',(-0.71394050689887,-2.49964100517977,-1.83758747171645));
#1190=CARTESIAN_POINT('Ctrl Pts',(-0.632715760910367,-2.59621197696703,
-2.0576901261182));
#1191=CARTESIAN_POINT('Ctrl Pts',(-0.586014463739525,-2.64334809595498,
-2.16783826132858));
#1192=CARTESIAN_POINT('Ctrl Pts',(-0.981111772885769,-1.24999966558337,
-1.27739388356904E-7));
#1193=CARTESIAN_POINT('Ctrl Pts',(-0.880571978234218,-1.49406001678306,
-0.413468592194859));
#1194=CARTESIAN_POINT('Ctrl Pts',(-0.760262301521429,-1.79854761788606,
-0.933181147944869));
#1195=CARTESIAN_POINT('Ctrl Pts',(-0.639571107630875,-2.17857228573085,
-1.55819709072117));
#1196=CARTESIAN_POINT('Ctrl Pts',(-0.586610853186588,-2.37845720784512,
-1.87157538645014));
#1197=CARTESIAN_POINT('Ctrl Pts',(-0.558257552293466,-2.52368510826281,
-2.07808130071933));
#1198=CARTESIAN_POINT('Ctrl Pts',(-0.545152091478222,-2.60322516180936,
-2.17914454813241));
#1199=CARTESIAN_POINT('Ctrl Pts',(-0.586422403491074,-2.6429361723886,-2.16687574524823));
#1200=CARTESIAN_POINT('Ctrl Pts',(-0.63295232802449,-2.59593067208043,-2.05704901648712));
#1201=CARTESIAN_POINT('Ctrl Pts',(-0.714042084084132,-2.49949147925963,
-1.8372706512876));
#1202=CARTESIAN_POINT('Ctrl Pts',(-0.818558581016292,-2.34563876781224,
-1.5112824749612));
#1203=CARTESIAN_POINT('Ctrl Pts',(-1.00145748810499,-2.03799322882745,-0.894277461362737));
#1204=CARTESIAN_POINT('Ctrl Pts',(-1.1404259542752,-1.76775408720055,-0.393048505860275));
#1205=CARTESIAN_POINT('Ctrl Pts',(-1.25001504775826,-1.55075238022218,1.85428530208656E-6));
#1206=CARTESIAN_POINT('Ctrl Pts',(-0.545152091478223,-2.60322516180937,
-2.17914454813241));
#1207=CARTESIAN_POINT('Ctrl Pts',(-0.41453145904289,-2.49214489867375,-2.20063500739705));
#1208=CARTESIAN_POINT('Ctrl Pts',(-0.140509363786151,-2.38691551090451,
-2.21574512980434));
#1209=CARTESIAN_POINT('Ctrl Pts',(0.251883403579933,-2.42324795513334,-2.21072650806025));
#1210=CARTESIAN_POINT('Ctrl Pts',(0.45807166985467,-2.52917165305229,-2.1934715209755));
#1211=CARTESIAN_POINT('Ctrl Pts',(0.545152091478223,-2.60322516180937,-2.17914454813241));
#1212=CARTESIAN_POINT('Ctrl Pts',(-0.535938253103793,-2.62965079775186,
-2.2180279100093));
#1213=CARTESIAN_POINT('Ctrl Pts',(-0.409771982286031,-2.51965419887472,
-2.24423577651151));
#1214=CARTESIAN_POINT('Ctrl Pts',(-0.140056466913459,-2.4114288406918,-2.26569029803295));
#1215=CARTESIAN_POINT('Ctrl Pts',(0.25050042259244,-2.44909111310651,-2.25839879060246));
#1216=CARTESIAN_POINT('Ctrl Pts',(0.451827405891954,-2.55631973183377,-2.23549982101077));
#1217=CARTESIAN_POINT('Ctrl Pts',(0.535938253103793,-2.62965079775186,-2.2180279100093));
#1218=CARTESIAN_POINT('Ctrl Pts',(-0.501190773704773,-2.69436108706065,
-2.26865038625501));
#1219=CARTESIAN_POINT('Ctrl Pts',(-0.38431412545624,-2.59469605148228,-2.30116480296587));
#1220=CARTESIAN_POINT('Ctrl Pts',(-0.132187678717989,-2.49413095729204,
-2.33262587200552));
#1221=CARTESIAN_POINT('Ctrl Pts',(0.236102500349744,-2.52935948427205,-2.32166406390739));
#1222=CARTESIAN_POINT('Ctrl Pts',(0.423273008205753,-2.6279177300084,-2.29032666406225));
#1223=CARTESIAN_POINT('Ctrl Pts',(0.501190773704773,-2.69436108706065,-2.26865038625501));
#1224=CARTESIAN_POINT('Ctrl Pts',(-0.448818220207722,-2.7638623032103,-2.26793220995273));
#1225=CARTESIAN_POINT('Ctrl Pts',(-0.3420612592303,-2.68052353387066,-2.29828591679927));
#1226=CARTESIAN_POINT('Ctrl Pts',(-0.117302185829361,-2.59861314957866,
-2.32812158780995));
#1227=CARTESIAN_POINT('Ctrl Pts',(0.209673035592282,-2.627254579283,-2.31768699482014));
#1228=CARTESIAN_POINT('Ctrl Pts',(0.377646912889443,-2.70830312365054,-2.28816801451709));
#1229=CARTESIAN_POINT('Ctrl Pts',(0.448818220207722,-2.7638623032103,-2.26793220995273));
#1230=CARTESIAN_POINT('Ctrl Pts',(-0.426391300807348,-2.79024141888443,
-2.25833099704108));
#1231=CARTESIAN_POINT('Ctrl Pts',(-0.323972943335901,-2.71335337193538,
-2.2863159575014));
#1232=CARTESIAN_POINT('Ctrl Pts',(-0.110940252561803,-2.63869095162304,
-2.31349085611336));
#1233=CARTESIAN_POINT('Ctrl Pts',(0.198368663940869,-2.66478130404191,-2.30399474443138));
#1234=CARTESIAN_POINT('Ctrl Pts',(0.358112395826385,-2.7389827209184,-2.27698763734796));
#1235=CARTESIAN_POINT('Ctrl Pts',(0.426391300807348,-2.79024141888443,-2.25833099704108));
#1236=CARTESIAN_POINT('Ctrl Pts',(0.426391300807348,-2.79024141888443,-2.25833099704108));
#1237=CARTESIAN_POINT('Ctrl Pts',(0.358112395826385,-2.7389827209184,-2.27698763734796));
#1238=CARTESIAN_POINT('Ctrl Pts',(0.198368663940869,-2.66478130404191,-2.30399474443138));
#1239=CARTESIAN_POINT('Ctrl Pts',(-0.110940252561803,-2.63869095162304,
-2.31349085611336));
#1240=CARTESIAN_POINT('Ctrl Pts',(-0.323972943335901,-2.71335337193538,
-2.2863159575014));
#1241=CARTESIAN_POINT('Ctrl Pts',(-0.426391300807348,-2.79024141888443,
-2.25833099704108));
#1242=CARTESIAN_POINT('Ctrl Pts',(-0.545152091478223,-2.60322516180937,
-2.17914454813241));
#1243=CARTESIAN_POINT('Ctrl Pts',(-0.41453145904289,-2.49214489867375,-2.20063500739705));
#1244=CARTESIAN_POINT('Ctrl Pts',(-0.140509363786151,-2.38691551090451,
-2.21574512980434));
#1245=CARTESIAN_POINT('Ctrl Pts',(0.251883403579933,-2.42324795513334,-2.21072650806025));
#1246=CARTESIAN_POINT('Ctrl Pts',(0.45807166985467,-2.52917165305229,-2.1934715209755));
#1247=CARTESIAN_POINT('Ctrl Pts',(0.545152091478223,-2.60322516180937,-2.17914454813241));
#1248=CARTESIAN_POINT('Ctrl Pts',(-1.18911412188633,-1.25,0.));
#1249=CARTESIAN_POINT('Ctrl Pts',(-0.974460111748343,-1.70107505394056,
-0.726381516050747));
#1250=CARTESIAN_POINT('Ctrl Pts',(-0.759806101610354,-2.15215010788112,
-1.45276303210149));
#1251=CARTESIAN_POINT('Ctrl Pts',(-0.545152091472364,-2.60322516182168,
-2.17914454815224));
#1252=CARTESIAN_POINT('Ctrl Pts',(-0.849367229918809,-1.25,0.));
#1253=CARTESIAN_POINT('Ctrl Pts',(-0.705036485766105,-1.66861024546783,
-0.738197739995973));
#1254=CARTESIAN_POINT('Ctrl Pts',(-0.560414674010844,-2.08772018854271,
-1.47621360493685));
#1255=CARTESIAN_POINT('Ctrl Pts',(-0.416083929858139,-2.50633043401054,
-2.21441134493282));
#1256=CARTESIAN_POINT('Ctrl Pts',(-0.283122409972937,-1.25,0.));
#1257=CARTESIAN_POINT('Ctrl Pts',(-0.236887973578208,-1.63439992294653,
-0.750649279098373));
#1258=CARTESIAN_POINT('Ctrl Pts',(-0.190703573661155,-2.01875469128838,
-1.50131499312879));
#1259=CARTESIAN_POINT('Ctrl Pts',(-0.144469137266426,-2.40315461423491,
-2.25196427222716));
#1260=CARTESIAN_POINT('Ctrl Pts',(0.509620337951284,-1.25,0.));
#1261=CARTESIAN_POINT('Ctrl Pts',(0.425523564636847,-1.64660347068178,-0.746207550970294));
#1262=CARTESIAN_POINT('Ctrl Pts',(0.34148708478968,-2.04335155251137,-1.49236246778724));
#1263=CARTESIAN_POINT('Ctrl Pts',(0.257390311475243,-2.43995502319315,-2.23857001875754));
#1264=CARTESIAN_POINT('Ctrl Pts',(0.962616193907982,-1.25,0.));
#1265=CARTESIAN_POINT('Ctrl Pts',(0.794785205459378,-1.67950115021192,-0.734233774844897));
#1266=CARTESIAN_POINT('Ctrl Pts',(0.626937638844817,-2.10912752640233,-1.46842197116106));
#1267=CARTESIAN_POINT('Ctrl Pts',(0.459106650396213,-2.53862867661425,-2.20265574600596));
#1268=CARTESIAN_POINT('Ctrl Pts',(1.18911412188633,-1.25,0.));
#1269=CARTESIAN_POINT('Ctrl Pts',(0.974460111748341,-1.70107505394056,-0.726381516050747));
#1270=CARTESIAN_POINT('Ctrl Pts',(0.759806101610352,-2.15215010788112,-1.45276303210149));
#1271=CARTESIAN_POINT('Ctrl Pts',(0.545152091472363,-2.60322516182168,-2.17914454815224));
#1272=CARTESIAN_POINT('Ctrl Pts',(-0.544456819213087,-3.71806100632596,
-1.80781565680297));
#1273=CARTESIAN_POINT('Ctrl Pts',(-0.563412479798183,-3.7041484619644,-1.81352414070523));
#1274=CARTESIAN_POINT('Ctrl Pts',(-0.580649719214611,-3.68776946095092,
-1.81916363981185));
#1275=CARTESIAN_POINT('Ctrl Pts',(-0.595546544380996,-3.66954825321418,
-1.8245248349196));
#1276=CARTESIAN_POINT('Ctrl Pts',(-0.534110261602471,-3.71633826974716,
-1.84230874450595));
#1277=CARTESIAN_POINT('Ctrl Pts',(-0.551812199199192,-3.70321254083153,
-1.84756099184703));
#1278=CARTESIAN_POINT('Ctrl Pts',(-0.567942723343006,-3.68795545775396,
-1.85287676754714));
#1279=CARTESIAN_POINT('Ctrl Pts',(-0.582023297212076,-3.67105089090701,
-1.85809262477599));
#1280=CARTESIAN_POINT('Ctrl Pts',(-0.50265701595214,-3.69654849553534,-1.90718354257351));
#1281=CARTESIAN_POINT('Ctrl Pts',(-0.516651380234761,-3.68604615888718,
-1.91114514566666));
#1282=CARTESIAN_POINT('Ctrl Pts',(-0.529440569502898,-3.67401821650351,
-1.91545484130926));
#1283=CARTESIAN_POINT('Ctrl Pts',(-0.540670854394803,-3.6608130773565,-1.91998633886984));
#1284=CARTESIAN_POINT('Ctrl Pts',(-0.458662458085261,-3.64978080978393,
-1.94548424357436));
#1285=CARTESIAN_POINT('Ctrl Pts',(-0.467591443919514,-3.64317363160886,
-1.94788779366523));
#1286=CARTESIAN_POINT('Ctrl Pts',(-0.475658579853522,-3.63553130982101,
-1.95066811294507));
#1287=CARTESIAN_POINT('Ctrl Pts',(-0.482619480086543,-3.62710143975165,
-1.95373885919802));
#1288=CARTESIAN_POINT('Ctrl Pts',(-0.436645471946569,-3.6229535400412,-1.95524857122735));
#1289=CARTESIAN_POINT('Ctrl Pts',(-0.44303753539985,-3.61832126749941,-1.95693458054957));
#1290=CARTESIAN_POINT('Ctrl Pts',(-0.448746589976357,-3.61285900327791,
-1.95892268213789));
#1291=CARTESIAN_POINT('Ctrl Pts',(-0.453567279989704,-3.60677490178886,
-1.96113711398216));
#1292=CARTESIAN_POINT('',(-0.595546544380996,-3.66954825321418,-1.8245248349196));
#1293=CARTESIAN_POINT('',(-0.453567279989704,-3.60677490178887,-1.96113711398216));
#1294=CARTESIAN_POINT('Origin',(-0.453567279989704,-3.53837087312373,-1.77319858982497));
#1295=CARTESIAN_POINT('Ctrl Pts',(-0.453567279989704,-3.60677490178886,
-1.96113711398216));
#1296=CARTESIAN_POINT('Ctrl Pts',(-0.448746589976357,-3.61285900327791,
-1.95892268213789));
#1297=CARTESIAN_POINT('Ctrl Pts',(-0.44303753539985,-3.61832126749941,-1.95693458054957));
#1298=CARTESIAN_POINT('Ctrl Pts',(-0.436645471946569,-3.6229535400412,-1.95524857122735));
#1299=CARTESIAN_POINT('Ctrl Pts',(-0.544456819213087,-3.71806100632596,
-1.80781565680297));
#1300=CARTESIAN_POINT('Ctrl Pts',(-0.563412479798183,-3.7041484619644,-1.81352414070523));
#1301=CARTESIAN_POINT('Ctrl Pts',(-0.580649719214611,-3.68776946095092,
-1.81916363981185));
#1302=CARTESIAN_POINT('Ctrl Pts',(-0.595546544380996,-3.66954825321418,
-1.8245248349196));
#1303=CARTESIAN_POINT('Ctrl Pts',(-1.25,-3.44845432416768,2.77555756156289E-16));
#1304=CARTESIAN_POINT('Ctrl Pts',(-1.16632949963349,-3.46436128323961,-0.26154824381688));
#1305=CARTESIAN_POINT('Ctrl Pts',(-1.02783124049817,-3.49638802334092,-0.697472944299425));
#1306=CARTESIAN_POINT('Ctrl Pts',(-0.855720084838251,-3.55657822323657,
-1.21946233608573));
#1307=CARTESIAN_POINT('Ctrl Pts',(-0.724738911729045,-3.61328006794819,
-1.56608190943585));
#1308=CARTESIAN_POINT('Ctrl Pts',(-0.64455220885714,-3.65009330736404,-1.73868689063234));
#1309=CARTESIAN_POINT('Ctrl Pts',(-0.595546544380993,-3.66954825321418,
-1.8245248349196));
#1310=CARTESIAN_POINT('Ctrl Pts',(-1.25042528194101,-3.53922211114953,0.00132940217055415));
#1311=CARTESIAN_POINT('Ctrl Pts',(-1.16324819132787,-3.55093185022459,-0.259000531672587));
#1312=CARTESIAN_POINT('Ctrl Pts',(-1.01875978142093,-3.5744012897534,-0.692985639549262));
#1313=CARTESIAN_POINT('Ctrl Pts',(-0.838581433833575,-3.61435592190242,
-1.21313124979486));
#1314=CARTESIAN_POINT('Ctrl Pts',(-0.706340050134075,-3.64849038348131,
-1.56013651729073));
#1315=CARTESIAN_POINT('Ctrl Pts',(-0.63041186606243,-3.66913167816334,-1.73429887672568));
#1316=CARTESIAN_POINT('Ctrl Pts',(-0.586896417164311,-3.67995956856809,
-1.82184413283333));
#1317=CARTESIAN_POINT('Ctrl Pts',(-1.17771636713645,-3.69632303166154,0.0271257269938029));
#1318=CARTESIAN_POINT('Ctrl Pts',(-1.09199985398191,-3.69824835326831,-0.233756310324415));
#1319=CARTESIAN_POINT('Ctrl Pts',(-0.950136934604057,-3.70210825906496,
-0.66889912641057));
#1320=CARTESIAN_POINT('Ctrl Pts',(-0.780059287283855,-3.70528712856122,
-1.19337623609584));
#1321=CARTESIAN_POINT('Ctrl Pts',(-0.663570613301495,-3.70343437222139,
-1.54634385189733));
#1322=CARTESIAN_POINT('Ctrl Pts',(-0.602601538769519,-3.69983634434656,
-1.72554486283904));
#1323=CARTESIAN_POINT('Ctrl Pts',(-0.570574055005632,-3.69708467053995,
-1.81672464623533));
#1324=CARTESIAN_POINT('Ctrl Pts',(-1.02541824805761,-3.74958476752554,0.0767065182386747));
#1325=CARTESIAN_POINT('Ctrl Pts',(-0.948382319385617,-3.7516018649809,-0.187275750716324));
#1326=CARTESIAN_POINT('Ctrl Pts',(-0.823754841164103,-3.75535409731957,
-0.628394082883061));
#1327=CARTESIAN_POINT('Ctrl Pts',(-0.687999634101352,-3.75377011100111,
-1.16391669022484));
#1328=CARTESIAN_POINT('Ctrl Pts',(-0.606727071319222,-3.74097026784649,
-1.52803319066114));
#1329=CARTESIAN_POINT('Ctrl Pts',(-0.570303227022552,-3.72504626466039,
-1.71518509830835));
#1330=CARTESIAN_POINT('Ctrl Pts',(-0.552450504831161,-3.7120102124426,-1.81094103471139));
#1331=CARTESIAN_POINT('Ctrl Pts',(-0.960576332822548,-3.7483711935668,0.0974301554470546));
#1332=CARTESIAN_POINT('Ctrl Pts',(-0.886367917770473,-3.75278015831355,
-0.167598381630216));
#1333=CARTESIAN_POINT('Ctrl Pts',(-0.767824729002256,-3.76080624669845,
-0.610845866678791));
#1334=CARTESIAN_POINT('Ctrl Pts',(-0.645997697601279,-3.76488940979277,
-1.15066398340844));
#1335=CARTESIAN_POINT('Ctrl Pts',(-0.580592816193503,-3.75331411113526,
-1.51961759662372));
#1336=CARTESIAN_POINT('Ctrl Pts',(-0.555773396177671,-3.73473294814612,
-1.71049400857419));
#1337=CARTESIAN_POINT('Ctrl Pts',(-0.544394245686896,-3.71796890666651,
-1.80835371472502));
#1338=CARTESIAN_POINT('Ctrl Pts',(-1.25,-3.44845432416768,2.77555756156289E-16));
#1339=CARTESIAN_POINT('Ctrl Pts',(-1.16632949963349,-3.46436128323961,-0.26154824381688));
#1340=CARTESIAN_POINT('Ctrl Pts',(-1.02783124049817,-3.49638802334092,-0.697472944299425));
#1341=CARTESIAN_POINT('Ctrl Pts',(-0.855720084838251,-3.55657822323657,
-1.21946233608573));
#1342=CARTESIAN_POINT('Ctrl Pts',(-0.724738911729045,-3.61328006794819,
-1.56608190943585));
#1343=CARTESIAN_POINT('Ctrl Pts',(-0.64455220885714,-3.65009330736404,-1.73868689063234));
#1344=CARTESIAN_POINT('Ctrl Pts',(-0.595546544380993,-3.66954825321418,
-1.8245248349196));
#1345=CARTESIAN_POINT('Ctrl Pts',(-0.595546544380994,-3.66954825321418,
-1.8245248349196));
#1346=CARTESIAN_POINT('Ctrl Pts',(-0.668684583684425,-3.5846008372341,-1.83931443141158));
#1347=CARTESIAN_POINT('Ctrl Pts',(-0.746701915431595,-3.43526657244843,
-1.87232959173842));
#1348=CARTESIAN_POINT('Ctrl Pts',(-0.796576603129384,-3.1739883413371,-1.9505945496392));
#1349=CARTESIAN_POINT('Ctrl Pts',(-0.77018354172635,-2.91007535144492,-2.04697485474177));
#1350=CARTESIAN_POINT('Ctrl Pts',(-0.661516172723541,-2.72191489785168,
-2.13008991167119));
#1351=CARTESIAN_POINT('Ctrl Pts',(-0.586422402209965,-2.64293618020383,
-2.16687574136057));
#1352=CARTESIAN_POINT('Ctrl Pts',(-0.580091404759372,-3.67126555343456,
-1.8628880233269));
#1353=CARTESIAN_POINT('Ctrl Pts',(-0.652994735362718,-3.59078998348014,
-1.8809058837103));
#1354=CARTESIAN_POINT('Ctrl Pts',(-0.733004688340292,-3.44742995371438,
-1.91755951660545));
#1355=CARTESIAN_POINT('Ctrl Pts',(-0.785734293064072,-3.19127480158174,
-1.99821201058185));
#1356=CARTESIAN_POINT('Ctrl Pts',(-0.759437912571285,-2.92993575633742,
-2.09356724546699));
#1357=CARTESIAN_POINT('Ctrl Pts',(-0.64953476833612,-2.74471954672804,-2.17189070402467));
#1358=CARTESIAN_POINT('Ctrl Pts',(-0.574770150991291,-2.66739296160673,
-2.20588766095291));
#1359=CARTESIAN_POINT('Ctrl Pts',(-0.536602719019301,-3.65900963186284,
-1.92388750845724));
#1360=CARTESIAN_POINT('Ctrl Pts',(-0.603871323198252,-3.58600091340061,
-1.94752636525415));
#1361=CARTESIAN_POINT('Ctrl Pts',(-0.679184748629542,-3.4554812820677,-1.99086227354463));
#1362=CARTESIAN_POINT('Ctrl Pts',(-0.729799660507206,-3.21754268858525,
-2.07396371625201));
#1363=CARTESIAN_POINT('Ctrl Pts',(-0.704955219447799,-2.97177460167079,
-2.16349689622751));
#1364=CARTESIAN_POINT('Ctrl Pts',(-0.601453553027801,-2.79712741094705,
-2.23008909399629));
#1365=CARTESIAN_POINT('Ctrl Pts',(-0.531878827233902,-2.72419810194005,
-2.25822007232564));
#1366=CARTESIAN_POINT('Ctrl Pts',(-0.478469165786993,-3.62419764861411,
-1.95479575273861));
#1367=CARTESIAN_POINT('Ctrl Pts',(-0.535222090828982,-3.55641342767395,
-1.97947792881984));
#1368=CARTESIAN_POINT('Ctrl Pts',(-0.597268858602928,-3.43800619941512,
-2.02257543876975));
#1369=CARTESIAN_POINT('Ctrl Pts',(-0.638105369799633,-3.22463145031531,
-2.10025948647882));
#1370=CARTESIAN_POINT('Ctrl Pts',(-0.615840235720745,-3.00529219153182,
-2.18008197195264));
#1371=CARTESIAN_POINT('Ctrl Pts',(-0.527692110913666,-2.84816793473118,
-2.23725606188066));
#1372=CARTESIAN_POINT('Ctrl Pts',(-0.467783598786121,-2.78178275945596,
-2.26140969729484));
#1373=CARTESIAN_POINT('Ctrl Pts',(-0.453567279989703,-3.60677490178887,
-1.96113711398216));
#1374=CARTESIAN_POINT('Ctrl Pts',(-0.505823526975885,-3.54082328299147,
-1.98514154012608));
#1375=CARTESIAN_POINT('Ctrl Pts',(-0.562197095695367,-3.42703707053344,
-2.02655633453069));
#1376=CARTESIAN_POINT('Ctrl Pts',(-0.598863122758732,-3.22368454395485,
-2.10057060126812));
#1377=CARTESIAN_POINT('Ctrl Pts',(-0.577697454221112,-3.01567061775415,
-2.17628147871803));
#1378=CARTESIAN_POINT('Ctrl Pts',(-0.496111628584866,-2.86647794082684,
-2.23058317229006));
#1379=CARTESIAN_POINT('Ctrl Pts',(-0.44033588704649,-2.80311880166515,-2.25364401301365));
#1380=CARTESIAN_POINT('Ctrl Pts',(-0.44033588704649,-2.80311880166515,-2.25364401301365));
#1381=CARTESIAN_POINT('Ctrl Pts',(-0.496111628584866,-2.86647794082684,
-2.23058317229006));
#1382=CARTESIAN_POINT('Ctrl Pts',(-0.577697454221112,-3.01567061775415,
-2.17628147871803));
#1383=CARTESIAN_POINT('Ctrl Pts',(-0.598863122758732,-3.22368454395485,
-2.10057060126812));
#1384=CARTESIAN_POINT('Ctrl Pts',(-0.562197095695367,-3.42703707053344,
-2.02655633453069));
#1385=CARTESIAN_POINT('Ctrl Pts',(-0.505823526975885,-3.54082328299147,
-1.98514154012608));
#1386=CARTESIAN_POINT('Ctrl Pts',(-0.453567279989703,-3.60677490178887,
-1.96113711398216));
#1387=CARTESIAN_POINT('Ctrl Pts',(-0.595546544380994,-3.66954825321418,
-1.8245248349196));
#1388=CARTESIAN_POINT('Ctrl Pts',(-0.668684583684425,-3.5846008372341,-1.83931443141158));
#1389=CARTESIAN_POINT('Ctrl Pts',(-0.746701915431595,-3.43526657244843,
-1.87232959173842));
#1390=CARTESIAN_POINT('Ctrl Pts',(-0.796576603129384,-3.1739883413371,-1.9505945496392));
#1391=CARTESIAN_POINT('Ctrl Pts',(-0.77018354172635,-2.91007535144492,-2.04697485474177));
#1392=CARTESIAN_POINT('Ctrl Pts',(-0.661516172723541,-2.72191489785168,
-2.13008991167119));
#1393=CARTESIAN_POINT('Ctrl Pts',(-0.586422402209965,-2.64293618020383,
-2.16687574136057));
#1394=CARTESIAN_POINT('Ctrl Pts',(-1.25,-3.67509180539283,0.));
#1395=CARTESIAN_POINT('Ctrl Pts',(-1.03025284670763,-3.67323043572639,-0.612624374036795));
#1396=CARTESIAN_POINT('Ctrl Pts',(-0.810505693415264,-3.67136906605995,
-1.22524874807359));
#1397=CARTESIAN_POINT('Ctrl Pts',(-0.590758540122896,-3.66950769639351,
-1.83787312211039));
#1398=CARTESIAN_POINT('Ctrl Pts',(-1.25,-3.44989828330407,0.));
#1399=CARTESIAN_POINT('Ctrl Pts',(-1.05286974371516,-3.49590388168722,-0.62110636225319));
#1400=CARTESIAN_POINT('Ctrl Pts',(-0.855608705841681,-3.54189485687848,
-1.24221804691296));
#1401=CARTESIAN_POINT('Ctrl Pts',(-0.658478449556836,-3.58790045526162,
-1.86332440916615));
#1402=CARTESIAN_POINT('Ctrl Pts',(-1.25,-2.99951123912655,0.));
#1403=CARTESIAN_POINT('Ctrl Pts',(-1.08723417907436,-3.13213028051433,-0.641389926694222));
#1404=CARTESIAN_POINT('Ctrl Pts',(-0.92431234647094,-3.26480588217259,-1.28275926713355));
#1405=CARTESIAN_POINT('Ctrl Pts',(-0.761546525545299,-3.39742492356037,
-1.92414919382777));
#1406=CARTESIAN_POINT('Ctrl Pts',(-1.25,-2.21133391181589,0.));
#1407=CARTESIAN_POINT('Ctrl Pts',(-1.09953399783136,-2.48075889560295,-0.682261125058699));
#1408=CARTESIAN_POINT('Ctrl Pts',(-0.949102670279436,-2.75014308439392,
-1.36453709828169));
#1409=CARTESIAN_POINT('Ctrl Pts',(-0.798636668110792,-3.01956806818098,
-2.04679822334039));
#1410=CARTESIAN_POINT('Ctrl Pts',(-1.25,-1.64835010659399,0.));
#1411=CARTESIAN_POINT('Ctrl Pts',(-1.0631745700447,-2.02030476980288,-0.709703723097841));
#1412=CARTESIAN_POINT('Ctrl Pts',(-0.875829864695117,-2.39252757821406,
-1.41930984932358));
#1413=CARTESIAN_POINT('Ctrl Pts',(-0.689004434739812,-2.76448224142294,
-2.12901357242142));
#1414=CARTESIAN_POINT('Ctrl Pts',(-1.25,-1.31055982346085,0.));
#1415=CARTESIAN_POINT('Ctrl Pts',(-1.02880746740235,-1.75468527571046,-0.722291913790032));
#1416=CARTESIAN_POINT('Ctrl Pts',(-0.807614934804699,-2.19881072796008,
-1.44458382758006));
#1417=CARTESIAN_POINT('Ctrl Pts',(-0.586422402207048,-2.64293618020969,
-2.16687574137009));
#1418=CARTESIAN_POINT('Origin',(-4.28949804968811E-17,-3.19485346911674,
-2.1110642543311));
#1419=CARTESIAN_POINT('',(-0.500000007450581,-3.19485346911674,-2.1110642543311));
#1420=CARTESIAN_POINT('Origin',(0.,-3.19485346911674,-2.1110642543311));
#1421=CARTESIAN_POINT('Origin',(0.625,-3.125,0.));
#1422=CARTESIAN_POINT('',(0.835,-3.125,-0.38));
#1423=CARTESIAN_POINT('',(0.835,-3.125,0.));
#1424=CARTESIAN_POINT('Origin',(0.625,-3.125,-0.38));
#1425=CARTESIAN_POINT('Origin',(0.625,-3.125,-0.38));
#1426=CARTESIAN_POINT('Origin',(-0.625,-1.875,0.));
#1427=CARTESIAN_POINT('',(-0.415,-1.875,-0.38));
#1428=CARTESIAN_POINT('',(-0.415,-1.875,0.));
#1429=CARTESIAN_POINT('Origin',(-0.625,-1.875,-0.38));
#1430=CARTESIAN_POINT('Origin',(-0.625,-1.875,-0.38));
#1431=CARTESIAN_POINT('Origin',(0.,-3.19485346911674,-2.1110642543311));
#1432=CARTESIAN_POINT('',(-0.500000007450581,-3.19485346911674,-2.1110642543311));
#1433=CARTESIAN_POINT('',(-0.500000007450581,-2.68182325412823,-0.701525323152238));
#1434=CARTESIAN_POINT('',(-0.500000007450581,-3.19485346911674,-2.1110642543311));
#1435=CARTESIAN_POINT('Origin',(0.,-2.68182325412823,-0.701525323152238));
#1436=CARTESIAN_POINT('Origin',(0.,-2.68182325412823,-0.701525323152238));
#1437=UNCERTAINTY_MEASURE_WITH_UNIT(LENGTH_MEASURE(0.001),#1441,
'DISTANCE_ACCURACY_VALUE',
'Maximum model space distance between geometric entities at asserted c
onnectivities');
#1438=UNCERTAINTY_MEASURE_WITH_UNIT(LENGTH_MEASURE(0.001),#1441,
'DISTANCE_ACCURACY_VALUE',
'Maximum model space distance between geometric entities at asserted c
onnectivities');
#1439=(
GEOMETRIC_REPRESENTATION_CONTEXT(3)
GLOBAL_UNCERTAINTY_ASSIGNED_CONTEXT((#1437))
GLOBAL_UNIT_ASSIGNED_CONTEXT((#1441,#1443,#1444))
REPRESENTATION_CONTEXT('','3D')
);
#1440=(
GEOMETRIC_REPRESENTATION_CONTEXT(3)
GLOBAL_UNCERTAINTY_ASSIGNED_CONTEXT((#1438))
GLOBAL_UNIT_ASSIGNED_CONTEXT((#1441,#1443,#1444))
REPRESENTATION_CONTEXT('','3D')
);
#1441=(
LENGTH_UNIT()
NAMED_UNIT(*)
SI_UNIT(.CENTI.,.METRE.)
);
#1442=(
LENGTH_UNIT()
NAMED_UNIT(*)
SI_UNIT($,.METRE.)
);
#1443=(
NAMED_UNIT(*)
PLANE_ANGLE_UNIT()
SI_UNIT($,.RADIAN.)
);
#1444=(
NAMED_UNIT(*)
SI_UNIT($,.STERADIAN.)
SOLID_ANGLE_UNIT()
);
#1445=SHAPE_DEFINITION_REPRESENTATION(#1446,#1447);
#1446=PRODUCT_DEFINITION_SHAPE('',$,#1449);
#1447=SHAPE_REPRESENTATION('',(#449),#1439);
#1448=PRODUCT_DEFINITION_CONTEXT('part definition',#1453,'design');
#1449=PRODUCT_DEFINITION('export body bilbo','export body bilbo',#1450,
#1448);
#1450=PRODUCT_DEFINITION_FORMATION('',$,#1455);
#1451=PRODUCT_RELATED_PRODUCT_CATEGORY('export body bilbo',
'export body bilbo',(#1455));
#1452=APPLICATION_PROTOCOL_DEFINITION('international standard',
'automotive_design',2009,#1453);
#1453=APPLICATION_CONTEXT(
'Core Data for Automotive Mechanical Design Process');
#1454=PRODUCT_CONTEXT('part definition',#1453,'mechanical');
#1455=PRODUCT('export body bilbo','export body bilbo',$,(#1454));
#1456=PRESENTATION_STYLE_ASSIGNMENT((#1461));
#1457=PRESENTATION_STYLE_ASSIGNMENT((#1462));
#1458=PRESENTATION_STYLE_ASSIGNMENT((#1463));
#1459=PRESENTATION_STYLE_ASSIGNMENT((#1464));
#1460=PRESENTATION_STYLE_ASSIGNMENT((#1465));
#1461=SURFACE_STYLE_USAGE(.BOTH.,#1466);
#1462=SURFACE_STYLE_USAGE(.BOTH.,#1467);
#1463=SURFACE_STYLE_USAGE(.BOTH.,#1468);
#1464=SURFACE_STYLE_USAGE(.BOTH.,#1469);
#1465=SURFACE_STYLE_USAGE(.BOTH.,#1470);
#1466=SURFACE_SIDE_STYLE('',(#1471));
#1467=SURFACE_SIDE_STYLE('',(#1472));
#1468=SURFACE_SIDE_STYLE('',(#1473));
#1469=SURFACE_SIDE_STYLE('',(#1474));
#1470=SURFACE_SIDE_STYLE('',(#1475));
#1471=SURFACE_STYLE_FILL_AREA(#1476);
#1472=SURFACE_STYLE_FILL_AREA(#1477);
#1473=SURFACE_STYLE_FILL_AREA(#1478);
#1474=SURFACE_STYLE_FILL_AREA(#1479);
#1475=SURFACE_STYLE_FILL_AREA(#1480);
#1476=FILL_AREA_STYLE('ABS (White)',(#1481));
#1477=FILL_AREA_STYLE('Paint - Enamel Glossy (Black)',(#1482));
#1478=FILL_AREA_STYLE('Polymide (Kapton)',(#1483));
#1479=FILL_AREA_STYLE('Carbon Fiber - Plain',(#1484));
#1480=FILL_AREA_STYLE('Tough 2000 (with Formlabs SLA 3D Printers)',(#1485));
#1481=FILL_AREA_STYLE_COLOUR('ABS (White)',#1486);
#1482=FILL_AREA_STYLE_COLOUR('Paint - Enamel Glossy (Black)',#1487);
#1483=FILL_AREA_STYLE_COLOUR('Polymide (Kapton)',#1488);
#1484=FILL_AREA_STYLE_COLOUR('Carbon Fiber - Plain',#1489);
#1485=FILL_AREA_STYLE_COLOUR(
'Tough 2000 (with Formlabs SLA 3D Printers)',#1490);
#1486=COLOUR_RGB('ABS (White)',0.964705882352941,0.964705882352941,0.952941176470588);
#1487=COLOUR_RGB('Paint - Enamel Glossy (Black)',0.0980392156862745,0.0980392156862745,
0.0980392156862745);
#1488=COLOUR_RGB('Polymide (Kapton)',0.784313725490196,0.556862745098039,
0.0274509803921569);
#1489=COLOUR_RGB('Carbon Fiber - Plain',0.0980392156862745,0.0980392156862745,
0.0980392156862745);
#1490=COLOUR_RGB('Tough 2000 (with Formlabs SLA 3D Printers)',0.247058823529412,
0.247058823529412,0.247058823529412);
ENDSEC;
END-ISO-10303-21;
