ISO-10303-21;
HEADER;
/* Generated by software containing ST-Developer
 * from STEP Tools, Inc. (www.steptools.com) 
 */

FILE_DESCRIPTION(
/* description */ (''),
/* implementation_level */ '2;1');

FILE_NAME(
/* name */ 'BILBO arm connector R.step',
/* time_stamp */ '2026-04-05T13:09:35+05:30',
/* author */ (''),
/* organization */ (''),
/* preprocessor_version */ 'ST-DEVELOPER v20.1',
/* originating_system */ 'Autodesk Translation Framework v14.24.0.0',
/* authorisation */ '');

FILE_SCHEMA (('AUTOMOTIVE_DESIGN { 1 0 10303 214 3 1 1 }'));
ENDSEC;

DATA;
#10=MECHANICAL_DESIGN_GEOMETRIC_PRESENTATION_REPRESENTATION('',(#13),#3429);
#11=SHAPE_REPRESENTATION_RELATIONSHIP('SRR','None',#3436,#12);
#12=ADVANCED_BREP_SHAPE_REPRESENTATION('',(#14),#3428);
#13=STYLED_ITEM('',(#3447),#14);
#14=MANIFOLD_SOLID_BREP('drone arm attachment (1) (1) (1)',#1096);
#15=(
BOUNDED_SURFACE()
B_SPLINE_SURFACE(2,2,((#3060,#3061,#3062),(#3063,#3064,#3065),(#3066,#3067,
#3068)),.UNSPECIFIED.,.F.,.F.,.F.)
B_SPLINE_SURFACE_WITH_KNOTS((3,3),(3,3),(-1.5707963267949,1.67681081703636E-15),
(1.5707963267949,3.1415926535898),.UNSPECIFIED.)
GEOMETRIC_REPRESENTATION_ITEM()
RATIONAL_B_SPLINE_SURFACE(((1.,0.707106781186546,1.),(0.707106781186546,
0.499999999999998,0.707106781186546),(1.,0.707106781186546,1.)))
REPRESENTATION_ITEM('')
SURFACE()
);
#16=(
BOUNDED_SURFACE()
B_SPLINE_SURFACE(2,2,((#3079,#3080,#3081),(#3082,#3083,#3084),(#3085,#3086,
#3087)),.UNSPECIFIED.,.F.,.F.,.F.)
B_SPLINE_SURFACE_WITH_KNOTS((3,3),(3,3),(-1.5707963267949,2.12379930657103E-15),
(-3.14159265358979,-1.5707963267949),.UNSPECIFIED.)
GEOMETRIC_REPRESENTATION_ITEM()
RATIONAL_B_SPLINE_SURFACE(((1.,0.707106781186547,1.),(0.70710678118655,
0.500000000000001,0.70710678118655),(1.,0.707106781186547,1.)))
REPRESENTATION_ITEM('')
SURFACE()
);
#17=(
BOUNDED_SURFACE()
B_SPLINE_SURFACE(2,2,((#3095,#3096,#3097),(#3098,#3099,#3100),(#3101,#3102,
#3103)),.UNSPECIFIED.,.F.,.F.,.F.)
B_SPLINE_SURFACE_WITH_KNOTS((3,3),(3,3),(-1.5707963267949,1.29063426612675E-14),
(-1.5707963267949,3.34339505157963E-16),.UNSPECIFIED.)
GEOMETRIC_REPRESENTATION_ITEM()
RATIONAL_B_SPLINE_SURFACE(((1.,0.707106781186547,1.),(0.707106781186546,
0.499999999999999,0.707106781186546),(1.,0.707106781186547,1.)))
REPRESENTATION_ITEM('')
SURFACE()
);
#18=(
BOUNDED_SURFACE()
B_SPLINE_SURFACE(2,2,((#3111,#3112,#3113),(#3114,#3115,#3116),(#3117,#3118,
#3119)),.UNSPECIFIED.,.F.,.F.,.F.)
B_SPLINE_SURFACE_WITH_KNOTS((3,3),(3,3),(-1.5707963267949,6.24518752698808E-15),
(-4.7080111086805E-15,1.5707963267949),.UNSPECIFIED.)
GEOMETRIC_REPRESENTATION_ITEM()
RATIONAL_B_SPLINE_SURFACE(((1.,0.707106781186546,1.),(0.707106781186545,
0.499999999999997,0.707106781186545),(1.,0.707106781186546,1.)))
REPRESENTATION_ITEM('')
SURFACE()
);
#19=FACE_BOUND('',#180,.T.);
#20=FACE_BOUND('',#188,.T.);
#21=FACE_BOUND('',#189,.T.);
#22=FACE_BOUND('',#192,.T.);
#23=FACE_BOUND('',#209,.T.);
#24=FACE_BOUND('',#210,.T.);
#25=FACE_BOUND('',#228,.T.);
#26=SPHERICAL_SURFACE('',#1136,0.3);
#27=SPHERICAL_SURFACE('',#1141,0.3);
#28=SPHERICAL_SURFACE('',#1194,0.300000000000002);
#29=SPHERICAL_SURFACE('',#1196,0.300000000000001);
#30=B_SPLINE_SURFACE_WITH_KNOTS('',3,3,((#1472,#1473,#1474,#1475,#1476,
#1477,#1478),(#1479,#1480,#1481,#1482,#1483,#1484,#1485),(#1486,#1487,#1488,
#1489,#1490,#1491,#1492),(#1493,#1494,#1495,#1496,#1497,#1498,#1499),(#1500,
#1501,#1502,#1503,#1504,#1505,#1506),(#1507,#1508,#1509,#1510,#1511,#1512,
#1513),(#1514,#1515,#1516,#1517,#1518,#1519,#1520)),.UNSPECIFIED.,.F.,.F.,
 .F.,(4,1,1,1,4),(4,1,1,1,4),(0.,0.285714285714286,0.571428571428571,0.785714285714286,
1.),(0.,0.364662274885814,0.54699341232872,0.911655687214534,1.27631796210035),
 .UNSPECIFIED.);
#31=B_SPLINE_SURFACE_WITH_KNOTS('',3,3,((#1546,#1547,#1548,#1549,#1550,
#1551,#1552),(#1553,#1554,#1555,#1556,#1557,#1558,#1559),(#1560,#1561,#1562,
#1563,#1564,#1565,#1566),(#1567,#1568,#1569,#1570,#1571,#1572,#1573),(#1574,
#1575,#1576,#1577,#1578,#1579,#1580),(#1581,#1582,#1583,#1584,#1585,#1586,
#1587),(#1588,#1589,#1590,#1591,#1592,#1593,#1594)),.UNSPECIFIED.,.F.,.F.,
 .F.,(4,1,1,1,4),(4,1,1,1,4),(0.,0.285714285714286,0.571428571428571,0.785714285714286,
1.),(0.,0.364601149379711,0.546901724069567,0.911502873449278,1.27610402282899),
 .UNSPECIFIED.);
#32=B_SPLINE_SURFACE_WITH_KNOTS('',3,3,((#1615,#1616,#1617,#1618),(#1619,
#1620,#1621,#1622),(#1623,#1624,#1625,#1626),(#1627,#1628,#1629,#1630),
(#1631,#1632,#1633,#1634),(#1635,#1636,#1637,#1638)),.UNSPECIFIED.,.F.,
 .F.,.F.,(4,1,1,4),(4,4),(0.,0.285714285714286,0.571428571428571,1.),(0.,
0.021303004662631),.UNSPECIFIED.);
#33=B_SPLINE_SURFACE_WITH_KNOTS('',3,3,((#1647,#1648,#1649,#1650,#1651,
#1652,#1653),(#1654,#1655,#1656,#1657,#1658,#1659,#1660),(#1661,#1662,#1663,
#1664,#1665,#1666,#1667),(#1668,#1669,#1670,#1671,#1672,#1673,#1674),(#1675,
#1676,#1677,#1678,#1679,#1680,#1681),(#1682,#1683,#1684,#1685,#1686,#1687,
#1688),(#1689,#1690,#1691,#1692,#1693,#1694,#1695)),.UNSPECIFIED.,.F.,.F.,
 .F.,(4,1,1,1,4),(4,1,1,1,4),(0.,0.285714285714286,0.571428571428571,0.785714285714286,
1.),(0.,0.364662487582221,0.546993731373332,0.911656218955553,1.27631870653778),
 .UNSPECIFIED.);
#34=B_SPLINE_SURFACE_WITH_KNOTS('',3,3,((#1716,#1717,#1718,#1719),(#1720,
#1721,#1722,#1723),(#1724,#1725,#1726,#1727),(#1728,#1729,#1730,#1731),
(#1732,#1733,#1734,#1735),(#1736,#1737,#1738,#1739)),.UNSPECIFIED.,.F.,
 .F.,.F.,(4,1,1,4),(4,4),(0.,0.285714285714286,0.571428571428571,1.),(0.,
0.0213031963832492),.UNSPECIFIED.);
#35=B_SPLINE_SURFACE_WITH_KNOTS('',3,3,((#1748,#1749,#1750,#1751,#1752,
#1753,#1754),(#1755,#1756,#1757,#1758,#1759,#1760,#1761),(#1762,#1763,#1764,
#1765,#1766,#1767,#1768),(#1769,#1770,#1771,#1772,#1773,#1774,#1775),(#1776,
#1777,#1778,#1779,#1780,#1781,#1782),(#1783,#1784,#1785,#1786,#1787,#1788,
#1789),(#1790,#1791,#1792,#1793,#1794,#1795,#1796)),.UNSPECIFIED.,.F.,.F.,
 .F.,(4,1,1,1,4),(4,1,1,1,4),(0.,0.285714285714286,0.571428571428571,0.785714285714286,
1.),(0.,0.364601759487133,0.546902639230699,0.911504398717832,1.27610615820497),
 .UNSPECIFIED.);
#36=B_SPLINE_SURFACE_WITH_KNOTS('',3,3,((#1817,#1818,#1819,#1820),(#1821,
#1822,#1823,#1824),(#1825,#1826,#1827,#1828),(#1829,#1830,#1831,#1832),
(#1833,#1834,#1835,#1836),(#1837,#1838,#1839,#1840)),.UNSPECIFIED.,.F.,
 .F.,.F.,(4,1,1,4),(4,4),(0.,0.285714285714286,0.571428571428571,1.),(0.,
0.0213037465251234),.UNSPECIFIED.);
#37=B_SPLINE_SURFACE_WITH_KNOTS('',3,3,((#1849,#1850,#1851,#1852),(#1853,
#1854,#1855,#1856),(#1857,#1858,#1859,#1860),(#1861,#1862,#1863,#1864),
(#1865,#1866,#1867,#1868),(#1869,#1870,#1871,#1872)),.UNSPECIFIED.,.F.,
 .F.,.F.,(4,1,1,4),(4,4),(0.,0.285714285714286,0.571428571428571,1.),(0.,
0.0213035548010802),.UNSPECIFIED.);
#38=B_SPLINE_SURFACE_WITH_KNOTS('',3,3,((#1887,#1888,#1889,#1890,#1891,
#1892,#1893),(#1894,#1895,#1896,#1897,#1898,#1899,#1900),(#1901,#1902,#1903,
#1904,#1905,#1906,#1907),(#1908,#1909,#1910,#1911,#1912,#1913,#1914)),
 .UNSPECIFIED.,.F.,.F.,.F.,(4,4),(4,1,1,1,4),(0.,0.692782338588691),(0.0295361563872558,
0.191465143387408,0.515323117387711,0.839181091388015,1.16303906538832),
 .UNSPECIFIED.);
#39=B_SPLINE_SURFACE_WITH_KNOTS('',3,3,((#1928,#1929,#1930,#1931,#1932,
#1933,#1934),(#1935,#1936,#1937,#1938,#1939,#1940,#1941),(#1942,#1943,#1944,
#1945,#1946,#1947,#1948),(#1949,#1950,#1951,#1952,#1953,#1954,#1955)),
 .UNSPECIFIED.,.F.,.F.,.F.,(4,4),(4,1,1,1,4),(0.,0.692779548317074),(0.0295363109097875,
0.353345260591659,0.515249735432594,0.839058685114465,1.16286763479634),
 .UNSPECIFIED.);
#40=B_SPLINE_SURFACE_WITH_KNOTS('',3,3,((#1969,#1970,#1971,#1972,#1973,
#1974),(#1975,#1976,#1977,#1978,#1979,#1980),(#1981,#1982,#1983,#1984,#1985,
#1986),(#1987,#1988,#1989,#1990,#1991,#1992)),.UNSPECIFIED.,.F.,.F.,.F.,
(4,4),(4,2,4),(0.,1.),(-0.0649870923418745,0.,0.000972203011102735),
 .UNSPECIFIED.);
#41=B_SPLINE_SURFACE_WITH_KNOTS('',3,3,((#2009,#2010,#2011,#2012,#2013),
(#2014,#2015,#2016,#2017,#2018),(#2019,#2020,#2021,#2022,#2023),(#2024,
#2025,#2026,#2027,#2028)),.UNSPECIFIED.,.F.,.F.,.F.,(4,4),(4,1,4),(0.,1.),
(5.43264097629365E-14,0.0747043133505353,0.17431006448451),
 .UNSPECIFIED.);
#42=B_SPLINE_SURFACE_WITH_KNOTS('',3,3,((#2042,#2043,#2044,#2045,#2046,
#2047,#2048,#2049,#2050,#2051,#2052,#2053,#2054,#2055,#2056,#2057),(#2058,
#2059,#2060,#2061,#2062,#2063,#2064,#2065,#2066,#2067,#2068,#2069,#2070,
#2071,#2072,#2073),(#2074,#2075,#2076,#2077,#2078,#2079,#2080,#2081,#2082,
#2083,#2084,#2085,#2086,#2087,#2088,#2089),(#2090,#2091,#2092,#2093,#2094,
#2095,#2096,#2097,#2098,#2099,#2100,#2101,#2102,#2103,#2104,#2105)),
 .UNSPECIFIED.,.F.,.F.,.F.,(4,4),(4,1,1,1,1,1,1,1,1,1,1,1,1,4),(0.,1.),
(0.,0.0164453378446843,0.0328906756893686,0.0493360135340528,0.0657813513787371,
0.0668091849940299,0.0678370186093226,0.0698926858399082,0.0719483530704937,
0.0740040203010792,0.0781153547622503,0.0822266892234214,0.0986720270681057,
0.11511736491279),.UNSPECIFIED.);
#43=B_SPLINE_SURFACE_WITH_KNOTS('',3,3,((#2141,#2142,#2143,#2144,#2145),
(#2146,#2147,#2148,#2149,#2150),(#2151,#2152,#2153,#2154,#2155),(#2156,
#2157,#2158,#2159,#2160)),.UNSPECIFIED.,.F.,.F.,.F.,(4,4),(4,1,4),(0.,1.),
(0.,0.0747108352484293,0.174325282246335),.UNSPECIFIED.);
#44=B_SPLINE_SURFACE_WITH_KNOTS('',3,3,((#2174,#2175,#2176,#2177,#2178,
#2179),(#2180,#2181,#2182,#2183,#2184,#2185),(#2186,#2187,#2188,#2189,#2190,
#2191),(#2192,#2193,#2194,#2195,#2196,#2197)),.UNSPECIFIED.,.F.,.F.,.F.,
(4,4),(4,2,4),(0.,1.),(-0.0659490987453387,-0.0649768766017781,-3.18026143942805E-14),
 .UNSPECIFIED.);
#45=B_SPLINE_SURFACE_WITH_KNOTS('',3,3,((#2211,#2212,#2213,#2214,#2215),
(#2216,#2217,#2218,#2219,#2220),(#2221,#2222,#2223,#2224,#2225),(#2226,
#2227,#2228,#2229,#2230)),.UNSPECIFIED.,.F.,.F.,.F.,(4,4),(4,1,4),(0.,1.),
(0.23653200317599,1.0886961603488,2.22491503657922),.UNSPECIFIED.);
#46=B_SPLINE_SURFACE_WITH_KNOTS('',3,3,((#2281,#2282,#2283,#2284,#2285),
(#2286,#2287,#2288,#2289,#2290),(#2291,#2292,#2293,#2294,#2295),(#2296,
#2297,#2298,#2299,#2300)),.UNSPECIFIED.,.F.,.F.,.F.,(4,4),(4,1,4),(0.,1.),
(0.236523392397227,1.37257469019499,2.22461316354331),.UNSPECIFIED.);
#47=B_SPLINE_SURFACE_WITH_KNOTS('',3,3,((#2313,#2314,#2315,#2316,#2317,
#2318),(#2319,#2320,#2321,#2322,#2323,#2324),(#2325,#2326,#2327,#2328,#2329,
#2330),(#2331,#2332,#2333,#2334,#2335,#2336)),.UNSPECIFIED.,.F.,.F.,.F.,
(4,4),(4,2,4),(0.,1.),(-0.0649772374387275,0.,0.000972227124389402),
 .UNSPECIFIED.);
#48=B_SPLINE_SURFACE_WITH_KNOTS('',3,3,((#2345,#2346,#2347,#2348,#2349),
(#2350,#2351,#2352,#2353,#2354),(#2355,#2356,#2357,#2358,#2359),(#2360,
#2361,#2362,#2363,#2364)),.UNSPECIFIED.,.F.,.F.,.F.,(4,4),(4,1,4),(0.,1.),
(5.86577662404181E-14,0.0747097063109698,0.174322648058851),
 .UNSPECIFIED.);
#49=B_SPLINE_SURFACE_WITH_KNOTS('',3,3,((#2372,#2373,#2374,#2375,#2376,
#2377,#2378,#2379,#2380,#2381,#2382,#2383),(#2384,#2385,#2386,#2387,#2388,
#2389,#2390,#2391,#2392,#2393,#2394,#2395),(#2396,#2397,#2398,#2399,#2400,
#2401,#2402,#2403,#2404,#2405,#2406,#2407),(#2408,#2409,#2410,#2411,#2412,
#2413,#2414,#2415,#2416,#2417,#2418,#2419)),.UNSPECIFIED.,.F.,.F.,.F.,(4,
4),(4,1,1,1,1,1,1,1,1,4),(0.,1.),(0.,0.0164426274213338,0.0328852548426677,
0.0411065685533346,0.0493278822640015,0.0575491959746684,0.0657705096853353,
0.0822131371066692,0.098655764528003,0.115098391949337),.UNSPECIFIED.);
#50=B_SPLINE_SURFACE_WITH_KNOTS('',3,3,((#2447,#2448,#2449,#2450,#2451),
(#2452,#2453,#2454,#2455,#2456),(#2457,#2458,#2459,#2460,#2461),(#2462,
#2463,#2464,#2465,#2466)),.UNSPECIFIED.,.F.,.F.,.F.,(4,4),(4,1,4),(0.,1.),
(0.,0.0747016586276766,0.174303870131245),.UNSPECIFIED.);
#51=B_SPLINE_SURFACE_WITH_KNOTS('',3,3,((#2480,#2481,#2482,#2483,#2484,
#2485),(#2486,#2487,#2488,#2489,#2490,#2491),(#2492,#2493,#2494,#2495,#2496,
#2497),(#2498,#2499,#2500,#2501,#2502,#2503)),.UNSPECIFIED.,.F.,.F.,.F.,
(4,4),(4,2,4),(0.,1.),(-0.0659620407637926,-0.0649898379360851,-2.70052793074747E-14),
 .UNSPECIFIED.);
#52=B_SPLINE_SURFACE_WITH_KNOTS('',3,3,((#2517,#2518,#2519,#2520,#2521),
(#2522,#2523,#2524,#2525,#2526),(#2527,#2528,#2529,#2530,#2531),(#2532,
#2533,#2534,#2535,#2536)),.UNSPECIFIED.,.F.,.F.,.F.,(4,4),(4,1,4),(0.,1.),
(0.236520436494431,1.37257447456633,2.22461500312025),.UNSPECIFIED.);
#53=B_SPLINE_SURFACE_WITH_KNOTS('',3,3,((#2569,#2570,#2571,#2572,#2573,
#2574),(#2575,#2576,#2577,#2578,#2579,#2580),(#2581,#2582,#2583,#2584,#2585,
#2586),(#2587,#2588,#2589,#2590,#2591,#2592)),.UNSPECIFIED.,.F.,.F.,.F.,
(4,4),(4,2,4),(0.,1.),(-0.0649778335967966,0.,0.000972222078983397),
 .UNSPECIFIED.);
#54=B_SPLINE_SURFACE_WITH_KNOTS('',3,3,((#2609,#2610,#2611,#2612,#2613),
(#2614,#2615,#2616,#2617,#2618),(#2619,#2620,#2621,#2622,#2623),(#2624,
#2625,#2626,#2627,#2628)),.UNSPECIFIED.,.F.,.F.,.F.,(4,4),(4,1,4),(0.,1.),
(6.13936756823329E-14,0.0996132131336648,0.174323122983867),
 .UNSPECIFIED.);
#55=B_SPLINE_SURFACE_WITH_KNOTS('',3,3,((#2642,#2643,#2644,#2645,#2646,
#2647,#2648,#2649,#2650,#2651,#2652),(#2653,#2654,#2655,#2656,#2657,#2658,
#2659,#2660,#2661,#2662,#2663),(#2664,#2665,#2666,#2667,#2668,#2669,#2670,
#2671,#2672,#2673,#2674),(#2675,#2676,#2677,#2678,#2679,#2680,#2681,#2682,
#2683,#2684,#2685)),.UNSPECIFIED.,.F.,.F.,.F.,(4,4),(4,1,1,1,1,1,1,1,4),
(0.,1.),(0.,0.0205534347729999,0.0328854956367999,0.0411068695459999,0.0493282434551998,
0.0575496173643998,0.0657709912735998,0.0822137390919997,0.1150992347288),
 .UNSPECIFIED.);
#56=B_SPLINE_SURFACE_WITH_KNOTS('',3,3,((#2710,#2711,#2712,#2713,#2714),
(#2715,#2716,#2717,#2718,#2719),(#2720,#2721,#2722,#2723,#2724),(#2725,
#2726,#2727,#2728,#2729)),.UNSPECIFIED.,.F.,.F.,.F.,(4,4),(4,1,4),(0.,1.),
(0.,0.0996052264223277,0.174309146239073),.UNSPECIFIED.);
#57=B_SPLINE_SURFACE_WITH_KNOTS('',3,3,((#2737,#2738,#2739,#2740,#2741,
#2742),(#2743,#2744,#2745,#2746,#2747,#2748),(#2749,#2750,#2751,#2752,#2753,
#2754),(#2755,#2756,#2757,#2758,#2759,#2760)),.UNSPECIFIED.,.F.,.F.,.F.,
(4,4),(4,2,4),(0.,1.),(-0.0659594228710379,-0.0649872181241097,-2.86393244549754E-14),
 .UNSPECIFIED.);
#58=B_SPLINE_SURFACE_WITH_KNOTS('',3,3,((#2787,#2788,#2789,#2790,#2791),
(#2792,#2793,#2794,#2795,#2796),(#2797,#2798,#2799,#2800,#2801),(#2802,
#2803,#2804,#2805,#2806)),.UNSPECIFIED.,.F.,.F.,.F.,(4,4),(4,1,4),(0.,1.),
(0.23653157094375,1.08869644450081,2.22491627591023),.UNSPECIFIED.);
#59=B_SPLINE_SURFACE_WITH_KNOTS('',3,3,((#2819,#2820,#2821,#2822,#2823,
#2824),(#2825,#2826,#2827,#2828,#2829,#2830),(#2831,#2832,#2833,#2834,#2835,
#2836),(#2837,#2838,#2839,#2840,#2841,#2842)),.UNSPECIFIED.,.F.,.F.,.F.,
(4,4),(4,2,4),(0.,1.),(-0.0659504214990066,-0.064978194439092,0.),
 .UNSPECIFIED.);
#60=B_SPLINE_SURFACE_WITH_KNOTS('',3,3,((#2851,#2852,#2853,#2854,#2855),
(#2856,#2857,#2858,#2859,#2860),(#2861,#2862,#2863,#2864,#2865),(#2866,
#2867,#2868,#2869,#2870)),.UNSPECIFIED.,.F.,.F.,.F.,(4,4),(4,1,4),(0.,1.),
(0.,0.0747087809254959,0.174320488826157),.UNSPECIFIED.);
#61=B_SPLINE_SURFACE_WITH_KNOTS('',3,3,((#2878,#2879,#2880,#2881,#2882,
#2883,#2884,#2885,#2886,#2887,#2888,#2889,#2890),(#2891,#2892,#2893,#2894,
#2895,#2896,#2897,#2898,#2899,#2900,#2901,#2902,#2903),(#2904,#2905,#2906,
#2907,#2908,#2909,#2910,#2911,#2912,#2913,#2914,#2915,#2916),(#2917,#2918,
#2919,#2920,#2921,#2922,#2923,#2924,#2925,#2926,#2927,#2928,#2929)),
 .UNSPECIFIED.,.F.,.F.,.F.,(4,4),(4,1,1,1,1,1,1,1,1,1,4),(0.,1.),(0.,0.0164425630158877,
0.0328851260317754,0.0411064075397192,0.0452170482936911,0.049327689047663,
0.0575489705556069,0.0657702520635507,0.0822128150794384,0.0986553780953261,
0.115097941111214),.UNSPECIFIED.);
#62=B_SPLINE_SURFACE_WITH_KNOTS('',3,3,((#2958,#2959,#2960,#2961,#2962),
(#2963,#2964,#2965,#2966,#2967),(#2968,#2969,#2970,#2971,#2972),(#2973,
#2974,#2975,#2976,#2977)),.UNSPECIFIED.,.F.,.F.,.F.,(4,4),(4,1,4),(0.,1.),
(0.,0.0747012651066951,0.174302951915622),.UNSPECIFIED.);
#63=B_SPLINE_SURFACE_WITH_KNOTS('',3,3,((#2985,#2986,#2987,#2988,#2989,
#2990),(#2991,#2992,#2993,#2994,#2995,#2996),(#2997,#2998,#2999,#3000,#3001,
#3002),(#3003,#3004,#3005,#3006,#3007,#3008)),.UNSPECIFIED.,.F.,.F.,.F.,
(4,4),(4,2,4),(0.,1.),(-0.0649899637235472,0.,0.000972204563738274),
 .UNSPECIFIED.);
#64=B_SPLINE_SURFACE_WITH_KNOTS('',3,3,((#3015,#3016,#3017,#3018,#3019,
#3020),(#3021,#3022,#3023,#3024,#3025,#3026),(#3027,#3028,#3029,#3030,#3031,
#3032),(#3033,#3034,#3035,#3036,#3037,#3038),(#3039,#3040,#3041,#3042,#3043,
#3044)),.UNSPECIFIED.,.F.,.F.,.F.,(4,1,4),(4,1,1,4),(0.,0.571428571428571,
1.),(0.206194069965222,0.839816096006158,1.47343812204709,2.4238711611085),
 .UNSPECIFIED.);
#65=B_SPLINE_SURFACE_WITH_KNOTS('',3,3,((#3127,#3128,#3129,#3130,#3131,
#3132),(#3133,#3134,#3135,#3136,#3137,#3138),(#3139,#3140,#3141,#3142,#3143,
#3144),(#3145,#3146,#3147,#3148,#3149,#3150),(#3151,#3152,#3153,#3154,#3155,
#3156)),.UNSPECIFIED.,.F.,.F.,.F.,(4,1,4),(4,1,1,4),(0.,0.571428571428571,
1.),(-2.00037118211013,-1.36674929486708,-0.733127407624032,0.217305423240538),
 .UNSPECIFIED.);
#66=B_SPLINE_SURFACE_WITH_KNOTS('',3,3,((#3171,#3172,#3173,#3174,#3175,
#3176),(#3177,#3178,#3179,#3180,#3181,#3182),(#3183,#3184,#3185,#3186,#3187,
#3188),(#3189,#3190,#3191,#3192,#3193,#3194),(#3195,#3196,#3197,#3198,#3199,
#3200)),.UNSPECIFIED.,.F.,.F.,.F.,(4,1,4),(4,1,1,4),(0.,0.571428571428571,
1.),(0.206195755344891,0.839815815596155,1.47343587584742,2.42386596622432),
 .UNSPECIFIED.);
#67=B_SPLINE_SURFACE_WITH_KNOTS('',3,3,((#3213,#3214,#3215,#3216,#3217,
#3218),(#3219,#3220,#3221,#3222,#3223,#3224),(#3225,#3226,#3227,#3228,#3229,
#3230),(#3231,#3232,#3233,#3234,#3235,#3236),(#3237,#3238,#3239,#3240,#3241,
#3242)),.UNSPECIFIED.,.F.,.F.,.F.,(4,1,4),(4,1,1,4),(0.,0.571428571428571,
1.),(-2.00037263718021,-1.36675065932797,-0.733128681475741,0.217304285302609),
 .UNSPECIFIED.);
#68=B_SPLINE_SURFACE_WITH_KNOTS('',3,3,((#3255,#3256,#3257,#3258),(#3259,
#3260,#3261,#3262),(#3263,#3264,#3265,#3266),(#3267,#3268,#3269,#3270),
(#3271,#3272,#3273,#3274),(#3275,#3276,#3277,#3278)),.UNSPECIFIED.,.F.,
 .F.,.F.,(4,1,1,4),(4,4),(0.0264887229293174,0.432355433811025,0.702933241065496,
0.973511048319968),(0.0939998324447861,0.991027870717626),.UNSPECIFIED.);
#69=B_SPLINE_SURFACE_WITH_KNOTS('',3,3,((#3291,#3292,#3293,#3294,#3295,
#3296,#3297),(#3298,#3299,#3300,#3301,#3302,#3303,#3304),(#3305,#3306,#3307,
#3308,#3309,#3310,#3311),(#3312,#3313,#3314,#3315,#3316,#3317,#3318)),
 .UNSPECIFIED.,.F.,.F.,.F.,(4,4),(4,1,1,1,4),(0.,0.692783650637741),(0.0295361252887204,
0.191440659206315,0.515249727041505,0.839058794876695,1.16286786271188),
 .UNSPECIFIED.);
#70=B_SPLINE_SURFACE_WITH_KNOTS('',3,3,((#3326,#3327,#3328,#3329,#3330,
#3331,#3332),(#3333,#3334,#3335,#3336,#3337,#3338,#3339),(#3340,#3341,#3342,
#3343,#3344,#3345,#3346),(#3347,#3348,#3349,#3350,#3351,#3352,#3353)),
 .UNSPECIFIED.,.F.,.F.,.F.,(4,4),(4,1,1,1,4),(0.,0.692783768192885),(0.0295357547176924,
0.353393769912025,0.677251785106357,1.00110980030069,1.16303880789786),
 .UNSPECIFIED.);
#71=B_SPLINE_SURFACE_WITH_KNOTS('',3,3,((#3354,#3355,#3356,#3357),(#3358,
#3359,#3360,#3361),(#3362,#3363,#3364,#3365),(#3366,#3367,#3368,#3369),
(#3370,#3371,#3372,#3373),(#3374,#3375,#3376,#3377)),.UNSPECIFIED.,.F.,
 .F.,.F.,(4,1,1,4),(4,4),(0.0264923126934391,0.432356078840049,0.702931922937789,
0.973507767035528),(0.0939993335812915,0.991022802596046),.UNSPECIFIED.);
#72=B_SPLINE_SURFACE_WITH_KNOTS('',3,3,((#3378,#3379,#3380,#3381),(#3382,
#3383,#3384,#3385),(#3386,#3387,#3388,#3389),(#3390,#3391,#3392,#3393),
(#3394,#3395,#3396,#3397),(#3398,#3399,#3400,#3401)),.UNSPECIFIED.,.F.,
 .F.,.F.,(4,1,1,4),(4,4),(0.0264890584085606,0.297066804675114,0.567644550941668,
0.973511170341499),(0.0940001404747894,0.991028081154308),.UNSPECIFIED.);
#73=B_SPLINE_SURFACE_WITH_KNOTS('',3,3,((#3402,#3403,#3404,#3405),(#3406,
#3407,#3408,#3409),(#3410,#3411,#3412,#3413),(#3414,#3415,#3416,#3417),
(#3418,#3419,#3420,#3421),(#3422,#3423,#3424,#3425)),.UNSPECIFIED.,.F.,
 .F.,.F.,(4,1,1,4),(4,4),(0.0264925392353926,0.432356042864357,0.702931711950333,
0.973507381036309),(0.0940002174280957,0.99102340634357),.UNSPECIFIED.);
#74=PLANE('',#1115);
#75=PLANE('',#1119);
#76=PLANE('',#1123);
#77=PLANE('',#1127);
#78=PLANE('',#1151);
#79=PLANE('',#1154);
#80=PLANE('',#1159);
#81=PLANE('',#1168);
#82=PLANE('',#1192);
#83=FACE_OUTER_BOUND('',#158,.T.);
#84=FACE_OUTER_BOUND('',#159,.T.);
#85=FACE_OUTER_BOUND('',#160,.T.);
#86=FACE_OUTER_BOUND('',#161,.T.);
#87=FACE_OUTER_BOUND('',#162,.T.);
#88=FACE_OUTER_BOUND('',#163,.T.);
#89=FACE_OUTER_BOUND('',#164,.T.);
#90=FACE_OUTER_BOUND('',#165,.T.);
#91=FACE_OUTER_BOUND('',#166,.T.);
#92=FACE_OUTER_BOUND('',#167,.T.);
#93=FACE_OUTER_BOUND('',#168,.T.);
#94=FACE_OUTER_BOUND('',#169,.T.);
#95=FACE_OUTER_BOUND('',#170,.T.);
#96=FACE_OUTER_BOUND('',#171,.T.);
#97=FACE_OUTER_BOUND('',#172,.T.);
#98=FACE_OUTER_BOUND('',#173,.T.);
#99=FACE_OUTER_BOUND('',#174,.T.);
#100=FACE_OUTER_BOUND('',#175,.T.);
#101=FACE_OUTER_BOUND('',#176,.T.);
#102=FACE_OUTER_BOUND('',#177,.T.);
#103=FACE_OUTER_BOUND('',#178,.T.);
#104=FACE_OUTER_BOUND('',#179,.T.);
#105=FACE_OUTER_BOUND('',#181,.T.);
#106=FACE_OUTER_BOUND('',#182,.T.);
#107=FACE_OUTER_BOUND('',#183,.T.);
#108=FACE_OUTER_BOUND('',#184,.T.);
#109=FACE_OUTER_BOUND('',#185,.T.);
#110=FACE_OUTER_BOUND('',#186,.T.);
#111=FACE_OUTER_BOUND('',#187,.T.);
#112=FACE_OUTER_BOUND('',#190,.T.);
#113=FACE_OUTER_BOUND('',#191,.T.);
#114=FACE_OUTER_BOUND('',#193,.T.);
#115=FACE_OUTER_BOUND('',#194,.T.);
#116=FACE_OUTER_BOUND('',#195,.T.);
#117=FACE_OUTER_BOUND('',#196,.T.);
#118=FACE_OUTER_BOUND('',#197,.T.);
#119=FACE_OUTER_BOUND('',#198,.T.);
#120=FACE_OUTER_BOUND('',#199,.T.);
#121=FACE_OUTER_BOUND('',#200,.T.);
#122=FACE_OUTER_BOUND('',#201,.T.);
#123=FACE_OUTER_BOUND('',#202,.T.);
#124=FACE_OUTER_BOUND('',#203,.T.);
#125=FACE_OUTER_BOUND('',#204,.T.);
#126=FACE_OUTER_BOUND('',#205,.T.);
#127=FACE_OUTER_BOUND('',#206,.T.);
#128=FACE_OUTER_BOUND('',#207,.T.);
#129=FACE_OUTER_BOUND('',#208,.T.);
#130=FACE_OUTER_BOUND('',#211,.T.);
#131=FACE_OUTER_BOUND('',#212,.T.);
#132=FACE_OUTER_BOUND('',#213,.T.);
#133=FACE_OUTER_BOUND('',#214,.T.);
#134=FACE_OUTER_BOUND('',#215,.T.);
#135=FACE_OUTER_BOUND('',#216,.T.);
#136=FACE_OUTER_BOUND('',#217,.T.);
#137=FACE_OUTER_BOUND('',#218,.T.);
#138=FACE_OUTER_BOUND('',#219,.T.);
#139=FACE_OUTER_BOUND('',#220,.T.);
#140=FACE_OUTER_BOUND('',#221,.T.);
#141=FACE_OUTER_BOUND('',#222,.T.);
#142=FACE_OUTER_BOUND('',#223,.T.);
#143=FACE_OUTER_BOUND('',#224,.T.);
#144=FACE_OUTER_BOUND('',#225,.T.);
#145=FACE_OUTER_BOUND('',#226,.T.);
#146=FACE_OUTER_BOUND('',#227,.T.);
#147=FACE_OUTER_BOUND('',#229,.T.);
#148=FACE_OUTER_BOUND('',#230,.T.);
#149=FACE_OUTER_BOUND('',#231,.T.);
#150=FACE_OUTER_BOUND('',#232,.T.);
#151=FACE_OUTER_BOUND('',#233,.T.);
#152=FACE_OUTER_BOUND('',#234,.T.);
#153=FACE_OUTER_BOUND('',#235,.T.);
#154=FACE_OUTER_BOUND('',#236,.T.);
#155=FACE_OUTER_BOUND('',#237,.T.);
#156=FACE_OUTER_BOUND('',#238,.T.);
#157=FACE_OUTER_BOUND('',#239,.T.);
#158=EDGE_LOOP('',(#681,#682,#683,#684,#685));
#159=EDGE_LOOP('',(#686,#687,#688,#689));
#160=EDGE_LOOP('',(#690));
#161=EDGE_LOOP('',(#691,#692,#693,#694));
#162=EDGE_LOOP('',(#695));
#163=EDGE_LOOP('',(#696,#697,#698,#699));
#164=EDGE_LOOP('',(#700));
#165=EDGE_LOOP('',(#701,#702,#703,#704));
#166=EDGE_LOOP('',(#705));
#167=EDGE_LOOP('',(#706,#707,#708,#709,#710));
#168=EDGE_LOOP('',(#711,#712,#713,#714));
#169=EDGE_LOOP('',(#715,#716,#717,#718));
#170=EDGE_LOOP('',(#719,#720,#721,#722));
#171=EDGE_LOOP('',(#723,#724,#725,#726));
#172=EDGE_LOOP('',(#727,#728,#729,#730));
#173=EDGE_LOOP('',(#731,#732,#733,#734));
#174=EDGE_LOOP('',(#735,#736,#737,#738));
#175=EDGE_LOOP('',(#739,#740,#741,#742));
#176=EDGE_LOOP('',(#743,#744,#745,#746));
#177=EDGE_LOOP('',(#747,#748,#749,#750));
#178=EDGE_LOOP('',(#751,#752,#753,#754));
#179=EDGE_LOOP('',(#755,#756,#757,#758,#759,#760,#761,#762,#763,#764,#765,
#766));
#180=EDGE_LOOP('',(#767,#768));
#181=EDGE_LOOP('',(#769,#770,#771));
#182=EDGE_LOOP('',(#772,#773,#774,#775));
#183=EDGE_LOOP('',(#776,#777,#778,#779));
#184=EDGE_LOOP('',(#780,#781,#782,#783));
#185=EDGE_LOOP('',(#784,#785,#786));
#186=EDGE_LOOP('',(#787,#788,#789,#790));
#187=EDGE_LOOP('',(#791,#792,#793,#794,#795,#796));
#188=EDGE_LOOP('',(#797));
#189=EDGE_LOOP('',(#798));
#190=EDGE_LOOP('',(#799,#800,#801,#802));
#191=EDGE_LOOP('',(#803,#804,#805,#806,#807,#808));
#192=EDGE_LOOP('',(#809));
#193=EDGE_LOOP('',(#810,#811,#812,#813));
#194=EDGE_LOOP('',(#814,#815,#816));
#195=EDGE_LOOP('',(#817,#818,#819,#820));
#196=EDGE_LOOP('',(#821,#822,#823,#824));
#197=EDGE_LOOP('',(#825,#826,#827,#828));
#198=EDGE_LOOP('',(#829,#830,#831));
#199=EDGE_LOOP('',(#832,#833,#834,#835));
#200=EDGE_LOOP('',(#836,#837,#838,#839,#840,#841));
#201=EDGE_LOOP('',(#842,#843,#844,#845));
#202=EDGE_LOOP('',(#846,#847,#848));
#203=EDGE_LOOP('',(#849,#850,#851,#852));
#204=EDGE_LOOP('',(#853,#854,#855,#856));
#205=EDGE_LOOP('',(#857,#858,#859,#860));
#206=EDGE_LOOP('',(#861,#862,#863));
#207=EDGE_LOOP('',(#864,#865,#866,#867));
#208=EDGE_LOOP('',(#868,#869,#870,#871,#872,#873));
#209=EDGE_LOOP('',(#874));
#210=EDGE_LOOP('',(#875));
#211=EDGE_LOOP('',(#876,#877,#878,#879));
#212=EDGE_LOOP('',(#880,#881,#882));
#213=EDGE_LOOP('',(#883,#884,#885,#886));
#214=EDGE_LOOP('',(#887,#888,#889,#890));
#215=EDGE_LOOP('',(#891,#892,#893,#894));
#216=EDGE_LOOP('',(#895,#896,#897));
#217=EDGE_LOOP('',(#898,#899,#900,#901,#902,#903,#904,#905));
#218=EDGE_LOOP('',(#906,#907,#908,#909));
#219=EDGE_LOOP('',(#910,#911,#912,#913));
#220=EDGE_LOOP('',(#914,#915,#916,#917));
#221=EDGE_LOOP('',(#918,#919,#920,#921));
#222=EDGE_LOOP('',(#922,#923,#924,#925));
#223=EDGE_LOOP('',(#926,#927,#928,#929));
#224=EDGE_LOOP('',(#930,#931,#932,#933));
#225=EDGE_LOOP('',(#934,#935,#936,#937));
#226=EDGE_LOOP('',(#938,#939,#940,#941));
#227=EDGE_LOOP('',(#942,#943,#944,#945,#946,#947,#948,#949));
#228=EDGE_LOOP('',(#950));
#229=EDGE_LOOP('',(#951,#952,#953,#954,#955,#956,#957,#958));
#230=EDGE_LOOP('',(#959,#960,#961,#962,#963,#964,#965,#966));
#231=EDGE_LOOP('',(#967,#968,#969,#970,#971,#972,#973,#974));
#232=EDGE_LOOP('',(#975,#976,#977,#978));
#233=EDGE_LOOP('',(#979,#980,#981,#982));
#234=EDGE_LOOP('',(#983,#984,#985,#986));
#235=EDGE_LOOP('',(#987,#988,#989,#990));
#236=EDGE_LOOP('',(#991,#992,#993,#994));
#237=EDGE_LOOP('',(#995,#996,#997,#998));
#238=EDGE_LOOP('',(#999,#1000,#1001,#1002));
#239=EDGE_LOOP('',(#1003,#1004,#1005,#1006));
#240=B_SPLINE_CURVE_WITH_KNOTS('',3,(#1408,#1409,#1410,#1411,#1412,#1413,
#1414,#1415,#1416,#1417,#1418,#1419,#1420,#1421,#1422,#1423,#1424,#1425,
#1426,#1427,#1428,#1429,#1430,#1431,#1432,#1433),.UNSPECIFIED.,.F.,.F.,
(4,2,2,2,2,2,2,2,2,2,2,2,4),(0.,0.10380121842919,0.207602436858379,0.311323319087639,
0.415044201316898,0.518765231185414,0.622486261053929,0.726287504954692,
0.830088748855456,0.933890017391129,1.0376912859268,1.1414122911777,1.24513329642859),
 .UNSPECIFIED.);
#241=B_SPLINE_CURVE_WITH_KNOTS('',3,(#1434,#1435,#1436,#1437,#1438,#1439,
#1440,#1441,#1442,#1443),.UNSPECIFIED.,.F.,.F.,(4,2,2,2,4),(1.24513329642859,
1.34885420327479,1.45257511012098,1.55637630391595,1.66017749771092),
 .UNSPECIFIED.);
#242=B_SPLINE_CURVE_WITH_KNOTS('',3,(#1525,#1526,#1527,#1528,#1529),
 .UNSPECIFIED.,.F.,.F.,(4,1,4),(0.638161541965201,0.911655687214534,1.27631796210035),
 .UNSPECIFIED.);
#243=B_SPLINE_CURVE_WITH_KNOTS('',3,(#1531,#1532,#1533,#1534,#1535,#1536),
 .UNSPECIFIED.,.F.,.F.,(4,1,1,4),(0.,0.364662274885814,0.54699341232872,
0.638161541965201),.UNSPECIFIED.);
#244=B_SPLINE_CURVE_WITH_KNOTS('',3,(#1539,#1540,#1541,#1542,#1543,#1544,
#1545),.UNSPECIFIED.,.F.,.F.,(4,1,1,1,4),(-1.27631796210035,-0.911655687214534,
-0.54699341232872,-0.364662274885814,0.),.UNSPECIFIED.);
#245=B_SPLINE_CURVE_WITH_KNOTS('',3,(#1599,#1600,#1601,#1602,#1603,#1604,
#1605),.UNSPECIFIED.,.F.,.F.,(4,1,1,1,4),(0.,0.364601149379711,0.546901724069567,
0.911502873449278,1.27610402282899),.UNSPECIFIED.);
#246=B_SPLINE_CURVE_WITH_KNOTS('',3,(#1608,#1609,#1610,#1611,#1612,#1613,
#1614),.UNSPECIFIED.,.F.,.F.,(4,1,1,1,4),(-1.27610402282899,-0.911502873449278,
-0.546901724069567,-0.364601149379711,0.),.UNSPECIFIED.);
#247=B_SPLINE_CURVE_WITH_KNOTS('',3,(#1639,#1640,#1641,#1642),
 .UNSPECIFIED.,.F.,.F.,(4,4),(0.,0.021303004662631),.UNSPECIFIED.);
#248=B_SPLINE_CURVE_WITH_KNOTS('',3,(#1643,#1644,#1645,#1646),
 .UNSPECIFIED.,.F.,.F.,(4,4),(-0.021303004662631,0.),.UNSPECIFIED.);
#249=B_SPLINE_CURVE_WITH_KNOTS('',3,(#1700,#1701,#1702,#1703,#1704,#1705,
#1706),.UNSPECIFIED.,.F.,.F.,(4,1,1,1,4),(0.,0.364662487582221,0.546993731373332,
0.911656218955553,1.27631870653778),.UNSPECIFIED.);
#250=B_SPLINE_CURVE_WITH_KNOTS('',3,(#1709,#1710,#1711,#1712,#1713,#1714,
#1715),.UNSPECIFIED.,.F.,.F.,(4,1,1,1,4),(-1.27631870653778,-0.911656218955553,
-0.546993731373332,-0.364662487582221,0.),.UNSPECIFIED.);
#251=B_SPLINE_CURVE_WITH_KNOTS('',3,(#1740,#1741,#1742,#1743),
 .UNSPECIFIED.,.F.,.F.,(4,4),(0.,0.0213031963832492),.UNSPECIFIED.);
#252=B_SPLINE_CURVE_WITH_KNOTS('',3,(#1744,#1745,#1746,#1747),
 .UNSPECIFIED.,.F.,.F.,(4,4),(-0.0213031963832492,0.),.UNSPECIFIED.);
#253=B_SPLINE_CURVE_WITH_KNOTS('',3,(#1801,#1802,#1803,#1804,#1805,#1806,
#1807),.UNSPECIFIED.,.F.,.F.,(4,1,1,1,4),(0.,0.364601759487133,0.546902639230699,
0.911504398717832,1.27610615820497),.UNSPECIFIED.);
#254=B_SPLINE_CURVE_WITH_KNOTS('',3,(#1810,#1811,#1812,#1813,#1814,#1815,
#1816),.UNSPECIFIED.,.F.,.F.,(4,1,1,1,4),(-1.27610615820497,-0.911504398717832,
-0.546902639230699,-0.364601759487133,0.),.UNSPECIFIED.);
#255=B_SPLINE_CURVE_WITH_KNOTS('',3,(#1841,#1842,#1843,#1844),
 .UNSPECIFIED.,.F.,.F.,(4,4),(0.,0.0213037465251234),.UNSPECIFIED.);
#256=B_SPLINE_CURVE_WITH_KNOTS('',3,(#1845,#1846,#1847,#1848),
 .UNSPECIFIED.,.F.,.F.,(4,4),(-0.0213037465251234,0.),.UNSPECIFIED.);
#257=B_SPLINE_CURVE_WITH_KNOTS('',3,(#1873,#1874,#1875,#1876),
 .UNSPECIFIED.,.F.,.F.,(4,4),(0.,0.0213035548010802),.UNSPECIFIED.);
#258=B_SPLINE_CURVE_WITH_KNOTS('',3,(#1877,#1878,#1879,#1880),
 .UNSPECIFIED.,.F.,.F.,(4,4),(-0.0213035548010802,0.),.UNSPECIFIED.);
#259=B_SPLINE_CURVE_WITH_KNOTS('',3,(#1916,#1917,#1918,#1919,#1920,#1921,
#1922),.UNSPECIFIED.,.F.,.F.,(4,1,1,1,4),(0.0295361563872558,0.191465143387408,
0.515323117387711,0.839181091388015,1.16303906538832),.UNSPECIFIED.);
#260=B_SPLINE_CURVE_WITH_KNOTS('',3,(#1957,#1958,#1959,#1960,#1961,#1962,
#1963),.UNSPECIFIED.,.F.,.F.,(4,1,1,1,4),(0.0295363109097875,0.353345260591659,
0.515249735432594,0.839058685114465,1.16286763479634),.UNSPECIFIED.);
#261=B_SPLINE_CURVE_WITH_KNOTS('',3,(#1995,#1996,#1997,#1998,#1999,#2000),
 .UNSPECIFIED.,.F.,.F.,(4,2,4),(-0.0649870923418745,0.,0.000972203011102735),
 .UNSPECIFIED.);
#262=B_SPLINE_CURVE_WITH_KNOTS('',3,(#2003,#2004,#2005,#2006,#2007,#2008),
 .UNSPECIFIED.,.F.,.F.,(4,2,4),(-0.000972203011102735,0.,0.0649870923418745),
 .UNSPECIFIED.);
#263=B_SPLINE_CURVE_WITH_KNOTS('',3,(#2032,#2033,#2034,#2035,#2036),
 .UNSPECIFIED.,.F.,.F.,(4,1,4),(5.43264097629365E-14,0.0747043133505353,
0.17431006448451),.UNSPECIFIED.);
#264=B_SPLINE_CURVE_WITH_KNOTS('',3,(#2037,#2038,#2039,#2040,#2041),
 .UNSPECIFIED.,.F.,.F.,(4,1,4),(-0.17431006448451,-0.0747043133505353,-5.43264097629365E-14),
 .UNSPECIFIED.);
#265=B_SPLINE_CURVE_WITH_KNOTS('',3,(#2107,#2108,#2109,#2110,#2111,#2112,
#2113,#2114,#2115,#2116,#2117,#2118,#2119,#2120,#2121,#2122),
 .UNSPECIFIED.,.F.,.F.,(4,1,1,1,1,1,1,1,1,1,1,1,1,4),(0.,0.0164453378446843,
0.0328906756893686,0.0493360135340528,0.0657813513787371,0.0668091849940299,
0.0678370186093226,0.0698926858399082,0.0719483530704937,0.0740040203010792,
0.0781153547622503,0.0822266892234214,0.0986720270681057,0.11511736491279),
 .UNSPECIFIED.);
#266=B_SPLINE_CURVE_WITH_KNOTS('',3,(#2125,#2126,#2127,#2128,#2129,#2130,
#2131,#2132,#2133,#2134,#2135,#2136,#2137,#2138,#2139,#2140),
 .UNSPECIFIED.,.F.,.F.,(4,1,1,1,1,1,1,1,1,1,1,1,1,4),(-0.11511736491279,
-0.0986720270681057,-0.0822266892234214,-0.0781153547622503,-0.0740040203010792,
-0.0719483530704937,-0.0698926858399082,-0.0678370186093226,-0.0668091849940299,
-0.0657813513787371,-0.0493360135340528,-0.0328906756893686,-0.0164453378446843,
0.),.UNSPECIFIED.);
#267=B_SPLINE_CURVE_WITH_KNOTS('',3,(#2164,#2165,#2166,#2167,#2168),
 .UNSPECIFIED.,.F.,.F.,(4,1,4),(0.,0.0747108352484293,0.174325282246335),
 .UNSPECIFIED.);
#268=B_SPLINE_CURVE_WITH_KNOTS('',3,(#2169,#2170,#2171,#2172,#2173),
 .UNSPECIFIED.,.F.,.F.,(4,1,4),(-0.174325282246335,-0.0747108352484293,
0.),.UNSPECIFIED.);
#269=B_SPLINE_CURVE_WITH_KNOTS('',3,(#2199,#2200,#2201,#2202,#2203,#2204),
 .UNSPECIFIED.,.F.,.F.,(4,2,4),(-0.0659490987453387,-0.0649768766017781,
-3.18026143942805E-14),.UNSPECIFIED.);
#270=B_SPLINE_CURVE_WITH_KNOTS('',3,(#2205,#2206,#2207,#2208,#2209,#2210),
 .UNSPECIFIED.,.F.,.F.,(4,2,4),(3.18026143942805E-14,0.0649768766017781,
0.0659490987453387),.UNSPECIFIED.);
#271=B_SPLINE_CURVE_WITH_KNOTS('',3,(#2232,#2233,#2234,#2235,#2236),
 .UNSPECIFIED.,.F.,.F.,(4,1,4),(0.287979083960256,1.0886961603488,2.17346840290276),
 .UNSPECIFIED.);
#272=B_SPLINE_CURVE_WITH_KNOTS('',3,(#2238,#2239,#2240,#2241,#2242,#2243),
 .UNSPECIFIED.,.F.,.F.,(4,2,4),(-0.000972227124389402,0.,0.0649772374387275),
 .UNSPECIFIED.);
#273=B_SPLINE_CURVE_WITH_KNOTS('',3,(#2244,#2245,#2246,#2247,#2248),
 .UNSPECIFIED.,.F.,.F.,(4,1,4),(-2.22491503657922,-1.0886961603488,-0.23653200317599),
 .UNSPECIFIED.);
#274=B_SPLINE_CURVE_WITH_KNOTS('',3,(#2251,#2252,#2253,#2254,#2255),
 .UNSPECIFIED.,.F.,.F.,(4,1,4),(5.86577662404181E-14,0.0747097063109698,
0.174322648058851),.UNSPECIFIED.);
#275=B_SPLINE_CURVE_WITH_KNOTS('',3,(#2271,#2272,#2273,#2274,#2275),
 .UNSPECIFIED.,.F.,.F.,(4,1,4),(0.,0.0996052264223277,0.174309146239073),
 .UNSPECIFIED.);
#276=B_SPLINE_CURVE_WITH_KNOTS('',3,(#2276,#2277,#2278,#2279,#2280),
 .UNSPECIFIED.,.F.,.F.,(4,1,4),(-2.22461316354331,-1.37257469019499,-0.236523392397227),
 .UNSPECIFIED.);
#277=B_SPLINE_CURVE_WITH_KNOTS('',3,(#2302,#2303,#2304,#2305,#2306,#2307),
 .UNSPECIFIED.,.F.,.F.,(4,2,4),(2.86393244549754E-14,0.0649872181241097,
0.0659594228710379),.UNSPECIFIED.);
#278=B_SPLINE_CURVE_WITH_KNOTS('',3,(#2308,#2309,#2310,#2311,#2312),
 .UNSPECIFIED.,.F.,.F.,(4,1,4),(0.287977017491711,1.37257469019499,2.17315938964589),
 .UNSPECIFIED.);
#279=B_SPLINE_CURVE_WITH_KNOTS('',3,(#2338,#2339,#2340,#2341,#2342,#2343),
 .UNSPECIFIED.,.F.,.F.,(4,2,4),(-0.0649772374387275,0.,0.000972227124389402),
 .UNSPECIFIED.);
#280=B_SPLINE_CURVE_WITH_KNOTS('',3,(#2367,#2368,#2369,#2370,#2371),
 .UNSPECIFIED.,.F.,.F.,(4,1,4),(-0.174322648058851,-0.0747097063109698,
-5.86577662404181E-14),.UNSPECIFIED.);
#281=B_SPLINE_CURVE_WITH_KNOTS('',3,(#2421,#2422,#2423,#2424,#2425,#2426,
#2427,#2428,#2429,#2430,#2431,#2432),.UNSPECIFIED.,.F.,.F.,(4,1,1,1,1,1,
1,1,1,4),(0.,0.0164426274213338,0.0328852548426677,0.0411065685533346,0.0493278822640015,
0.0575491959746684,0.0657705096853353,0.0822131371066692,0.098655764528003,
0.115098391949337),.UNSPECIFIED.);
#282=B_SPLINE_CURVE_WITH_KNOTS('',3,(#2435,#2436,#2437,#2438,#2439,#2440,
#2441,#2442,#2443,#2444,#2445,#2446),.UNSPECIFIED.,.F.,.F.,(4,1,1,1,1,1,
1,1,1,4),(-0.115098391949337,-0.098655764528003,-0.0822131371066692,-0.0657705096853353,
-0.0575491959746684,-0.0493278822640015,-0.0411065685533346,-0.0328852548426677,
-0.0164426274213338,0.),.UNSPECIFIED.);
#283=B_SPLINE_CURVE_WITH_KNOTS('',3,(#2470,#2471,#2472,#2473,#2474),
 .UNSPECIFIED.,.F.,.F.,(4,1,4),(0.,0.0747016586276766,0.174303870131245),
 .UNSPECIFIED.);
#284=B_SPLINE_CURVE_WITH_KNOTS('',3,(#2475,#2476,#2477,#2478,#2479),
 .UNSPECIFIED.,.F.,.F.,(4,1,4),(-0.174303870131245,-0.0747016586276766,
0.),.UNSPECIFIED.);
#285=B_SPLINE_CURVE_WITH_KNOTS('',3,(#2505,#2506,#2507,#2508,#2509,#2510),
 .UNSPECIFIED.,.F.,.F.,(4,2,4),(-0.0659620407637926,-0.0649898379360851,
-2.70052793074747E-14),.UNSPECIFIED.);
#286=B_SPLINE_CURVE_WITH_KNOTS('',3,(#2511,#2512,#2513,#2514,#2515,#2516),
 .UNSPECIFIED.,.F.,.F.,(4,2,4),(2.70052793074747E-14,0.0649898379360851,
0.0659620407637926),.UNSPECIFIED.);
#287=B_SPLINE_CURVE_WITH_KNOTS('',3,(#2538,#2539,#2540,#2541,#2542),
 .UNSPECIFIED.,.F.,.F.,(4,1,4),(0.287976345743178,1.37257447456633,2.17315926691759),
 .UNSPECIFIED.);
#288=B_SPLINE_CURVE_WITH_KNOTS('',3,(#2544,#2545,#2546,#2547,#2548,#2549),
 .UNSPECIFIED.,.F.,.F.,(4,2,4),(-0.000972204563738274,0.,0.0649899637235472),
 .UNSPECIFIED.);
#289=B_SPLINE_CURVE_WITH_KNOTS('',3,(#2550,#2551,#2552,#2553,#2554),
 .UNSPECIFIED.,.F.,.F.,(4,1,4),(-2.22461500312025,-1.37257447456633,-0.236520436494431),
 .UNSPECIFIED.);
#290=B_SPLINE_CURVE_WITH_KNOTS('',3,(#2557,#2558,#2559,#2560,#2561),
 .UNSPECIFIED.,.F.,.F.,(4,1,4),(0.,0.0747012651066951,0.174302951915622),
 .UNSPECIFIED.);
#291=B_SPLINE_CURVE_WITH_KNOTS('',3,(#2595,#2596,#2597,#2598,#2599,#2600),
 .UNSPECIFIED.,.F.,.F.,(4,2,4),(-0.0649778335967966,0.,0.000972222078983397),
 .UNSPECIFIED.);
#292=B_SPLINE_CURVE_WITH_KNOTS('',3,(#2603,#2604,#2605,#2606,#2607,#2608),
 .UNSPECIFIED.,.F.,.F.,(4,2,4),(-0.000972222078983397,0.,0.0649778335967966),
 .UNSPECIFIED.);
#293=B_SPLINE_CURVE_WITH_KNOTS('',3,(#2632,#2633,#2634,#2635,#2636),
 .UNSPECIFIED.,.F.,.F.,(4,1,4),(6.13936756823329E-14,0.0996132131336648,
0.174323122983867),.UNSPECIFIED.);
#294=B_SPLINE_CURVE_WITH_KNOTS('',3,(#2637,#2638,#2639,#2640,#2641),
 .UNSPECIFIED.,.F.,.F.,(4,1,4),(-0.174323122983867,-0.0996132131336648,
-6.13936756823329E-14),.UNSPECIFIED.);
#295=B_SPLINE_CURVE_WITH_KNOTS('',3,(#2687,#2688,#2689,#2690,#2691,#2692,
#2693,#2694,#2695,#2696,#2697),.UNSPECIFIED.,.F.,.F.,(4,1,1,1,1,1,1,1,4),
(0.,0.0205534347729999,0.0328854956367999,0.0411068695459999,0.0493282434551998,
0.0575496173643998,0.0657709912735998,0.0822137390919997,0.1150992347288),
 .UNSPECIFIED.);
#296=B_SPLINE_CURVE_WITH_KNOTS('',3,(#2699,#2700,#2701,#2702,#2703,#2704,
#2705,#2706,#2707,#2708,#2709),.UNSPECIFIED.,.F.,.F.,(4,1,1,1,1,1,1,1,4),
(-0.1150992347288,-0.0822137390919997,-0.0657709912735998,-0.0575496173643998,
-0.0493282434551998,-0.0411068695459999,-0.0328854956367999,-0.0205534347729999,
0.),.UNSPECIFIED.);
#297=B_SPLINE_CURVE_WITH_KNOTS('',3,(#2732,#2733,#2734,#2735,#2736),
 .UNSPECIFIED.,.F.,.F.,(4,1,4),(-0.174309146239073,-0.0996052264223277,
0.),.UNSPECIFIED.);
#298=B_SPLINE_CURVE_WITH_KNOTS('',3,(#2761,#2762,#2763,#2764,#2765,#2766),
 .UNSPECIFIED.,.F.,.F.,(4,2,4),(-0.0659594228710379,-0.0649872181241097,
-2.86393244549754E-14),.UNSPECIFIED.);
#299=B_SPLINE_CURVE_WITH_KNOTS('',3,(#2777,#2778,#2779,#2780,#2781),
 .UNSPECIFIED.,.F.,.F.,(4,1,4),(0.,0.0747087809254959,0.174320488826157),
 .UNSPECIFIED.);
#300=B_SPLINE_CURVE_WITH_KNOTS('',3,(#2782,#2783,#2784,#2785,#2786),
 .UNSPECIFIED.,.F.,.F.,(4,1,4),(-2.22491627591023,-1.08869644450081,-0.23653157094375),
 .UNSPECIFIED.);
#301=B_SPLINE_CURVE_WITH_KNOTS('',3,(#2808,#2809,#2810,#2811,#2812,#2813),
 .UNSPECIFIED.,.F.,.F.,(4,2,4),(0.,0.064978194439092,0.0659504214990066),
 .UNSPECIFIED.);
#302=B_SPLINE_CURVE_WITH_KNOTS('',3,(#2814,#2815,#2816,#2817,#2818),
 .UNSPECIFIED.,.F.,.F.,(4,1,4),(0.287978930432846,1.08869644450081,2.17346844106138),
 .UNSPECIFIED.);
#303=B_SPLINE_CURVE_WITH_KNOTS('',3,(#2845,#2846,#2847,#2848,#2849,#2850),
 .UNSPECIFIED.,.F.,.F.,(4,2,4),(-0.0659504214990066,-0.064978194439092,
0.),.UNSPECIFIED.);
#304=B_SPLINE_CURVE_WITH_KNOTS('',3,(#2873,#2874,#2875,#2876,#2877),
 .UNSPECIFIED.,.F.,.F.,(4,1,4),(-0.174320488826157,-0.0747087809254959,
0.),.UNSPECIFIED.);
#305=B_SPLINE_CURVE_WITH_KNOTS('',3,(#2932,#2933,#2934,#2935,#2936,#2937,
#2938,#2939,#2940,#2941,#2942,#2943,#2944),.UNSPECIFIED.,.F.,.F.,(4,1,1,
1,1,1,1,1,1,1,4),(0.,0.0164425630158877,0.0328851260317754,0.0411064075397192,
0.0452170482936911,0.049327689047663,0.0575489705556069,0.0657702520635507,
0.0822128150794384,0.0986553780953261,0.115097941111214),.UNSPECIFIED.);
#306=B_SPLINE_CURVE_WITH_KNOTS('',3,(#2945,#2946,#2947,#2948,#2949,#2950,
#2951,#2952,#2953,#2954,#2955,#2956,#2957),.UNSPECIFIED.,.F.,.F.,(4,1,1,
1,1,1,1,1,1,1,4),(-0.115097941111214,-0.0986553780953261,-0.0822128150794384,
-0.0657702520635507,-0.0575489705556069,-0.049327689047663,-0.0452170482936911,
-0.0411064075397192,-0.0328851260317754,-0.0164425630158877,0.),
 .UNSPECIFIED.);
#307=B_SPLINE_CURVE_WITH_KNOTS('',3,(#2980,#2981,#2982,#2983,#2984),
 .UNSPECIFIED.,.F.,.F.,(4,1,4),(-0.174302951915622,-0.0747012651066951,
0.),.UNSPECIFIED.);
#308=B_SPLINE_CURVE_WITH_KNOTS('',3,(#3009,#3010,#3011,#3012,#3013,#3014),
 .UNSPECIFIED.,.F.,.F.,(4,2,4),(-0.0649899637235472,0.,0.000972204563738274),
 .UNSPECIFIED.);
#309=B_SPLINE_CURVE_WITH_KNOTS('',3,(#3046,#3047,#3048,#3049,#3050,#3051),
 .UNSPECIFIED.,.F.,.F.,(4,1,1,4),(0.206194069965222,0.839816096006158,1.47343812204709,
2.17501439476689),.UNSPECIFIED.);
#310=B_SPLINE_CURVE_WITH_KNOTS('',3,(#3054,#3055,#3056,#3057,#3058,#3059),
 .UNSPECIFIED.,.F.,.F.,(4,1,1,4),(-2.17500745612256,-1.47343812204709,-0.839816096006158,
-0.206194069965222),.UNSPECIFIED.);
#311=B_SPLINE_CURVE_WITH_KNOTS('',3,(#3158,#3159,#3160,#3161,#3162,#3163),
 .UNSPECIFIED.,.F.,.F.,(4,1,1,4),(-2.00037118211013,-1.36674929486708,-0.733127407624032,
-0.031561399607291),.UNSPECIFIED.);
#312=B_SPLINE_CURVE_WITH_KNOTS('',3,(#3165,#3166,#3167,#3168,#3169,#3170),
 .UNSPECIFIED.,.F.,.F.,(4,1,1,4),(0.0315558355139529,0.733127407624032,
1.36674929486708,2.00037118211013),.UNSPECIFIED.);
#313=B_SPLINE_CURVE_WITH_KNOTS('',3,(#3201,#3202,#3203,#3204,#3205,#3206),
 .UNSPECIFIED.,.F.,.F.,(4,1,1,4),(0.206195755344891,0.839815815596155,1.47343587584742,
2.17500978787242),.UNSPECIFIED.);
#314=B_SPLINE_CURVE_WITH_KNOTS('',3,(#3207,#3208,#3209,#3210,#3211,#3212),
 .UNSPECIFIED.,.F.,.F.,(4,1,1,4),(-2.17500374462063,-1.47343587584742,-0.839815815596155,
-0.206195755344891),.UNSPECIFIED.);
#315=B_SPLINE_CURVE_WITH_KNOTS('',3,(#3243,#3244,#3245,#3246,#3247,#3248),
 .UNSPECIFIED.,.F.,.F.,(4,1,1,4),(-2.00037263718021,-1.36675065932797,-0.733128681475741,
-0.0315610441325392),.UNSPECIFIED.);
#316=B_SPLINE_CURVE_WITH_KNOTS('',3,(#3249,#3250,#3251,#3252,#3253,#3254),
 .UNSPECIFIED.,.F.,.F.,(4,1,1,4),(0.031553626327335,0.733128681475741,1.36675065932797,
2.00037263718021),.UNSPECIFIED.);
#317=B_SPLINE_CURVE_WITH_KNOTS('',3,(#3279,#3280,#3281,#3282,#3283,#3284,
#3285),.UNSPECIFIED.,.F.,.F.,(4,1,1,1,4),(0.0295357547176924,0.353393769912025,
0.677251785106357,1.00110980030069,1.16303880789786),.UNSPECIFIED.);
#318=B_SPLINE_CURVE_WITH_KNOTS('',3,(#3319,#3320,#3321,#3322,#3323,#3324,
#3325),.UNSPECIFIED.,.F.,.F.,(4,1,1,1,4),(0.0295361252887204,0.191440659206315,
0.515249727041505,0.839058794876695,1.16286786271188),.UNSPECIFIED.);
#319=LINE('',#1406,#341);
#320=LINE('',#1448,#342);
#321=LINE('',#1455,#343);
#322=LINE('',#1462,#344);
#323=LINE('',#1469,#345);
#324=LINE('',#1967,#346);
#325=LINE('',#2257,#347);
#326=LINE('',#2259,#348);
#327=LINE('',#2260,#349);
#328=LINE('',#2264,#350);
#329=LINE('',#2267,#351);
#330=LINE('',#2269,#352);
#331=LINE('',#2563,#353);
#332=LINE('',#2565,#354);
#333=LINE('',#2566,#355);
#334=LINE('',#2770,#356);
#335=LINE('',#2773,#357);
#336=LINE('',#2775,#358);
#337=LINE('',#3078,#359);
#338=LINE('',#3094,#360);
#339=LINE('',#3110,#361);
#340=LINE('',#3124,#362);
#341=VECTOR('',#1205,0.272500000000001);
#342=VECTOR('',#1210,0.19);
#343=VECTOR('',#1219,0.19);
#344=VECTOR('',#1228,0.190204100846958);
#345=VECTOR('',#1237,0.19);
#346=VECTOR('',#1278,0.725);
#347=VECTOR('',#1291,1.);
#348=VECTOR('',#1292,1.);
#349=VECTOR('',#1293,1.);
#350=VECTOR('',#1298,1.);
#351=VECTOR('',#1301,1.);
#352=VECTOR('',#1302,1.);
#353=VECTOR('',#1313,1.);
#354=VECTOR('',#1314,1.);
#355=VECTOR('',#1315,1.);
#356=VECTOR('',#1332,1.);
#357=VECTOR('',#1335,1.);
#358=VECTOR('',#1336,1.);
#359=VECTOR('',#1359,1.);
#360=VECTOR('',#1368,1.);
#361=VECTOR('',#1377,1.);
#362=VECTOR('',#1384,1.);
#363=CIRCLE('',#1111,0.272500000000001);
#364=CIRCLE('',#1113,0.19);
#365=CIRCLE('',#1114,0.19);
#366=CIRCLE('',#1117,0.19);
#367=CIRCLE('',#1118,0.19);
#368=CIRCLE('',#1121,0.190204100846958);
#369=CIRCLE('',#1122,0.190204100846958);
#370=CIRCLE('',#1125,0.19);
#371=CIRCLE('',#1126,0.19);
#372=CIRCLE('',#1128,0.0999999999999988);
#373=CIRCLE('',#1129,0.100000000000002);
#374=CIRCLE('',#1130,0.1);
#375=CIRCLE('',#1131,0.0999999999999992);
#376=CIRCLE('',#1132,0.0999999999999992);
#377=CIRCLE('',#1133,0.100000000000001);
#378=CIRCLE('',#1134,0.100000000000001);
#379=CIRCLE('',#1135,0.1);
#380=CIRCLE('',#1137,0.3);
#381=CIRCLE('',#1138,0.299999999999999);
#382=CIRCLE('',#1139,0.3);
#383=CIRCLE('',#1140,0.3);
#384=CIRCLE('',#1142,0.300000000000001);
#385=CIRCLE('',#1143,0.3);
#386=CIRCLE('',#1144,0.300000000000002);
#387=CIRCLE('',#1146,0.725);
#388=CIRCLE('',#1147,0.0999999999999996);
#389=CIRCLE('',#1148,0.0999999999999999);
#390=CIRCLE('',#1149,0.0999999999999998);
#391=CIRCLE('',#1150,0.1);
#392=CIRCLE('',#1153,0.15);
#393=CIRCLE('',#1155,0.1);
#394=CIRCLE('',#1156,0.1);
#395=CIRCLE('',#1157,0.0999999999999999);
#396=CIRCLE('',#1158,0.0999999999999986);
#397=CIRCLE('',#1161,0.15);
#398=CIRCLE('',#1162,0.1);
#399=CIRCLE('',#1163,0.1);
#400=CIRCLE('',#1164,0.100000000000001);
#401=CIRCLE('',#1165,0.0999999999999999);
#402=CIRCLE('',#1167,0.15);
#403=CIRCLE('',#1169,0.0999999999999991);
#404=CIRCLE('',#1170,0.0999999999999994);
#405=CIRCLE('',#1171,0.0999999999999999);
#406=CIRCLE('',#1172,0.1);
#407=CIRCLE('',#1173,0.300000000000001);
#408=CIRCLE('',#1174,0.0999999999999993);
#409=CIRCLE('',#1175,0.15);
#410=CIRCLE('',#1176,0.0999999999999993);
#411=CIRCLE('',#1177,0.05);
#412=CIRCLE('',#1179,0.0999999999999999);
#413=CIRCLE('',#1180,0.0999999999999999);
#414=CIRCLE('',#1181,0.05);
#415=CIRCLE('',#1183,0.100000000000001);
#416=CIRCLE('',#1184,0.0999999999999999);
#417=CIRCLE('',#1185,0.05);
#418=CIRCLE('',#1187,0.0999999999999999);
#419=CIRCLE('',#1188,0.0999999999999993);
#420=CIRCLE('',#1189,0.05);
#421=CIRCLE('',#1193,0.3);
#422=CIRCLE('',#1195,0.299999999999999);
#423=CIRCLE('',#1197,0.300000000000002);
#424=CIRCLE('',#1198,0.300000000000001);
#425=VERTEX_POINT('',#1403);
#426=VERTEX_POINT('',#1405);
#427=VERTEX_POINT('',#1407);
#428=VERTEX_POINT('',#1445);
#429=VERTEX_POINT('',#1447);
#430=VERTEX_POINT('',#1452);
#431=VERTEX_POINT('',#1454);
#432=VERTEX_POINT('',#1459);
#433=VERTEX_POINT('',#1461);
#434=VERTEX_POINT('',#1466);
#435=VERTEX_POINT('',#1468);
#436=VERTEX_POINT('',#1521);
#437=VERTEX_POINT('',#1522);
#438=VERTEX_POINT('',#1524);
#439=VERTEX_POINT('',#1530);
#440=VERTEX_POINT('',#1537);
#441=VERTEX_POINT('',#1595);
#442=VERTEX_POINT('',#1596);
#443=VERTEX_POINT('',#1598);
#444=VERTEX_POINT('',#1606);
#445=VERTEX_POINT('',#1696);
#446=VERTEX_POINT('',#1697);
#447=VERTEX_POINT('',#1699);
#448=VERTEX_POINT('',#1707);
#449=VERTEX_POINT('',#1797);
#450=VERTEX_POINT('',#1798);
#451=VERTEX_POINT('',#1800);
#452=VERTEX_POINT('',#1808);
#453=VERTEX_POINT('',#1882);
#454=VERTEX_POINT('',#1884);
#455=VERTEX_POINT('',#1915);
#456=VERTEX_POINT('',#1925);
#457=VERTEX_POINT('',#1956);
#458=VERTEX_POINT('',#1966);
#459=VERTEX_POINT('',#1993);
#460=VERTEX_POINT('',#1994);
#461=VERTEX_POINT('',#2001);
#462=VERTEX_POINT('',#2029);
#463=VERTEX_POINT('',#2030);
#464=VERTEX_POINT('',#2106);
#465=VERTEX_POINT('',#2123);
#466=VERTEX_POINT('',#2161);
#467=VERTEX_POINT('',#2162);
#468=VERTEX_POINT('',#2198);
#469=VERTEX_POINT('',#2231);
#470=VERTEX_POINT('',#2237);
#471=VERTEX_POINT('',#2250);
#472=VERTEX_POINT('',#2256);
#473=VERTEX_POINT('',#2258);
#474=VERTEX_POINT('',#2262);
#475=VERTEX_POINT('',#2266);
#476=VERTEX_POINT('',#2268);
#477=VERTEX_POINT('',#2270);
#478=VERTEX_POINT('',#2301);
#479=VERTEX_POINT('',#2337);
#480=VERTEX_POINT('',#2365);
#481=VERTEX_POINT('',#2420);
#482=VERTEX_POINT('',#2433);
#483=VERTEX_POINT('',#2467);
#484=VERTEX_POINT('',#2468);
#485=VERTEX_POINT('',#2504);
#486=VERTEX_POINT('',#2537);
#487=VERTEX_POINT('',#2543);
#488=VERTEX_POINT('',#2556);
#489=VERTEX_POINT('',#2562);
#490=VERTEX_POINT('',#2564);
#491=VERTEX_POINT('',#2593);
#492=VERTEX_POINT('',#2594);
#493=VERTEX_POINT('',#2601);
#494=VERTEX_POINT('',#2629);
#495=VERTEX_POINT('',#2630);
#496=VERTEX_POINT('',#2686);
#497=VERTEX_POINT('',#2730);
#498=VERTEX_POINT('',#2768);
#499=VERTEX_POINT('',#2772);
#500=VERTEX_POINT('',#2774);
#501=VERTEX_POINT('',#2776);
#502=VERTEX_POINT('',#2807);
#503=VERTEX_POINT('',#2843);
#504=VERTEX_POINT('',#2871);
#505=VERTEX_POINT('',#2930);
#506=VERTEX_POINT('',#2978);
#507=VERTEX_POINT('',#3045);
#508=VERTEX_POINT('',#3052);
#509=VERTEX_POINT('',#3069);
#510=VERTEX_POINT('',#3072);
#511=VERTEX_POINT('',#3076);
#512=VERTEX_POINT('',#3088);
#513=VERTEX_POINT('',#3092);
#514=VERTEX_POINT('',#3104);
#515=VERTEX_POINT('',#3108);
#516=VERTEX_POINT('',#3120);
#517=VERTEX_POINT('',#3157);
#518=EDGE_CURVE('',#425,#425,#363,.T.);
#519=EDGE_CURVE('',#425,#426,#319,.T.);
#520=EDGE_CURVE('',#427,#426,#240,.T.);
#521=EDGE_CURVE('',#426,#427,#241,.T.);
#522=EDGE_CURVE('',#428,#428,#364,.T.);
#523=EDGE_CURVE('',#428,#429,#320,.T.);
#524=EDGE_CURVE('',#429,#429,#365,.T.);
#525=EDGE_CURVE('',#430,#430,#366,.T.);
#526=EDGE_CURVE('',#430,#431,#321,.T.);
#527=EDGE_CURVE('',#431,#431,#367,.T.);
#528=EDGE_CURVE('',#432,#432,#368,.T.);
#529=EDGE_CURVE('',#432,#433,#322,.T.);
#530=EDGE_CURVE('',#433,#433,#369,.T.);
#531=EDGE_CURVE('',#434,#434,#370,.T.);
#532=EDGE_CURVE('',#434,#435,#323,.T.);
#533=EDGE_CURVE('',#435,#435,#371,.T.);
#534=EDGE_CURVE('',#436,#437,#372,.T.);
#535=EDGE_CURVE('',#438,#436,#242,.T.);
#536=EDGE_CURVE('',#439,#438,#243,.T.);
#537=EDGE_CURVE('',#440,#439,#373,.T.);
#538=EDGE_CURVE('',#437,#440,#244,.T.);
#539=EDGE_CURVE('',#441,#442,#374,.T.);
#540=EDGE_CURVE('',#443,#441,#245,.T.);
#541=EDGE_CURVE('',#444,#443,#375,.T.);
#542=EDGE_CURVE('',#442,#444,#246,.T.);
#543=EDGE_CURVE('',#436,#443,#247,.T.);
#544=EDGE_CURVE('',#444,#437,#248,.T.);
#545=EDGE_CURVE('',#445,#446,#376,.T.);
#546=EDGE_CURVE('',#447,#445,#249,.T.);
#547=EDGE_CURVE('',#448,#447,#377,.T.);
#548=EDGE_CURVE('',#446,#448,#250,.T.);
#549=EDGE_CURVE('',#441,#447,#251,.T.);
#550=EDGE_CURVE('',#448,#442,#252,.T.);
#551=EDGE_CURVE('',#449,#450,#378,.T.);
#552=EDGE_CURVE('',#451,#449,#253,.T.);
#553=EDGE_CURVE('',#452,#451,#379,.T.);
#554=EDGE_CURVE('',#450,#452,#254,.T.);
#555=EDGE_CURVE('',#445,#451,#255,.T.);
#556=EDGE_CURVE('',#452,#446,#256,.T.);
#557=EDGE_CURVE('',#449,#439,#257,.T.);
#558=EDGE_CURVE('',#440,#450,#258,.T.);
#559=EDGE_CURVE('',#442,#453,#380,.F.);
#560=EDGE_CURVE('',#453,#454,#381,.F.);
#561=EDGE_CURVE('',#454,#448,#382,.F.);
#562=EDGE_CURVE('',#455,#454,#259,.T.);
#563=EDGE_CURVE('',#446,#455,#383,.F.);
#564=EDGE_CURVE('',#455,#456,#384,.F.);
#565=EDGE_CURVE('',#456,#452,#385,.F.);
#566=EDGE_CURVE('',#457,#456,#260,.T.);
#567=EDGE_CURVE('',#450,#457,#386,.F.);
#568=EDGE_CURVE('',#438,#458,#324,.T.);
#569=EDGE_CURVE('',#458,#458,#387,.T.);
#570=EDGE_CURVE('',#459,#460,#261,.T.);
#571=EDGE_CURVE('',#461,#459,#388,.T.);
#572=EDGE_CURVE('',#460,#461,#262,.T.);
#573=EDGE_CURVE('',#462,#463,#389,.T.);
#574=EDGE_CURVE('',#461,#462,#263,.T.);
#575=EDGE_CURVE('',#463,#459,#264,.T.);
#576=EDGE_CURVE('',#464,#463,#265,.T.);
#577=EDGE_CURVE('',#465,#464,#390,.T.);
#578=EDGE_CURVE('',#462,#465,#266,.T.);
#579=EDGE_CURVE('',#466,#467,#391,.T.);
#580=EDGE_CURVE('',#465,#466,#267,.T.);
#581=EDGE_CURVE('',#467,#464,#268,.T.);
#582=EDGE_CURVE('',#468,#467,#269,.T.);
#583=EDGE_CURVE('',#466,#468,#270,.T.);
#584=EDGE_CURVE('',#469,#468,#271,.T.);
#585=EDGE_CURVE('',#469,#470,#272,.T.);
#586=EDGE_CURVE('',#466,#470,#273,.T.);
#587=EDGE_CURVE('',#470,#471,#274,.T.);
#588=EDGE_CURVE('',#471,#472,#325,.T.);
#589=EDGE_CURVE('',#472,#473,#326,.T.);
#590=EDGE_CURVE('',#473,#465,#327,.T.);
#591=EDGE_CURVE('',#473,#474,#392,.T.);
#592=EDGE_CURVE('',#462,#474,#328,.T.);
#593=EDGE_CURVE('',#474,#475,#329,.T.);
#594=EDGE_CURVE('',#475,#476,#330,.T.);
#595=EDGE_CURVE('',#476,#477,#275,.T.);
#596=EDGE_CURVE('',#477,#461,#276,.T.);
#597=EDGE_CURVE('',#477,#478,#277,.T.);
#598=EDGE_CURVE('',#460,#478,#278,.T.);
#599=EDGE_CURVE('',#479,#469,#279,.T.);
#600=EDGE_CURVE('',#470,#479,#393,.T.);
#601=EDGE_CURVE('',#471,#480,#394,.T.);
#602=EDGE_CURVE('',#480,#479,#280,.T.);
#603=EDGE_CURVE('',#481,#480,#281,.T.);
#604=EDGE_CURVE('',#482,#481,#395,.T.);
#605=EDGE_CURVE('',#471,#482,#282,.T.);
#606=EDGE_CURVE('',#483,#484,#396,.T.);
#607=EDGE_CURVE('',#482,#483,#283,.T.);
#608=EDGE_CURVE('',#484,#481,#284,.T.);
#609=EDGE_CURVE('',#485,#484,#285,.T.);
#610=EDGE_CURVE('',#483,#485,#286,.T.);
#611=EDGE_CURVE('',#486,#485,#287,.T.);
#612=EDGE_CURVE('',#486,#487,#288,.T.);
#613=EDGE_CURVE('',#483,#487,#289,.T.);
#614=EDGE_CURVE('',#487,#488,#290,.T.);
#615=EDGE_CURVE('',#488,#489,#331,.T.);
#616=EDGE_CURVE('',#489,#490,#332,.T.);
#617=EDGE_CURVE('',#490,#482,#333,.T.);
#618=EDGE_CURVE('',#490,#472,#397,.T.);
#619=EDGE_CURVE('',#491,#492,#291,.T.);
#620=EDGE_CURVE('',#493,#491,#398,.T.);
#621=EDGE_CURVE('',#492,#493,#292,.T.);
#622=EDGE_CURVE('',#494,#495,#399,.T.);
#623=EDGE_CURVE('',#493,#494,#293,.T.);
#624=EDGE_CURVE('',#495,#491,#294,.T.);
#625=EDGE_CURVE('',#496,#495,#295,.T.);
#626=EDGE_CURVE('',#476,#496,#400,.T.);
#627=EDGE_CURVE('',#494,#476,#296,.T.);
#628=EDGE_CURVE('',#477,#497,#401,.T.);
#629=EDGE_CURVE('',#497,#496,#297,.T.);
#630=EDGE_CURVE('',#478,#497,#298,.T.);
#631=EDGE_CURVE('',#475,#498,#402,.T.);
#632=EDGE_CURVE('',#494,#498,#334,.T.);
#633=EDGE_CURVE('',#498,#499,#335,.T.);
#634=EDGE_CURVE('',#499,#500,#336,.T.);
#635=EDGE_CURVE('',#500,#501,#299,.T.);
#636=EDGE_CURVE('',#501,#493,#300,.T.);
#637=EDGE_CURVE('',#501,#502,#301,.T.);
#638=EDGE_CURVE('',#492,#502,#302,.T.);
#639=EDGE_CURVE('',#503,#501,#403,.T.);
#640=EDGE_CURVE('',#502,#503,#303,.T.);
#641=EDGE_CURVE('',#504,#500,#404,.T.);
#642=EDGE_CURVE('',#503,#504,#304,.T.);
#643=EDGE_CURVE('',#505,#488,#405,.T.);
#644=EDGE_CURVE('',#504,#505,#305,.T.);
#645=EDGE_CURVE('',#488,#500,#306,.T.);
#646=EDGE_CURVE('',#506,#487,#406,.T.);
#647=EDGE_CURVE('',#505,#506,#307,.T.);
#648=EDGE_CURVE('',#506,#486,#308,.T.);
#649=EDGE_CURVE('',#507,#486,#309,.T.);
#650=EDGE_CURVE('',#508,#507,#407,.F.);
#651=EDGE_CURVE('',#502,#508,#310,.T.);
#652=EDGE_CURVE('',#489,#509,#408,.T.);
#653=EDGE_CURVE('',#499,#489,#409,.T.);
#654=EDGE_CURVE('',#510,#499,#410,.T.);
#655=EDGE_CURVE('',#509,#510,#411,.T.);
#656=EDGE_CURVE('',#511,#498,#412,.T.);
#657=EDGE_CURVE('',#510,#511,#337,.T.);
#658=EDGE_CURVE('',#512,#475,#413,.T.);
#659=EDGE_CURVE('',#511,#512,#414,.T.);
#660=EDGE_CURVE('',#513,#474,#415,.T.);
#661=EDGE_CURVE('',#512,#513,#338,.T.);
#662=EDGE_CURVE('',#514,#473,#416,.T.);
#663=EDGE_CURVE('',#513,#514,#417,.T.);
#664=EDGE_CURVE('',#515,#472,#418,.T.);
#665=EDGE_CURVE('',#514,#515,#339,.T.);
#666=EDGE_CURVE('',#516,#490,#419,.T.);
#667=EDGE_CURVE('',#515,#516,#420,.T.);
#668=EDGE_CURVE('',#516,#509,#340,.T.);
#669=EDGE_CURVE('',#517,#492,#311,.T.);
#670=EDGE_CURVE('',#457,#517,#421,.F.);
#671=EDGE_CURVE('',#478,#457,#312,.T.);
#672=EDGE_CURVE('',#456,#460,#313,.T.);
#673=EDGE_CURVE('',#468,#455,#314,.T.);
#674=EDGE_CURVE('',#454,#469,#315,.T.);
#675=EDGE_CURVE('',#485,#453,#316,.T.);
#676=EDGE_CURVE('',#508,#517,#317,.T.);
#677=EDGE_CURVE('',#517,#440,#422,.F.);
#678=EDGE_CURVE('',#437,#508,#423,.F.);
#679=EDGE_CURVE('',#507,#444,#424,.F.);
#680=EDGE_CURVE('',#453,#507,#318,.T.);
#681=ORIENTED_EDGE('',*,*,#518,.F.);
#682=ORIENTED_EDGE('',*,*,#519,.T.);
#683=ORIENTED_EDGE('',*,*,#520,.F.);
#684=ORIENTED_EDGE('',*,*,#521,.F.);
#685=ORIENTED_EDGE('',*,*,#519,.F.);
#686=ORIENTED_EDGE('',*,*,#522,.F.);
#687=ORIENTED_EDGE('',*,*,#523,.T.);
#688=ORIENTED_EDGE('',*,*,#524,.T.);
#689=ORIENTED_EDGE('',*,*,#523,.F.);
#690=ORIENTED_EDGE('',*,*,#524,.F.);
#691=ORIENTED_EDGE('',*,*,#525,.F.);
#692=ORIENTED_EDGE('',*,*,#526,.T.);
#693=ORIENTED_EDGE('',*,*,#527,.T.);
#694=ORIENTED_EDGE('',*,*,#526,.F.);
#695=ORIENTED_EDGE('',*,*,#527,.F.);
#696=ORIENTED_EDGE('',*,*,#528,.F.);
#697=ORIENTED_EDGE('',*,*,#529,.T.);
#698=ORIENTED_EDGE('',*,*,#530,.T.);
#699=ORIENTED_EDGE('',*,*,#529,.F.);
#700=ORIENTED_EDGE('',*,*,#530,.F.);
#701=ORIENTED_EDGE('',*,*,#531,.F.);
#702=ORIENTED_EDGE('',*,*,#532,.T.);
#703=ORIENTED_EDGE('',*,*,#533,.T.);
#704=ORIENTED_EDGE('',*,*,#532,.F.);
#705=ORIENTED_EDGE('',*,*,#533,.F.);
#706=ORIENTED_EDGE('',*,*,#534,.F.);
#707=ORIENTED_EDGE('',*,*,#535,.F.);
#708=ORIENTED_EDGE('',*,*,#536,.F.);
#709=ORIENTED_EDGE('',*,*,#537,.F.);
#710=ORIENTED_EDGE('',*,*,#538,.F.);
#711=ORIENTED_EDGE('',*,*,#539,.F.);
#712=ORIENTED_EDGE('',*,*,#540,.F.);
#713=ORIENTED_EDGE('',*,*,#541,.F.);
#714=ORIENTED_EDGE('',*,*,#542,.F.);
#715=ORIENTED_EDGE('',*,*,#541,.T.);
#716=ORIENTED_EDGE('',*,*,#543,.F.);
#717=ORIENTED_EDGE('',*,*,#534,.T.);
#718=ORIENTED_EDGE('',*,*,#544,.F.);
#719=ORIENTED_EDGE('',*,*,#545,.F.);
#720=ORIENTED_EDGE('',*,*,#546,.F.);
#721=ORIENTED_EDGE('',*,*,#547,.F.);
#722=ORIENTED_EDGE('',*,*,#548,.F.);
#723=ORIENTED_EDGE('',*,*,#547,.T.);
#724=ORIENTED_EDGE('',*,*,#549,.F.);
#725=ORIENTED_EDGE('',*,*,#539,.T.);
#726=ORIENTED_EDGE('',*,*,#550,.F.);
#727=ORIENTED_EDGE('',*,*,#551,.F.);
#728=ORIENTED_EDGE('',*,*,#552,.F.);
#729=ORIENTED_EDGE('',*,*,#553,.F.);
#730=ORIENTED_EDGE('',*,*,#554,.F.);
#731=ORIENTED_EDGE('',*,*,#553,.T.);
#732=ORIENTED_EDGE('',*,*,#555,.F.);
#733=ORIENTED_EDGE('',*,*,#545,.T.);
#734=ORIENTED_EDGE('',*,*,#556,.F.);
#735=ORIENTED_EDGE('',*,*,#537,.T.);
#736=ORIENTED_EDGE('',*,*,#557,.F.);
#737=ORIENTED_EDGE('',*,*,#551,.T.);
#738=ORIENTED_EDGE('',*,*,#558,.F.);
#739=ORIENTED_EDGE('',*,*,#550,.T.);
#740=ORIENTED_EDGE('',*,*,#559,.T.);
#741=ORIENTED_EDGE('',*,*,#560,.T.);
#742=ORIENTED_EDGE('',*,*,#561,.T.);
#743=ORIENTED_EDGE('',*,*,#548,.T.);
#744=ORIENTED_EDGE('',*,*,#561,.F.);
#745=ORIENTED_EDGE('',*,*,#562,.F.);
#746=ORIENTED_EDGE('',*,*,#563,.F.);
#747=ORIENTED_EDGE('',*,*,#556,.T.);
#748=ORIENTED_EDGE('',*,*,#563,.T.);
#749=ORIENTED_EDGE('',*,*,#564,.T.);
#750=ORIENTED_EDGE('',*,*,#565,.T.);
#751=ORIENTED_EDGE('',*,*,#554,.T.);
#752=ORIENTED_EDGE('',*,*,#565,.F.);
#753=ORIENTED_EDGE('',*,*,#566,.F.);
#754=ORIENTED_EDGE('',*,*,#567,.F.);
#755=ORIENTED_EDGE('',*,*,#552,.T.);
#756=ORIENTED_EDGE('',*,*,#557,.T.);
#757=ORIENTED_EDGE('',*,*,#536,.T.);
#758=ORIENTED_EDGE('',*,*,#568,.T.);
#759=ORIENTED_EDGE('',*,*,#569,.T.);
#760=ORIENTED_EDGE('',*,*,#568,.F.);
#761=ORIENTED_EDGE('',*,*,#535,.T.);
#762=ORIENTED_EDGE('',*,*,#543,.T.);
#763=ORIENTED_EDGE('',*,*,#540,.T.);
#764=ORIENTED_EDGE('',*,*,#549,.T.);
#765=ORIENTED_EDGE('',*,*,#546,.T.);
#766=ORIENTED_EDGE('',*,*,#555,.T.);
#767=ORIENTED_EDGE('',*,*,#520,.T.);
#768=ORIENTED_EDGE('',*,*,#521,.T.);
#769=ORIENTED_EDGE('',*,*,#570,.F.);
#770=ORIENTED_EDGE('',*,*,#571,.F.);
#771=ORIENTED_EDGE('',*,*,#572,.F.);
#772=ORIENTED_EDGE('',*,*,#573,.F.);
#773=ORIENTED_EDGE('',*,*,#574,.F.);
#774=ORIENTED_EDGE('',*,*,#571,.T.);
#775=ORIENTED_EDGE('',*,*,#575,.F.);
#776=ORIENTED_EDGE('',*,*,#573,.T.);
#777=ORIENTED_EDGE('',*,*,#576,.F.);
#778=ORIENTED_EDGE('',*,*,#577,.F.);
#779=ORIENTED_EDGE('',*,*,#578,.F.);
#780=ORIENTED_EDGE('',*,*,#579,.F.);
#781=ORIENTED_EDGE('',*,*,#580,.F.);
#782=ORIENTED_EDGE('',*,*,#577,.T.);
#783=ORIENTED_EDGE('',*,*,#581,.F.);
#784=ORIENTED_EDGE('',*,*,#579,.T.);
#785=ORIENTED_EDGE('',*,*,#582,.F.);
#786=ORIENTED_EDGE('',*,*,#583,.F.);
#787=ORIENTED_EDGE('',*,*,#583,.T.);
#788=ORIENTED_EDGE('',*,*,#584,.F.);
#789=ORIENTED_EDGE('',*,*,#585,.T.);
#790=ORIENTED_EDGE('',*,*,#586,.F.);
#791=ORIENTED_EDGE('',*,*,#580,.T.);
#792=ORIENTED_EDGE('',*,*,#586,.T.);
#793=ORIENTED_EDGE('',*,*,#587,.T.);
#794=ORIENTED_EDGE('',*,*,#588,.T.);
#795=ORIENTED_EDGE('',*,*,#589,.T.);
#796=ORIENTED_EDGE('',*,*,#590,.T.);
#797=ORIENTED_EDGE('',*,*,#522,.T.);
#798=ORIENTED_EDGE('',*,*,#525,.T.);
#799=ORIENTED_EDGE('',*,*,#578,.T.);
#800=ORIENTED_EDGE('',*,*,#590,.F.);
#801=ORIENTED_EDGE('',*,*,#591,.T.);
#802=ORIENTED_EDGE('',*,*,#592,.F.);
#803=ORIENTED_EDGE('',*,*,#574,.T.);
#804=ORIENTED_EDGE('',*,*,#592,.T.);
#805=ORIENTED_EDGE('',*,*,#593,.T.);
#806=ORIENTED_EDGE('',*,*,#594,.T.);
#807=ORIENTED_EDGE('',*,*,#595,.T.);
#808=ORIENTED_EDGE('',*,*,#596,.T.);
#809=ORIENTED_EDGE('',*,*,#518,.T.);
#810=ORIENTED_EDGE('',*,*,#572,.T.);
#811=ORIENTED_EDGE('',*,*,#596,.F.);
#812=ORIENTED_EDGE('',*,*,#597,.T.);
#813=ORIENTED_EDGE('',*,*,#598,.F.);
#814=ORIENTED_EDGE('',*,*,#599,.F.);
#815=ORIENTED_EDGE('',*,*,#600,.F.);
#816=ORIENTED_EDGE('',*,*,#585,.F.);
#817=ORIENTED_EDGE('',*,*,#601,.F.);
#818=ORIENTED_EDGE('',*,*,#587,.F.);
#819=ORIENTED_EDGE('',*,*,#600,.T.);
#820=ORIENTED_EDGE('',*,*,#602,.F.);
#821=ORIENTED_EDGE('',*,*,#601,.T.);
#822=ORIENTED_EDGE('',*,*,#603,.F.);
#823=ORIENTED_EDGE('',*,*,#604,.F.);
#824=ORIENTED_EDGE('',*,*,#605,.F.);
#825=ORIENTED_EDGE('',*,*,#606,.F.);
#826=ORIENTED_EDGE('',*,*,#607,.F.);
#827=ORIENTED_EDGE('',*,*,#604,.T.);
#828=ORIENTED_EDGE('',*,*,#608,.F.);
#829=ORIENTED_EDGE('',*,*,#606,.T.);
#830=ORIENTED_EDGE('',*,*,#609,.F.);
#831=ORIENTED_EDGE('',*,*,#610,.F.);
#832=ORIENTED_EDGE('',*,*,#610,.T.);
#833=ORIENTED_EDGE('',*,*,#611,.F.);
#834=ORIENTED_EDGE('',*,*,#612,.T.);
#835=ORIENTED_EDGE('',*,*,#613,.F.);
#836=ORIENTED_EDGE('',*,*,#607,.T.);
#837=ORIENTED_EDGE('',*,*,#613,.T.);
#838=ORIENTED_EDGE('',*,*,#614,.T.);
#839=ORIENTED_EDGE('',*,*,#615,.T.);
#840=ORIENTED_EDGE('',*,*,#616,.T.);
#841=ORIENTED_EDGE('',*,*,#617,.T.);
#842=ORIENTED_EDGE('',*,*,#605,.T.);
#843=ORIENTED_EDGE('',*,*,#617,.F.);
#844=ORIENTED_EDGE('',*,*,#618,.T.);
#845=ORIENTED_EDGE('',*,*,#588,.F.);
#846=ORIENTED_EDGE('',*,*,#619,.F.);
#847=ORIENTED_EDGE('',*,*,#620,.F.);
#848=ORIENTED_EDGE('',*,*,#621,.F.);
#849=ORIENTED_EDGE('',*,*,#622,.F.);
#850=ORIENTED_EDGE('',*,*,#623,.F.);
#851=ORIENTED_EDGE('',*,*,#620,.T.);
#852=ORIENTED_EDGE('',*,*,#624,.F.);
#853=ORIENTED_EDGE('',*,*,#622,.T.);
#854=ORIENTED_EDGE('',*,*,#625,.F.);
#855=ORIENTED_EDGE('',*,*,#626,.F.);
#856=ORIENTED_EDGE('',*,*,#627,.F.);
#857=ORIENTED_EDGE('',*,*,#628,.F.);
#858=ORIENTED_EDGE('',*,*,#595,.F.);
#859=ORIENTED_EDGE('',*,*,#626,.T.);
#860=ORIENTED_EDGE('',*,*,#629,.F.);
#861=ORIENTED_EDGE('',*,*,#628,.T.);
#862=ORIENTED_EDGE('',*,*,#630,.F.);
#863=ORIENTED_EDGE('',*,*,#597,.F.);
#864=ORIENTED_EDGE('',*,*,#627,.T.);
#865=ORIENTED_EDGE('',*,*,#594,.F.);
#866=ORIENTED_EDGE('',*,*,#631,.T.);
#867=ORIENTED_EDGE('',*,*,#632,.F.);
#868=ORIENTED_EDGE('',*,*,#623,.T.);
#869=ORIENTED_EDGE('',*,*,#632,.T.);
#870=ORIENTED_EDGE('',*,*,#633,.T.);
#871=ORIENTED_EDGE('',*,*,#634,.T.);
#872=ORIENTED_EDGE('',*,*,#635,.T.);
#873=ORIENTED_EDGE('',*,*,#636,.T.);
#874=ORIENTED_EDGE('',*,*,#528,.T.);
#875=ORIENTED_EDGE('',*,*,#531,.T.);
#876=ORIENTED_EDGE('',*,*,#621,.T.);
#877=ORIENTED_EDGE('',*,*,#636,.F.);
#878=ORIENTED_EDGE('',*,*,#637,.T.);
#879=ORIENTED_EDGE('',*,*,#638,.F.);
#880=ORIENTED_EDGE('',*,*,#639,.F.);
#881=ORIENTED_EDGE('',*,*,#640,.F.);
#882=ORIENTED_EDGE('',*,*,#637,.F.);
#883=ORIENTED_EDGE('',*,*,#639,.T.);
#884=ORIENTED_EDGE('',*,*,#635,.F.);
#885=ORIENTED_EDGE('',*,*,#641,.F.);
#886=ORIENTED_EDGE('',*,*,#642,.F.);
#887=ORIENTED_EDGE('',*,*,#643,.F.);
#888=ORIENTED_EDGE('',*,*,#644,.F.);
#889=ORIENTED_EDGE('',*,*,#641,.T.);
#890=ORIENTED_EDGE('',*,*,#645,.F.);
#891=ORIENTED_EDGE('',*,*,#643,.T.);
#892=ORIENTED_EDGE('',*,*,#614,.F.);
#893=ORIENTED_EDGE('',*,*,#646,.F.);
#894=ORIENTED_EDGE('',*,*,#647,.F.);
#895=ORIENTED_EDGE('',*,*,#648,.F.);
#896=ORIENTED_EDGE('',*,*,#646,.T.);
#897=ORIENTED_EDGE('',*,*,#612,.F.);
#898=ORIENTED_EDGE('',*,*,#648,.T.);
#899=ORIENTED_EDGE('',*,*,#649,.F.);
#900=ORIENTED_EDGE('',*,*,#650,.F.);
#901=ORIENTED_EDGE('',*,*,#651,.F.);
#902=ORIENTED_EDGE('',*,*,#640,.T.);
#903=ORIENTED_EDGE('',*,*,#642,.T.);
#904=ORIENTED_EDGE('',*,*,#644,.T.);
#905=ORIENTED_EDGE('',*,*,#647,.T.);
#906=ORIENTED_EDGE('',*,*,#652,.F.);
#907=ORIENTED_EDGE('',*,*,#653,.F.);
#908=ORIENTED_EDGE('',*,*,#654,.F.);
#909=ORIENTED_EDGE('',*,*,#655,.F.);
#910=ORIENTED_EDGE('',*,*,#656,.F.);
#911=ORIENTED_EDGE('',*,*,#657,.F.);
#912=ORIENTED_EDGE('',*,*,#654,.T.);
#913=ORIENTED_EDGE('',*,*,#633,.F.);
#914=ORIENTED_EDGE('',*,*,#658,.F.);
#915=ORIENTED_EDGE('',*,*,#659,.F.);
#916=ORIENTED_EDGE('',*,*,#656,.T.);
#917=ORIENTED_EDGE('',*,*,#631,.F.);
#918=ORIENTED_EDGE('',*,*,#660,.F.);
#919=ORIENTED_EDGE('',*,*,#661,.F.);
#920=ORIENTED_EDGE('',*,*,#658,.T.);
#921=ORIENTED_EDGE('',*,*,#593,.F.);
#922=ORIENTED_EDGE('',*,*,#662,.F.);
#923=ORIENTED_EDGE('',*,*,#663,.F.);
#924=ORIENTED_EDGE('',*,*,#660,.T.);
#925=ORIENTED_EDGE('',*,*,#591,.F.);
#926=ORIENTED_EDGE('',*,*,#664,.F.);
#927=ORIENTED_EDGE('',*,*,#665,.F.);
#928=ORIENTED_EDGE('',*,*,#662,.T.);
#929=ORIENTED_EDGE('',*,*,#589,.F.);
#930=ORIENTED_EDGE('',*,*,#666,.F.);
#931=ORIENTED_EDGE('',*,*,#667,.F.);
#932=ORIENTED_EDGE('',*,*,#664,.T.);
#933=ORIENTED_EDGE('',*,*,#618,.F.);
#934=ORIENTED_EDGE('',*,*,#666,.T.);
#935=ORIENTED_EDGE('',*,*,#616,.F.);
#936=ORIENTED_EDGE('',*,*,#652,.T.);
#937=ORIENTED_EDGE('',*,*,#668,.F.);
#938=ORIENTED_EDGE('',*,*,#645,.T.);
#939=ORIENTED_EDGE('',*,*,#634,.F.);
#940=ORIENTED_EDGE('',*,*,#653,.T.);
#941=ORIENTED_EDGE('',*,*,#615,.F.);
#942=ORIENTED_EDGE('',*,*,#655,.T.);
#943=ORIENTED_EDGE('',*,*,#657,.T.);
#944=ORIENTED_EDGE('',*,*,#659,.T.);
#945=ORIENTED_EDGE('',*,*,#661,.T.);
#946=ORIENTED_EDGE('',*,*,#663,.T.);
#947=ORIENTED_EDGE('',*,*,#665,.T.);
#948=ORIENTED_EDGE('',*,*,#667,.T.);
#949=ORIENTED_EDGE('',*,*,#668,.T.);
#950=ORIENTED_EDGE('',*,*,#569,.F.);
#951=ORIENTED_EDGE('',*,*,#630,.T.);
#952=ORIENTED_EDGE('',*,*,#629,.T.);
#953=ORIENTED_EDGE('',*,*,#625,.T.);
#954=ORIENTED_EDGE('',*,*,#624,.T.);
#955=ORIENTED_EDGE('',*,*,#619,.T.);
#956=ORIENTED_EDGE('',*,*,#669,.F.);
#957=ORIENTED_EDGE('',*,*,#670,.F.);
#958=ORIENTED_EDGE('',*,*,#671,.F.);
#959=ORIENTED_EDGE('',*,*,#582,.T.);
#960=ORIENTED_EDGE('',*,*,#581,.T.);
#961=ORIENTED_EDGE('',*,*,#576,.T.);
#962=ORIENTED_EDGE('',*,*,#575,.T.);
#963=ORIENTED_EDGE('',*,*,#570,.T.);
#964=ORIENTED_EDGE('',*,*,#672,.F.);
#965=ORIENTED_EDGE('',*,*,#564,.F.);
#966=ORIENTED_EDGE('',*,*,#673,.F.);
#967=ORIENTED_EDGE('',*,*,#609,.T.);
#968=ORIENTED_EDGE('',*,*,#608,.T.);
#969=ORIENTED_EDGE('',*,*,#603,.T.);
#970=ORIENTED_EDGE('',*,*,#602,.T.);
#971=ORIENTED_EDGE('',*,*,#599,.T.);
#972=ORIENTED_EDGE('',*,*,#674,.F.);
#973=ORIENTED_EDGE('',*,*,#560,.F.);
#974=ORIENTED_EDGE('',*,*,#675,.F.);
#975=ORIENTED_EDGE('',*,*,#638,.T.);
#976=ORIENTED_EDGE('',*,*,#651,.T.);
#977=ORIENTED_EDGE('',*,*,#676,.T.);
#978=ORIENTED_EDGE('',*,*,#669,.T.);
#979=ORIENTED_EDGE('',*,*,#558,.T.);
#980=ORIENTED_EDGE('',*,*,#567,.T.);
#981=ORIENTED_EDGE('',*,*,#670,.T.);
#982=ORIENTED_EDGE('',*,*,#677,.T.);
#983=ORIENTED_EDGE('',*,*,#544,.T.);
#984=ORIENTED_EDGE('',*,*,#678,.T.);
#985=ORIENTED_EDGE('',*,*,#650,.T.);
#986=ORIENTED_EDGE('',*,*,#679,.T.);
#987=ORIENTED_EDGE('',*,*,#542,.T.);
#988=ORIENTED_EDGE('',*,*,#679,.F.);
#989=ORIENTED_EDGE('',*,*,#680,.F.);
#990=ORIENTED_EDGE('',*,*,#559,.F.);
#991=ORIENTED_EDGE('',*,*,#538,.T.);
#992=ORIENTED_EDGE('',*,*,#677,.F.);
#993=ORIENTED_EDGE('',*,*,#676,.F.);
#994=ORIENTED_EDGE('',*,*,#678,.F.);
#995=ORIENTED_EDGE('',*,*,#611,.T.);
#996=ORIENTED_EDGE('',*,*,#675,.T.);
#997=ORIENTED_EDGE('',*,*,#680,.T.);
#998=ORIENTED_EDGE('',*,*,#649,.T.);
#999=ORIENTED_EDGE('',*,*,#584,.T.);
#1000=ORIENTED_EDGE('',*,*,#673,.T.);
#1001=ORIENTED_EDGE('',*,*,#562,.T.);
#1002=ORIENTED_EDGE('',*,*,#674,.T.);
#1003=ORIENTED_EDGE('',*,*,#598,.T.);
#1004=ORIENTED_EDGE('',*,*,#671,.T.);
#1005=ORIENTED_EDGE('',*,*,#566,.T.);
#1006=ORIENTED_EDGE('',*,*,#672,.T.);
#1007=CYLINDRICAL_SURFACE('',#1110,0.272500000000001);
#1008=CYLINDRICAL_SURFACE('',#1112,0.19);
#1009=CYLINDRICAL_SURFACE('',#1116,0.19);
#1010=CYLINDRICAL_SURFACE('',#1120,0.190204100846958);
#1011=CYLINDRICAL_SURFACE('',#1124,0.19);
#1012=CYLINDRICAL_SURFACE('',#1145,0.725);
#1013=CYLINDRICAL_SURFACE('',#1152,0.15);
#1014=CYLINDRICAL_SURFACE('',#1160,0.15);
#1015=CYLINDRICAL_SURFACE('',#1166,0.15);
#1016=CYLINDRICAL_SURFACE('',#1178,0.1);
#1017=CYLINDRICAL_SURFACE('',#1182,0.1);
#1018=CYLINDRICAL_SURFACE('',#1186,0.1);
#1019=CYLINDRICAL_SURFACE('',#1190,0.1);
#1020=CYLINDRICAL_SURFACE('',#1191,0.15);
#1021=ADVANCED_FACE('',(#83),#1007,.F.);
#1022=ADVANCED_FACE('',(#84),#1008,.F.);
#1023=ADVANCED_FACE('',(#85),#74,.T.);
#1024=ADVANCED_FACE('',(#86),#1009,.F.);
#1025=ADVANCED_FACE('',(#87),#75,.T.);
#1026=ADVANCED_FACE('',(#88),#1010,.F.);
#1027=ADVANCED_FACE('',(#89),#76,.T.);
#1028=ADVANCED_FACE('',(#90),#1011,.F.);
#1029=ADVANCED_FACE('',(#91),#77,.T.);
#1030=ADVANCED_FACE('',(#92),#30,.T.);
#1031=ADVANCED_FACE('',(#93),#31,.T.);
#1032=ADVANCED_FACE('',(#94),#32,.T.);
#1033=ADVANCED_FACE('',(#95),#33,.T.);
#1034=ADVANCED_FACE('',(#96),#34,.T.);
#1035=ADVANCED_FACE('',(#97),#35,.T.);
#1036=ADVANCED_FACE('',(#98),#36,.T.);
#1037=ADVANCED_FACE('',(#99),#37,.T.);
#1038=ADVANCED_FACE('',(#100),#26,.T.);
#1039=ADVANCED_FACE('',(#101),#38,.T.);
#1040=ADVANCED_FACE('',(#102),#27,.T.);
#1041=ADVANCED_FACE('',(#103),#39,.T.);
#1042=ADVANCED_FACE('',(#104,#19),#1012,.F.);
#1043=ADVANCED_FACE('',(#105),#40,.T.);
#1044=ADVANCED_FACE('',(#106),#41,.T.);
#1045=ADVANCED_FACE('',(#107),#42,.T.);
#1046=ADVANCED_FACE('',(#108),#43,.T.);
#1047=ADVANCED_FACE('',(#109),#44,.T.);
#1048=ADVANCED_FACE('',(#110),#45,.T.);
#1049=ADVANCED_FACE('',(#111,#20,#21),#78,.F.);
#1050=ADVANCED_FACE('',(#112),#1013,.T.);
#1051=ADVANCED_FACE('',(#113,#22),#79,.F.);
#1052=ADVANCED_FACE('',(#114),#46,.T.);
#1053=ADVANCED_FACE('',(#115),#47,.T.);
#1054=ADVANCED_FACE('',(#116),#48,.T.);
#1055=ADVANCED_FACE('',(#117),#49,.T.);
#1056=ADVANCED_FACE('',(#118),#50,.T.);
#1057=ADVANCED_FACE('',(#119),#51,.T.);
#1058=ADVANCED_FACE('',(#120),#52,.T.);
#1059=ADVANCED_FACE('',(#121),#80,.F.);
#1060=ADVANCED_FACE('',(#122),#1014,.T.);
#1061=ADVANCED_FACE('',(#123),#53,.T.);
#1062=ADVANCED_FACE('',(#124),#54,.T.);
#1063=ADVANCED_FACE('',(#125),#55,.T.);
#1064=ADVANCED_FACE('',(#126),#56,.T.);
#1065=ADVANCED_FACE('',(#127),#57,.T.);
#1066=ADVANCED_FACE('',(#128),#1015,.T.);
#1067=ADVANCED_FACE('',(#129,#23,#24),#81,.F.);
#1068=ADVANCED_FACE('',(#130),#58,.T.);
#1069=ADVANCED_FACE('',(#131),#59,.T.);
#1070=ADVANCED_FACE('',(#132),#60,.T.);
#1071=ADVANCED_FACE('',(#133),#61,.T.);
#1072=ADVANCED_FACE('',(#134),#62,.T.);
#1073=ADVANCED_FACE('',(#135),#63,.T.);
#1074=ADVANCED_FACE('',(#136),#64,.T.);
#1075=ADVANCED_FACE('',(#137),#15,.T.);
#1076=ADVANCED_FACE('',(#138),#1016,.T.);
#1077=ADVANCED_FACE('',(#139),#16,.T.);
#1078=ADVANCED_FACE('',(#140),#1017,.T.);
#1079=ADVANCED_FACE('',(#141),#17,.T.);
#1080=ADVANCED_FACE('',(#142),#1018,.T.);
#1081=ADVANCED_FACE('',(#143),#18,.T.);
#1082=ADVANCED_FACE('',(#144),#1019,.T.);
#1083=ADVANCED_FACE('',(#145),#1020,.T.);
#1084=ADVANCED_FACE('',(#146,#25),#82,.T.);
#1085=ADVANCED_FACE('',(#147),#65,.T.);
#1086=ADVANCED_FACE('',(#148),#66,.T.);
#1087=ADVANCED_FACE('',(#149),#67,.T.);
#1088=ADVANCED_FACE('',(#150),#68,.T.);
#1089=ADVANCED_FACE('',(#151),#28,.T.);
#1090=ADVANCED_FACE('',(#152),#29,.T.);
#1091=ADVANCED_FACE('',(#153),#69,.T.);
#1092=ADVANCED_FACE('',(#154),#70,.T.);
#1093=ADVANCED_FACE('',(#155),#71,.T.);
#1094=ADVANCED_FACE('',(#156),#72,.T.);
#1095=ADVANCED_FACE('',(#157),#73,.T.);
#1096=CLOSED_SHELL('',(#1021,#1022,#1023,#1024,#1025,#1026,#1027,#1028,
#1029,#1030,#1031,#1032,#1033,#1034,#1035,#1036,#1037,#1038,#1039,#1040,
#1041,#1042,#1043,#1044,#1045,#1046,#1047,#1048,#1049,#1050,#1051,#1052,
#1053,#1054,#1055,#1056,#1057,#1058,#1059,#1060,#1061,#1062,#1063,#1064,
#1065,#1066,#1067,#1068,#1069,#1070,#1071,#1072,#1073,#1074,#1075,#1076,
#1077,#1078,#1079,#1080,#1081,#1082,#1083,#1084,#1085,#1086,#1087,#1088,
#1089,#1090,#1091,#1092,#1093,#1094,#1095));
#1097=DERIVED_UNIT_ELEMENT(#1099,1.);
#1098=DERIVED_UNIT_ELEMENT(#3431,-3.);
#1099=(
MASS_UNIT()
NAMED_UNIT(*)
SI_UNIT(.KILO.,.GRAM.)
);
#1100=DERIVED_UNIT((#1097,#1098));
#1101=MEASURE_REPRESENTATION_ITEM('density measure',
POSITIVE_RATIO_MEASURE(1060.),#1100);
#1102=PROPERTY_DEFINITION_REPRESENTATION(#1107,#1104);
#1103=PROPERTY_DEFINITION_REPRESENTATION(#1108,#1105);
#1104=REPRESENTATION('material name',(#1106),#3428);
#1105=REPRESENTATION('density',(#1101),#3428);
#1106=DESCRIPTIVE_REPRESENTATION_ITEM('ABS Plastic','ABS Plastic');
#1107=PROPERTY_DEFINITION('material property','material name',#3438);
#1108=PROPERTY_DEFINITION('material property','density of part',#3438);
#1109=AXIS2_PLACEMENT_3D('',#1401,#1199,#1200);
#1110=AXIS2_PLACEMENT_3D('',#1402,#1201,#1202);
#1111=AXIS2_PLACEMENT_3D('',#1404,#1203,#1204);
#1112=AXIS2_PLACEMENT_3D('',#1444,#1206,#1207);
#1113=AXIS2_PLACEMENT_3D('',#1446,#1208,#1209);
#1114=AXIS2_PLACEMENT_3D('',#1449,#1211,#1212);
#1115=AXIS2_PLACEMENT_3D('',#1450,#1213,#1214);
#1116=AXIS2_PLACEMENT_3D('',#1451,#1215,#1216);
#1117=AXIS2_PLACEMENT_3D('',#1453,#1217,#1218);
#1118=AXIS2_PLACEMENT_3D('',#1456,#1220,#1221);
#1119=AXIS2_PLACEMENT_3D('',#1457,#1222,#1223);
#1120=AXIS2_PLACEMENT_3D('',#1458,#1224,#1225);
#1121=AXIS2_PLACEMENT_3D('',#1460,#1226,#1227);
#1122=AXIS2_PLACEMENT_3D('',#1463,#1229,#1230);
#1123=AXIS2_PLACEMENT_3D('',#1464,#1231,#1232);
#1124=AXIS2_PLACEMENT_3D('',#1465,#1233,#1234);
#1125=AXIS2_PLACEMENT_3D('',#1467,#1235,#1236);
#1126=AXIS2_PLACEMENT_3D('',#1470,#1238,#1239);
#1127=AXIS2_PLACEMENT_3D('',#1471,#1240,#1241);
#1128=AXIS2_PLACEMENT_3D('',#1523,#1242,#1243);
#1129=AXIS2_PLACEMENT_3D('',#1538,#1244,#1245);
#1130=AXIS2_PLACEMENT_3D('',#1597,#1246,#1247);
#1131=AXIS2_PLACEMENT_3D('',#1607,#1248,#1249);
#1132=AXIS2_PLACEMENT_3D('',#1698,#1250,#1251);
#1133=AXIS2_PLACEMENT_3D('',#1708,#1252,#1253);
#1134=AXIS2_PLACEMENT_3D('',#1799,#1254,#1255);
#1135=AXIS2_PLACEMENT_3D('',#1809,#1256,#1257);
#1136=AXIS2_PLACEMENT_3D('',#1881,#1258,#1259);
#1137=AXIS2_PLACEMENT_3D('',#1883,#1260,#1261);
#1138=AXIS2_PLACEMENT_3D('',#1885,#1262,#1263);
#1139=AXIS2_PLACEMENT_3D('',#1886,#1264,#1265);
#1140=AXIS2_PLACEMENT_3D('',#1923,#1266,#1267);
#1141=AXIS2_PLACEMENT_3D('',#1924,#1268,#1269);
#1142=AXIS2_PLACEMENT_3D('',#1926,#1270,#1271);
#1143=AXIS2_PLACEMENT_3D('',#1927,#1272,#1273);
#1144=AXIS2_PLACEMENT_3D('',#1964,#1274,#1275);
#1145=AXIS2_PLACEMENT_3D('',#1965,#1276,#1277);
#1146=AXIS2_PLACEMENT_3D('',#1968,#1279,#1280);
#1147=AXIS2_PLACEMENT_3D('',#2002,#1281,#1282);
#1148=AXIS2_PLACEMENT_3D('',#2031,#1283,#1284);
#1149=AXIS2_PLACEMENT_3D('',#2124,#1285,#1286);
#1150=AXIS2_PLACEMENT_3D('',#2163,#1287,#1288);
#1151=AXIS2_PLACEMENT_3D('',#2249,#1289,#1290);
#1152=AXIS2_PLACEMENT_3D('',#2261,#1294,#1295);
#1153=AXIS2_PLACEMENT_3D('',#2263,#1296,#1297);
#1154=AXIS2_PLACEMENT_3D('',#2265,#1299,#1300);
#1155=AXIS2_PLACEMENT_3D('',#2344,#1303,#1304);
#1156=AXIS2_PLACEMENT_3D('',#2366,#1305,#1306);
#1157=AXIS2_PLACEMENT_3D('',#2434,#1307,#1308);
#1158=AXIS2_PLACEMENT_3D('',#2469,#1309,#1310);
#1159=AXIS2_PLACEMENT_3D('',#2555,#1311,#1312);
#1160=AXIS2_PLACEMENT_3D('',#2567,#1316,#1317);
#1161=AXIS2_PLACEMENT_3D('',#2568,#1318,#1319);
#1162=AXIS2_PLACEMENT_3D('',#2602,#1320,#1321);
#1163=AXIS2_PLACEMENT_3D('',#2631,#1322,#1323);
#1164=AXIS2_PLACEMENT_3D('',#2698,#1324,#1325);
#1165=AXIS2_PLACEMENT_3D('',#2731,#1326,#1327);
#1166=AXIS2_PLACEMENT_3D('',#2767,#1328,#1329);
#1167=AXIS2_PLACEMENT_3D('',#2769,#1330,#1331);
#1168=AXIS2_PLACEMENT_3D('',#2771,#1333,#1334);
#1169=AXIS2_PLACEMENT_3D('',#2844,#1337,#1338);
#1170=AXIS2_PLACEMENT_3D('',#2872,#1339,#1340);
#1171=AXIS2_PLACEMENT_3D('',#2931,#1341,#1342);
#1172=AXIS2_PLACEMENT_3D('',#2979,#1343,#1344);
#1173=AXIS2_PLACEMENT_3D('',#3053,#1345,#1346);
#1174=AXIS2_PLACEMENT_3D('',#3070,#1347,#1348);
#1175=AXIS2_PLACEMENT_3D('',#3071,#1349,#1350);
#1176=AXIS2_PLACEMENT_3D('',#3073,#1351,#1352);
#1177=AXIS2_PLACEMENT_3D('',#3074,#1353,#1354);
#1178=AXIS2_PLACEMENT_3D('',#3075,#1355,#1356);
#1179=AXIS2_PLACEMENT_3D('',#3077,#1357,#1358);
#1180=AXIS2_PLACEMENT_3D('',#3089,#1360,#1361);
#1181=AXIS2_PLACEMENT_3D('',#3090,#1362,#1363);
#1182=AXIS2_PLACEMENT_3D('',#3091,#1364,#1365);
#1183=AXIS2_PLACEMENT_3D('',#3093,#1366,#1367);
#1184=AXIS2_PLACEMENT_3D('',#3105,#1369,#1370);
#1185=AXIS2_PLACEMENT_3D('',#3106,#1371,#1372);
#1186=AXIS2_PLACEMENT_3D('',#3107,#1373,#1374);
#1187=AXIS2_PLACEMENT_3D('',#3109,#1375,#1376);
#1188=AXIS2_PLACEMENT_3D('',#3121,#1378,#1379);
#1189=AXIS2_PLACEMENT_3D('',#3122,#1380,#1381);
#1190=AXIS2_PLACEMENT_3D('',#3123,#1382,#1383);
#1191=AXIS2_PLACEMENT_3D('',#3125,#1385,#1386);
#1192=AXIS2_PLACEMENT_3D('',#3126,#1387,#1388);
#1193=AXIS2_PLACEMENT_3D('',#3164,#1389,#1390);
#1194=AXIS2_PLACEMENT_3D('',#3286,#1391,#1392);
#1195=AXIS2_PLACEMENT_3D('',#3287,#1393,#1394);
#1196=AXIS2_PLACEMENT_3D('',#3288,#1395,#1396);
#1197=AXIS2_PLACEMENT_3D('',#3289,#1397,#1398);
#1198=AXIS2_PLACEMENT_3D('',#3290,#1399,#1400);
#1199=DIRECTION('axis',(0.,0.,1.));
#1200=DIRECTION('refdir',(1.,0.,0.));
#1201=DIRECTION('center_axis',(0.711045889860175,-0.70314560548506,0.));
#1202=DIRECTION('ref_axis',(-0.70314560548506,-0.711045889860175,0.));
#1203=DIRECTION('center_axis',(0.711045889860176,-0.70314560548506,0.));
#1204=DIRECTION('ref_axis',(-0.70314560548506,-0.711045889860175,0.));
#1205=DIRECTION('',(0.711045889860175,-0.70314560548506,0.));
#1206=DIRECTION('center_axis',(0.,0.,1.));
#1207=DIRECTION('ref_axis',(-1.,0.,0.));
#1208=DIRECTION('center_axis',(0.,0.,1.));
#1209=DIRECTION('ref_axis',(-1.,0.,0.));
#1210=DIRECTION('',(0.,0.,1.));
#1211=DIRECTION('center_axis',(0.,0.,1.));
#1212=DIRECTION('ref_axis',(-1.,0.,0.));
#1213=DIRECTION('center_axis',(0.,0.,-1.));
#1214=DIRECTION('ref_axis',(-1.,0.,0.));
#1215=DIRECTION('center_axis',(0.,0.,1.));
#1216=DIRECTION('ref_axis',(-1.,0.,0.));
#1217=DIRECTION('center_axis',(0.,0.,1.));
#1218=DIRECTION('ref_axis',(-1.,0.,0.));
#1219=DIRECTION('',(0.,0.,1.));
#1220=DIRECTION('center_axis',(0.,0.,1.));
#1221=DIRECTION('ref_axis',(-1.,0.,0.));
#1222=DIRECTION('center_axis',(0.,0.,-1.));
#1223=DIRECTION('ref_axis',(-1.,0.,0.));
#1224=DIRECTION('center_axis',(0.,0.,-1.));
#1225=DIRECTION('ref_axis',(1.,0.,0.));
#1226=DIRECTION('center_axis',(0.,0.,-1.));
#1227=DIRECTION('ref_axis',(1.,0.,0.));
#1228=DIRECTION('',(0.,0.,-1.));
#1229=DIRECTION('center_axis',(0.,0.,-1.));
#1230=DIRECTION('ref_axis',(1.,0.,0.));
#1231=DIRECTION('center_axis',(0.,0.,1.));
#1232=DIRECTION('ref_axis',(1.,0.,0.));
#1233=DIRECTION('center_axis',(0.,0.,-1.));
#1234=DIRECTION('ref_axis',(1.,0.,0.));
#1235=DIRECTION('center_axis',(0.,0.,-1.));
#1236=DIRECTION('ref_axis',(1.,0.,0.));
#1237=DIRECTION('',(0.,0.,-1.));
#1238=DIRECTION('center_axis',(0.,0.,-1.));
#1239=DIRECTION('ref_axis',(1.,0.,0.));
#1240=DIRECTION('center_axis',(0.,0.,1.));
#1241=DIRECTION('ref_axis',(1.,0.,0.));
#1242=DIRECTION('center_axis',(0.545176633506157,-0.465774966126278,-0.697019453967361));
#1243=DIRECTION('ref_axis',(-0.496288166143467,0.490774010586913,-0.7161277307006));
#1244=DIRECTION('center_axis',(-0.471837299420687,0.539940131446499,-0.697018089671229));
#1245=DIRECTION('ref_axis',(0.494843159274677,0.816471747182811,0.297496443291856));
#1246=DIRECTION('center_axis',(-0.458881770035851,0.527117938878116,-0.715244153867511));
#1247=DIRECTION('ref_axis',(-0.509264240162535,0.503605910121204,0.697876078528752));
#1248=DIRECTION('center_axis',(-0.458882281816028,0.527118097735483,0.715243708448415));
#1249=DIRECTION('ref_axis',(0.864416664883983,0.451008652215815,0.222204916906279));
#1250=DIRECTION('center_axis',(-0.471836559623676,0.539940424178752,0.697018363703685));
#1251=DIRECTION('ref_axis',(0.496287427158503,-0.490773279812661,0.71612874363924));
#1252=DIRECTION('center_axis',(0.545176917946422,-0.465774223111592,0.697019728001463));
#1253=DIRECTION('ref_axis',(0.810891662725456,0.503937119038879,-0.297493010635778));
#1254=DIRECTION('center_axis',(0.53221409536552,-0.452963473124883,0.715242790043287));
#1255=DIRECTION('ref_axis',(0.509263318165758,-0.503604998368552,-0.697877409284047));
#1256=DIRECTION('center_axis',(0.532213930806425,-0.452962963142858,-0.715243235463584));
#1257=DIRECTION('ref_axis',(0.441314972793413,0.869404357123907,-0.222209717614498));
#1258=DIRECTION('center_axis',(0.,0.,1.));
#1259=DIRECTION('ref_axis',(1.,0.,0.));
#1260=DIRECTION('center_axis',(0.425484979896004,-0.420757503953231,0.801202630268987));
#1261=DIRECTION('ref_axis',(0.703145605485057,0.711045889860178,-7.40148683083437E-16));
#1262=DIRECTION('center_axis',(-0.49828924526332,-0.835150373651158,-0.232876966326089));
#1263=DIRECTION('ref_axis',(0.767965352064338,-0.300479906068408,-0.5656333123834));
#1264=DIRECTION('center_axis',(-0.569644273764238,0.563315073610517,-0.59848268914881));
#1265=DIRECTION('ref_axis',(0.631711180827949,-0.165745440643216,-0.75727764586243));
#1266=DIRECTION('center_axis',(0.569644705825275,-0.563315500871025,-0.598481875752024));
#1267=DIRECTION('ref_axis',(0.703145605485057,0.711045889860178,0.));
#1268=DIRECTION('center_axis',(0.,0.,1.));
#1269=DIRECTION('ref_axis',(1.,0.,0.));
#1270=DIRECTION('center_axis',(-0.829526568828702,-0.507596068649888,-0.232877441368757));
#1271=DIRECTION('ref_axis',(-0.172796373787615,0.62981674186762,-0.757279528885541));
#1272=DIRECTION('center_axis',(-0.4254842056519,0.420756738311585,0.801203443518666));
#1273=DIRECTION('ref_axis',(-0.309047502458502,0.764557572190962,-0.565633591673642));
#1274=DIRECTION('center_axis',(-0.425484407198513,0.420756937618868,-0.801203231818571));
#1275=DIRECTION('ref_axis',(0.70314560548506,0.711045889860175,0.));
#1276=DIRECTION('center_axis',(0.703145605485059,0.711045889860176,1.73275448255874E-17));
#1277=DIRECTION('ref_axis',(2.98435341661432E-33,2.43690949806274E-17,-1.));
#1278=DIRECTION('',(-0.703145605485059,-0.711045889860176,-1.73275448255874E-17));
#1279=DIRECTION('center_axis',(-0.703145605485059,-0.711045889860176,0.));
#1280=DIRECTION('ref_axis',(2.98435341661432E-33,2.43690949806274E-17,-1.));
#1281=DIRECTION('center_axis',(-0.457077046967942,-0.462212595886148,-0.759894788335368));
#1282=DIRECTION('ref_axis',(-0.71104588985983,0.70314560548541,-2.00728322852229E-12));
#1283=DIRECTION('center_axis',(-0.625784857800384,-0.632815945381229,-0.456001415588828));
#1284=DIRECTION('ref_axis',(-0.711045889860165,0.70314560548507,-2.22044604925032E-15));
#1285=DIRECTION('center_axis',(0.950026281774461,0.31216992798441,-8.43792841620029E-15));
#1286=DIRECTION('ref_axis',(-8.88178419700127E-15,1.08770485875752E-30,
-1.));
#1287=DIRECTION('center_axis',(0.997395587308299,-0.0721251857393343,2.52657413148909E-15));
#1288=DIRECTION('ref_axis',(1.06581410364015E-13,1.4388490399142E-12,-1.));
#1289=DIRECTION('center_axis',(0.,0.,1.));
#1290=DIRECTION('ref_axis',(-0.711045889860176,0.703145605485059,0.));
#1291=DIRECTION('',(-0.70314560548506,-0.711045889860176,0.));
#1292=DIRECTION('',(-0.711045889860176,0.703145605485059,0.));
#1293=DIRECTION('',(0.70314560548506,0.711045889860176,0.));
#1294=DIRECTION('center_axis',(0.70314560548506,0.711045889860176,0.));
#1295=DIRECTION('ref_axis',(-0.502785370454952,0.497199025800006,-0.707106781186548));
#1296=DIRECTION('center_axis',(0.703145605485059,0.711045889860176,0.));
#1297=DIRECTION('ref_axis',(-0.502785370454953,0.497199025800006,-0.707106781186548));
#1298=DIRECTION('',(-0.70314560548506,-0.711045889860176,0.));
#1299=DIRECTION('center_axis',(0.711045889860176,-0.70314560548506,0.));
#1300=DIRECTION('ref_axis',(0.,0.,1.));
#1301=DIRECTION('',(0.,0.,1.));
#1302=DIRECTION('',(0.70314560548506,0.711045889860176,0.));
#1303=DIRECTION('center_axis',(0.0832683612826017,-0.996527159694762,1.21150616776384E-12));
#1304=DIRECTION('ref_axis',(1.79412040779425E-12,-1.06581410364015E-12,
-1.));
#1305=DIRECTION('center_axis',(-0.301526463911208,-0.953457807960689,3.11222052696423E-15));
#1306=DIRECTION('ref_axis',(1.77635683940025E-14,-8.88178419700126E-15,
-1.));
#1307=DIRECTION('center_axis',(0.625782377968606,0.63281343768699,0.456008298725727));
#1308=DIRECTION('ref_axis',(0.711045889860174,-0.703145605485061,-3.33066907387547E-15));
#1309=DIRECTION('center_axis',(0.457077627395599,0.462213182833558,0.759894082191249));
#1310=DIRECTION('ref_axis',(0.711045889860912,-0.703145605484315,-8.99280649946389E-13));
#1311=DIRECTION('center_axis',(-0.711045889860176,0.70314560548506,-6.3897733322902E-29));
#1312=DIRECTION('ref_axis',(-5.50506830584434E-15,-5.56692122049161E-15,
-1.));
#1313=DIRECTION('',(-0.70314560548506,-0.711045889860176,0.));
#1314=DIRECTION('',(4.5434220650631E-29,-4.49294103864547E-29,-1.));
#1315=DIRECTION('',(0.70314560548506,0.711045889860176,0.));
#1316=DIRECTION('center_axis',(0.70314560548506,0.711045889860176,0.));
#1317=DIRECTION('ref_axis',(0.502785370454952,-0.497199025800006,-0.707106781186548));
#1318=DIRECTION('center_axis',(0.703145605485059,0.711045889860176,0.));
#1319=DIRECTION('ref_axis',(0.502785370454953,-0.497199025800007,-0.707106781186547));
#1320=DIRECTION('center_axis',(-0.99739561461099,0.072124808178356,-1.2278735136543E-12));
#1321=DIRECTION('ref_axis',(-1.10134124042815E-12,1.79412040779425E-12,
1.));
#1322=DIRECTION('center_axis',(-0.950027123318751,-0.312167366902273,2.89272951827085E-15));
#1323=DIRECTION('ref_axis',(8.88178419700124E-15,-1.77635683940025E-14,
1.));
#1324=DIRECTION('center_axis',(0.625783709382913,0.632814784060562,-0.456004603206312));
#1325=DIRECTION('ref_axis',(-0.71104588986017,0.703145605485066,-1.33226762955018E-14));
#1326=DIRECTION('center_axis',(0.45707625085078,0.462211790822395,-0.759895756885738));
#1327=DIRECTION('ref_axis',(-0.71104588985941,0.703145605485834,9.32587340685132E-13));
#1328=DIRECTION('center_axis',(0.70314560548506,0.711045889860176,0.));
#1329=DIRECTION('ref_axis',(-0.502785370454952,0.497199025800005,0.707106781186549));
#1330=DIRECTION('center_axis',(0.703145605485059,0.711045889860176,0.));
#1331=DIRECTION('ref_axis',(-0.502785370454954,0.497199025800007,0.707106781186547));
#1332=DIRECTION('',(-0.70314560548506,-0.711045889860176,0.));
#1333=DIRECTION('center_axis',(0.,0.,-1.));
#1334=DIRECTION('ref_axis',(0.711045889860181,-0.703145605485054,0.));
#1335=DIRECTION('',(0.711045889860176,-0.703145605485059,0.));
#1336=DIRECTION('',(0.70314560548506,0.711045889860176,0.));
#1337=DIRECTION('center_axis',(0.0832679840447461,-0.996527191216137,-1.19084537257276E-12));
#1338=DIRECTION('ref_axis',(0.315410221103483,0.0263550994782327,0.948589374363293));
#1339=DIRECTION('center_axis',(-0.30152389357782,-0.953458620812499,-5.35614030599552E-15));
#1340=DIRECTION('ref_axis',(0.581312395583676,-0.183835536304741,0.792641403367447));
#1341=DIRECTION('center_axis',(0.625781229533608,0.632812276348608,-0.456011486331099));
#1342=DIRECTION('ref_axis',(0.759086312912488,-0.359615688373412,0.542645857097096));
#1343=DIRECTION('center_axis',(0.457076831277456,0.462212377770522,-0.759895050743904));
#1344=DIRECTION('ref_axis',(0.843624119585689,-0.495935049102022,0.205783313039336));
#1345=DIRECTION('center_axis',(-0.498288891046361,-0.835149779955203,0.232879853359116));
#1346=DIRECTION('ref_axis',(0.631712663805577,-0.165743802494121,0.757276767319883));
#1347=DIRECTION('center_axis',(0.,0.,-1.));
#1348=DIRECTION('ref_axis',(0.711045889860178,-0.703145605485057,0.));
#1349=DIRECTION('center_axis',(0.703145605485059,0.711045889860176,0.));
#1350=DIRECTION('ref_axis',(0.502785370454953,-0.497199025800006,0.707106781186548));
#1351=DIRECTION('center_axis',(-0.711045889860178,0.703145605485057,0.));
#1352=DIRECTION('ref_axis',(-0.703145605485057,-0.711045889860178,0.));
#1353=DIRECTION('center_axis',(-0.703145605485059,-0.711045889860176,0.));
#1354=DIRECTION('ref_axis',(0.502785370454953,-0.497199025800006,0.707106781186548));
#1355=DIRECTION('center_axis',(-0.711045889860176,0.703145605485059,0.));
#1356=DIRECTION('ref_axis',(-0.497199025800013,-0.502785370454951,0.707106781186544));
#1357=DIRECTION('center_axis',(-0.711045889860174,0.703145605485061,0.));
#1358=DIRECTION('ref_axis',(-0.703145605485061,-0.711045889860174,0.));
#1359=DIRECTION('',(-0.711045889860176,0.703145605485059,0.));
#1360=DIRECTION('center_axis',(0.,0.,-1.));
#1361=DIRECTION('ref_axis',(-0.703145605485061,-0.711045889860174,0.));
#1362=DIRECTION('center_axis',(-0.703145605485059,-0.711045889860176,0.));
#1363=DIRECTION('ref_axis',(-0.502785370454954,0.497199025800007,0.707106781186547));
#1364=DIRECTION('center_axis',(0.,0.,-1.));
#1365=DIRECTION('ref_axis',(-0.99998439625496,-0.00558634465495075,0.));
#1366=DIRECTION('center_axis',(0.,0.,-1.));
#1367=DIRECTION('ref_axis',(-0.703145605485057,-0.711045889860178,0.));
#1368=DIRECTION('',(0.,0.,-1.));
#1369=DIRECTION('center_axis',(0.711045889860174,-0.703145605485061,0.));
#1370=DIRECTION('ref_axis',(-0.703145605485061,-0.711045889860174,0.));
#1371=DIRECTION('center_axis',(-0.703145605485059,-0.711045889860176,0.));
#1372=DIRECTION('ref_axis',(-0.502785370454953,0.497199025800006,-0.707106781186548));
#1373=DIRECTION('center_axis',(0.711045889860176,-0.703145605485059,0.));
#1374=DIRECTION('ref_axis',(-0.497199025800003,-0.502785370454954,-0.707106781186549));
#1375=DIRECTION('center_axis',(0.711045889860174,-0.703145605485061,0.));
#1376=DIRECTION('ref_axis',(-0.703145605485061,-0.711045889860174,0.));
#1377=DIRECTION('',(0.711045889860176,-0.703145605485059,0.));
#1378=DIRECTION('center_axis',(0.,0.,1.));
#1379=DIRECTION('ref_axis',(-0.703145605485057,-0.711045889860178,0.));
#1380=DIRECTION('center_axis',(-0.703145605485059,-0.711045889860176,0.));
#1381=DIRECTION('ref_axis',(0.502785370454953,-0.497199025800006,-0.707106781186547));
#1382=DIRECTION('center_axis',(-4.5434220650631E-29,4.49294103864547E-29,
1.));
#1383=DIRECTION('ref_axis',(0.00558634465495068,-0.99998439625496,0.));
#1384=DIRECTION('',(-4.5434220650631E-29,4.49294103864547E-29,1.));
#1385=DIRECTION('center_axis',(0.70314560548506,0.711045889860176,0.));
#1386=DIRECTION('ref_axis',(0.502785370454952,-0.497199025800005,0.707106781186549));
#1387=DIRECTION('center_axis',(-0.703145605485059,-0.711045889860176,0.));
#1388=DIRECTION('ref_axis',(0.711045889860176,-0.703145605485059,0.));
#1389=DIRECTION('center_axis',(-0.829525979127919,-0.507595707815799,0.232880328406771));
#1390=DIRECTION('ref_axis',(-0.30904587647773,0.764558283220846,0.565633518977177));
#1391=DIRECTION('center_axis',(0.,0.,1.));
#1392=DIRECTION('ref_axis',(1.,0.,0.));
#1393=DIRECTION('center_axis',(0.569644504242508,-0.563315301528019,0.598482255251319));
#1394=DIRECTION('ref_axis',(-0.172794752307398,0.629818243066812,0.757278650349565));
#1395=DIRECTION('center_axis',(0.,0.,1.));
#1396=DIRECTION('ref_axis',(1.,0.,0.));
#1397=DIRECTION('center_axis',(-0.569644072181254,0.563314874267297,0.598483068647709));
#1398=DIRECTION('ref_axis',(0.70314560548506,0.711045889860175,0.));
#1399=DIRECTION('center_axis',(0.425485181442353,-0.420757703260263,-0.801202418568564));
#1400=DIRECTION('ref_axis',(0.76796604487197,-0.300478272247475,0.565633239679985));
#1401=CARTESIAN_POINT('',(0.,0.,0.));
#1402=CARTESIAN_POINT('Origin',(5.92087666880952,7.66608545503733,1.7425));
#1403=CARTESIAN_POINT('',(6.1124838463042,7.85984546002423,1.7425));
#1404=CARTESIAN_POINT('Origin',(5.92087666880952,7.66608545503733,1.7425));
#1405=CARTESIAN_POINT('',(6.48055409309641,7.49586476590528,1.7425));
#1406=CARTESIAN_POINT('',(6.1124838463042,7.85984546002423,1.7425));
#1407=CARTESIAN_POINT('',(6.32674526843231,7.26472637779795,1.47));
#1408=CARTESIAN_POINT('Ctrl Pts',(6.32674526843231,7.26472637779795,1.47));
#1409=CARTESIAN_POINT('Ctrl Pts',(6.30241614490481,7.24012390122243,1.47));
#1410=CARTESIAN_POINT('Ctrl Pts',(6.27455019656826,7.21614734128857,1.47698482711071));
#1411=CARTESIAN_POINT('Ctrl Pts',(6.22008499371694,7.17575353292312,1.50489191180489));
#1412=CARTESIAN_POINT('Ctrl Pts',(6.19359245047362,7.159182329226,1.52579927652942));
#1413=CARTESIAN_POINT('Ctrl Pts',(6.15042355302987,7.1343517292127,1.57380901006791));
#1414=CARTESIAN_POINT('Ctrl Pts',(6.13076594604206,7.12436734080826,1.60422717865538));
#1415=CARTESIAN_POINT('Ctrl Pts',(6.10417496176282,7.11139987709916,1.67127340339384));
#1416=CARTESIAN_POINT('Ctrl Pts',(6.09733962390287,7.10834486886676,1.70792637259062));
#1417=CARTESIAN_POINT('Ctrl Pts',(6.09733985231139,7.10834464299604,1.77707367662246));
#1418=CARTESIAN_POINT('Ctrl Pts',(6.10417544990438,7.11139941944338,1.81372666884297));
#1419=CARTESIAN_POINT('Ctrl Pts',(6.13076691880815,7.12436644560981,1.88077290590396));
#1420=CARTESIAN_POINT('Ctrl Pts',(6.15042475058279,7.13435062707462,1.91119106523414));
#1421=CARTESIAN_POINT('Ctrl Pts',(6.19359399070914,7.15918087528828,1.95920075573215));
#1422=CARTESIAN_POINT('Ctrl Pts',(6.22008667551093,7.17575190639223,1.98010810077738));
#1423=CARTESIAN_POINT('Ctrl Pts',(6.27455207702523,7.21614547667266,2.008015169641));
#1424=CARTESIAN_POINT('Ctrl Pts',(6.30241808163507,7.24012197406989,2.015));
#1425=CARTESIAN_POINT('Ctrl Pts',(6.35107634640418,7.28932694513408,2.015));
#1426=CARTESIAN_POINT('Ctrl Pts',(6.3747400185771,7.31745909496748,2.00801516637207));
#1427=CARTESIAN_POINT('Ctrl Pts',(6.41452255787183,7.37237240626048,1.98010808549801));
#1428=CARTESIAN_POINT('Ctrl Pts',(6.4307965659702,7.39904858229827,1.95920073171097));
#1429=CARTESIAN_POINT('Ctrl Pts',(6.45514294962427,7.4424925382412,1.91119103272267));
#1430=CARTESIAN_POINT('Ctrl Pts',(6.46490687613632,7.4622606835167,1.88077287753451));
#1431=CARTESIAN_POINT('Ctrl Pts',(6.47757599370362,7.48899535572487,1.8137266526153));
#1432=CARTESIAN_POINT('Ctrl Pts',(6.48055420730072,7.49586465296986,1.77707366841659));
#1433=CARTESIAN_POINT('Ctrl Pts',(6.48055409309641,7.49586476590528,1.7425));
#1434=CARTESIAN_POINT('Ctrl Pts',(6.48055409309641,7.49586476590528,1.7425));
#1435=CARTESIAN_POINT('Ctrl Pts',(6.4805539788922,7.49586487884058,1.70792636438497));
#1436=CARTESIAN_POINT('Ctrl Pts',(6.47757552787971,7.48899583223645,1.67127338716661));
#1437=CARTESIAN_POINT('Ctrl Pts',(6.46490595601413,7.46226161714139,1.60422715028668));
#1438=CARTESIAN_POINT('Ctrl Pts',(6.45514181131348,7.44249367836198,1.57380897755729));
#1439=CARTESIAN_POINT('Ctrl Pts',(6.43079506043229,7.3990500489156,1.52579925250888));
#1440=CARTESIAN_POINT('Ctrl Pts',(6.41452088053916,7.37237402183967,1.50489189652592));
#1441=CARTESIAN_POINT('Ctrl Pts',(6.37473811229966,7.31746092941747,1.47698482384187));
#1442=CARTESIAN_POINT('Ctrl Pts',(6.35107438618599,7.28932884853478,1.47));
#1443=CARTESIAN_POINT('Ctrl Pts',(6.32674526843231,7.26472637779795,1.47));
#1444=CARTESIAN_POINT('Origin',(6.8909062356958,7.79301294572768,0.5));
#1445=CARTESIAN_POINT('',(7.0809062356958,7.79301294572768,0.5));
#1446=CARTESIAN_POINT('Origin',(6.8909062356958,7.79301294572768,0.5));
#1447=CARTESIAN_POINT('',(7.0809062356958,7.79301294572768,1.));
#1448=CARTESIAN_POINT('',(7.0809062356958,7.79301294572768,0.5));
#1449=CARTESIAN_POINT('Origin',(6.8909062356958,7.79301294572768,1.));
#1450=CARTESIAN_POINT('Origin',(6.8909062356958,7.79301294572768,1.));
#1451=CARTESIAN_POINT('Origin',(6.81995547850271,5.81791420294267,0.5));
#1452=CARTESIAN_POINT('',(7.00995547850271,5.81791420294267,0.5));
#1453=CARTESIAN_POINT('Origin',(6.81995547850271,5.81791420294267,0.5));
#1454=CARTESIAN_POINT('',(7.00995547850271,5.81791420294267,1.));
#1455=CARTESIAN_POINT('',(7.00995547850271,5.81791420294267,0.5));
#1456=CARTESIAN_POINT('Origin',(6.81995547850271,5.81791420294267,1.));
#1457=CARTESIAN_POINT('Origin',(6.81995547850271,5.81791420294267,1.));
#1458=CARTESIAN_POINT('Origin',(5.63794674922433,6.78562104786601,2.985));
#1459=CARTESIAN_POINT('',(5.44774264837737,6.78562104786601,2.985));
#1460=CARTESIAN_POINT('Origin',(5.63794674922433,6.78562104786601,2.985));
#1461=CARTESIAN_POINT('',(5.44774264837737,6.78562104786601,2.485));
#1462=CARTESIAN_POINT('',(5.44774264837737,6.78562104786601,2.985));
#1463=CARTESIAN_POINT('Origin',(5.63794674922433,6.78562104786601,2.485));
#1464=CARTESIAN_POINT('Origin',(5.63794674922433,6.78562104786601,2.485));
#1465=CARTESIAN_POINT('Origin',(7.99504345624238,6.88313824294624,2.985));
#1466=CARTESIAN_POINT('',(7.80504345624238,6.88313824294624,2.985));
#1467=CARTESIAN_POINT('Origin',(7.99504345624238,6.88313824294624,2.985));
#1468=CARTESIAN_POINT('',(7.80504345624238,6.88313824294624,2.485));
#1469=CARTESIAN_POINT('',(7.80504345624238,6.88313824294624,2.985));
#1470=CARTESIAN_POINT('Origin',(7.99504345624238,6.88313824294624,2.485));
#1471=CARTESIAN_POINT('Origin',(7.99504345624238,6.88313824294624,2.485));
#1472=CARTESIAN_POINT('Ctrl Pts',(8.78113448286354,9.51087410908133,2.26169018378074));
#1473=CARTESIAN_POINT('Ctrl Pts',(8.83099597198902,9.4526511970567,2.33614583897535));
#1474=CARTESIAN_POINT('Ctrl Pts',(8.92061545798376,9.34500311153483,2.42178500787606));
#1475=CARTESIAN_POINT('Ctrl Pts',(9.09711404278892,9.15083954357212,2.48077909495044));
#1476=CARTESIAN_POINT('Ctrl Pts',(9.29652587929131,8.96570392271746,2.45066335233563));
#1477=CARTESIAN_POINT('Ctrl Pts',(9.44197579664919,8.84846068947101,2.33614503764557));
#1478=CARTESIAN_POINT('Ctrl Pts',(9.50075199529904,8.79925284350716,2.26168923671649));
#1479=CARTESIAN_POINT('Ctrl Pts',(8.79465324682927,9.52355944389188,2.26236543779628));
#1480=CARTESIAN_POINT('Ctrl Pts',(8.84527845413332,9.46569313200117,2.33689843469897));
#1481=CARTESIAN_POINT('Ctrl Pts',(8.93610827493494,9.35860565000135,2.42229642608382));
#1482=CARTESIAN_POINT('Ctrl Pts',(9.1125809267981,9.16608601028376,2.48052789040454));
#1483=CARTESIAN_POINT('Ctrl Pts',(9.31014231086582,8.98182592223029,2.45098759355906));
#1484=CARTESIAN_POINT('Ctrl Pts',(9.45485731056609,8.86288793884153,2.33689762884587));
#1485=CARTESIAN_POINT('Ctrl Pts',(9.51328546333958,8.812912435273,2.26236448045293));
#1486=CARTESIAN_POINT('Ctrl Pts',(8.81642010650443,9.55411728820657,2.2713020640938));
#1487=CARTESIAN_POINT('Ctrl Pts',(8.86889742913626,9.49664667413981,2.34777893610118));
#1488=CARTESIAN_POINT('Ctrl Pts',(8.96316476550133,9.38967351108125,2.43563320756186));
#1489=CARTESIAN_POINT('Ctrl Pts',(9.14304510343736,9.19702676135881,2.49508658190898));
#1490=CARTESIAN_POINT('Ctrl Pts',(9.34094539060964,9.01051839215473,2.46507104194818));
#1491=CARTESIAN_POINT('Ctrl Pts',(9.48554494568691,8.88685118387822,2.34777804428915));
#1492=CARTESIAN_POINT('Ctrl Pts',(9.54359810896105,8.83501926146936,2.27130101706515));
#1493=CARTESIAN_POINT('Ctrl Pts',(8.82283636784053,9.59773168307079,2.30074424210732));
#1494=CARTESIAN_POINT('Ctrl Pts',(8.87722056904219,9.53867866115194,2.38360881829255));
#1495=CARTESIAN_POINT('Ctrl Pts',(8.97597425940069,9.42710355679645,2.48088821324703));
#1496=CARTESIAN_POINT('Ctrl Pts',(9.16648397407178,9.22334847847527,2.54788376531025));
#1497=CARTESIAN_POINT('Ctrl Pts',(9.37662860837738,9.02518811794908,2.51368878849204));
#1498=CARTESIAN_POINT('Ctrl Pts',(9.52748126661811,8.8956434533551,2.38360766811716));
#1499=CARTESIAN_POINT('Ctrl Pts',(9.58713800886714,8.84192246564236,2.30074294475791));
#1500=CARTESIAN_POINT('Ctrl Pts',(8.80850782518516,9.62824327228127,2.33407934876294));
#1501=CARTESIAN_POINT('Ctrl Pts',(8.86353339459613,9.565566347318,2.42360169877836));
#1502=CARTESIAN_POINT('Ctrl Pts',(8.96463863341241,9.44589863976066,2.53029227567542));
#1503=CARTESIAN_POINT('Ctrl Pts',(9.16564871721307,9.22586718688487,2.60485948797911));
#1504=CARTESIAN_POINT('Ctrl Pts',(9.39269766964753,9.0145993980882,2.56645870774748));
#1505=CARTESIAN_POINT('Ctrl Pts',(9.55452028867366,8.88225770869669,2.42360032801887));
#1506=CARTESIAN_POINT('Ctrl Pts',(9.61780783360249,8.82793589873075,2.33407783146253));
#1507=CARTESIAN_POINT('Ctrl Pts',(8.79114280381062,9.63875274580132,2.35397546266458));
#1508=CARTESIAN_POINT('Ctrl Pts',(8.84607877113524,9.57290686082283,2.44692251740168));
#1509=CARTESIAN_POINT('Ctrl Pts',(8.94771760234899,9.44697103292734,2.55786093242476));
#1510=CARTESIAN_POINT('Ctrl Pts',(9.15412723916232,9.21620507738066,2.63547443350523));
#1511=CARTESIAN_POINT('Ctrl Pts',(9.39176398733421,8.99767370479528,2.59548005985174));
#1512=CARTESIAN_POINT('Ctrl Pts',(9.56205549313899,8.8648863263129,2.44692107578545));
#1513=CARTESIAN_POINT('Ctrl Pts',(9.6285107785612,8.81068953057472,2.35397386444401));
#1514=CARTESIAN_POINT('Ctrl Pts',(8.78099007747693,9.6415985906169,2.36305273180953));
#1515=CARTESIAN_POINT('Ctrl Pts',(8.83581886620054,9.57400585782091,2.45735942435739));
#1516=CARTESIAN_POINT('Ctrl Pts',(8.93756739162645,9.44485132454066,2.56971151803008));
#1517=CARTESIAN_POINT('Ctrl Pts',(9.14622520237216,9.20907283388723,2.64814809494626));
#1518=CARTESIAN_POINT('Ctrl Pts',(9.38863313920238,8.98744912942641,2.60778082064642));
#1519=CARTESIAN_POINT('Ctrl Pts',(9.56326913549473,8.85463940777931,2.4573579729039));
#1520=CARTESIAN_POINT('Ctrl Pts',(9.63146995486474,8.80056930734088,2.36305111526253));
#1521=CARTESIAN_POINT('',(9.50075199529904,8.79925284350716,2.26168923671649));
#1522=CARTESIAN_POINT('',(9.63146995486474,8.80056930734088,2.36305111526253));
#1523=CARTESIAN_POINT('Origin',(9.55038081191339,8.75017544244847,2.33330200978655));
#1524=CARTESIAN_POINT('',(9.11957957245282,9.13346061441933,2.46738943742083));
#1525=CARTESIAN_POINT('Ctrl Pts',(9.11957957245282,9.13346061441933,2.46738943742083));
#1526=CARTESIAN_POINT('Ctrl Pts',(9.17665989236074,9.07726655194449,2.46731964744478));
#1527=CARTESIAN_POINT('Ctrl Pts',(9.31470762968687,8.95104810687943,2.43634816088529));
#1528=CARTESIAN_POINT('Ctrl Pts',(9.44197579664919,8.84846068947101,2.33614503764557));
#1529=CARTESIAN_POINT('Ctrl Pts',(9.50075199529904,8.79925284350716,2.26168923671649));
#1530=CARTESIAN_POINT('',(8.78113448286355,9.51087410908133,2.26169018378074));
#1531=CARTESIAN_POINT('Ctrl Pts',(8.78113448286354,9.51087410908133,2.26169018378074));
#1532=CARTESIAN_POINT('Ctrl Pts',(8.83099597198902,9.4526511970567,2.33614583897535));
#1533=CARTESIAN_POINT('Ctrl Pts',(8.92061545798376,9.34500311153483,2.42178500787606));
#1534=CARTESIAN_POINT('Ctrl Pts',(9.04416496314626,9.20908806853967,2.46308103454732));
#1535=CARTESIAN_POINT('Ctrl Pts',(9.10055208650678,9.15219267015615,2.46741270161751));
#1536=CARTESIAN_POINT('Ctrl Pts',(9.11957957245282,9.13346061441933,2.46738943742083));
#1537=CARTESIAN_POINT('',(8.78099007747693,9.6415985906169,2.36305273180953));
#1538=CARTESIAN_POINT('Origin',(8.73150576154946,9.55995141589862,2.33330308748035));
#1539=CARTESIAN_POINT('Ctrl Pts',(9.63146995486474,8.80056930734088,2.36305111526253));
#1540=CARTESIAN_POINT('Ctrl Pts',(9.56326913549473,8.85463940777931,2.4573579729039));
#1541=CARTESIAN_POINT('Ctrl Pts',(9.38863313920238,8.98744912942641,2.60778082064642));
#1542=CARTESIAN_POINT('Ctrl Pts',(9.14622520237216,9.20907283388723,2.64814809494626));
#1543=CARTESIAN_POINT('Ctrl Pts',(8.93756739162645,9.44485132454066,2.56971151803008));
#1544=CARTESIAN_POINT('Ctrl Pts',(8.83581886620054,9.57400585782091,2.45735942435739));
#1545=CARTESIAN_POINT('Ctrl Pts',(8.78099007747693,9.6415985906169,2.36305273180953));
#1546=CARTESIAN_POINT('Ctrl Pts',(9.51015946734315,8.78995000210669,2.24845712763922));
#1547=CARTESIAN_POINT('Ctrl Pts',(9.55862905285863,8.73310635456198,2.1720674138269));
#1548=CARTESIAN_POINT('Ctrl Pts',(9.60999489871328,8.66329690245178,2.03267252394725));
#1549=CARTESIAN_POINT('Ctrl Pts',(9.64212395665678,8.61191115109963,1.77068815334719));
#1550=CARTESIAN_POINT('Ctrl Pts',(9.62674365735232,8.63917096203616,1.49876984525344));
#1551=CARTESIAN_POINT('Ctrl Pts',(9.55862910402859,8.73310600912446,1.31292623640935));
#1552=CARTESIAN_POINT('Ctrl Pts',(9.5101595757299,8.78994964228903,1.23653647502522));
#1553=CARTESIAN_POINT('Ctrl Pts',(9.5236655603014,8.80264778401561,2.24776432337637));
#1554=CARTESIAN_POINT('Ctrl Pts',(9.57274577501588,8.74631181249703,2.17108246241875));
#1555=CARTESIAN_POINT('Ctrl Pts',(9.62481843343928,8.67756017213711,2.03122167151212));
#1556=CARTESIAN_POINT('Ctrl Pts',(9.6572142943053,8.62752805283303,1.77041109796822));
#1557=CARTESIAN_POINT('Ctrl Pts',(9.64176600302398,8.65390143628193,1.50042308930748));
#1558=CARTESIAN_POINT('Ctrl Pts',(9.57274584262494,8.74631148144533,1.31391119182723));
#1559=CARTESIAN_POINT('Ctrl Pts',(9.52366568718477,8.80264743781125,1.2372292838662));
#1560=CARTESIAN_POINT('Ctrl Pts',(9.55605998653179,8.82269598394078,2.25377270788697));
#1561=CARTESIAN_POINT('Ctrl Pts',(9.60763511896538,8.76611942456209,2.17605221161341));
#1562=CARTESIAN_POINT('Ctrl Pts',(9.66320942047652,8.69741726060766,2.03382849943734));
#1563=CARTESIAN_POINT('Ctrl Pts',(9.69809434772739,8.64816481469155,1.77050561269049));
#1564=CARTESIAN_POINT('Ctrl Pts',(9.68135240040376,8.67390573260771,1.49869534872901));
#1565=CARTESIAN_POINT('Ctrl Pts',(9.60763523843218,8.7661191033552,1.30894144066366));
#1566=CARTESIAN_POINT('Ctrl Pts',(9.55606016745918,8.82269564794104,1.23122089467117));
#1567=CARTESIAN_POINT('Ctrl Pts',(9.60197494895236,8.82725053427051,2.27987398860946));
#1568=CARTESIAN_POINT('Ctrl Pts',(9.65824234331091,8.76633708078451,2.19968450067587));
#1569=CARTESIAN_POINT('Ctrl Pts',(9.72043304163691,8.69092694762452,2.0510355920334));
#1570=CARTESIAN_POINT('Ctrl Pts',(9.76038039416355,8.63607202800517,1.77234716593806));
#1571=CARTESIAN_POINT('Ctrl Pts',(9.74089629578477,8.66498033019649,1.48364178208956));
#1572=CARTESIAN_POINT('Ctrl Pts',(9.65824252778044,8.76633669726444,1.28530912737732));
#1573=CARTESIAN_POINT('Ctrl Pts',(9.60197519630562,8.82725014137254,1.20511957749561));
#1574=CARTESIAN_POINT('Ctrl Pts',(9.63385119466981,8.8120709624743,2.31151197593171));
#1575=CARTESIAN_POINT('Ctrl Pts',(9.69335702151399,8.74496629960558,2.22831779876186));
#1576=CARTESIAN_POINT('Ctrl Pts',(9.7593550524249,8.66002676521153,2.07230693182651));
#1577=CARTESIAN_POINT('Ctrl Pts',(9.80173979387943,8.59687244819761,1.77471162926991));
#1578=CARTESIAN_POINT('Ctrl Pts',(9.7810697308276,8.63055961107703,1.4647757201089));
#1579=CARTESIAN_POINT('Ctrl Pts',(9.69335721442458,8.74496581529191,1.25667581032371));
#1580=CARTESIAN_POINT('Ctrl Pts',(9.63385145407392,8.81207047273984,1.17348155695815));
#1581=CARTESIAN_POINT('Ctrl Pts',(9.64466905575352,8.79471094457759,2.33124637446203));
#1582=CARTESIAN_POINT('Ctrl Pts',(9.70498117441678,8.72355234056126,2.24588748214156));
#1583=CARTESIAN_POINT('Ctrl Pts',(9.77112997863905,8.63272588549546,2.08509015011634));
#1584=CARTESIAN_POINT('Ctrl Pts',(9.81298441774782,8.56470393672463,1.77610982628139));
#1585=CARTESIAN_POINT('Ctrl Pts',(9.7927835933518,8.60113121992869,1.45354128364736));
#1586=CARTESIAN_POINT('Ctrl Pts',(9.70498133694063,8.72355179039566,1.23910612669529));
#1587=CARTESIAN_POINT('Ctrl Pts',(9.64466928864559,8.79471038792112,1.15374715000317));
#1588=CARTESIAN_POINT('Ctrl Pts',(9.64752752547587,8.7846903083284,2.34046527390649));
#1589=CARTESIAN_POINT('Ctrl Pts',(9.70788007276662,8.71163942934479,2.25395427567844));
#1590=CARTESIAN_POINT('Ctrl Pts',(9.77347952305521,8.61824735865417,2.09081597060241));
#1591=CARTESIAN_POINT('Ctrl Pts',(9.81452534505405,8.54823707919913,1.77671345167049));
#1592=CARTESIAN_POINT('Ctrl Pts',(9.79487162626873,8.58574802801749,1.44857926352782));
#1593=CARTESIAN_POINT('Ctrl Pts',(9.70788021132817,8.71163885006862,1.23103933769193));
#1594=CARTESIAN_POINT('Ctrl Pts',(9.64752773661172,8.78468972058569,1.14452825161912));
#1595=CARTESIAN_POINT('',(9.5101595757299,8.78994964228903,1.23653647502522));
#1596=CARTESIAN_POINT('',(9.64752773661173,8.78468972058569,1.14452825161912));
#1597=CARTESIAN_POINT('Origin',(9.56108599974616,8.73958905127691,1.16674886717234));
#1598=CARTESIAN_POINT('',(9.51015946734315,8.78995000210668,2.24845712763922));
#1599=CARTESIAN_POINT('Ctrl Pts',(9.51015946734315,8.78995000210669,2.24845712763922));
#1600=CARTESIAN_POINT('Ctrl Pts',(9.55862905285863,8.73310635456198,2.1720674138269));
#1601=CARTESIAN_POINT('Ctrl Pts',(9.60999489871328,8.66329690245178,2.03267252394725));
#1602=CARTESIAN_POINT('Ctrl Pts',(9.64212395665678,8.61191115109963,1.77068815334719));
#1603=CARTESIAN_POINT('Ctrl Pts',(9.62674365735232,8.63917096203616,1.49876984525344));
#1604=CARTESIAN_POINT('Ctrl Pts',(9.55862910402859,8.73310600912446,1.31292623640935));
#1605=CARTESIAN_POINT('Ctrl Pts',(9.5101595757299,8.78994964228903,1.23653647502522));
#1606=CARTESIAN_POINT('',(9.64752752547587,8.78469030832839,2.34046527390649));
#1607=CARTESIAN_POINT('Origin',(9.56108585898748,8.73958944310681,2.31824478221586));
#1608=CARTESIAN_POINT('Ctrl Pts',(9.64752773661172,8.78468972058569,1.14452825161912));
#1609=CARTESIAN_POINT('Ctrl Pts',(9.70788021132817,8.71163885006862,1.23103933769193));
#1610=CARTESIAN_POINT('Ctrl Pts',(9.79487162626873,8.58574802801749,1.44857926352782));
#1611=CARTESIAN_POINT('Ctrl Pts',(9.81452534505405,8.54823707919913,1.77671345167049));
#1612=CARTESIAN_POINT('Ctrl Pts',(9.77347952305521,8.61824735865417,2.09081597060241));
#1613=CARTESIAN_POINT('Ctrl Pts',(9.70788007276662,8.71163942934479,2.25395427567844));
#1614=CARTESIAN_POINT('Ctrl Pts',(9.64752752547587,8.7846903083284,2.34046527390649));
#1615=CARTESIAN_POINT('Ctrl Pts',(9.50075199529904,8.79925284350716,2.26168923671649));
#1616=CARTESIAN_POINT('Ctrl Pts',(9.50418560968726,8.7963781974464,2.25733964427552));
#1617=CARTESIAN_POINT('Ctrl Pts',(9.5073274746081,8.79327127657537,2.2529204444233));
#1618=CARTESIAN_POINT('Ctrl Pts',(9.51015946734314,8.78995000210669,2.24845712763922));
#1619=CARTESIAN_POINT('Ctrl Pts',(9.51328546333958,8.812912435273,2.26236448045293));
#1620=CARTESIAN_POINT('Ctrl Pts',(9.51707226072212,8.80972988773699,2.25757076880268));
#1621=CARTESIAN_POINT('Ctrl Pts',(9.52053849543357,8.80630220388016,2.25269532580786));
#1622=CARTESIAN_POINT('Ctrl Pts',(9.5236655603014,8.80264778401561,2.24776432337637));
#1623=CARTESIAN_POINT('Ctrl Pts',(9.54353123259235,8.83493500947288,2.27130500983355));
#1624=CARTESIAN_POINT('Ctrl Pts',(9.54806689559137,8.83109450381709,2.26555759068493));
#1625=CARTESIAN_POINT('Ctrl Pts',(9.55222382414609,8.82698380585841,2.25971064969242));
#1626=CARTESIAN_POINT('Ctrl Pts',(9.55598764281073,8.82261713126835,2.25378440658323));
#1627=CARTESIAN_POINT('Ctrl Pts',(9.59907744115176,8.84386898900991,2.30878067973277));
#1628=CARTESIAN_POINT('Ctrl Pts',(9.60469158484585,8.83907543575604,2.30163164417556));
#1629=CARTESIAN_POINT('Ctrl Pts',(9.60986340376619,8.83396113139093,2.29435720329136));
#1630=CARTESIAN_POINT('Ctrl Pts',(9.61456699005102,8.82855169584507,2.28699379781279));
#1631=CARTESIAN_POINT('Ctrl Pts',(9.62555160225768,8.82080975380856,2.3448966136255));
#1632=CARTESIAN_POINT('Ctrl Pts',(9.63143829306282,8.81577658806516,2.33737604087562));
#1633=CARTESIAN_POINT('Ctrl Pts',(9.63685780400528,8.81041734571969,2.32975320617661));
#1634=CARTESIAN_POINT('Ctrl Pts',(9.64181058603116,8.80473158082679,2.32202747501756));
#1635=CARTESIAN_POINT('Ctrl Pts',(9.63146995486474,8.80056930734087,2.36305111526252));
#1636=CARTESIAN_POINT('Ctrl Pts',(9.63727690504751,8.79560810420331,2.35562681092362));
#1637=CARTESIAN_POINT('Ctrl Pts',(9.64263973978131,8.7903049079753,2.34808369393449));
#1638=CARTESIAN_POINT('Ctrl Pts',(9.64752752547587,8.78469030832839,2.34046527390649));
#1639=CARTESIAN_POINT('Ctrl Pts',(9.50075199529904,8.79925284350716,2.26168923671649));
#1640=CARTESIAN_POINT('Ctrl Pts',(9.50418560968726,8.7963781974464,2.25733964427552));
#1641=CARTESIAN_POINT('Ctrl Pts',(9.5073274746081,8.79327127657537,2.2529204444233));
#1642=CARTESIAN_POINT('Ctrl Pts',(9.51015946734314,8.78995000210669,2.24845712763922));
#1643=CARTESIAN_POINT('Ctrl Pts',(9.64752752547587,8.78469030832839,2.34046527390649));
#1644=CARTESIAN_POINT('Ctrl Pts',(9.64263973978131,8.7903049079753,2.34808369393449));
#1645=CARTESIAN_POINT('Ctrl Pts',(9.63727690504751,8.79560810420331,2.35562681092362));
#1646=CARTESIAN_POINT('Ctrl Pts',(9.63146995486474,8.80056930734087,2.36305111526252));
#1647=CARTESIAN_POINT('Ctrl Pts',(9.50075202054395,8.79925255868984,1.22330423988581));
#1648=CARTESIAN_POINT('Ctrl Pts',(9.44197574968231,8.84846034635586,1.14884836625652));
#1649=CARTESIAN_POINT('Ctrl Pts',(9.33333786308771,8.93686962924579,1.06320977627525));
#1650=CARTESIAN_POINT('Ctrl Pts',(9.13721123592737,9.11118863258489,1.0042131412261));
#1651=CARTESIAN_POINT('Ctrl Pts',(8.94986106947272,9.30851800645051,1.03432683338617));
#1652=CARTESIAN_POINT('Ctrl Pts',(8.83099562941584,9.45265114625381,1.14884756492556));
#1653=CARTESIAN_POINT('Ctrl Pts',(8.78113419777856,9.51087413113816,1.22330329282012));
#1654=CARTESIAN_POINT('Ctrl Pts',(9.51328549696017,8.81291217350457,1.22262898559027));
#1655=CARTESIAN_POINT('Ctrl Pts',(9.45485727269661,8.86288762673429,1.14809576262982));
#1656=CARTESIAN_POINT('Ctrl Pts',(9.34676644485922,8.95251345896085,1.06269760843392));
#1657=CARTESIAN_POINT('Ctrl Pts',(9.1522839617646,9.12682502181264,1.00446378090295));
#1658=CARTESIAN_POINT('Ctrl Pts',(8.96582998525341,9.32231386813154,1.03400181320189));
#1659=CARTESIAN_POINT('Ctrl Pts',(8.84527814246484,9.46569309064161,1.14809495677541));
#1660=CARTESIAN_POINT('Ctrl Pts',(8.7946529846985,9.52355947458142,1.22262802824529));
#1661=CARTESIAN_POINT('Ctrl Pts',(9.54359814942998,8.83501910331119,1.21369248043556));
#1662=CARTESIAN_POINT('Ctrl Pts',(9.48554491876967,8.88685098870373,1.1372153646294));
#1663=CARTESIAN_POINT('Ctrl Pts',(9.37752983721764,8.97991521269802,1.0493609839241));
#1664=CARTESIAN_POINT('Ctrl Pts',(9.18288233269709,9.15763303681431,0.989905198016898));
#1665=CARTESIAN_POINT('Ctrl Pts',(8.994176545484,9.35343557209761,1.01991831516508));
#1666=CARTESIAN_POINT('Ctrl Pts',(8.86889723427218,9.49664664503827,1.13721447281632));
#1667=CARTESIAN_POINT('Ctrl Pts',(8.81641994790218,9.55411732690163,1.21369143340553));
#1668=CARTESIAN_POINT('Ctrl Pts',(9.58713812087558,8.84192225566565,1.18425044860942));
#1669=CARTESIAN_POINT('Ctrl Pts',(9.52748131070491,8.89564320205897,1.10138560199727));
#1670=CARTESIAN_POINT('Ctrl Pts',(9.41481479434502,8.99314186420259,1.00410605200898));
#1671=CARTESIAN_POINT('Ctrl Pts',(9.20894070021139,9.18136437688094,0.937107562728687));
#1672=CARTESIAN_POINT('Ctrl Pts',(9.00844675175209,9.38928048089397,0.971299825281789));
#1673=CARTESIAN_POINT('Ctrl Pts',(8.8772203172658,9.53867870242337,1.10138445181879));
#1674=CARTESIAN_POINT('Ctrl Pts',(8.82283615662289,9.59773179272248,1.18424915125677));
#1675=CARTESIAN_POINT('Ctrl Pts',(9.61780795675638,8.82793560898955,1.15091551538517));
#1676=CARTESIAN_POINT('Ctrl Pts',(9.55452033062904,8.88225735508004,1.06139287053098));
#1677=CARTESIAN_POINT('Ctrl Pts',(9.43373626791583,8.98201725297095,0.954702736770697));
#1678=CARTESIAN_POINT('Ctrl Pts',(9.21146904773805,9.18055731794325,0.880132023617028));
#1679=CARTESIAN_POINT('Ctrl Pts',(8.99767964052381,9.40523032937218,0.918529961938798));
#1680=CARTESIAN_POINT('Ctrl Pts',(8.86353304052787,9.5655663853142,1.06139149976771));
#1681=CARTESIAN_POINT('Ctrl Pts',(8.80850753408213,9.62824339218604,1.15091399808083));
#1682=CARTESIAN_POINT('Ctrl Pts',(9.62851086737218,8.81068910552656,1.13101944068697));
#1683=CARTESIAN_POINT('Ctrl Pts',(9.56205548612811,8.86488581882142,1.03807207692062));
#1684=CARTESIAN_POINT('Ctrl Pts',(9.43499792497741,8.9651090370676,0.927133769553426));
#1685=CARTESIAN_POINT('Ctrl Pts',(9.2019361883046,9.16892819951559,0.849516682221839));
#1686=CARTESIAN_POINT('Ctrl Pts',(8.98076521477093,9.40410716351012,0.889508015021747));
#1687=CARTESIAN_POINT('Ctrl Pts',(8.84607826374719,9.57290684813545,1.03807063530065));
#1688=CARTESIAN_POINT('Ctrl Pts',(8.79114237779124,9.63875282985258,1.13101784246237));
#1689=CARTESIAN_POINT('Ctrl Pts',(9.63147002483267,8.800568848371,1.12194219508806));
#1690=CARTESIAN_POINT('Ctrl Pts',(9.56326910125235,8.85463885730094,1.02763518688325));
#1691=CARTESIAN_POINT('Ctrl Pts',(9.43299213637848,8.95493601586451,0.915283184998031));
#1692=CARTESIAN_POINT('Ctrl Pts',(9.19489287932261,9.16094704921775,0.836843026220534));
#1693=CARTESIAN_POINT('Ctrl Pts',(8.97057650199881,9.40086231825424,0.877207204066862));
#1694=CARTESIAN_POINT('Ctrl Pts',(8.8358183161321,9.57400581742293,1.02763373542644));
#1695=CARTESIAN_POINT('Ctrl Pts',(8.78098961774808,9.64159865544685,1.12194057853731));
#1696=CARTESIAN_POINT('',(8.78113419777856,9.51087413113815,1.22330329282012));
#1697=CARTESIAN_POINT('',(8.78098961774808,9.64159865544684,1.12194057853731));
#1698=CARTESIAN_POINT('Origin',(8.73150545506271,9.55995145911942,1.1516904184562));
#1699=CARTESIAN_POINT('',(9.50075202054395,8.79925255868984,1.22330423988581));
#1700=CARTESIAN_POINT('Ctrl Pts',(9.50075202054395,8.79925255868984,1.22330423988581));
#1701=CARTESIAN_POINT('Ctrl Pts',(9.44197574968231,8.84846034635586,1.14884836625652));
#1702=CARTESIAN_POINT('Ctrl Pts',(9.33333786308771,8.93686962924579,1.06320977627525));
#1703=CARTESIAN_POINT('Ctrl Pts',(9.13721123592737,9.11118863258489,1.0042131412261));
#1704=CARTESIAN_POINT('Ctrl Pts',(8.94986106947272,9.30851800645051,1.03432683338617));
#1705=CARTESIAN_POINT('Ctrl Pts',(8.83099562941584,9.45265114625381,1.14884756492556));
#1706=CARTESIAN_POINT('Ctrl Pts',(8.78113419777856,9.51087413113816,1.22330329282012));
#1707=CARTESIAN_POINT('',(9.63147002483267,8.800568848371,1.12194219508806));
#1708=CARTESIAN_POINT('Origin',(9.55038085856013,8.75017513646711,1.15169149615164));
#1709=CARTESIAN_POINT('Ctrl Pts',(8.78098961774808,9.64159865544685,1.12194057853731));
#1710=CARTESIAN_POINT('Ctrl Pts',(8.8358183161321,9.57400581742293,1.02763373542644));
#1711=CARTESIAN_POINT('Ctrl Pts',(8.97057650199881,9.40086231825424,0.877207204066862));
#1712=CARTESIAN_POINT('Ctrl Pts',(9.19489287932261,9.16094704921775,0.836843026220534));
#1713=CARTESIAN_POINT('Ctrl Pts',(9.43299213637848,8.95493601586451,0.915283184998031));
#1714=CARTESIAN_POINT('Ctrl Pts',(9.56326910125235,8.85463885730094,1.02763518688325));
#1715=CARTESIAN_POINT('Ctrl Pts',(9.63147002483267,8.800568848371,1.12194219508806));
#1716=CARTESIAN_POINT('Ctrl Pts',(9.51015957572991,8.78994964228903,1.23653647502522));
#1717=CARTESIAN_POINT('Ctrl Pts',(9.50732756085089,8.79327094580797,1.23207311529307));
#1718=CARTESIAN_POINT('Ctrl Pts',(9.50418566804946,8.79637789184055,1.22765387318187));
#1719=CARTESIAN_POINT('Ctrl Pts',(9.50075202054395,8.79925255868984,1.22330423988581));
#1720=CARTESIAN_POINT('Ctrl Pts',(9.52366568718477,8.80264743781125,1.2372292838662));
#1721=CARTESIAN_POINT('Ctrl Pts',(9.52053859738673,8.80630189012528,1.23229823321875));
#1722=CARTESIAN_POINT('Ctrl Pts',(9.51707233141475,8.80972960229576,1.22742274290976));
#1723=CARTESIAN_POINT('Ctrl Pts',(9.51328549696017,8.81291217350457,1.22262898559027));
#1724=CARTESIAN_POINT('Ctrl Pts',(9.55598795238711,8.82261701294529,1.23120927383268));
#1725=CARTESIAN_POINT('Ctrl Pts',(9.5522241027043,8.82698372729036,1.22528297125733));
#1726=CARTESIAN_POINT('Ctrl Pts',(9.54806712406514,8.83109447179766,1.21943595577555));
#1727=CARTESIAN_POINT('Ctrl Pts',(9.5435314156528,8.83493500732571,1.21368848050956));
#1728=CARTESIAN_POINT('Ctrl Pts',(9.61456749757847,8.82855159252975,1.19799982794179));
#1729=CARTESIAN_POINT('Ctrl Pts',(9.60986387188584,8.83396107779452,1.19063634784165));
#1730=CARTESIAN_POINT('Ctrl Pts',(9.60469198540748,8.83907544546266,1.18336180672399));
#1731=CARTESIAN_POINT('Ctrl Pts',(9.59907778525829,8.84386903679199,1.17621270055479));
#1732=CARTESIAN_POINT('Ctrl Pts',(9.64181084067946,8.80473105525656,1.16296604838722));
#1733=CARTESIAN_POINT('Ctrl Pts',(9.63685801834117,8.81041687101645,1.1552402409177));
#1734=CARTESIAN_POINT('Ctrl Pts',(9.63143845827507,8.81577615830045,1.14761733154971));
#1735=CARTESIAN_POINT('Ctrl Pts',(9.62555170991168,8.82080936268212,1.14009668628588));
#1736=CARTESIAN_POINT('Ctrl Pts',(9.64752773661172,8.7846897205857,1.14452825161912));
#1737=CARTESIAN_POINT('Ctrl Pts',(9.64263991237984,8.79030436907022,1.13690975828321));
#1738=CARTESIAN_POINT('Ctrl Pts',(9.63727703030599,8.7956076084984,1.12936656916237));
#1739=CARTESIAN_POINT('Ctrl Pts',(9.63147002483267,8.800568848371,1.12194219508806));
#1740=CARTESIAN_POINT('Ctrl Pts',(9.51015957572991,8.78994964228903,1.23653647502522));
#1741=CARTESIAN_POINT('Ctrl Pts',(9.50732756085089,8.79327094580797,1.23207311529307));
#1742=CARTESIAN_POINT('Ctrl Pts',(9.50418566804946,8.79637789184055,1.22765387318187));
#1743=CARTESIAN_POINT('Ctrl Pts',(9.50075202054395,8.79925255868984,1.22330423988581));
#1744=CARTESIAN_POINT('Ctrl Pts',(9.63147002483267,8.800568848371,1.12194219508806));
#1745=CARTESIAN_POINT('Ctrl Pts',(9.63727703030599,8.7956076084984,1.12936656916237));
#1746=CARTESIAN_POINT('Ctrl Pts',(9.64263991237984,8.79030436907022,1.13690975828321));
#1747=CARTESIAN_POINT('Ctrl Pts',(9.64752773661172,8.7846897205857,1.14452825161912));
#1748=CARTESIAN_POINT('Ctrl Pts',(8.7717264884393,9.52017740604012,1.23653584897562));
#1749=CARTESIAN_POINT('Ctrl Pts',(8.71434454232105,9.56800878130471,1.31292564009913));
#1750=CARTESIAN_POINT('Ctrl Pts',(8.64396329345394,9.61859230454541,1.4523252406755));
#1751=CARTESIAN_POINT('Ctrl Pts',(8.59222329128204,9.65014363718205,1.71430732482942));
#1752=CARTESIAN_POINT('Ctrl Pts',(8.61965514311431,9.63506841329608,1.98622888028106));
#1753=CARTESIAN_POINT('Ctrl Pts',(8.71434488831437,9.56800873400136,2.17206801013801));
#1754=CARTESIAN_POINT('Ctrl Pts',(8.77172684945036,9.52017730168308,2.2484577536895));
#1755=CARTESIAN_POINT('Ctrl Pts',(8.78427261761589,9.53382460758307,1.23722868723175));
#1756=CARTESIAN_POINT('Ctrl Pts',(8.72739150300265,9.58227226024392,1.31391063951033));
#1757=CARTESIAN_POINT('Ctrl Pts',(8.65806016818036,9.63357439275375,1.45377616763196));
#1758=CARTESIAN_POINT('Ctrl Pts',(8.60767074221675,9.66540761082148,1.7145843438785));
#1759=CARTESIAN_POINT('Ctrl Pts',(8.63421688729935,9.65025448312007,1.98457553929099));
#1760=CARTESIAN_POINT('Ctrl Pts',(8.72739183479459,9.58227219634149,2.17108301473677));
#1761=CARTESIAN_POINT('Ctrl Pts',(8.7842729652211,9.53382448457817,2.24776492001171));
#1762=CARTESIAN_POINT('Ctrl Pts',(8.80395766265473,9.56644122071291,1.23122029411501));
#1763=CARTESIAN_POINT('Ctrl Pts',(8.74680809670505,9.61738099868024,1.30894090292595));
#1764=CARTESIAN_POINT('Ctrl Pts',(8.67748713663095,9.67218526032938,1.45116947216721));
#1765=CARTESIAN_POINT('Ctrl Pts',(8.62784956416012,9.70651603285349,1.71448981445584));
#1766=CARTESIAN_POINT('Ctrl Pts',(8.65377765522233,9.6900621329101,1.98630324107729));
#1767=CARTESIAN_POINT('Ctrl Pts',(8.74680841923226,9.6173808828124,2.17605274935243));
#1768=CARTESIAN_POINT('Ctrl Pts',(8.80395800065988,9.56644104355247,2.25377330844417));
#1769=CARTESIAN_POINT('Ctrl Pts',(8.80799875059657,9.61240442407896,1.20511881622846));
#1770=CARTESIAN_POINT('Ctrl Pts',(8.74646005381386,9.66798777852814,1.28530842135586));
#1771=CARTESIAN_POINT('Ctrl Pts',(8.67035729871746,9.72933332399771,1.43396247438688));
#1772=CARTESIAN_POINT('Ctrl Pts',(8.61506112652514,9.76866347341992,1.71264839855971));
#1773=CARTESIAN_POINT('Ctrl Pts',(8.64418733589799,9.7495027632602,2.00135718383544));
#1774=CARTESIAN_POINT('Ctrl Pts',(8.746460439378,9.66798759835714,2.19968520669814));
#1775=CARTESIAN_POINT('Ctrl Pts',(8.80799914623972,9.61240418113182,2.2798747498771));
#1776=CARTESIAN_POINT('Ctrl Pts',(8.79246367331474,9.64410906754752,1.17348060886843));
#1777=CARTESIAN_POINT('Ctrl Pts',(8.72469786595437,9.70286147608775,1.25667489908074));
#1778=CARTESIAN_POINT('Ctrl Pts',(8.63902332524873,9.76790769459675,1.41269121108193));
#1779=CARTESIAN_POINT('Ctrl Pts',(8.57540116415961,9.80958220967558,1.71028413362053));
#1780=CARTESIAN_POINT('Ctrl Pts',(8.60931963206537,9.78928898712288,2.02022377047969));
#1781=CARTESIAN_POINT('Ctrl Pts',(8.72469835240179,9.70286128860313,2.22831871000515));
#1782=CARTESIAN_POINT('Ctrl Pts',(8.7924641659244,9.64410881363276,2.31151292402136));
#1783=CARTESIAN_POINT('Ctrl Pts',(8.77498366424016,9.65473214687285,1.15374611138679));
#1784=CARTESIAN_POINT('Ctrl Pts',(8.70315510577463,9.71424546075266,1.23910511730803));
#1785=CARTESIAN_POINT('Ctrl Pts',(8.61159209538999,9.77937656629127,1.39990807452052));
#1786=CARTESIAN_POINT('Ctrl Pts',(8.54310864010881,9.82046635056917,1.70888605996152));
#1787=CARTESIAN_POINT('Ctrl Pts',(8.57976205287418,9.80067307633384,2.03145851686521));
#1788=CARTESIAN_POINT('Ctrl Pts',(8.70315565773111,9.71424530438987,2.24588849152908));
#1789=CARTESIAN_POINT('Ctrl Pts',(8.77498422347214,9.65473192021716,2.33124741307824));
#1790=CARTESIAN_POINT('Ctrl Pts',(8.76493162153,9.65747837360175,1.14452718300962));
#1791=CARTESIAN_POINT('Ctrl Pts',(8.69121043541187,9.7170109410004,1.2310382971387));
#1792=CARTESIAN_POINT('Ctrl Pts',(8.59708802253247,9.78156397803583,1.39418231080862));
#1793=CARTESIAN_POINT('Ctrl Pts',(8.52662545826024,9.82182295172706,1.70828248968517));
#1794=CARTESIAN_POINT('Ctrl Pts',(8.56435644056689,9.8025889480297,2.03642066905943));
#1795=CARTESIAN_POINT('Ctrl Pts',(8.69121101620956,9.71701080892441,2.25395531623201));
#1796=CARTESIAN_POINT('Ctrl Pts',(8.76493221160342,9.65747816904886,2.34046634251587));
#1797=CARTESIAN_POINT('',(8.77172684945036,9.52017730168307,2.2484577536895));
#1798=CARTESIAN_POINT('',(8.76493221160341,9.65747816904887,2.34046634251587));
#1799=CARTESIAN_POINT('Origin',(8.72080051763378,9.57053780151993,2.31824549461791));
#1800=CARTESIAN_POINT('',(8.7717264884393,9.52017740604012,1.23653584897562));
#1801=CARTESIAN_POINT('Ctrl Pts',(8.7717264884393,9.52017740604012,1.23653584897562));
#1802=CARTESIAN_POINT('Ctrl Pts',(8.71434454232105,9.56800878130471,1.31292564009913));
#1803=CARTESIAN_POINT('Ctrl Pts',(8.64396329345394,9.61859230454541,1.4523252406755));
#1804=CARTESIAN_POINT('Ctrl Pts',(8.59222329128204,9.65014363718205,1.71430732482942));
#1805=CARTESIAN_POINT('Ctrl Pts',(8.61965514311431,9.63506841329608,1.98622888028106));
#1806=CARTESIAN_POINT('Ctrl Pts',(8.71434488831437,9.56800873400136,2.17206801013801));
#1807=CARTESIAN_POINT('Ctrl Pts',(8.77172684945036,9.52017730168308,2.2484577536895));
#1808=CARTESIAN_POINT('',(8.76493162153,9.65747837360175,1.14452718300963));
#1809=CARTESIAN_POINT('Origin',(8.72080012425066,9.57053793788936,1.16674815477108));
#1810=CARTESIAN_POINT('Ctrl Pts',(8.76493221160342,9.65747816904886,2.34046634251587));
#1811=CARTESIAN_POINT('Ctrl Pts',(8.69121101620956,9.71701080892441,2.25395531623201));
#1812=CARTESIAN_POINT('Ctrl Pts',(8.56435644056689,9.8025889480297,2.03642066905943));
#1813=CARTESIAN_POINT('Ctrl Pts',(8.52662545826024,9.82182295172706,1.70828248968517));
#1814=CARTESIAN_POINT('Ctrl Pts',(8.59708802253247,9.78156397803583,1.39418231080862));
#1815=CARTESIAN_POINT('Ctrl Pts',(8.69121043541187,9.7170109410004,1.2310382971387));
#1816=CARTESIAN_POINT('Ctrl Pts',(8.76493162153,9.65747837360175,1.14452718300962));
#1817=CARTESIAN_POINT('Ctrl Pts',(8.78113419777856,9.51087413113815,1.22330329282012));
#1818=CARTESIAN_POINT('Ctrl Pts',(8.778221270518,9.51427554409987,1.22765302992888));
#1819=CARTESIAN_POINT('Ctrl Pts',(8.7750793258939,9.51738261016195,1.23207237971126));
#1820=CARTESIAN_POINT('Ctrl Pts',(8.7717264884393,9.52017740604012,1.23653584897562));
#1821=CARTESIAN_POINT('Ctrl Pts',(8.7946529846985,9.52355947458141,1.22262802824529));
#1822=CARTESIAN_POINT('Ctrl Pts',(8.79142821648657,9.52731062394441,1.22742190192306));
#1823=CARTESIAN_POINT('Ctrl Pts',(8.78796189109502,9.53073846908967,1.2322975131615));
#1824=CARTESIAN_POINT('Ctrl Pts',(8.78427261761589,9.53382460758307,1.23722868723175));
#1825=CARTESIAN_POINT('Ctrl Pts',(8.81633660367883,9.55404965747527,1.213687434382));
#1826=CARTESIAN_POINT('Ctrl Pts',(8.81244552430123,9.55854230750108,1.21943505317265));
#1827=CARTESIAN_POINT('Ctrl Pts',(8.80828846949392,9.56265321238545,1.22528221799552));
#1828=CARTESIAN_POINT('Ctrl Pts',(8.80387983997536,9.56636813136813,1.23120867352569));
#1829=CARTESIAN_POINT('Ctrl Pts',(8.82464940659175,9.60969248884177,1.17621133475032));
#1830=CARTESIAN_POINT('Ctrl Pts',(8.81979325290662,9.61525294825561,1.18336062167217));
#1831=CARTESIAN_POINT('Ctrl Pts',(8.81462126711556,9.62036751417594,1.1906353508193));
#1832=CARTESIAN_POINT('Ctrl Pts',(8.80915939863375,9.62501052544108,1.19799902296091));
#1833=CARTESIAN_POINT('Ctrl Pts',(8.80129513783439,9.6359070042583,1.14009510638744));
#1834=CARTESIAN_POINT('Ctrl Pts',(8.79619633792196,9.64173732156973,1.14761593656662));
#1835=CARTESIAN_POINT('Ctrl Pts',(8.79077667747094,9.6470968120223,1.15523903686595));
#1836=CARTESIAN_POINT('Ctrl Pts',(8.78503570695032,9.65198592014395,1.16296503976396));
#1837=CARTESIAN_POINT('Ctrl Pts',(8.78098961774808,9.64159865544684,1.12194057853731));
#1838=CARTESIAN_POINT('Ctrl Pts',(8.77596367451432,9.64735003241453,1.12936512980916));
#1839=CARTESIAN_POINT('Ctrl Pts',(8.77060069686952,9.65265346952572,1.13690850271356));
#1840=CARTESIAN_POINT('Ctrl Pts',(8.76493162153,9.65747837360175,1.14452718300962));
#1841=CARTESIAN_POINT('Ctrl Pts',(8.78113419777856,9.51087413113815,1.22330329282012));
#1842=CARTESIAN_POINT('Ctrl Pts',(8.778221270518,9.51427554409987,1.22765302992888));
#1843=CARTESIAN_POINT('Ctrl Pts',(8.7750793258939,9.51738261016195,1.23207237971126));
#1844=CARTESIAN_POINT('Ctrl Pts',(8.7717264884393,9.52017740604012,1.23653584897562));
#1845=CARTESIAN_POINT('Ctrl Pts',(8.76493162153,9.65747837360175,1.14452718300962));
#1846=CARTESIAN_POINT('Ctrl Pts',(8.77060069686952,9.65265346952572,1.13690850271356));
#1847=CARTESIAN_POINT('Ctrl Pts',(8.77596367451432,9.64735003241453,1.12936512980916));
#1848=CARTESIAN_POINT('Ctrl Pts',(8.78098961774808,9.64159865544684,1.12194057853731));
#1849=CARTESIAN_POINT('Ctrl Pts',(8.77172684945036,9.52017730168308,2.2484577536895));
#1850=CARTESIAN_POINT('Ctrl Pts',(8.77507965760843,9.51738252762318,2.25292118000505));
#1851=CARTESIAN_POINT('Ctrl Pts',(8.77822157676055,9.51427548915933,2.25734048752772));
#1852=CARTESIAN_POINT('Ctrl Pts',(8.78113448286355,9.51087410908132,2.26169018378074));
#1853=CARTESIAN_POINT('Ctrl Pts',(8.7842729652211,9.53382448457817,2.24776492001171));
#1854=CARTESIAN_POINT('Ctrl Pts',(8.78796220597345,9.53073837065118,2.25269604586512));
#1855=CARTESIAN_POINT('Ctrl Pts',(8.79142850270326,9.52731055644877,2.25757160978853));
#1856=CARTESIAN_POINT('Ctrl Pts',(8.79465324682927,9.52355944389188,2.26236543779629));
#1857=CARTESIAN_POINT('Ctrl Pts',(8.80387996167622,9.5663678230868,2.25378500692023));
#1858=CARTESIAN_POINT('Ctrl Pts',(8.80828855109469,9.56265293467663,2.25971140298305));
#1859=CARTESIAN_POINT('Ctrl Pts',(8.81244555879134,9.55854207935878,2.26555849330915));
#1860=CARTESIAN_POINT('Ctrl Pts',(8.8163366077906,9.55404947441084,2.27130605598138));
#1861=CARTESIAN_POINT('Ctrl Pts',(8.80915950750582,9.6250100190041,2.28699460281884));
#1862=CARTESIAN_POINT('Ctrl Pts',(8.81462132583025,9.62036704658942,2.29435820033735));
#1863=CARTESIAN_POINT('Ctrl Pts',(8.81979324755839,9.61525254752456,2.30163282923838));
#1864=CARTESIAN_POINT('Ctrl Pts',(8.82464936253893,9.60969214413833,2.3087820455469));
#1865=CARTESIAN_POINT('Ctrl Pts',(8.78503623534086,9.65198567138547,2.3220284836406));
#1866=CARTESIAN_POINT('Ctrl Pts',(8.79077715454603,9.64709660300594,2.32975441022671));
#1867=CARTESIAN_POINT('Ctrl Pts',(8.79619676951151,9.64173716117284,2.33737743585567));
#1868=CARTESIAN_POINT('Ctrl Pts',(8.80129553014432,9.63590690098574,2.34489819351962));
#1869=CARTESIAN_POINT('Ctrl Pts',(8.76493221160342,9.65747816904886,2.34046634251587));
#1870=CARTESIAN_POINT('Ctrl Pts',(8.77060123767668,9.65265330296256,2.34808494950276));
#1871=CARTESIAN_POINT('Ctrl Pts',(8.77596417159423,9.64734991270669,2.35562825027421));
#1872=CARTESIAN_POINT('Ctrl Pts',(8.78099007747693,9.6415985906169,2.36305273180954));
#1873=CARTESIAN_POINT('Ctrl Pts',(8.77172684945036,9.52017730168308,2.2484577536895));
#1874=CARTESIAN_POINT('Ctrl Pts',(8.77507965760843,9.51738252762318,2.25292118000505));
#1875=CARTESIAN_POINT('Ctrl Pts',(8.77822157676055,9.51427548915933,2.25734048752772));
#1876=CARTESIAN_POINT('Ctrl Pts',(8.78113448286355,9.51087410908132,2.26169018378074));
#1877=CARTESIAN_POINT('Ctrl Pts',(8.78099007747693,9.6415985906169,2.36305273180954));
#1878=CARTESIAN_POINT('Ctrl Pts',(8.77596417159423,9.64734991270669,2.35562825027421));
#1879=CARTESIAN_POINT('Ctrl Pts',(8.77060123767668,9.65265330296256,2.34808494950276));
#1880=CARTESIAN_POINT('Ctrl Pts',(8.76493221160342,9.65747816904886,2.34046634251587));
#1881=CARTESIAN_POINT('Origin',(9.38820252601503,8.64938771265934,1.21119009827879));
#1882=CARTESIAN_POINT('',(9.61859213163433,8.55924374083883,1.04150010456376));
#1883=CARTESIAN_POINT('Origin',(9.38820252601503,8.64938771265934,1.21119009827879));
#1884=CARTESIAN_POINT('',(9.57771588026342,8.59966408046638,0.984006804520064));
#1885=CARTESIAN_POINT('Origin',(9.38820252601503,8.64938771265934,1.21119009827879));
#1886=CARTESIAN_POINT('Origin',(9.38820252601503,8.64938771265934,1.21119009827879));
#1887=CARTESIAN_POINT('Ctrl Pts',(8.58069821755569,9.58560208902487,0.984006239628317));
#1888=CARTESIAN_POINT('Ctrl Pts',(8.61436833085617,9.53797653642684,0.936714001446493));
#1889=CARTESIAN_POINT('Ctrl Pts',(8.72761541745948,9.38526690883594,0.816972666315249));
#1890=CARTESIAN_POINT('Ctrl Pts',(8.95821329293669,9.12146752989324,0.727006964315197));
#1891=CARTESIAN_POINT('Ctrl Pts',(9.26741257178257,8.82986463042217,0.761638208289667));
#1892=CARTESIAN_POINT('Ctrl Pts',(9.48171833503862,8.66593566314994,0.889422030077161));
#1893=CARTESIAN_POINT('Ctrl Pts',(9.57771588026342,8.59966408046638,0.984006804520064));
#1894=CARTESIAN_POINT('Ctrl Pts',(8.64963456016361,9.63148372163115,1.00643530272451));
#1895=CARTESIAN_POINT('Ctrl Pts',(8.68364104062265,9.58828610679623,0.958603417494302));
#1896=CARTESIAN_POINT('Ctrl Pts',(8.79761511460242,9.44773649036777,0.835189080876484));
#1897=CARTESIAN_POINT('Ctrl Pts',(9.02919039657644,9.19271131256424,0.73776167984811));
#1898=CARTESIAN_POINT('Ctrl Pts',(9.33460824903007,8.90117688277611,0.775829646907484));
#1899=CARTESIAN_POINT('Ctrl Pts',(9.53567433888031,8.73615179277731,0.910772064157772));
#1900=CARTESIAN_POINT('Ctrl Pts',(9.62282398706115,8.66910854016557,1.00643608515424));
#1901=CARTESIAN_POINT('Ctrl Pts',(8.72469116893733,9.65246752144528,1.05812458752332));
#1902=CARTESIAN_POINT('Ctrl Pts',(8.75898831119179,9.61433378997999,1.01353519697615));
#1903=CARTESIAN_POINT('Ctrl Pts',(8.87277070641867,9.48949398637786,0.897823476160476));
#1904=CARTESIAN_POINT('Ctrl Pts',(9.09817466111167,9.25500256140828,0.804379092181011));
#1905=CARTESIAN_POINT('Ctrl Pts',(9.38540432563002,8.97563920262743,0.84116986486402));
#1906=CARTESIAN_POINT('Ctrl Pts',(9.56593855101694,8.81213228118285,0.968946288117356));
#1907=CARTESIAN_POINT('Ctrl Pts',(9.64296753151754,8.74439453264515,1.05812526548221));
#1908=CARTESIAN_POINT('Ctrl Pts',(8.78099068141989,9.64159845010048,1.12194178423765));
#1909=CARTESIAN_POINT('Ctrl Pts',(8.81411951878366,9.60710827831186,1.08238947598621));
#1910=CARTESIAN_POINT('Ctrl Pts',(8.92301122357467,9.49437904721664,0.980040241147221));
#1911=CARTESIAN_POINT('Ctrl Pts',(9.13427423745749,9.28068480182408,0.897167435752869));
#1912=CARTESIAN_POINT('Ctrl Pts',(9.39853612280463,9.02129430869589,0.929855969245162));
#1913=CARTESIAN_POINT('Ctrl Pts',(9.56175380251489,8.86605159842694,1.04283742898288));
#1914=CARTESIAN_POINT('Ctrl Pts',(9.63147002483267,8.800568848371,1.12194219508806));
#1915=CARTESIAN_POINT('',(8.58069821755569,9.58560208902486,0.984006239628313));
#1916=CARTESIAN_POINT('Ctrl Pts',(8.58069821755569,9.58560208902487,0.984006239628317));
#1917=CARTESIAN_POINT('Ctrl Pts',(8.61436833085617,9.53797653642684,0.936714001446493));
#1918=CARTESIAN_POINT('Ctrl Pts',(8.72761541745948,9.38526690883594,0.816972666315249));
#1919=CARTESIAN_POINT('Ctrl Pts',(8.95821329293669,9.12146752989324,0.727006964315197));
#1920=CARTESIAN_POINT('Ctrl Pts',(9.26741257178257,8.82986463042217,0.761638208289667));
#1921=CARTESIAN_POINT('Ctrl Pts',(9.48171833503862,8.66593566314994,0.889422030077161));
#1922=CARTESIAN_POINT('Ctrl Pts',(9.57771588026342,8.59966408046638,0.984006804520064));
#1923=CARTESIAN_POINT('Origin',(8.63253712969198,9.39665706646458,1.21119009829398));
#1924=CARTESIAN_POINT('Origin',(8.63253712969198,9.39665706646458,1.21119009829398));
#1925=CARTESIAN_POINT('',(8.53982287895443,9.62602433812187,1.04150002079188));
#1926=CARTESIAN_POINT('Origin',(8.63253712969197,9.39665706646458,1.21119009829398));
#1927=CARTESIAN_POINT('Origin',(8.63253712969198,9.39665706646458,1.21119009829397));
#1928=CARTESIAN_POINT('Ctrl Pts',(8.5398233667512,9.62602455142832,2.44349385451513));
#1929=CARTESIAN_POINT('Ctrl Pts',(8.45826610021292,9.67802518568724,2.32864483939078));
#1930=CARTESIAN_POINT('Ctrl Pts',(8.37164906655243,9.72748723130373,2.12799414650676));
#1931=CARTESIAN_POINT('Ctrl Pts',(8.31730391357842,9.75801685884292,1.77853419698654));
#1932=CARTESIAN_POINT('Ctrl Pts',(8.34338336193108,9.7435407992277,1.42373658254188));
#1933=CARTESIAN_POINT('Ctrl Pts',(8.45826573360461,9.67802494721216,1.15634908999994));
#1934=CARTESIAN_POINT('Ctrl Pts',(8.53982287895442,9.62602433812187,1.04150002079188));
#1935=CARTESIAN_POINT('Ctrl Pts',(8.61279481374593,9.66791487211086,2.42674083944024));
#1936=CARTESIAN_POINT('Ctrl Pts',(8.53522891870426,9.72548674596919,2.3176388523502));
#1937=CARTESIAN_POINT('Ctrl Pts',(8.45027128205909,9.78406946640028,2.12353417378924));
#1938=CARTESIAN_POINT('Ctrl Pts',(8.3957885718513,9.82111206020641,1.77843701873252));
#1939=CARTESIAN_POINT('Ctrl Pts',(8.42233311210249,9.80324871424753,1.4261431946526));
#1940=CARTESIAN_POINT('Ctrl Pts',(8.53522857936795,9.72548666644308,1.16735502182999));
#1941=CARTESIAN_POINT('Ctrl Pts',(8.61279438670076,9.66791482806225,1.05825296688025));
#1942=CARTESIAN_POINT('Ctrl Pts',(8.69715084716355,9.67970162540723,2.38813288402716));
#1943=CARTESIAN_POINT('Ctrl Pts',(8.62954380856034,9.73812464699761,2.28573813037485));
#1944=CARTESIAN_POINT('Ctrl Pts',(8.5555563360936,9.79998585626954,2.10337030125219));
#1945=CARTESIAN_POINT('Ctrl Pts',(8.50768420015178,9.83984109855993,1.77666234458236));
#1946=CARTESIAN_POINT('Ctrl Pts',(8.53115112667963,9.82036906276142,1.44242118946256));
#1947=CARTESIAN_POINT('Ctrl Pts',(8.62954359670631,9.73812467150434,1.19925573570527));
#1948=CARTESIAN_POINT('Ctrl Pts',(8.69715057561392,9.67970168682793,1.096860920993));
#1949=CARTESIAN_POINT('Ctrl Pts',(8.76493221160342,9.65747816904886,2.34046634251587));
#1950=CARTESIAN_POINT('Ctrl Pts',(8.70697337649501,9.7113351762683,2.24485674032691));
#1951=CARTESIAN_POINT('Ctrl Pts',(8.64425610647135,9.76872526557834,2.07603453132181));
#1952=CARTESIAN_POINT('Ctrl Pts',(8.6035474868937,9.80588834428197,1.7740787862361));
#1953=CARTESIAN_POINT('Ctrl Pts',(8.62354764097286,9.78765949861586,1.46520746818408));
#1954=CARTESIAN_POINT('Ctrl Pts',(8.70697327421095,9.7113352023282,1.24013714483874));
#1955=CARTESIAN_POINT('Ctrl Pts',(8.76493206781132,9.65747822728042,1.14452749685169));
#1956=CARTESIAN_POINT('',(8.5398233667512,9.62602455142832,2.44349385451513));
#1957=CARTESIAN_POINT('Ctrl Pts',(8.5398233667512,9.62602455142832,2.44349385451513));
#1958=CARTESIAN_POINT('Ctrl Pts',(8.45826610021292,9.67802518568724,2.32864483939078));
#1959=CARTESIAN_POINT('Ctrl Pts',(8.37164906655243,9.72748723130373,2.12799414650676));
#1960=CARTESIAN_POINT('Ctrl Pts',(8.31730391357842,9.75801685884292,1.77853419698654));
#1961=CARTESIAN_POINT('Ctrl Pts',(8.34338336193108,9.7435407992277,1.42373658254188));
#1962=CARTESIAN_POINT('Ctrl Pts',(8.45826573360461,9.67802494721216,1.15634908999994));
#1963=CARTESIAN_POINT('Ctrl Pts',(8.53982287895442,9.62602433812187,1.04150002079188));
#1964=CARTESIAN_POINT('Origin',(8.63253712969452,9.39665706646206,2.27380379882197));
#1965=CARTESIAN_POINT('Origin',(6.86577508524322,6.85433306419302,1.74249663195856));
#1966=CARTESIAN_POINT('',(5.95168579811264,5.92997340737478,2.46749663195856));
#1967=CARTESIAN_POINT('',(6.86577508524322,6.85433306419302,2.46749663195856));
#1968=CARTESIAN_POINT('Origin',(5.95168579811264,5.92997340737478,1.74249663195856));
#1969=CARTESIAN_POINT('Ctrl Pts',(6.82392136162675,8.57196277782625,0.72798319203503));
#1970=CARTESIAN_POINT('Ctrl Pts',(6.83191718146666,8.58243529095233,0.750996882476456));
#1971=CARTESIAN_POINT('Ctrl Pts',(6.84117654570738,8.59122618682034,0.774269001591471));
#1972=CARTESIAN_POINT('Ctrl Pts',(6.85169601882994,8.59839730133646,0.797858090975011));
#1973=CARTESIAN_POINT('Ctrl Pts',(6.85185132915186,8.59850260679087,0.798205785439416));
#1974=CARTESIAN_POINT('Ctrl Pts',(6.85200688932822,8.59860753175141,0.79855348281509));
#1975=CARTESIAN_POINT('Ctrl Pts',(6.81606307003167,8.56884973177739,0.734603495120521));
#1976=CARTESIAN_POINT('Ctrl Pts',(6.82696986221671,8.57990077352798,0.755611104743063));
#1977=CARTESIAN_POINT('Ctrl Pts',(6.83880894732453,8.58969272052722,0.77662579357936));
#1978=CARTESIAN_POINT('Ctrl Pts',(6.85162840497811,8.59835311952958,0.79792558151258));
#1979=CARTESIAN_POINT('Ctrl Pts',(6.85181755887661,8.59848045978543,0.798239530454886));
#1980=CARTESIAN_POINT('Ctrl Pts',(6.85200688932822,8.59860753175141,0.79855348281509));
#1981=CARTESIAN_POINT('Ctrl Pts',(6.80908743161114,8.56427582598332,0.741581462546798));
#1982=CARTESIAN_POINT('Ctrl Pts',(6.8223485198646,8.57687030299283,0.760231558982566));
#1983=CARTESIAN_POINT('Ctrl Pts',(6.83645025798923,8.58814586798876,0.778982795162778));
#1984=CARTESIAN_POINT('Ctrl Pts',(6.8515608645106,8.5983088256283,0.797993071988514));
#1985=CARTESIAN_POINT('Ctrl Pts',(6.85178378860137,8.59845831277999,0.798273275470356));
#1986=CARTESIAN_POINT('Ctrl Pts',(6.85200688932822,8.59860753175141,0.79855348281509));
#1987=CARTESIAN_POINT('Ctrl Pts',(6.80335074596001,8.55847468505057,0.748560675758752));
#1988=CARTESIAN_POINT('Ctrl Pts',(6.81805767939707,8.57334686016098,0.764853842978376));
#1989=CARTESIAN_POINT('Ctrl Pts',(6.83410054347088,8.5865856711737,0.781339930252966));
#1990=CARTESIAN_POINT('Ctrl Pts',(6.85149339747728,8.59826441967758,0.798060562462125));
#1991=CARTESIAN_POINT('Ctrl Pts',(6.85175001832613,8.59843616577454,0.798307020485826));
#1992=CARTESIAN_POINT('Ctrl Pts',(6.85200688932822,8.59860753175141,0.79855348281509));
#1993=CARTESIAN_POINT('',(6.82392136162676,8.57196277782625,0.727983192035026));
#1994=CARTESIAN_POINT('',(6.85200688932834,8.59860753175149,0.798553482815112));
#1995=CARTESIAN_POINT('Ctrl Pts',(6.82392136162675,8.57196277782625,0.72798319203503));
#1996=CARTESIAN_POINT('Ctrl Pts',(6.83191718146666,8.58243529095233,0.750996882476456));
#1997=CARTESIAN_POINT('Ctrl Pts',(6.84117654570738,8.59122618682034,0.774269001591471));
#1998=CARTESIAN_POINT('Ctrl Pts',(6.85169601882994,8.59839730133646,0.797858090975011));
#1999=CARTESIAN_POINT('Ctrl Pts',(6.85185132915186,8.59850260679087,0.798205785439416));
#2000=CARTESIAN_POINT('Ctrl Pts',(6.85200688932822,8.59860753175141,0.79855348281509));
#2001=CARTESIAN_POINT('',(6.80335074596013,8.55847468505069,0.748560675758546));
#2002=CARTESIAN_POINT('Origin',(6.87445533494611,8.48816012450215,0.748560675758747));
#2003=CARTESIAN_POINT('Ctrl Pts',(6.85200688932822,8.59860753175141,0.79855348281509));
#2004=CARTESIAN_POINT('Ctrl Pts',(6.85175001832613,8.59843616577454,0.798307020485826));
#2005=CARTESIAN_POINT('Ctrl Pts',(6.85149339747728,8.59826441967758,0.798060562462125));
#2006=CARTESIAN_POINT('Ctrl Pts',(6.83410054347088,8.5865856711737,0.781339930252966));
#2007=CARTESIAN_POINT('Ctrl Pts',(6.81805767939707,8.57334686016098,0.764853842978376));
#2008=CARTESIAN_POINT('Ctrl Pts',(6.80335074596001,8.55847468505057,0.748560675758752));
#2009=CARTESIAN_POINT('Ctrl Pts',(6.80335074596006,8.55847468505063,0.748560675758705));
#2010=CARTESIAN_POINT('Ctrl Pts',(6.79196887031265,8.54696492685139,0.729638202965036));
#2011=CARTESIAN_POINT('Ctrl Pts',(6.75957260609285,8.51420467016966,0.693557947667652));
#2012=CARTESIAN_POINT('Ctrl Pts',(6.7241083864529,8.47834198765359,0.665140121172628));
#2013=CARTESIAN_POINT('Ctrl Pts',(6.70333112951641,8.45733128513051,0.650000000000001));
#2014=CARTESIAN_POINT('Ctrl Pts',(6.80908743161117,8.56427582598335,0.741581462546746));
#2015=CARTESIAN_POINT('Ctrl Pts',(6.79801951679722,8.55308695364585,0.720057957648715));
#2016=CARTESIAN_POINT('Ctrl Pts',(6.76612700783337,8.52082557635032,0.679361333527936));
#2017=CARTESIAN_POINT('Ctrl Pts',(6.73097755168548,8.48526538254407,0.647508874880389));
#2018=CARTESIAN_POINT('Ctrl Pts',(6.71033932843195,8.46441822558117,0.630547530381051));
#2019=CARTESIAN_POINT('Ctrl Pts',(6.81606307003168,8.56884973177739,0.734603495120464));
#2020=CARTESIAN_POINT('Ctrl Pts',(6.80578307471162,8.55751115731636,0.710480562954607));
#2021=CARTESIAN_POINT('Ctrl Pts',(6.77566863550698,8.52448231439847,0.665172928203695));
#2022=CARTESIAN_POINT('Ctrl Pts',(6.74223963834364,8.48781843289788,0.629909184996778));
#2023=CARTESIAN_POINT('Ctrl Pts',(6.72259659856263,8.46627210316949,0.611153780620401));
#2024=CARTESIAN_POINT('Ctrl Pts',(6.82392136162673,8.57196277782622,0.727983192034968));
#2025=CARTESIAN_POINT('Ctrl Pts',(6.81472996362303,8.55992435798088,0.701528370313775));
#2026=CARTESIAN_POINT('Ctrl Pts',(6.78711774819538,8.52469851071706,0.652542354820105));
#2027=CARTESIAN_POINT('Ctrl Pts',(6.75598785335719,8.48554055159586,0.615313552842825));
#2028=CARTESIAN_POINT('Ctrl Pts',(6.73762744672569,8.46251850652308,0.595735536006231));
#2029=CARTESIAN_POINT('',(6.70333112951641,8.45733128513051,0.65));
#2030=CARTESIAN_POINT('',(6.73762744672569,8.46251850652308,0.595735536006231));
#2031=CARTESIAN_POINT('Origin',(6.77443571850243,8.387016724582,0.65));
#2032=CARTESIAN_POINT('Ctrl Pts',(6.80335074596006,8.55847468505063,0.748560675758705));
#2033=CARTESIAN_POINT('Ctrl Pts',(6.79196887031265,8.54696492685139,0.729638202965036));
#2034=CARTESIAN_POINT('Ctrl Pts',(6.75957260609285,8.51420467016966,0.693557947667652));
#2035=CARTESIAN_POINT('Ctrl Pts',(6.7241083864529,8.47834198765359,0.665140121172628));
#2036=CARTESIAN_POINT('Ctrl Pts',(6.70333112951641,8.45733128513051,0.650000000000001));
#2037=CARTESIAN_POINT('Ctrl Pts',(6.73762744672569,8.46251850652308,0.595735536006231));
#2038=CARTESIAN_POINT('Ctrl Pts',(6.75598785335719,8.48554055159586,0.615313552842825));
#2039=CARTESIAN_POINT('Ctrl Pts',(6.78711774819538,8.52469851071706,0.652542354820105));
#2040=CARTESIAN_POINT('Ctrl Pts',(6.81472996362303,8.55992435798088,0.701528370313775));
#2041=CARTESIAN_POINT('Ctrl Pts',(6.82392136162673,8.57196277782622,0.727983192034968));
#2042=CARTESIAN_POINT('Ctrl Pts',(6.79095112434142,8.40977721689999,0.520735923759781));
#2043=CARTESIAN_POINT('Ctrl Pts',(6.78525364473427,8.40861276577261,0.521253065568955));
#2044=CARTESIAN_POINT('Ctrl Pts',(6.77357537433972,8.40680458233714,0.522820553935532));
#2045=CARTESIAN_POINT('Ctrl Pts',(6.75539557013751,8.40652417937245,0.527738423183441));
#2046=CARTESIAN_POINT('Ctrl Pts',(6.73597700081556,8.41038373379763,0.537364903476164));
#2047=CARTESIAN_POINT('Ctrl Pts',(6.72632204886392,8.41929201578015,0.550186239949648));
#2048=CARTESIAN_POINT('Ctrl Pts',(6.72437120133724,8.42464528234109,0.55688630487755));
#2049=CARTESIAN_POINT('Ctrl Pts',(6.72398749773635,8.42583405508305,0.558359998966053));
#2050=CARTESIAN_POINT('Ctrl Pts',(6.72363164068622,8.42732693931512,0.560176441522983));
#2051=CARTESIAN_POINT('Ctrl Pts',(6.72336738912203,8.42911274578111,0.562303636328024));
#2052=CARTESIAN_POINT('Ctrl Pts',(6.72322083663517,8.43148069402359,0.56506588379319));
#2053=CARTESIAN_POINT('Ctrl Pts',(6.72337114476149,8.43439976221564,0.568372940925591));
#2054=CARTESIAN_POINT('Ctrl Pts',(6.7246173086208,8.44124525474325,0.57585162365051));
#2055=CARTESIAN_POINT('Ctrl Pts',(6.72901132331423,8.45087805413419,0.585494424434782));
#2056=CARTESIAN_POINT('Ctrl Pts',(6.73459606463596,8.45871746788036,0.592503121235583));
#2057=CARTESIAN_POINT('Ctrl Pts',(6.73762744672569,8.46251850652308,0.59573553600623));
#2058=CARTESIAN_POINT('Ctrl Pts',(6.79635904457255,8.39331930123052,0.507410803488924));
#2059=CARTESIAN_POINT('Ctrl Pts',(6.78963272243814,8.39293388425564,0.508524495071246));
#2060=CARTESIAN_POINT('Ctrl Pts',(6.7758220657507,8.39277814307017,0.511384776152416));
#2061=CARTESIAN_POINT('Ctrl Pts',(6.75410020441864,8.39540008362641,0.51886150917219));
#2062=CARTESIAN_POINT('Ctrl Pts',(6.73046355773459,8.40294205480105,0.532294606259938));
#2063=CARTESIAN_POINT('Ctrl Pts',(6.71764827143927,8.41495574982634,0.549466252115083));
#2064=CARTESIAN_POINT('Ctrl Pts',(6.71442916163715,8.42167187309933,0.558426733269857));
#2065=CARTESIAN_POINT('Ctrl Pts',(6.713771423596,8.42315736509404,0.560398228773269));
#2066=CARTESIAN_POINT('Ctrl Pts',(6.7130916898849,8.42500683949498,0.562828403589749));
#2067=CARTESIAN_POINT('Ctrl Pts',(6.71246483234436,8.42719985531608,0.565676248483868));
#2068=CARTESIAN_POINT('Ctrl Pts',(6.71186865449704,8.43008351466949,0.569377048578982));
#2069=CARTESIAN_POINT('Ctrl Pts',(6.71151367517308,8.43360074101503,0.573814871863955));
#2070=CARTESIAN_POINT('Ctrl Pts',(6.71170343338732,8.44175180574914,0.583876654903051));
#2071=CARTESIAN_POINT('Ctrl Pts',(6.71497011611794,8.4529583603079,0.596963347496172));
#2072=CARTESIAN_POINT('Ctrl Pts',(6.719870206252,8.46193108982046,0.606642106108201));
#2073=CARTESIAN_POINT('Ctrl Pts',(6.72259659856263,8.46627210316949,0.6111537806204));
#2074=CARTESIAN_POINT('Ctrl Pts',(6.80316111777727,8.37261856187115,0.499999999999999));
#2075=CARTESIAN_POINT('Ctrl Pts',(6.79528801297636,8.37344964816037,0.500984422018356));
#2076=CARTESIAN_POINT('Ctrl Pts',(6.77910231911534,8.37579490948658,0.503789537725225));
#2077=CARTESIAN_POINT('Ctrl Pts',(6.75348906802282,8.3824506597324,0.51214504056765));
#2078=CARTESIAN_POINT('Ctrl Pts',(6.72530281551375,8.39462816692306,0.528137797619032));
#2079=CARTESIAN_POINT('Ctrl Pts',(6.70933257755979,8.40976629874549,0.549586406493598));
#2080=CARTESIAN_POINT('Ctrl Pts',(6.7049758225849,8.41757747348819,0.561002972461476));
#2081=CARTESIAN_POINT('Ctrl Pts',(6.70407511989833,8.4192960907007,0.563518566052168));
#2082=CARTESIAN_POINT('Ctrl Pts',(6.70311498378444,8.42141273867186,0.566628480606206));
#2083=CARTESIAN_POINT('Ctrl Pts',(6.70218410063736,8.42389273513611,0.570285343972715));
#2084=CARTESIAN_POINT('Ctrl Pts',(6.70122436672457,8.42711576397163,0.575053872880231));
#2085=CARTESIAN_POINT('Ctrl Pts',(6.70048512429794,8.43098466780605,0.580800462207714));
#2086=CARTESIAN_POINT('Ctrl Pts',(6.69994580719633,8.43978018478083,0.593913050702516));
#2087=CARTESIAN_POINT('Ctrl Pts',(6.70269295345638,8.45135906786436,0.611246599868429));
#2088=CARTESIAN_POINT('Ctrl Pts',(6.70756224751053,8.46020983343696,0.62436509896365));
#2089=CARTESIAN_POINT('Ctrl Pts',(6.71033932843195,8.46441822558117,0.63054753038105));
#2090=CARTESIAN_POINT('Ctrl Pts',(6.80998378005714,8.35185516380972,0.499999999999998));
#2091=CARTESIAN_POINT('Ctrl Pts',(6.80122106650981,8.35365929879544,0.499999999999999));
#2092=CARTESIAN_POINT('Ctrl Pts',(6.78302629014655,8.35816045688787,0.501097811754571));
#2093=CARTESIAN_POINT('Ctrl Pts',(6.75369755292113,8.36869003702675,0.508135195360811));
#2094=CARTESIAN_POINT('Ctrl Pts',(6.7207444536348,8.38572310298212,0.525023356812071));
#2095=CARTESIAN_POINT('Ctrl Pts',(6.70167809330383,8.40392740874866,0.550566580242074));
#2096=CARTESIAN_POINT('Ctrl Pts',(6.69646390009035,8.41255553135647,0.564494789117106));
#2097=CARTESIAN_POINT('Ctrl Pts',(6.69538618663319,8.41444179667781,0.567566953216911));
#2098=CARTESIAN_POINT('Ctrl Pts',(6.69423695007444,8.41673495387201,0.571375713122158));
#2099=CARTESIAN_POINT('Ctrl Pts',(6.6931236657064,8.41938110573894,0.575864985929113));
#2100=CARTESIAN_POINT('Ctrl Pts',(6.69197755193869,8.42276742182043,0.581731839290444));
#2101=CARTESIAN_POINT('Ctrl Pts',(6.69110039146286,8.42674302221729,0.588818045016882));
#2102=CARTESIAN_POINT('Ctrl Pts',(6.69048898718489,8.4355290381359,0.605017187328979));
#2103=CARTESIAN_POINT('Ctrl Pts',(6.69389517864399,8.44630433210724,0.626445570404881));
#2104=CARTESIAN_POINT('Ctrl Pts',(6.69990071504819,8.45386232779206,0.642500902662977));
#2105=CARTESIAN_POINT('Ctrl Pts',(6.70333112951641,8.45733128513051,0.65));
#2106=CARTESIAN_POINT('',(6.79095112434142,8.40977721689999,0.520735923759782));
#2107=CARTESIAN_POINT('Ctrl Pts',(6.79095112434142,8.40977721689999,0.520735923759781));
#2108=CARTESIAN_POINT('Ctrl Pts',(6.78525364473427,8.40861276577261,0.521253065568955));
#2109=CARTESIAN_POINT('Ctrl Pts',(6.77357537433972,8.40680458233714,0.522820553935532));
#2110=CARTESIAN_POINT('Ctrl Pts',(6.75539557013751,8.40652417937245,0.527738423183441));
#2111=CARTESIAN_POINT('Ctrl Pts',(6.73597700081556,8.41038373379763,0.537364903476164));
#2112=CARTESIAN_POINT('Ctrl Pts',(6.72632204886392,8.41929201578015,0.550186239949648));
#2113=CARTESIAN_POINT('Ctrl Pts',(6.72437120133724,8.42464528234109,0.55688630487755));
#2114=CARTESIAN_POINT('Ctrl Pts',(6.72398749773635,8.42583405508305,0.558359998966053));
#2115=CARTESIAN_POINT('Ctrl Pts',(6.72363164068622,8.42732693931512,0.560176441522983));
#2116=CARTESIAN_POINT('Ctrl Pts',(6.72336738912203,8.42911274578111,0.562303636328024));
#2117=CARTESIAN_POINT('Ctrl Pts',(6.72322083663517,8.43148069402359,0.56506588379319));
#2118=CARTESIAN_POINT('Ctrl Pts',(6.72337114476149,8.43439976221564,0.568372940925591));
#2119=CARTESIAN_POINT('Ctrl Pts',(6.7246173086208,8.44124525474325,0.57585162365051));
#2120=CARTESIAN_POINT('Ctrl Pts',(6.72901132331423,8.45087805413419,0.585494424434782));
#2121=CARTESIAN_POINT('Ctrl Pts',(6.73459606463596,8.45871746788036,0.592503121235583));
#2122=CARTESIAN_POINT('Ctrl Pts',(6.73762744672569,8.46251850652308,0.59573553600623));
#2123=CARTESIAN_POINT('',(6.80998378005714,8.35185516380972,0.5));
#2124=CARTESIAN_POINT('Origin',(6.80998378005714,8.35185516380972,0.6));
#2125=CARTESIAN_POINT('Ctrl Pts',(6.70333112951641,8.45733128513051,0.65));
#2126=CARTESIAN_POINT('Ctrl Pts',(6.69990071504819,8.45386232779206,0.642500902662977));
#2127=CARTESIAN_POINT('Ctrl Pts',(6.69389517864399,8.44630433210724,0.626445570404881));
#2128=CARTESIAN_POINT('Ctrl Pts',(6.69048898718489,8.4355290381359,0.605017187328979));
#2129=CARTESIAN_POINT('Ctrl Pts',(6.69110039146286,8.42674302221729,0.588818045016882));
#2130=CARTESIAN_POINT('Ctrl Pts',(6.69197755193869,8.42276742182043,0.581731839290444));
#2131=CARTESIAN_POINT('Ctrl Pts',(6.6931236657064,8.41938110573894,0.575864985929113));
#2132=CARTESIAN_POINT('Ctrl Pts',(6.69423695007444,8.41673495387201,0.571375713122158));
#2133=CARTESIAN_POINT('Ctrl Pts',(6.69538618663319,8.41444179667781,0.567566953216911));
#2134=CARTESIAN_POINT('Ctrl Pts',(6.69646390009035,8.41255553135647,0.564494789117106));
#2135=CARTESIAN_POINT('Ctrl Pts',(6.70167809330383,8.40392740874866,0.550566580242074));
#2136=CARTESIAN_POINT('Ctrl Pts',(6.7207444536348,8.38572310298212,0.525023356812071));
#2137=CARTESIAN_POINT('Ctrl Pts',(6.75369755292113,8.36869003702675,0.508135195360811));
#2138=CARTESIAN_POINT('Ctrl Pts',(6.78302629014655,8.35816045688787,0.501097811754571));
#2139=CARTESIAN_POINT('Ctrl Pts',(6.80122106650981,8.35365929879544,0.499999999999999));
#2140=CARTESIAN_POINT('Ctrl Pts',(6.80998378005714,8.35185516380972,0.499999999999998));
#2141=CARTESIAN_POINT('Ctrl Pts',(6.80998378005714,8.35185516380972,0.5));
#2142=CARTESIAN_POINT('Ctrl Pts',(6.83364286573025,8.35962932249611,0.5));
#2143=CARTESIAN_POINT('Ctrl Pts',(6.88908085442435,8.37559548694518,0.5));
#2144=CARTESIAN_POINT('Ctrl Pts',(6.94698116319496,8.38609267914812,0.5));
#2145=CARTESIAN_POINT('Ctrl Pts',(6.98009949981758,8.38369777565077,0.5));
#2146=CARTESIAN_POINT('Ctrl Pts',(6.80316111777727,8.37261856187115,0.5));
#2147=CARTESIAN_POINT('Ctrl Pts',(6.82767844990132,8.37931812657096,0.500012099909305));
#2148=CARTESIAN_POINT('Ctrl Pts',(6.88524739633267,8.39256575584128,0.500017595037478));
#2149=CARTESIAN_POINT('Ctrl Pts',(6.94571038518845,8.39966384090675,0.499996816083168));
#2150=CARTESIAN_POINT('Ctrl Pts',(6.98087374338858,8.39440453658726,0.5));
#2151=CARTESIAN_POINT('Ctrl Pts',(6.79635904457255,8.39331930123052,0.507410803488924));
#2152=CARTESIAN_POINT('Ctrl Pts',(6.82172617046126,8.39896468832116,0.506523568244278));
#2153=CARTESIAN_POINT('Ctrl Pts',(6.88141432150237,8.40952532634846,0.504516717836668));
#2154=CARTESIAN_POINT('Ctrl Pts',(6.94443972680891,8.41323031210149,0.502627375915524));
#2155=CARTESIAN_POINT('Ctrl Pts',(6.98164784884848,8.40510938763067,0.501743297070585));
#2156=CARTESIAN_POINT('Ctrl Pts',(6.79095112434142,8.40977721689999,0.520735923759781));
#2157=CARTESIAN_POINT('Ctrl Pts',(6.81683465828162,8.41506729468092,0.518386559041942));
#2158=CARTESIAN_POINT('Ctrl Pts',(6.87798312221452,8.42441863489135,0.513002967552907));
#2159=CARTESIAN_POINT('Ctrl Pts',(6.94321448174372,8.42582713020408,0.507713006454236));
#2160=CARTESIAN_POINT('Ctrl Pts',(6.98238228951346,8.41526572720718,0.505140876528736));
#2161=CARTESIAN_POINT('',(6.98009949981759,8.38369777565092,0.5));
#2162=CARTESIAN_POINT('',(6.98238228951346,8.41526572720719,0.505140876528737));
#2163=CARTESIAN_POINT('Origin',(6.98009949981758,8.38369777565078,0.6));
#2164=CARTESIAN_POINT('Ctrl Pts',(6.80998378005714,8.35185516380972,0.5));
#2165=CARTESIAN_POINT('Ctrl Pts',(6.83364286573025,8.35962932249611,0.5));
#2166=CARTESIAN_POINT('Ctrl Pts',(6.88908085442435,8.37559548694518,0.5));
#2167=CARTESIAN_POINT('Ctrl Pts',(6.94698116319496,8.38609267914812,0.5));
#2168=CARTESIAN_POINT('Ctrl Pts',(6.98009949981758,8.38369777565077,0.5));
#2169=CARTESIAN_POINT('Ctrl Pts',(6.98238228951346,8.41526572720718,0.505140876528736));
#2170=CARTESIAN_POINT('Ctrl Pts',(6.94321448174372,8.42582713020408,0.507713006454236));
#2171=CARTESIAN_POINT('Ctrl Pts',(6.87798312221452,8.42441863489135,0.513002967552907));
#2172=CARTESIAN_POINT('Ctrl Pts',(6.81683465828162,8.41506729468092,0.518386559041942));
#2173=CARTESIAN_POINT('Ctrl Pts',(6.79095112434142,8.40977721689999,0.520735923759781));
#2174=CARTESIAN_POINT('Ctrl Pts',(7.05975530948386,8.39315979893956,0.506375175124151));
#2175=CARTESIAN_POINT('Ctrl Pts',(7.0593787072337,8.39327346351067,0.506338350126858));
#2176=CARTESIAN_POINT('Ctrl Pts',(7.05900204036269,8.39338705859438,0.506301970328548));
#2177=CARTESIAN_POINT('Ctrl Pts',(7.03344705092063,8.4010877013178,0.50386543990284));
#2178=CARTESIAN_POINT('Ctrl Pts',(7.00793081072617,8.40837669654989,0.503463118193356));
#2179=CARTESIAN_POINT('Ctrl Pts',(6.98238228951349,8.41526572720718,0.505140876528733));
#2180=CARTESIAN_POINT('Ctrl Pts',(7.05975530948386,8.39315979893956,0.50637517512415));
#2181=CARTESIAN_POINT('Ctrl Pts',(7.05937491589379,8.39322164759253,0.506329958353236));
#2182=CARTESIAN_POINT('Ctrl Pts',(7.05899452200001,8.39328346447016,0.506284922011818));
#2183=CARTESIAN_POINT('Ctrl Pts',(7.03318529307488,8.39747201108012,0.503260967874317));
#2184=CARTESIAN_POINT('Ctrl Pts',(7.00749782177559,8.40137901654218,0.501725395099212));
#2185=CARTESIAN_POINT('Ctrl Pts',(6.98164784884849,8.40510938763064,0.501743297070576));
#2186=CARTESIAN_POINT('Ctrl Pts',(7.05975530948386,8.39315979893955,0.506375175124149));
#2187=CARTESIAN_POINT('Ctrl Pts',(7.05937114006262,8.3931698370482,0.506321519866901));
#2188=CARTESIAN_POINT('Ctrl Pts',(7.05898696968888,8.39317984594518,0.506268045441787));
#2189=CARTESIAN_POINT('Ctrl Pts',(7.03292165361585,8.39385389594945,0.502671680228754));
#2190=CARTESIAN_POINT('Ctrl Pts',(7.00698310493773,8.39428832029202,0.500570601190988));
#2191=CARTESIAN_POINT('Ctrl Pts',(6.98087374338856,8.39440453658721,0.499999999999991));
#2192=CARTESIAN_POINT('Ctrl Pts',(7.05975530948386,8.39315979893955,0.506375175124148));
#2193=CARTESIAN_POINT('Ctrl Pts',(7.05936737864945,8.39311803464758,0.50631303508634));
#2194=CARTESIAN_POINT('Ctrl Pts',(7.05897938452011,8.39307620022639,0.506251340197082));
#2195=CARTESIAN_POINT('Ctrl Pts',(7.03265611299428,8.39023354779623,0.502097607261343));
#2196=CARTESIAN_POINT('Ctrl Pts',(7.00638728142969,8.38711235135654,0.499999999999979));
#2197=CARTESIAN_POINT('Ctrl Pts',(6.98009949981754,8.3836977756507,0.5));
#2198=CARTESIAN_POINT('',(7.05975530948384,8.39315979893955,0.506375175124146));
#2199=CARTESIAN_POINT('Ctrl Pts',(7.05975530948386,8.39315979893956,0.506375175124151));
#2200=CARTESIAN_POINT('Ctrl Pts',(7.0593787072337,8.39327346351067,0.506338350126858));
#2201=CARTESIAN_POINT('Ctrl Pts',(7.05900204036269,8.39338705859438,0.506301970328548));
#2202=CARTESIAN_POINT('Ctrl Pts',(7.03344705092063,8.4010877013178,0.50386543990284));
#2203=CARTESIAN_POINT('Ctrl Pts',(7.00793081072617,8.40837669654989,0.503463118193356));
#2204=CARTESIAN_POINT('Ctrl Pts',(6.98238228951349,8.41526572720718,0.505140876528733));
#2205=CARTESIAN_POINT('Ctrl Pts',(6.98009949981754,8.3836977756507,0.5));
#2206=CARTESIAN_POINT('Ctrl Pts',(7.00638728142969,8.38711235135654,0.499999999999979));
#2207=CARTESIAN_POINT('Ctrl Pts',(7.03265611299428,8.39023354779623,0.502097607261343));
#2208=CARTESIAN_POINT('Ctrl Pts',(7.05897938452011,8.39307620022639,0.506251340197082));
#2209=CARTESIAN_POINT('Ctrl Pts',(7.05936737864945,8.39311803464758,0.50631303508634));
#2210=CARTESIAN_POINT('Ctrl Pts',(7.05975530948386,8.39315979893955,0.506375175124148));
#2211=CARTESIAN_POINT('Ctrl Pts',(8.43985638241334,7.03008156807697,0.506896929068603));
#2212=CARTESIAN_POINT('Ctrl Pts',(8.23267647380668,7.22544233248587,0.503894307706444));
#2213=CARTESIAN_POINT('Ctrl Pts',(7.75356493703986,7.6847622848316,0.50161733898637));
#2214=CARTESIAN_POINT('Ctrl Pts',(7.2874910958789,8.15695353044003,0.502893432493411));
#2215=CARTESIAN_POINT('Ctrl Pts',(7.02394003160742,8.43026592884437,0.506896921066067));
#2216=CARTESIAN_POINT('Ctrl Pts',(8.42473492400938,7.01552372861433,0.50231667553843));
#2217=CARTESIAN_POINT('Ctrl Pts',(8.22078951167095,7.21382778870613,0.501301999101652));
#2218=CARTESIAN_POINT('Ctrl Pts',(7.74667202434729,7.67778409603628,0.500543963678786));
#2219=CARTESIAN_POINT('Ctrl Pts',(7.2769790797828,8.14602661039315,0.500963773158098));
#2220=CARTESIAN_POINT('Ctrl Pts',(7.0095520532428,8.41498277525855,0.502316672829749));
#2221=CARTESIAN_POINT('Ctrl Pts',(8.40925819501107,7.00062386048356,0.5));
#2222=CARTESIAN_POINT('Ctrl Pts',(8.20878158202798,7.20209277458911,0.500001653050113));
#2223=CARTESIAN_POINT('Ctrl Pts',(7.73971395357121,7.67073777188152,0.500000328040097));
#2224=CARTESIAN_POINT('Ctrl Pts',(7.26642092790034,8.135056305632,0.500002204060627));
#2225=CARTESIAN_POINT('Ctrl Pts',(6.99482603740672,8.39934055256219,0.5));
#2226=CARTESIAN_POINT('Ctrl Pts',(8.39378091766022,6.98572346443887,0.5));
#2227=CARTESIAN_POINT('Ctrl Pts',(8.19677379103428,7.19035788688904,0.5));
#2228=CARTESIAN_POINT('Ctrl Pts',(7.73275568405228,7.66369123894817,0.5));
#2229=CARTESIAN_POINT('Ctrl Pts',(7.25586311641463,8.12408637234549,0.5));
#2230=CARTESIAN_POINT('Ctrl Pts',(6.98009949981767,8.383697775651,0.5));
#2231=CARTESIAN_POINT('',(8.40235208402212,7.06548035837541,0.506375177784498));
#2232=CARTESIAN_POINT('Ctrl Pts',(8.40235293094341,7.06548117545956,0.506374963185935));
#2233=CARTESIAN_POINT('Ctrl Pts',(8.20789230288001,7.24921968020827,0.503778858527185));
#2234=CARTESIAN_POINT('Ctrl Pts',(7.75389343632725,7.68508680106698,0.501706891201099));
#2235=CARTESIAN_POINT('Ctrl Pts',(7.31161784316204,8.13252756916609,0.502829776793098));
#2236=CARTESIAN_POINT('Ctrl Pts',(7.05975708029965,8.39316167630153,0.506373043841671));
#2237=CARTESIAN_POINT('',(8.3937809176601,6.98572346443876,0.5));
#2238=CARTESIAN_POINT('Ctrl Pts',(8.40235208402212,7.06548035837542,0.5063751777845));
#2239=CARTESIAN_POINT('Ctrl Pts',(8.40231465805103,7.06509198363548,0.506313037748374));
#2240=CARTESIAN_POINT('Ctrl Pts',(8.40227716266241,7.06470354482139,0.506251342860475));
#2241=CARTESIAN_POINT('Ctrl Pts',(8.39972888893249,7.03835004336489,0.502097608268181));
#2242=CARTESIAN_POINT('Ctrl Pts',(8.39690147878523,7.01204786812183,0.499999999999977));
#2243=CARTESIAN_POINT('Ctrl Pts',(8.39378091765984,6.98572346443879,0.499999999999999));
#2244=CARTESIAN_POINT('Ctrl Pts',(6.98009949981767,8.383697775651,0.5));
#2245=CARTESIAN_POINT('Ctrl Pts',(7.25586311641463,8.12408637234549,0.5));
#2246=CARTESIAN_POINT('Ctrl Pts',(7.73275568405228,7.66369123894817,0.5));
#2247=CARTESIAN_POINT('Ctrl Pts',(8.19677379103428,7.19035788688904,0.5));
#2248=CARTESIAN_POINT('Ctrl Pts',(8.39378091766022,6.98572346443887,0.5));
#2249=CARTESIAN_POINT('Origin',(8.59314207099119,6.83381328439156,0.5));
#2250=CARTESIAN_POINT('',(8.3638428913689,6.81526486551928,0.5));
#2251=CARTESIAN_POINT('Ctrl Pts',(8.39378091765993,6.9857234644388,0.5));
#2252=CARTESIAN_POINT('Ctrl Pts',(8.3958545692653,6.96090671396158,0.5));
#2253=CARTESIAN_POINT('Ctrl Pts',(8.38911296771141,6.90277252813008,0.5));
#2254=CARTESIAN_POINT('Ctrl Pts',(8.37385487073058,6.84692377788043,0.5));
#2255=CARTESIAN_POINT('Ctrl Pts',(8.3638428913689,6.81526486551928,0.5));
#2256=CARTESIAN_POINT('',(6.79893573434802,5.23277498954989,0.5));
#2257=CARTESIAN_POINT('',(8.48648518751217,6.93928512521433,0.5));
#2258=CARTESIAN_POINT('',(5.2450787252049,6.76936741362817,0.5));
#2259=CARTESIAN_POINT('',(6.46379992380175,5.56418717515808,0.5));
#2260=CARTESIAN_POINT('',(6.93262817836905,8.47587754929259,0.5));
#2261=CARTESIAN_POINT('Origin',(6.93262817836905,8.47587754929259,0.65));
#2262=CARTESIAN_POINT('',(5.13842184172588,6.87483925445093,0.65));
#2263=CARTESIAN_POINT('Origin',(5.2450787252049,6.76936741362817,0.65));
#2264=CARTESIAN_POINT('',(6.82597129489002,8.58134939011535,0.65));
#2265=CARTESIAN_POINT('Origin',(6.82597129489002,8.58134939011535,0.5));
#2266=CARTESIAN_POINT('',(5.13842184172588,6.87483925445093,2.835));
#2267=CARTESIAN_POINT('',(5.13842184172588,6.87483925445093,1.12125));
#2268=CARTESIAN_POINT('',(6.70333186226993,8.45733202611698,2.835));
#2269=CARTESIAN_POINT('',(6.82597129489002,8.58134939011535,2.835));
#2270=CARTESIAN_POINT('',(6.80335074311487,8.55847468217346,2.73643938934103));
#2271=CARTESIAN_POINT('Ctrl Pts',(6.70333186226993,8.45733202611698,2.835));
#2272=CARTESIAN_POINT('Ctrl Pts',(6.72410897162476,8.47834257940023,2.81985985274933));
#2273=CARTESIAN_POINT('Ctrl Pts',(6.75957298644679,8.51420505479712,2.79144204812447));
#2274=CARTESIAN_POINT('Ctrl Pts',(6.79196894725023,8.54696500465341,2.75536178657143));
#2275=CARTESIAN_POINT('Ctrl Pts',(6.8033507431148,8.55847468217339,2.73643938934094));
#2276=CARTESIAN_POINT('Ctrl Pts',(6.80335074311494,8.55847468217354,2.73643938934103));
#2277=CARTESIAN_POINT('Ctrl Pts',(6.80825681618106,8.56343587806498,2.45251233382586));
#2278=CARTESIAN_POINT('Ctrl Pts',(6.81548592186257,8.57074620730846,1.78984958477129));
#2279=CARTESIAN_POINT('Ctrl Pts',(6.80989217532305,8.5650896114984,1.12713008316062));
#2280=CARTESIAN_POINT('Ctrl Pts',(6.80335074596024,8.55847468505081,0.748560675758542));
#2281=CARTESIAN_POINT('Ctrl Pts',(6.85322216990171,8.59909437684578,0.746989162955735));
#2282=CARTESIAN_POINT('Ctrl Pts',(6.8440339957679,8.59549561247606,1.12650844039682));
#2283=CARTESIAN_POINT('Ctrl Pts',(6.83748168203663,8.59069293830654,1.78983033802374));
#2284=CARTESIAN_POINT('Ctrl Pts',(6.84633104373455,8.59639530652832,2.4533714444349));
#2285=CARTESIAN_POINT('Ctrl Pts',(6.85322217802151,8.59909438108856,2.73801090279234));
#2286=CARTESIAN_POINT('Ctrl Pts',(6.83520711409322,8.58739310101051,0.747504913278434));
#2287=CARTESIAN_POINT('Ctrl Pts',(6.83199603832195,8.58606967245476,1.12671719055345));
#2288=CARTESIAN_POINT('Ctrl Pts',(6.82981405383009,8.58446279860693,1.78983568839456));
#2289=CARTESIAN_POINT('Ctrl Pts',(6.83279880938959,8.58640053123349,2.45308594412492));
#2290=CARTESIAN_POINT('Ctrl Pts',(6.83520711804732,8.58739310366586,2.7374951522601));
#2291=CARTESIAN_POINT('Ctrl Pts',(6.81845527957258,8.57374892762522,0.748032785160548));
#2292=CARTESIAN_POINT('Ctrl Pts',(6.82060248052959,8.57591711864726,1.12692364643695));
#2293=CARTESIAN_POINT('Ctrl Pts',(6.82245742794839,8.57779510190149,1.78984263374257));
#2294=CARTESIAN_POINT('Ctrl Pts',(6.82006568032592,8.57537507092543,2.45279913412993));
#2295=CARTESIAN_POINT('Ctrl Pts',(6.81845527979148,8.57374892784658,2.73696728015852));
#2296=CARTESIAN_POINT('Ctrl Pts',(6.80335074596024,8.55847468505081,0.748560675758542));
#2297=CARTESIAN_POINT('Ctrl Pts',(6.80989217532305,8.5650896114984,1.12713008316062));
#2298=CARTESIAN_POINT('Ctrl Pts',(6.81548592186257,8.57074620730846,1.78984958477129));
#2299=CARTESIAN_POINT('Ctrl Pts',(6.80825681618106,8.56343587806498,2.45251233382586));
#2300=CARTESIAN_POINT('Ctrl Pts',(6.80335074311494,8.55847468217354,2.73643938934103));
#2301=CARTESIAN_POINT('',(6.85200689309919,8.59860753424483,2.68644642162313));
#2302=CARTESIAN_POINT('Ctrl Pts',(6.80335074311474,8.55847468217333,2.73643938934092));
#2303=CARTESIAN_POINT('Ctrl Pts',(6.81805767894073,8.57334685969952,2.72014616933191));
#2304=CARTESIAN_POINT('Ctrl Pts',(6.83410054502755,8.58658567228735,2.70366002927817));
#2305=CARTESIAN_POINT('Ctrl Pts',(6.85149340125874,8.59826442217982,2.68693934348273));
#2306=CARTESIAN_POINT('Ctrl Pts',(6.85175002210205,8.59843616827227,2.6866928847055));
#2307=CARTESIAN_POINT('Ctrl Pts',(6.85200689309907,8.59860753424475,2.68644642162315));
#2308=CARTESIAN_POINT('Ctrl Pts',(6.85200719129419,8.5986108922011,0.798553421385888));
#2309=CARTESIAN_POINT('Ctrl Pts',(6.84370515213136,8.59525405358345,1.16084337103171));
#2310=CARTESIAN_POINT('Ctrl Pts',(6.83786997588628,8.59095778246289,1.7898358148731));
#2311=CARTESIAN_POINT('Ctrl Pts',(6.84588329932793,8.59610717697355,2.41902536147735));
#2312=CARTESIAN_POINT('Ctrl Pts',(6.85200757166498,8.59860855840504,2.68644644996733));
#2313=CARTESIAN_POINT('Ctrl Pts',(8.4253214941738,6.98835894917659,0.505140913701589));
#2314=CARTESIAN_POINT('Ctrl Pts',(8.41814731816552,7.0138289743958,0.503463143117991));
#2315=CARTESIAN_POINT('Ctrl Pts',(8.41057356219124,7.03926224973157,0.503865453635508));
#2316=CARTESIAN_POINT('Ctrl Pts',(8.40258774935034,7.06472967372983,0.506301973335553));
#2317=CARTESIAN_POINT('Ctrl Pts',(8.40246995106676,7.06510504874905,0.506338352960708));
#2318=CARTESIAN_POINT('Ctrl Pts',(8.40235208402213,7.06548035837542,0.506375177784502));
#2319=CARTESIAN_POINT('Ctrl Pts',(8.41517396464279,6.98751103635567,0.501743309892878));
#2320=CARTESIAN_POINT('Ctrl Pts',(8.41115426684873,7.01331839139891,0.501728057797036));
#2321=CARTESIAN_POINT('Ctrl Pts',(8.40696107152548,7.03896034643272,0.503260420553421));
#2322=CARTESIAN_POINT('Ctrl Pts',(8.40248424016664,7.06472098408612,0.506284965511547));
#2323=CARTESIAN_POINT('Ctrl Pts',(8.40241818672819,7.06510069371119,0.506329914556596));
#2324=CARTESIAN_POINT('Ctrl Pts',(8.40235208402213,7.06548035837542,0.506375177784501));
#2325=CARTESIAN_POINT('Ctrl Pts',(8.40447839528375,6.98661733012315,0.49999999999999));
#2326=CARTESIAN_POINT('Ctrl Pts',(8.40407003511785,7.0127244646471,0.500573303081884));
#2327=CARTESIAN_POINT('Ctrl Pts',(8.40334614456987,7.03865627744104,0.50267113301306));
#2328=CARTESIAN_POINT('Ctrl Pts',(8.40238071126907,7.0647122744202,0.506268088685251));
#2329=CARTESIAN_POINT('Ctrl Pts',(8.40236642238961,7.06509633867334,0.506321476152485));
#2330=CARTESIAN_POINT('Ctrl Pts',(8.40235208402212,7.06548035837542,0.506375177784501));
#2331=CARTESIAN_POINT('Ctrl Pts',(8.39378091765984,6.98572346443879,0.499999999999999));
#2332=CARTESIAN_POINT('Ctrl Pts',(8.39690147878523,7.01204786812183,0.499999999999977));
#2333=CARTESIAN_POINT('Ctrl Pts',(8.39972888893249,7.03835004336489,0.502097608268181));
#2334=CARTESIAN_POINT('Ctrl Pts',(8.40227716266241,7.06470354482139,0.506251342860475));
#2335=CARTESIAN_POINT('Ctrl Pts',(8.40231465805103,7.06509198363548,0.506313037748374));
#2336=CARTESIAN_POINT('Ctrl Pts',(8.40235208402212,7.06548035837542,0.5063751777845));
#2337=CARTESIAN_POINT('',(8.4253214941738,6.98835894917659,0.505140913701589));
#2338=CARTESIAN_POINT('Ctrl Pts',(8.4253214941738,6.98835894917659,0.505140913701589));
#2339=CARTESIAN_POINT('Ctrl Pts',(8.41814731816552,7.0138289743958,0.503463143117991));
#2340=CARTESIAN_POINT('Ctrl Pts',(8.41057356219124,7.03926224973157,0.503865453635508));
#2341=CARTESIAN_POINT('Ctrl Pts',(8.40258774935034,7.06472967372983,0.506301973335553));
#2342=CARTESIAN_POINT('Ctrl Pts',(8.40246995106676,7.06510504874905,0.506338352960708));
#2343=CARTESIAN_POINT('Ctrl Pts',(8.40235208402213,7.06548035837542,0.506375177784502));
#2344=CARTESIAN_POINT('Origin',(8.39378091765992,6.98572346443886,0.6));
#2345=CARTESIAN_POINT('Ctrl Pts',(8.39378091765993,6.9857234644388,0.5));
#2346=CARTESIAN_POINT('Ctrl Pts',(8.3958545692653,6.96090671396158,0.5));
#2347=CARTESIAN_POINT('Ctrl Pts',(8.38911296771141,6.90277252813008,0.5));
#2348=CARTESIAN_POINT('Ctrl Pts',(8.37385487073058,6.84692377788043,0.5));
#2349=CARTESIAN_POINT('Ctrl Pts',(8.3638428913689,6.81526486551928,0.5));
#2350=CARTESIAN_POINT('Ctrl Pts',(8.40447839528381,6.98661733012313,0.5));
#2351=CARTESIAN_POINT('Ctrl Pts',(8.40871731813862,6.96029096032526,0.49999761207685));
#2352=CARTESIAN_POINT('Ctrl Pts',(8.40575673427877,6.89941518282027,0.50000502726436));
#2353=CARTESIAN_POINT('Ctrl Pts',(8.393247670279,6.84146199354682,0.50001613275418));
#2354=CARTESIAN_POINT('Ctrl Pts',(8.38468117145643,6.8086748592743,0.5));
#2355=CARTESIAN_POINT('Ctrl Pts',(8.41517396464283,6.98751103635562,0.501743309892889));
#2356=CARTESIAN_POINT('Ctrl Pts',(8.42157607121884,6.95967521721601,0.502406360313041));
#2357=CARTESIAN_POINT('Ctrl Pts',(8.4223896065767,6.89605848480544,0.504217515263592));
#2358=CARTESIAN_POINT('Ctrl Pts',(8.41260493175966,6.8360091309977,0.506227759970431));
#2359=CARTESIAN_POINT('Ctrl Pts',(8.40545656825328,6.80210473956874,0.507410718328503));
#2360=CARTESIAN_POINT('Ctrl Pts',(8.42532149417382,6.98835894917651,0.505140913701594));
#2361=CARTESIAN_POINT('Ctrl Pts',(8.43357023794507,6.95907395370941,0.50706998536572));
#2362=CARTESIAN_POINT('Ctrl Pts',(8.43713826734018,6.89301124302768,0.512204858076925));
#2363=CARTESIAN_POINT('Ctrl Pts',(8.42864082869819,6.83146880940753,0.517603268758803));
#2364=CARTESIAN_POINT('Ctrl Pts',(8.42197388486038,6.79688121732344,0.520735701134083));
#2365=CARTESIAN_POINT('',(8.42197388486037,6.79688121732344,0.520735701134082));
#2366=CARTESIAN_POINT('Origin',(8.3638428913689,6.81526486551928,0.6));
#2367=CARTESIAN_POINT('Ctrl Pts',(8.42197388486038,6.79688121732344,0.520735701134083));
#2368=CARTESIAN_POINT('Ctrl Pts',(8.42864082869819,6.83146880940753,0.517603268758803));
#2369=CARTESIAN_POINT('Ctrl Pts',(8.43713826734018,6.89301124302768,0.512204858076925));
#2370=CARTESIAN_POINT('Ctrl Pts',(8.43357023794507,6.95907395370941,0.50706998536572));
#2371=CARTESIAN_POINT('Ctrl Pts',(8.42532149417382,6.98835894917651,0.505140913701594));
#2372=CARTESIAN_POINT('Ctrl Pts',(8.47530885895223,6.74415122523212,0.595735224914944));
#2373=CARTESIAN_POINT('Ctrl Pts',(8.47154254318672,6.74107809627529,0.592503283406222));
#2374=CARTESIAN_POINT('Ctrl Pts',(8.46376546371189,6.73543373865502,0.585489355666364));
#2375=CARTESIAN_POINT('Ctrl Pts',(8.45314666718127,6.73049073938599,0.574794963713784));
#2376=CARTESIAN_POINT('Ctrl Pts',(8.44391495857754,6.72918116010542,0.564535782523804));
#2377=CARTESIAN_POINT('Ctrl Pts',(8.43669386461089,6.7303541478672,0.555889528060266));
#2378=CARTESIAN_POINT('Ctrl Pts',(8.42966462322452,6.73477501189864,0.546628638531635));
#2379=CARTESIAN_POINT('Ctrl Pts',(8.42253453980296,6.7451979547024,0.535770743312069));
#2380=CARTESIAN_POINT('Ctrl Pts',(8.41907429019238,6.76118973444532,0.527708133009867));
#2381=CARTESIAN_POINT('Ctrl Pts',(8.41919432240194,6.77946070649433,0.522822344797075));
#2382=CARTESIAN_POINT('Ctrl Pts',(8.42087340462517,6.79117201046677,0.521252756624719));
#2383=CARTESIAN_POINT('Ctrl Pts',(8.42197388486037,6.79688121732344,0.520735701134082));
#2384=CARTESIAN_POINT('Ctrl Pts',(8.47923023820148,6.72916293842679,0.611153495342161));
#2385=CARTESIAN_POINT('Ctrl Pts',(8.47492065387946,6.72638869942288,0.606642488048747));
#2386=CARTESIAN_POINT('Ctrl Pts',(8.4659971341188,6.72142236571893,0.596954902025584));
#2387=CARTESIAN_POINT('Ctrl Pts',(8.45361324900767,6.71771757076959,0.582439386334881));
#2388=CARTESIAN_POINT('Ctrl Pts',(8.44255461610685,6.71787877604909,0.568657908235889));
#2389=CARTESIAN_POINT('Ctrl Pts',(8.4336554619634,6.72052128265348,0.557091067996682));
#2390=CARTESIAN_POINT('Ctrl Pts',(8.42457837512018,6.72688736210506,0.544707560495067));
#2391=CARTESIAN_POINT('Ctrl Pts',(8.41452811440425,6.74030473513123,0.530066871947937));
#2392=CARTESIAN_POINT('Ctrl Pts',(8.40797053082735,6.75976020340011,0.5188241711847));
#2393=CARTESIAN_POINT('Ctrl Pts',(8.40514485589809,6.78154858445658,0.511387726334951));
#2394=CARTESIAN_POINT('Ctrl Pts',(8.40514645676252,6.79537559883171,0.508524234743874));
#2395=CARTESIAN_POINT('Ctrl Pts',(8.40545656825328,6.80210473956874,0.507410718328502));
#2396=CARTESIAN_POINT('Ctrl Pts',(8.47751336056383,6.71688541247164,0.63054738620216));
#2397=CARTESIAN_POINT('Ctrl Pts',(8.47333694046495,6.71406197769276,0.624365872211575));
#2398=CARTESIAN_POINT('Ctrl Pts',(8.46452927689531,6.70913344871621,0.611237082957363));
#2399=CARTESIAN_POINT('Ctrl Pts',(8.45171714004873,6.70600861522781,0.592014245021929));
#2400=CARTESIAN_POINT('Ctrl Pts',(8.43967983580857,6.70723494348811,0.574104076167795));
#2401=CARTESIAN_POINT('Ctrl Pts',(8.42957117881644,6.71112640572082,0.559269250163383));
#2402=CARTESIAN_POINT('Ctrl Pts',(8.41864850020337,6.71933918723334,0.543627646791865));
#2403=CARTESIAN_POINT('Ctrl Pts',(8.40548326907535,6.73580834582926,0.525489931827277));
#2404=CARTESIAN_POINT('Ctrl Pts',(8.39504371233803,6.75899048574883,0.512090745554646));
#2405=CARTESIAN_POINT('Ctrl Pts',(8.38812878920322,6.78463613171094,0.503792493253031));
#2406=CARTESIAN_POINT('Ctrl Pts',(8.38560012059528,6.80081276145637,0.50098426874689));
#2407=CARTESIAN_POINT('Ctrl Pts',(8.38468117145643,6.8086748592743,0.499999999999999));
#2408=CARTESIAN_POINT('Ctrl Pts',(8.47050497614562,6.70979828443408,0.649999999999997));
#2409=CARTESIAN_POINT('Ctrl Pts',(8.4670751406497,6.70632991257304,0.642502025443013));
#2410=CARTESIAN_POINT('Ctrl Pts',(8.45956740041184,6.70028511814407,0.626440510471531));
#2411=CARTESIAN_POINT('Ctrl Pts',(8.44764356639764,6.69644993140679,0.602684369088425));
#2412=CARTESIAN_POINT('Ctrl Pts',(8.43547310270882,6.69791023795623,0.580560259418615));
#2413=CARTESIAN_POINT('Ctrl Pts',(8.42462783792831,6.70258497612546,0.562347846189071));
#2414=CARTESIAN_POINT('Ctrl Pts',(8.41209415874257,6.71241304705893,0.543435495262803));
#2415=CARTESIAN_POINT('Ctrl Pts',(8.39580202837225,6.73194502011131,0.522240531218138));
#2416=CARTESIAN_POINT('Ctrl Pts',(8.38130523900778,6.75902275689356,0.508052442450685));
#2417=CARTESIAN_POINT('Ctrl Pts',(8.37045493783779,6.78835955839316,0.501099704586686));
#2418=CARTESIAN_POINT('Ctrl Pts',(8.36574462681111,6.80652420895515,0.499999999999999));
#2419=CARTESIAN_POINT('Ctrl Pts',(8.3638428913689,6.81526486551928,0.5));
#2420=CARTESIAN_POINT('',(8.47530885895223,6.74415122523212,0.595735224914944));
#2421=CARTESIAN_POINT('Ctrl Pts',(8.47530885895223,6.74415122523212,0.595735224914944));
#2422=CARTESIAN_POINT('Ctrl Pts',(8.47154254318672,6.74107809627529,0.592503283406222));
#2423=CARTESIAN_POINT('Ctrl Pts',(8.46376546371189,6.73543373865502,0.585489355666364));
#2424=CARTESIAN_POINT('Ctrl Pts',(8.45314666718127,6.73049073938599,0.574794963713784));
#2425=CARTESIAN_POINT('Ctrl Pts',(8.44391495857754,6.72918116010542,0.564535782523804));
#2426=CARTESIAN_POINT('Ctrl Pts',(8.43669386461089,6.7303541478672,0.555889528060266));
#2427=CARTESIAN_POINT('Ctrl Pts',(8.42966462322452,6.73477501189864,0.546628638531635));
#2428=CARTESIAN_POINT('Ctrl Pts',(8.42253453980296,6.7451979547024,0.535770743312069));
#2429=CARTESIAN_POINT('Ctrl Pts',(8.41907429019238,6.76118973444532,0.527708133009867));
#2430=CARTESIAN_POINT('Ctrl Pts',(8.41919432240194,6.77946070649433,0.522822344797075));
#2431=CARTESIAN_POINT('Ctrl Pts',(8.42087340462517,6.79117201046677,0.521252756624719));
#2432=CARTESIAN_POINT('Ctrl Pts',(8.42197388486037,6.79688121732344,0.520735701134082));
#2433=CARTESIAN_POINT('',(8.47050497614562,6.70979828443408,0.649999999999999));
#2434=CARTESIAN_POINT('Origin',(8.39940038715961,6.78011284498258,0.649999999999999));
#2435=CARTESIAN_POINT('Ctrl Pts',(8.3638428913689,6.81526486551928,0.5));
#2436=CARTESIAN_POINT('Ctrl Pts',(8.36574462681111,6.80652420895515,0.499999999999999));
#2437=CARTESIAN_POINT('Ctrl Pts',(8.37045493783779,6.78835955839316,0.501099704586686));
#2438=CARTESIAN_POINT('Ctrl Pts',(8.38130523900778,6.75902275689356,0.508052442450685));
#2439=CARTESIAN_POINT('Ctrl Pts',(8.39580202837225,6.73194502011131,0.522240531218138));
#2440=CARTESIAN_POINT('Ctrl Pts',(8.41209415874257,6.71241304705893,0.543435495262803));
#2441=CARTESIAN_POINT('Ctrl Pts',(8.42462783792831,6.70258497612546,0.562347846189071));
#2442=CARTESIAN_POINT('Ctrl Pts',(8.43547310270882,6.69791023795623,0.580560259418615));
#2443=CARTESIAN_POINT('Ctrl Pts',(8.44764356639764,6.69644993140679,0.602684369088425));
#2444=CARTESIAN_POINT('Ctrl Pts',(8.45956740041184,6.70028511814407,0.626440510471531));
#2445=CARTESIAN_POINT('Ctrl Pts',(8.4670751406497,6.70632991257304,0.642502025443013));
#2446=CARTESIAN_POINT('Ctrl Pts',(8.47050497614562,6.70979828443408,0.649999999999997));
#2447=CARTESIAN_POINT('Ctrl Pts',(8.47050497614562,6.70979828443408,0.649999999999999));
#2448=CARTESIAN_POINT('Ctrl Pts',(8.48608730333703,6.72555568889978,0.661354858754264));
#2449=CARTESIAN_POINT('Ctrl Pts',(8.52147496477441,6.76134095303359,0.689543855106093));
#2450=CARTESIAN_POINT('Ctrl Pts',(8.55534524583454,6.79559178806455,0.723329234654424));
#2451=CARTESIAN_POINT('Ctrl Pts',(8.57052056000701,6.81093760646333,0.748558278352664));
#2452=CARTESIAN_POINT('Ctrl Pts',(8.47751336056383,6.71688541247164,0.630547386202161));
#2453=CARTESIAN_POINT('Ctrl Pts',(8.49297420569531,6.73253718269448,0.643268159694754));
#2454=CARTESIAN_POINT('Ctrl Pts',(8.52805250834477,6.76801740547259,0.674884017343641));
#2455=CARTESIAN_POINT('Ctrl Pts',(8.56150528961746,6.80181651344672,0.712881791959321));
#2456=CARTESIAN_POINT('Ctrl Pts',(8.57625748065723,6.81673898503552,0.741578763893571));
#2457=CARTESIAN_POINT('Ctrl Pts',(8.47923023820148,6.7291629384268,0.611153495342161));
#2458=CARTESIAN_POINT('Ctrl Pts',(8.49522377765257,6.74407422782359,0.625219810256175));
#2459=CARTESIAN_POINT('Ctrl Pts',(8.5314376081127,6.77784050259428,0.6602319843236));
#2460=CARTESIAN_POINT('Ctrl Pts',(8.56578975022082,6.80989140674116,0.702437735379751));
#2461=CARTESIAN_POINT('Ctrl Pts',(8.58075329556596,6.82376563113449,0.734600495482196));
#2462=CARTESIAN_POINT('Ctrl Pts',(8.47530885895223,6.74415122523212,0.595735224914943));
#2463=CARTESIAN_POINT('Ctrl Pts',(8.49241987335339,6.75811297382434,0.610418485996191));
#2464=CARTESIAN_POINT('Ctrl Pts',(8.53115248069262,6.78962363617469,0.647319159196865));
#2465=CARTESIAN_POINT('Ctrl Pts',(8.56786548546756,6.81922530854399,0.692708122609173));
#2466=CARTESIAN_POINT('Ctrl Pts',(8.58377834988369,6.83165861019883,0.727979936454878));
#2467=CARTESIAN_POINT('',(8.57052056000708,6.8109376064634,0.748558278352578));
#2468=CARTESIAN_POINT('',(8.58377834988369,6.83165861019882,0.727979936454884));
#2469=CARTESIAN_POINT('Origin',(8.49941597102099,6.88125216701183,0.748558278352668));
#2470=CARTESIAN_POINT('Ctrl Pts',(8.47050497614562,6.70979828443408,0.649999999999999));
#2471=CARTESIAN_POINT('Ctrl Pts',(8.48608730333703,6.72555568889978,0.661354858754264));
#2472=CARTESIAN_POINT('Ctrl Pts',(8.52147496477441,6.76134095303359,0.689543855106093));
#2473=CARTESIAN_POINT('Ctrl Pts',(8.55534524583454,6.79559178806455,0.723329234654424));
#2474=CARTESIAN_POINT('Ctrl Pts',(8.57052056000701,6.81093760646333,0.748558278352664));
#2475=CARTESIAN_POINT('Ctrl Pts',(8.58377834988369,6.83165861019883,0.727979936454878));
#2476=CARTESIAN_POINT('Ctrl Pts',(8.56786548546756,6.81922530854399,0.692708122609173));
#2477=CARTESIAN_POINT('Ctrl Pts',(8.53115248069262,6.78962363617469,0.647319159196865));
#2478=CARTESIAN_POINT('Ctrl Pts',(8.49241987335339,6.75811297382434,0.610418485996191));
#2479=CARTESIAN_POINT('Ctrl Pts',(8.47530885895223,6.74415122523212,0.595735224914943));
#2480=CARTESIAN_POINT('Ctrl Pts',(8.61010874664437,6.86004133515364,0.798553150532201));
#2481=CARTESIAN_POINT('Ctrl Pts',(8.61000556753041,6.85988461152345,0.798205453212819));
#2482=CARTESIAN_POINT('Ctrl Pts',(8.60990200515279,6.85972813347695,0.797857758804843));
#2483=CARTESIAN_POINT('Ctrl Pts',(8.60284866008588,6.84912869374341,0.77426768695459));
#2484=CARTESIAN_POINT('Ctrl Pts',(8.5941613972467,6.83977126399794,0.750994580717768));
#2485=CARTESIAN_POINT('Ctrl Pts',(8.5837783498837,6.83165861019883,0.727979936454917));
#2486=CARTESIAN_POINT('Ctrl Pts',(8.61010874664437,6.86004133515364,0.798553150532201));
#2487=CARTESIAN_POINT('Ctrl Pts',(8.60998375571923,6.85985061774197,0.798239191883285));
#2488=CARTESIAN_POINT('Ctrl Pts',(8.609858620577,6.85966001091628,0.797925255377563));
#2489=CARTESIAN_POINT('Ctrl Pts',(8.60134114973428,6.84674423517823,0.776624441274961));
#2490=CARTESIAN_POINT('Ctrl Pts',(8.59168417245611,6.83479384310371,0.755608133932581));
#2491=CARTESIAN_POINT('Ctrl Pts',(8.58075329556595,6.82376563113447,0.73460049548223));
#2492=CARTESIAN_POINT('Ctrl Pts',(8.61010874664437,6.86004133515364,0.798553150532201));
#2493=CARTESIAN_POINT('Ctrl Pts',(8.60996198751975,6.85981660156734,0.798272937808015));
#2494=CARTESIAN_POINT('Ctrl Pts',(8.6098150848522,6.85959197982133,0.797992744962997));
#2495=CARTESIAN_POINT('Ctrl Pts',(8.5998206981191,6.84436828720995,0.778981562942815));
#2496=CARTESIAN_POINT('Ctrl Pts',(8.58870532421419,6.83013852607179,0.760228981600063));
#2497=CARTESIAN_POINT('Ctrl Pts',(8.57625748065719,6.81673898503547,0.741578763893603));
#2498=CARTESIAN_POINT('Ctrl Pts',(8.61010874664437,6.86004133515364,0.798553150532201));
#2499=CARTESIAN_POINT('Ctrl Pts',(8.60994026347946,6.85978256414826,0.798306688263617));
#2500=CARTESIAN_POINT('Ctrl Pts',(8.60977139742132,6.85952403902955,0.798060230301023));
#2501=CARTESIAN_POINT('Ctrl Pts',(8.59828736995389,6.8420009583728,0.781338903113442));
#2502=CARTESIAN_POINT('Ctrl Pts',(8.58522813381876,6.82581042914338,0.764852118456304));
#2503=CARTESIAN_POINT('Ctrl Pts',(8.57052056000695,6.81093760646326,0.748558278352694));
#2504=CARTESIAN_POINT('',(8.61010874664444,6.86004133515376,0.798553150532222));
#2505=CARTESIAN_POINT('Ctrl Pts',(8.61010874664437,6.86004133515364,0.798553150532201));
#2506=CARTESIAN_POINT('Ctrl Pts',(8.61000556753041,6.85988461152345,0.798205453212819));
#2507=CARTESIAN_POINT('Ctrl Pts',(8.60990200515279,6.85972813347695,0.797857758804843));
#2508=CARTESIAN_POINT('Ctrl Pts',(8.60284866008588,6.84912869374341,0.77426768695459));
#2509=CARTESIAN_POINT('Ctrl Pts',(8.5941613972467,6.83977126399794,0.750994580717768));
#2510=CARTESIAN_POINT('Ctrl Pts',(8.5837783498837,6.83165861019883,0.727979936454917));
#2511=CARTESIAN_POINT('Ctrl Pts',(8.57052056000695,6.81093760646326,0.748558278352694));
#2512=CARTESIAN_POINT('Ctrl Pts',(8.58522813381876,6.82581042914338,0.764852118456304));
#2513=CARTESIAN_POINT('Ctrl Pts',(8.59828736995389,6.8420009583728,0.781338903113442));
#2514=CARTESIAN_POINT('Ctrl Pts',(8.60977139742132,6.85952403902955,0.798060230301023));
#2515=CARTESIAN_POINT('Ctrl Pts',(8.60994026347946,6.85978256414826,0.798306688263617));
#2516=CARTESIAN_POINT('Ctrl Pts',(8.61010874664437,6.86004133515364,0.798553150532201));
#2517=CARTESIAN_POINT('Ctrl Pts',(8.61058198749917,6.86126204747632,2.73801336506082));
#2518=CARTESIAN_POINT('Ctrl Pts',(8.60708624188196,6.85203413067779,2.35849315551505));
#2519=CARTESIAN_POINT('Ctrl Pts',(8.60235717653164,6.8454284416206,1.69516960766523));
#2520=CARTESIAN_POINT('Ctrl Pts',(8.60796017537597,6.85434110541099,1.03162685758103));
#2521=CARTESIAN_POINT('Ctrl Pts',(8.61058198334723,6.86126203930902,0.746986700698341));
#2522=CARTESIAN_POINT('Ctrl Pts',(8.59908239318399,6.84311650903472,2.73749759392999));
#2523=CARTESIAN_POINT('Ctrl Pts',(8.5977949635422,6.83989080206167,2.35828438994117));
#2524=CARTESIAN_POINT('Ctrl Pts',(8.59621259726206,6.83769095405033,1.69516425919975));
#2525=CARTESIAN_POINT('Ctrl Pts',(8.59811681933659,6.84069722666172,1.03191237443231));
#2526=CARTESIAN_POINT('Ctrl Pts',(8.59908239057287,6.84311650505093,0.747502471619616));
#2527=CARTESIAN_POINT('Ctrl Pts',(8.58562573135218,6.8262124939359,2.73696969970393));
#2528=CARTESIAN_POINT('Ctrl Pts',(8.58776980339707,6.8283837914781,2.35807791848859));
#2529=CARTESIAN_POINT('Ctrl Pts',(8.58962694971737,6.83025961061511,1.69515731559898));
#2530=CARTESIAN_POINT('Ctrl Pts',(8.58723378535259,6.82784096705662,1.0321992014664));
#2531=CARTESIAN_POINT('Ctrl Pts',(8.58562573113331,6.82621249371457,0.748030365626185));
#2532=CARTESIAN_POINT('Ctrl Pts',(8.57052055716161,6.81093760358596,2.73644178675803));
#2533=CARTESIAN_POINT('Ctrl Pts',(8.57706200181055,6.81755254549143,2.35787146619862));
#2534=CARTESIAN_POINT('Ctrl Pts',(8.58265576779069,6.82320916096054,1.69515036631605));
#2535=CARTESIAN_POINT('Ctrl Pts',(8.57542664244979,6.81589881183679,1.03248601880851));
#2536=CARTESIAN_POINT('Ctrl Pts',(8.57052056000716,6.81093760646347,0.748558278352575));
#2537=CARTESIAN_POINT('',(8.61010874909565,6.86004133895259,2.68644675391021));
#2538=CARTESIAN_POINT('Ctrl Pts',(8.61011210630816,6.86004167857326,2.68644681534724));
#2539=CARTESIAN_POINT('Ctrl Pts',(8.60684836755987,6.85170258890636,2.32415669806619));
#2540=CARTESIAN_POINT('Ctrl Pts',(8.60261766963215,6.84581969202507,1.69516402337));
#2541=CARTESIAN_POINT('Ctrl Pts',(8.60767706364918,6.85389014677508,1.06597425263633));
#2542=CARTESIAN_POINT('Ctrl Pts',(8.61010976329602,6.86004202521293,0.798553122184258));
#2543=CARTESIAN_POINT('',(8.57052055716153,6.81093760358588,2.73644178675803));
#2544=CARTESIAN_POINT('Ctrl Pts',(8.61010874909557,6.86004133895247,2.68644675391024));
#2545=CARTESIAN_POINT('Ctrl Pts',(8.60994026593517,6.85978256795249,2.68669321693292));
#2546=CARTESIAN_POINT('Ctrl Pts',(8.60977139988157,6.85952404283953,2.6869396756485));
#2547=CARTESIAN_POINT('Ctrl Pts',(8.59828737103966,6.84200095992581,2.70366105641335));
#2548=CARTESIAN_POINT('Ctrl Pts',(8.58522813336234,6.82581042868184,2.72014789386274));
#2549=CARTESIAN_POINT('Ctrl Pts',(8.5705205571614,6.81093760358575,2.73644178675792));
#2550=CARTESIAN_POINT('Ctrl Pts',(8.57052056000716,6.81093760646347,0.748558278352575));
#2551=CARTESIAN_POINT('Ctrl Pts',(8.57542664244979,6.81589881183679,1.03248601880851));
#2552=CARTESIAN_POINT('Ctrl Pts',(8.58265576779069,6.82320916096054,1.69515036631605));
#2553=CARTESIAN_POINT('Ctrl Pts',(8.57706200181055,6.81755254549143,2.35787146619862));
#2554=CARTESIAN_POINT('Ctrl Pts',(8.57052055716161,6.81093760358596,2.73644178675803));
#2555=CARTESIAN_POINT('Origin',(8.5931420709912,6.83381328439157,2.985));
#2556=CARTESIAN_POINT('',(8.47050570887295,6.70979902539406,2.835));
#2557=CARTESIAN_POINT('Ctrl Pts',(8.57052055716146,6.8109376035858,2.73644178675793));
#2558=CARTESIAN_POINT('Ctrl Pts',(8.55913915131233,6.79942832046332,2.7553634939709));
#2559=CARTESIAN_POINT('Ctrl Pts',(8.52674460929235,6.76666980533143,2.79144290932081));
#2560=CARTESIAN_POINT('Ctrl Pts',(8.49128199755126,6.73080874877997,2.81986016225239));
#2561=CARTESIAN_POINT('Ctrl Pts',(8.47050570887295,6.70979902539406,2.835));
#2562=CARTESIAN_POINT('',(6.90559261782705,5.12730314872714,2.835));
#2563=CARTESIAN_POINT('',(8.5931420709912,6.83381328439157,2.835));
#2564=CARTESIAN_POINT('',(6.90559261782705,5.12730314872714,0.65));
#2565=CARTESIAN_POINT('',(6.90559261782705,5.12730314872714,2.36375));
#2566=CARTESIAN_POINT('',(8.5931420709912,6.83381328439157,0.65));
#2567=CARTESIAN_POINT('Origin',(8.48648518751217,6.93928512521433,0.65));
#2568=CARTESIAN_POINT('Origin',(6.79893573434802,5.23277498954989,0.65));
#2569=CARTESIAN_POINT('Ctrl Pts',(6.98238138022809,8.41526642156037,2.97985897461031));
#2570=CARTESIAN_POINT('Ctrl Pts',(7.00793028494387,8.40837730588963,2.98153678157253));
#2571=CARTESIAN_POINT('Ctrl Pts',(7.03344690727444,8.4010882077506,2.98113444596336));
#2572=CARTESIAN_POINT('Ctrl Pts',(7.05900226368974,8.39338744911632,2.97869784338161));
#2573=CARTESIAN_POINT('Ctrl Pts',(7.05937893047789,8.39327385397758,2.97866146304369));
#2574=CARTESIAN_POINT('Ctrl Pts',(7.05975553264503,8.39316018935024,2.97862463750689));
#2575=CARTESIAN_POINT('Ctrl Pts',(6.98164693383425,8.40510994931591,2.98325665158171));
#2576=CARTESIAN_POINT('Ctrl Pts',(7.00749789433966,8.40137891227779,2.98327190434329));
#2577=CARTESIAN_POINT('Ctrl Pts',(7.0331853976088,8.39747253126931,2.98173949168799));
#2578=CARTESIAN_POINT('Ctrl Pts',(7.05899473155493,8.39328384963575,2.97871485133464));
#2579=CARTESIAN_POINT('Ctrl Pts',(7.05937515430395,8.39322204437684,2.97866990151239));
#2580=CARTESIAN_POINT('Ctrl Pts',(7.05975553264503,8.39316018935024,2.97862463750689));
#2581=CARTESIAN_POINT('Ctrl Pts',(6.98087282112933,8.39440494175167,2.98500000000001));
#2582=CARTESIAN_POINT('Ctrl Pts',(7.00698318087895,8.3942884095103,2.98442668417365));
#2583=CARTESIAN_POINT('Ctrl Pts',(7.03292174955215,8.39385439442513,2.98232879183859));
#2584=CARTESIAN_POINT('Ctrl Pts',(7.05898717961931,8.39318023021845,2.97873172829011));
#2585=CARTESIAN_POINT('Ctrl Pts',(7.05937137813002,8.39317023477609,2.97867833998109));
#2586=CARTESIAN_POINT('Ctrl Pts',(7.05975553264503,8.39316018935024,2.9786246375069));
#2587=CARTESIAN_POINT('Ctrl Pts',(6.98009857030398,8.38369802415511,2.985));
#2588=CARTESIAN_POINT('Ctrl Pts',(7.00638674188636,8.38711266064822,2.98500000000002));
#2589=CARTESIAN_POINT('Ctrl Pts',(7.03265596250889,8.39023390480611,2.98290232916449));
#2590=CARTESIAN_POINT('Ctrl Pts',(7.05897960797214,8.3930765908704,2.97874847424418));
#2591=CARTESIAN_POINT('Ctrl Pts',(7.05936760195608,8.39311842517535,2.97868677844979));
#2592=CARTESIAN_POINT('Ctrl Pts',(7.05975553264503,8.39316018935023,2.9786246375069));
#2593=CARTESIAN_POINT('',(6.98238138022809,8.41526642156037,2.97985897461031));
#2594=CARTESIAN_POINT('',(7.05975553264502,8.39316018935024,2.9786246375069));
#2595=CARTESIAN_POINT('Ctrl Pts',(6.98238138022809,8.41526642156037,2.97985897461031));
#2596=CARTESIAN_POINT('Ctrl Pts',(7.00793028494387,8.40837730588963,2.98153678157253));
#2597=CARTESIAN_POINT('Ctrl Pts',(7.03344690727444,8.4010882077506,2.98113444596336));
#2598=CARTESIAN_POINT('Ctrl Pts',(7.05900226368974,8.39338744911632,2.97869784338161));
#2599=CARTESIAN_POINT('Ctrl Pts',(7.05937893047789,8.39327385397758,2.97866146304369));
#2600=CARTESIAN_POINT('Ctrl Pts',(7.05975553264503,8.39316018935024,2.97862463750689));
#2601=CARTESIAN_POINT('',(6.98009857030394,8.38369802415537,2.985));
#2602=CARTESIAN_POINT('Origin',(6.98009857030405,8.38369802415519,2.885));
#2603=CARTESIAN_POINT('Ctrl Pts',(7.05975553264503,8.39316018935023,2.9786246375069));
#2604=CARTESIAN_POINT('Ctrl Pts',(7.05936760195608,8.39311842517535,2.97868677844979));
#2605=CARTESIAN_POINT('Ctrl Pts',(7.05897960797214,8.3930765908704,2.97874847424418));
#2606=CARTESIAN_POINT('Ctrl Pts',(7.03265596250889,8.39023390480611,2.98290232916449));
#2607=CARTESIAN_POINT('Ctrl Pts',(7.00638674188636,8.38711266064822,2.98500000000002));
#2608=CARTESIAN_POINT('Ctrl Pts',(6.98009857030398,8.38369802415511,2.985));
#2609=CARTESIAN_POINT('Ctrl Pts',(6.98009857030399,8.38369802415519,2.985));
#2610=CARTESIAN_POINT('Ctrl Pts',(6.94698064299173,8.38609288545149,2.985));
#2611=CARTESIAN_POINT('Ctrl Pts',(6.88908103405589,8.3755961319789,2.985));
#2612=CARTESIAN_POINT('Ctrl Pts',(6.83364366403374,8.35963024484659,2.985));
#2613=CARTESIAN_POINT('Ctrl Pts',(6.80998485045428,8.35185624623344,2.985));
#2614=CARTESIAN_POINT('Ctrl Pts',(6.98087282112931,8.39440494175173,2.985));
#2615=CARTESIAN_POINT('Ctrl Pts',(6.94570989324338,8.39966416831376,2.98500318401589));
#2616=CARTESIAN_POINT('Ctrl Pts',(6.88524760317878,8.39256651536881,2.98498239383939));
#2617=CARTESIAN_POINT('Ctrl Pts',(6.82767927806347,8.37931915196857,2.98498789998404));
#2618=CARTESIAN_POINT('Ctrl Pts',(6.80316221709239,8.37261974502759,2.985));
#2619=CARTESIAN_POINT('Ctrl Pts',(6.9816469338342,8.40510994931595,2.9832566515817));
#2620=CARTESIAN_POINT('Ctrl Pts',(6.94443926312619,8.41323076034498,2.98237257029802));
#2621=CARTESIAN_POINT('Ctrl Pts',(6.88141455451976,8.40952620237742,2.98048321822278));
#2622=CARTESIAN_POINT('Ctrl Pts',(6.82172702864131,8.39896581576231,2.97847637272278));
#2623=CARTESIAN_POINT('Ctrl Pts',(6.79636017304164,8.39332058383195,2.97758913586962));
#2624=CARTESIAN_POINT('Ctrl Pts',(6.98238138022802,8.41526642156039,2.9798589746103));
#2625=CARTESIAN_POINT('Ctrl Pts',(6.94321404654044,8.42582766852136,2.97728683987955));
#2626=CARTESIAN_POINT('Ctrl Pts',(6.87798338027897,8.42441959491538,2.97199688569494));
#2627=CARTESIAN_POINT('Ctrl Pts',(6.81683555009836,8.41506847548112,2.96661328441635));
#2628=CARTESIAN_POINT('Ctrl Pts',(6.79095228654788,8.40977854643028,2.96426391771201));
#2629=CARTESIAN_POINT('',(6.80998485045428,8.35185624623344,2.985));
#2630=CARTESIAN_POINT('',(6.79095228654788,8.40977854643028,2.96426391771201));
#2631=CARTESIAN_POINT('Origin',(6.80998485045428,8.35185624623344,2.885));
#2632=CARTESIAN_POINT('Ctrl Pts',(6.98009857030399,8.38369802415519,2.985));
#2633=CARTESIAN_POINT('Ctrl Pts',(6.94698064299173,8.38609288545149,2.985));
#2634=CARTESIAN_POINT('Ctrl Pts',(6.88908103405589,8.3755961319789,2.985));
#2635=CARTESIAN_POINT('Ctrl Pts',(6.83364366403374,8.35963024484659,2.985));
#2636=CARTESIAN_POINT('Ctrl Pts',(6.80998485045428,8.35185624623344,2.985));
#2637=CARTESIAN_POINT('Ctrl Pts',(6.79095228654788,8.40977854643028,2.96426391771201));
#2638=CARTESIAN_POINT('Ctrl Pts',(6.81683555009836,8.41506847548112,2.96661328441635));
#2639=CARTESIAN_POINT('Ctrl Pts',(6.87798338027897,8.42441959491538,2.97199688569494));
#2640=CARTESIAN_POINT('Ctrl Pts',(6.94321404654044,8.42582766852136,2.97728683987955));
#2641=CARTESIAN_POINT('Ctrl Pts',(6.98238138022802,8.41526642156039,2.9798589746103));
#2642=CARTESIAN_POINT('Ctrl Pts',(6.73762822860524,8.46251940756649,2.88926427461805));
#2643=CARTESIAN_POINT('Ctrl Pts',(6.73383960763279,8.45776886820613,2.89330418014512));
#2644=CARTESIAN_POINT('Ctrl Pts',(6.72838122177629,8.4498544057786,2.90046749920454));
#2645=CARTESIAN_POINT('Ctrl Pts',(6.72406409111667,8.43903641229213,2.91150337482837));
#2646=CARTESIAN_POINT('Ctrl Pts',(6.72303055308051,8.4309416579207,2.92049101616054));
#2647=CARTESIAN_POINT('Ctrl Pts',(6.72427611632871,8.42373196839552,2.92913813798087));
#2648=CARTESIAN_POINT('Ctrl Pts',(6.72880563750475,8.41675393475117,2.93840480398368));
#2649=CARTESIAN_POINT('Ctrl Pts',(6.73931831705867,8.40973206325692,2.94927599264114));
#2650=CARTESIAN_POINT('Ctrl Pts',(6.76159829016385,8.40516904131927,2.96048877923497));
#2651=CARTESIAN_POINT('Ctrl Pts',(6.77955909985736,8.4074500475863,2.96322978330254));
#2652=CARTESIAN_POINT('Ctrl Pts',(6.79095228654789,8.40977854643028,2.96426391771201));
#2653=CARTESIAN_POINT('Ctrl Pts',(6.72259738103168,8.46627293665389,2.8738460731319));
#2654=CARTESIAN_POINT('Ctrl Pts',(6.7191899382299,8.46084753034394,2.87948481571105));
#2655=CARTESIAN_POINT('Ctrl Pts',(6.71443852619107,8.45178222723789,2.88935163385961));
#2656=CARTESIAN_POINT('Ctrl Pts',(6.71147646742978,8.4391300849157,2.90430614727256));
#2657=CARTESIAN_POINT('Ctrl Pts',(6.7117504643006,8.42944902105887,2.91637748587759));
#2658=CARTESIAN_POINT('Ctrl Pts',(6.71448296844454,8.42057868507464,2.92794500701368));
#2659=CARTESIAN_POINT('Ctrl Pts',(6.72098671069241,8.41156945331029,2.94033861923923));
#2660=CARTESIAN_POINT('Ctrl Pts',(6.7345277904815,8.40165952472445,2.95499455744753));
#2661=CARTESIAN_POINT('Ctrl Pts',(6.76168105405118,8.39283452248441,2.97064512104279));
#2662=CARTESIAN_POINT('Ctrl Pts',(6.78290961416159,8.39254991331411,2.9753620843953));
#2663=CARTESIAN_POINT('Ctrl Pts',(6.79636017304164,8.39332058383196,2.97758913586962));
#2664=CARTESIAN_POINT('Ctrl Pts',(6.71034009657064,8.46441900235038,2.85445239615858));
#2665=CARTESIAN_POINT('Ctrl Pts',(6.70686930295729,8.45915934604487,2.86217927061346));
#2666=CARTESIAN_POINT('Ctrl Pts',(6.70218509448706,8.45017707371655,2.87551768514848));
#2667=CARTESIAN_POINT('Ctrl Pts',(6.69992598869907,8.43698075129139,2.89525390232025));
#2668=CARTESIAN_POINT('Ctrl Pts',(6.70114605953717,8.42644913143607,2.9109400644227));
#2669=CARTESIAN_POINT('Ctrl Pts',(6.70513960862055,8.41638470420735,2.92577626970857));
#2670=CARTESIAN_POINT('Ctrl Pts',(6.71351656514291,8.40554443264962,2.9414286748215));
#2671=CARTESIAN_POINT('Ctrl Pts',(6.73014687541276,8.39255098003089,2.95958531994928));
#2672=CARTESIAN_POINT('Ctrl Pts',(6.76254428918753,8.37838396169383,2.97824013576867));
#2673=CARTESIAN_POINT('Ctrl Pts',(6.78741844396459,8.37428171254841,2.98303145044217));
#2674=CARTESIAN_POINT('Ctrl Pts',(6.80316221709239,8.37261974502759,2.985));
#2675=CARTESIAN_POINT('Ctrl Pts',(6.70333186226993,8.45733202611697,2.835));
#2676=CARTESIAN_POINT('Ctrl Pts',(6.69904452738566,8.45299652032111,2.84437246086819));
#2677=CARTESIAN_POINT('Ctrl Pts',(6.69327003349526,8.44525752468777,2.86073074795748));
#2678=CARTESIAN_POINT('Ctrl Pts',(6.69044250328632,8.43278503722081,2.88511651884537));
#2679=CARTESIAN_POINT('Ctrl Pts',(6.69187671600717,8.42213099626864,2.90449422056092));
#2680=CARTESIAN_POINT('Ctrl Pts',(6.69666010039675,8.41134041474812,2.92270997654925));
#2681=CARTESIAN_POINT('Ctrl Pts',(6.70667636065761,8.39890098391266,2.94162903194044));
#2682=CARTESIAN_POINT('Ctrl Pts',(6.72640975706242,8.38280955370577,2.96285032228391));
#2683=CARTESIAN_POINT('Ctrl Pts',(6.764269367987,8.36307867734656,2.98258386782017));
#2684=CARTESIAN_POINT('Ctrl Pts',(6.79246213686696,8.35546401298632,2.985));
#2685=CARTESIAN_POINT('Ctrl Pts',(6.80998485045427,8.35185624623345,2.985));
#2686=CARTESIAN_POINT('',(6.73762822860524,8.46251940756649,2.88926427461804));
#2687=CARTESIAN_POINT('Ctrl Pts',(6.73762822860524,8.46251940756649,2.88926427461805));
#2688=CARTESIAN_POINT('Ctrl Pts',(6.73383960763279,8.45776886820613,2.89330418014512));
#2689=CARTESIAN_POINT('Ctrl Pts',(6.72838122177629,8.4498544057786,2.90046749920454));
#2690=CARTESIAN_POINT('Ctrl Pts',(6.72406409111667,8.43903641229213,2.91150337482837));
#2691=CARTESIAN_POINT('Ctrl Pts',(6.72303055308051,8.4309416579207,2.92049101616054));
#2692=CARTESIAN_POINT('Ctrl Pts',(6.72427611632871,8.42373196839552,2.92913813798087));
#2693=CARTESIAN_POINT('Ctrl Pts',(6.72880563750475,8.41675393475117,2.93840480398368));
#2694=CARTESIAN_POINT('Ctrl Pts',(6.73931831705867,8.40973206325692,2.94927599264114));
#2695=CARTESIAN_POINT('Ctrl Pts',(6.76159829016385,8.40516904131927,2.96048877923497));
#2696=CARTESIAN_POINT('Ctrl Pts',(6.77955909985736,8.4074500475863,2.96322978330254));
#2697=CARTESIAN_POINT('Ctrl Pts',(6.79095228654789,8.40977854643028,2.96426391771201));
#2698=CARTESIAN_POINT('Origin',(6.77443645125595,8.38701746556847,2.835));
#2699=CARTESIAN_POINT('Ctrl Pts',(6.80998485045427,8.35185624623345,2.985));
#2700=CARTESIAN_POINT('Ctrl Pts',(6.79246213686696,8.35546401298632,2.985));
#2701=CARTESIAN_POINT('Ctrl Pts',(6.764269367987,8.36307867734656,2.98258386782017));
#2702=CARTESIAN_POINT('Ctrl Pts',(6.72640975706242,8.38280955370577,2.96285032228391));
#2703=CARTESIAN_POINT('Ctrl Pts',(6.70667636065761,8.39890098391266,2.94162903194044));
#2704=CARTESIAN_POINT('Ctrl Pts',(6.69666010039675,8.41134041474812,2.92270997654925));
#2705=CARTESIAN_POINT('Ctrl Pts',(6.69187671600717,8.42213099626864,2.90449422056092));
#2706=CARTESIAN_POINT('Ctrl Pts',(6.69044250328632,8.43278503722081,2.88511651884537));
#2707=CARTESIAN_POINT('Ctrl Pts',(6.69327003349526,8.44525752468777,2.86073074795748));
#2708=CARTESIAN_POINT('Ctrl Pts',(6.69904452738566,8.45299652032111,2.84437246086819));
#2709=CARTESIAN_POINT('Ctrl Pts',(6.70333186226993,8.45733202611697,2.835));
#2710=CARTESIAN_POINT('Ctrl Pts',(6.70333186226993,8.45733202611698,2.835));
#2711=CARTESIAN_POINT('Ctrl Pts',(6.72410897162476,8.47834257940023,2.81985985274933));
#2712=CARTESIAN_POINT('Ctrl Pts',(6.75957298644679,8.51420505479712,2.79144204812447));
#2713=CARTESIAN_POINT('Ctrl Pts',(6.79196894725023,8.54696500465341,2.75536178657143));
#2714=CARTESIAN_POINT('Ctrl Pts',(6.8033507431148,8.55847468217339,2.73643938934094));
#2715=CARTESIAN_POINT('Ctrl Pts',(6.71034009657064,8.46441900235038,2.85445239615858));
#2716=CARTESIAN_POINT('Ctrl Pts',(6.73097816857154,8.48526600658846,2.83749103403815));
#2717=CARTESIAN_POINT('Ctrl Pts',(6.76612741877901,8.52082598357578,2.80563862134877));
#2718=CARTESIAN_POINT('Ctrl Pts',(6.79801961152381,8.55308704942957,2.76494200878248));
#2719=CARTESIAN_POINT('Ctrl Pts',(6.80908744337041,8.56427583787471,2.74341859926885));
#2720=CARTESIAN_POINT('Ctrl Pts',(6.72259738103168,8.46627293665389,2.87384607313189));
#2721=CARTESIAN_POINT('Ctrl Pts',(6.74224027153276,8.48781910453264,2.85509065922492));
#2722=CARTESIAN_POINT('Ctrl Pts',(6.77566906499555,8.52448275696044,2.81982698741804));
#2723=CARTESIAN_POINT('Ctrl Pts',(6.80578318822982,8.55751127007198,2.77451938036969));
#2724=CARTESIAN_POINT('Ctrl Pts',(6.81606309956665,8.56884975528574,2.75039656340535));
#2725=CARTESIAN_POINT('Ctrl Pts',(6.73762822860524,8.4625194075665,2.88926427461805));
#2726=CARTESIAN_POINT('Ctrl Pts',(6.75598849071993,8.48554127976659,2.86968624743216));
#2727=CARTESIAN_POINT('Ctrl Pts',(6.78711818576399,8.52469899948897,2.83245753396747));
#2728=CARTESIAN_POINT('Ctrl Pts',(6.81473009526722,8.5599244854531,2.78347155054429));
#2729=CARTESIAN_POINT('Ctrl Pts',(6.82392141030873,8.57196280862172,2.75701686247108));
#2730=CARTESIAN_POINT('',(6.82392141030873,8.57196280862172,2.75701686247108));
#2731=CARTESIAN_POINT('Origin',(6.87445533210081,8.48816012162488,2.73643938934093));
#2732=CARTESIAN_POINT('Ctrl Pts',(6.82392141030873,8.57196280862172,2.75701686247108));
#2733=CARTESIAN_POINT('Ctrl Pts',(6.81473009526722,8.5599244854531,2.78347155054429));
#2734=CARTESIAN_POINT('Ctrl Pts',(6.78711818576399,8.52469899948897,2.83245753396747));
#2735=CARTESIAN_POINT('Ctrl Pts',(6.75598849071993,8.48554127976659,2.86968624743216));
#2736=CARTESIAN_POINT('Ctrl Pts',(6.73762822860524,8.4625194075665,2.88926427461805));
#2737=CARTESIAN_POINT('Ctrl Pts',(6.85200689309907,8.59860753424475,2.68644642162315));
#2738=CARTESIAN_POINT('Ctrl Pts',(6.851851333166,8.59850260944431,2.68679411968397));
#2739=CARTESIAN_POINT('Ctrl Pts',(6.85169602308791,8.5983973041502,2.68714181483353));
#2740=CARTESIAN_POINT('Ctrl Pts',(6.84117656491868,8.59122619947663,2.71073095419931));
#2741=CARTESIAN_POINT('Ctrl Pts',(6.83191721557455,8.58243531308369,2.73400312251686));
#2742=CARTESIAN_POINT('Ctrl Pts',(6.82392141030874,8.57196280862173,2.75701686247106));
#2743=CARTESIAN_POINT('Ctrl Pts',(6.85200689309907,8.59860753424475,2.68644642162315));
#2744=CARTESIAN_POINT('Ctrl Pts',(6.85181758530616,8.59848041884903,2.6867603810365));
#2745=CARTESIAN_POINT('Ctrl Pts',(6.85162838971726,8.59835316045948,2.68707431831041));
#2746=CARTESIAN_POINT('Ctrl Pts',(6.83880920116386,8.5896921800987,2.70837429691288));
#2747=CARTESIAN_POINT('Ctrl Pts',(6.82696801096613,8.57990266634756,2.72938976365447));
#2748=CARTESIAN_POINT('Ctrl Pts',(6.81606309956663,8.56884975528573,2.75039656340533));
#2749=CARTESIAN_POINT('Ctrl Pts',(6.85200689309907,8.59860753424475,2.68644642162315));
#2750=CARTESIAN_POINT('Ctrl Pts',(6.85178381457078,8.59845827160498,2.68672663513587));
#2751=CARTESIAN_POINT('Ctrl Pts',(6.85156084949288,8.59830886665933,2.68700682877342));
#2752=CARTESIAN_POINT('Ctrl Pts',(6.83645049193261,8.58814531572786,2.70601727232936));
#2753=CARTESIAN_POINT('Ctrl Pts',(6.8223464724744,8.57687206920553,2.72476911097025));
#2754=CARTESIAN_POINT('Ctrl Pts',(6.80908744337037,8.56427583787467,2.74341859926883));
#2755=CARTESIAN_POINT('Ctrl Pts',(6.85200689309907,8.59860753424475,2.68644642162315));
#2756=CARTESIAN_POINT('Ctrl Pts',(6.85175002210205,8.59843616827227,2.6866928847055));
#2757=CARTESIAN_POINT('Ctrl Pts',(6.85149340125874,8.59826442217982,2.68693934348273));
#2758=CARTESIAN_POINT('Ctrl Pts',(6.83410054502755,8.58658567228735,2.70366002927817));
#2759=CARTESIAN_POINT('Ctrl Pts',(6.81805767894073,8.57334685969952,2.72014616933191));
#2760=CARTESIAN_POINT('Ctrl Pts',(6.80335074311474,8.55847468217333,2.73643938934092));
#2761=CARTESIAN_POINT('Ctrl Pts',(6.85200689309907,8.59860753424475,2.68644642162315));
#2762=CARTESIAN_POINT('Ctrl Pts',(6.851851333166,8.59850260944431,2.68679411968397));
#2763=CARTESIAN_POINT('Ctrl Pts',(6.85169602308791,8.5983973041502,2.68714181483353));
#2764=CARTESIAN_POINT('Ctrl Pts',(6.84117656491868,8.59122619947663,2.71073095419931));
#2765=CARTESIAN_POINT('Ctrl Pts',(6.83191721557455,8.58243531308369,2.73400312251686));
#2766=CARTESIAN_POINT('Ctrl Pts',(6.82392141030874,8.57196280862173,2.75701686247106));
#2767=CARTESIAN_POINT('Origin',(6.93262817836905,8.47587754929259,2.835));
#2768=CARTESIAN_POINT('',(5.2450787252049,6.76936741362817,2.985));
#2769=CARTESIAN_POINT('Origin',(5.2450787252049,6.76936741362817,2.835));
#2770=CARTESIAN_POINT('',(6.93262817836905,8.47587754929259,2.985));
#2771=CARTESIAN_POINT('Origin',(6.82597129489002,8.58134939011535,2.985));
#2772=CARTESIAN_POINT('',(6.79893573434802,5.23277498954989,2.985));
#2773=CARTESIAN_POINT('',(5.58021453575117,6.43795522801998,2.985));
#2774=CARTESIAN_POINT('',(8.36384396173985,6.81526594791652,2.985));
#2775=CARTESIAN_POINT('',(8.48648518751217,6.93928512521433,2.985));
#2776=CARTESIAN_POINT('',(8.39378117654151,6.98572253775174,2.985));
#2777=CARTESIAN_POINT('Ctrl Pts',(8.36384396173985,6.81526594791652,2.985));
#2778=CARTESIAN_POINT('Ctrl Pts',(8.37135278924288,6.83900985832445,2.985));
#2779=CARTESIAN_POINT('Ctrl Pts',(8.38669752625643,6.89462148168889,2.985));
#2780=CARTESIAN_POINT('Ctrl Pts',(8.39654599857592,6.95263394592295,2.985));
#2781=CARTESIAN_POINT('Ctrl Pts',(8.39378117654134,6.98572253775179,2.985));
#2782=CARTESIAN_POINT('Ctrl Pts',(8.39378117654163,6.98572253775185,2.985));
#2783=CARTESIAN_POINT('Ctrl Pts',(8.13110478621404,7.25856866307421,2.985));
#2784=CARTESIAN_POINT('Ctrl Pts',(7.66540885116511,7.73028699889212,2.985));
#2785=CARTESIAN_POINT('Ctrl Pts',(7.18692145613859,8.18898930748345,2.985));
#2786=CARTESIAN_POINT('Ctrl Pts',(6.98009857030406,8.38369802415549,2.985));
#2787=CARTESIAN_POINT('Ctrl Pts',(7.02393973730469,8.43026685185054,2.97810287675683));
#2788=CARTESIAN_POINT('Ctrl Pts',(7.2216032133142,8.22528238643305,2.98110553847844));
#2789=CARTESIAN_POINT('Ctrl Pts',(7.68624927830303,7.75133377929242,2.98338432214408));
#2790=CARTESIAN_POINT('Ctrl Pts',(8.16361720572862,7.29056253788717,2.98210642429319));
#2791=CARTESIAN_POINT('Ctrl Pts',(8.43985730865809,7.03008128409766,2.97810286875398));
#2792=CARTESIAN_POINT('Ctrl Pts',(7.00955155712833,8.41498348397239,2.98268325873779));
#2793=CARTESIAN_POINT('Ctrl Pts',(7.21012199902318,8.21326618978377,2.98369794920493));
#2794=CARTESIAN_POINT('Ctrl Pts',(7.67934716798981,7.74436188182345,2.98445653250193));
#2795=CARTESIAN_POINT('Ctrl Pts',(8.15280819184444,7.2799288806622,2.98403617889597));
#2796=CARTESIAN_POINT('Ctrl Pts',(8.42473563822971,7.01552324044152,2.98268325602901));
#2797=CARTESIAN_POINT('Ctrl Pts',(6.99482532461186,8.39934103119172,2.985));
#2798=CARTESIAN_POINT('Ctrl Pts',(7.19852166515123,8.20112767860721,2.98499834688092));
#2799=CARTESIAN_POINT('Ctrl Pts',(7.67237810873344,7.7373245366789,2.98499955742684));
#2800=CARTESIAN_POINT('Ctrl Pts',(8.14195630519723,7.26924859959812,2.98499779583504));
#2801=CARTESIAN_POINT('Ctrl Pts',(8.40925868158209,7.00062315307304,2.985));
#2802=CARTESIAN_POINT('Ctrl Pts',(6.98009857030406,8.38369802415549,2.985));
#2803=CARTESIAN_POINT('Ctrl Pts',(7.18692145613859,8.18898930748345,2.985));
#2804=CARTESIAN_POINT('Ctrl Pts',(7.66540885116511,7.73028699889212,2.985));
#2805=CARTESIAN_POINT('Ctrl Pts',(8.13110478621404,7.25856866307421,2.985));
#2806=CARTESIAN_POINT('Ctrl Pts',(8.39378117654163,6.98572253775185,2.985));
#2807=CARTESIAN_POINT('',(8.40235247191841,7.06548058588183,2.97862463484639));
#2808=CARTESIAN_POINT('Ctrl Pts',(8.39378117654126,6.98572253775177,2.985));
#2809=CARTESIAN_POINT('Ctrl Pts',(8.3969017940918,7.0120473320616,2.98500000000002));
#2810=CARTESIAN_POINT('Ctrl Pts',(8.399729247611,7.03834989687468,2.98290232815675));
#2811=CARTESIAN_POINT('Ctrl Pts',(8.40227755078866,7.06470377262114,2.97874847158066));
#2812=CARTESIAN_POINT('Ctrl Pts',(8.40231504606274,7.06509221128926,2.97868677578752));
#2813=CARTESIAN_POINT('Ctrl Pts',(8.4023524719184,7.06548058588184,2.97862463484639));
#2814=CARTESIAN_POINT('Ctrl Pts',(7.05975634711855,8.39316105266443,2.97862485999488));
#2815=CARTESIAN_POINT('Ctrl Pts',(7.24565618496555,8.20076536635168,2.98122107967182));
#2816=CARTESIAN_POINT('Ctrl Pts',(7.68656981513821,7.75166602123926,2.98329467729395));
#2817=CARTESIAN_POINT('Ctrl Pts',(8.13892270999554,7.31441552099864,2.98217017232152));
#2818=CARTESIAN_POINT('Ctrl Pts',(8.40235433495545,7.06548238294024,2.97862677215235));
#2819=CARTESIAN_POINT('Ctrl Pts',(8.40235247191841,7.06548058588184,2.97862463484639));
#2820=CARTESIAN_POINT('Ctrl Pts',(8.40247033901809,7.06510527633964,2.97866146020965));
#2821=CARTESIAN_POINT('Ctrl Pts',(8.40258813735596,7.06472990140328,2.97869784037446));
#2822=CARTESIAN_POINT('Ctrl Pts',(8.41057407020751,7.03926211174814,2.98113443222966));
#2823=CARTESIAN_POINT('Ctrl Pts',(8.41814793334869,7.01382845544933,2.98153675664714));
#2824=CARTESIAN_POINT('Ctrl Pts',(8.42532219865168,6.98835804769967,2.97985893743633));
#2825=CARTESIAN_POINT('Ctrl Pts',(8.40235247191841,7.06548058588184,2.97862463484639));
#2826=CARTESIAN_POINT('Ctrl Pts',(8.40241856857189,7.06510090610695,2.97866985216016));
#2827=CARTESIAN_POINT('Ctrl Pts',(8.4024846334558,7.06472122567674,2.97871488905242));
#2828=CARTESIAN_POINT('Ctrl Pts',(8.40696146911754,7.03895995456022,2.98173892561908));
#2829=CARTESIAN_POINT('Ctrl Pts',(8.41115541006829,7.01331727806488,2.98327454207592));
#2830=CARTESIAN_POINT('Ctrl Pts',(8.4151745365247,6.98751012766746,2.98325663875901));
#2831=CARTESIAN_POINT('Ctrl Pts',(8.40235247191841,7.06548058588184,2.97862463484639));
#2832=CARTESIAN_POINT('Ctrl Pts',(8.4023668033259,7.06509655144349,2.97867829082564));
#2833=CARTESIAN_POINT('Ctrl Pts',(8.4023811055353,7.06471251572946,2.97873176598066));
#2834=CARTESIAN_POINT('Ctrl Pts',(8.40334646421905,7.03865588873542,2.98232823436148));
#2835=CARTESIAN_POINT('Ctrl Pts',(8.40407078485459,7.01272333435235,2.98442937772563));
#2836=CARTESIAN_POINT('Ctrl Pts',(8.40447881073498,6.98661641244099,2.98500000000001));
#2837=CARTESIAN_POINT('Ctrl Pts',(8.4023524719184,7.06548058588184,2.97862463484639));
#2838=CARTESIAN_POINT('Ctrl Pts',(8.40231504606274,7.06509221128926,2.97868677578752));
#2839=CARTESIAN_POINT('Ctrl Pts',(8.40227755078866,7.06470377262114,2.97874847158066));
#2840=CARTESIAN_POINT('Ctrl Pts',(8.399729247611,7.03834989687468,2.98290232815675));
#2841=CARTESIAN_POINT('Ctrl Pts',(8.3969017940918,7.0120473320616,2.98500000000002));
#2842=CARTESIAN_POINT('Ctrl Pts',(8.39378117654126,6.98572253775177,2.985));
#2843=CARTESIAN_POINT('',(8.42532219865168,6.98835804769967,2.97985893743633));
#2844=CARTESIAN_POINT('Origin',(8.39378117654134,6.98572253775185,2.885));
#2845=CARTESIAN_POINT('Ctrl Pts',(8.40235247191841,7.06548058588184,2.97862463484639));
#2846=CARTESIAN_POINT('Ctrl Pts',(8.40247033901809,7.06510527633964,2.97866146020965));
#2847=CARTESIAN_POINT('Ctrl Pts',(8.40258813735596,7.06472990140328,2.97869784037446));
#2848=CARTESIAN_POINT('Ctrl Pts',(8.41057407020751,7.03926211174814,2.98113443222966));
#2849=CARTESIAN_POINT('Ctrl Pts',(8.41814793334869,7.01382845544933,2.98153675664714));
#2850=CARTESIAN_POINT('Ctrl Pts',(8.42532219865168,6.98835804769967,2.97985893743633));
#2851=CARTESIAN_POINT('Ctrl Pts',(8.36384396173985,6.81526594791652,2.985));
#2852=CARTESIAN_POINT('Ctrl Pts',(8.37135278924288,6.83900985832445,2.985));
#2853=CARTESIAN_POINT('Ctrl Pts',(8.38669752625643,6.89462148168889,2.985));
#2854=CARTESIAN_POINT('Ctrl Pts',(8.39654599857592,6.95263394592295,2.985));
#2855=CARTESIAN_POINT('Ctrl Pts',(8.39378117654134,6.98572253775179,2.985));
#2856=CARTESIAN_POINT('Ctrl Pts',(8.38468234223122,6.80867597171361,2.985));
#2857=CARTESIAN_POINT('Ctrl Pts',(8.39110706163371,6.83326604952149,2.98498790032771));
#2858=CARTESIAN_POINT('Ctrl Pts',(8.40370965192186,6.89097807025511,2.98498239473934));
#2859=CARTESIAN_POINT('Ctrl Pts',(8.41013062531386,6.95151501545582,2.98500318399659));
#2860=CARTESIAN_POINT('Ctrl Pts',(8.40447881073504,6.98661641244097,2.985));
#2861=CARTESIAN_POINT('Ctrl Pts',(8.40545783814163,6.80210588227168,2.97758922102976));
#2862=CARTESIAN_POINT('Ctrl Pts',(8.41081895864574,6.82753390383975,2.9784764414068));
#2863=CARTESIAN_POINT('Ctrl Pts',(8.42071107753305,6.88733492151165,2.98048325148269));
#2864=CARTESIAN_POINT('Ctrl Pts',(8.42371056014877,6.9503961521766,2.98237256909342));
#2865=CARTESIAN_POINT('Ctrl Pts',(8.41517453652474,6.98751012766742,2.983256638759));
#2866=CARTESIAN_POINT('Ctrl Pts',(8.42197520129822,6.79688239428604,2.96426414033674));
#2867=CARTESIAN_POINT('Ctrl Pts',(8.4269752634818,6.82282281631661,2.96661346660464));
#2868=CARTESIAN_POINT('Ctrl Pts',(8.43564186365896,6.88407051402476,2.97199697758847));
#2869=CARTESIAN_POINT('Ctrl Pts',(8.43632036235764,6.94931185937796,2.97728683707899));
#2870=CARTESIAN_POINT('Ctrl Pts',(8.42532219865171,6.9883580476996,2.97985893743632));
#2871=CARTESIAN_POINT('',(8.42197520129822,6.79688239428604,2.96426414033674));
#2872=CARTESIAN_POINT('Origin',(8.36384396173985,6.81526594791652,2.885));
#2873=CARTESIAN_POINT('Ctrl Pts',(8.42532219865171,6.9883580476996,2.97985893743632));
#2874=CARTESIAN_POINT('Ctrl Pts',(8.43632036235764,6.94931185937796,2.97728683707899));
#2875=CARTESIAN_POINT('Ctrl Pts',(8.43564186365896,6.88407051402476,2.97199697758847));
#2876=CARTESIAN_POINT('Ctrl Pts',(8.4269752634818,6.82282281631661,2.96661346660464));
#2877=CARTESIAN_POINT('Ctrl Pts',(8.42197520129822,6.79688239428604,2.96426414033674));
#2878=CARTESIAN_POINT('Ctrl Pts',(8.42197520129822,6.79688239428604,2.96426414033674));
#2879=CARTESIAN_POINT('Ctrl Pts',(8.42087474380824,6.79117319894632,2.96374708002969));
#2880=CARTESIAN_POINT('Ctrl Pts',(8.41920010739656,6.77950964252494,2.96218280602046));
#2881=CARTESIAN_POINT('Ctrl Pts',(8.41907565564494,6.76417047507443,2.95811515480818));
#2882=CARTESIAN_POINT('Ctrl Pts',(8.42088783122336,6.75324638361028,2.95318493002153));
#2883=CARTESIAN_POINT('Ctrl Pts',(8.42273540826761,6.7471369381651,2.94949362538361));
#2884=CARTESIAN_POINT('Ctrl Pts',(8.42519880594184,6.74128249867714,2.94516856840532));
#2885=CARTESIAN_POINT('Ctrl Pts',(8.42964977662345,6.73480043801704,2.93839590639604));
#2886=CARTESIAN_POINT('Ctrl Pts',(8.43904802750069,6.72885755087832,2.92600638985141));
#2887=CARTESIAN_POINT('Ctrl Pts',(8.45107450244997,6.72955903429389,2.91229645875119));
#2888=CARTESIAN_POINT('Ctrl Pts',(8.46373771812303,6.73541502113865,2.89954014267397));
#2889=CARTESIAN_POINT('Ctrl Pts',(8.47154345859393,6.74107890817068,2.89249653329256));
#2890=CARTESIAN_POINT('Ctrl Pts',(8.47530975117819,6.74415201710522,2.88926458570971));
#2891=CARTESIAN_POINT('Ctrl Pts',(8.40545783814163,6.80210588227168,2.97758922102976));
#2892=CARTESIAN_POINT('Ctrl Pts',(8.40514774906564,6.79537675147425,2.97647569942264));
#2893=CARTESIAN_POINT('Ctrl Pts',(8.40514712995266,6.78160255388804,2.97361718171154));
#2894=CARTESIAN_POINT('Ctrl Pts',(8.4074869063729,6.7633185962058,2.96742506490068));
#2895=CARTESIAN_POINT('Ctrl Pts',(8.41134218464374,6.75008018364412,2.96045564229575));
#2896=CARTESIAN_POINT('Ctrl Pts',(8.414473938728,6.74256401337971,2.95535738123969));
#2897=CARTESIAN_POINT('Ctrl Pts',(8.41829145968224,6.73526175186473,2.94945038210971));
#2898=CARTESIAN_POINT('Ctrl Pts',(8.42456194002166,6.72691455873167,2.9403185843339));
#2899=CARTESIAN_POINT('Ctrl Pts',(8.43670332085304,6.71836484032882,2.92375012874177));
#2900=CARTESIAN_POINT('Ctrl Pts',(8.4511900511468,6.71703473834546,2.90540242773397));
#2901=CARTESIAN_POINT('Ctrl Pts',(8.46596832812029,6.72140312123703,2.8880809263193));
#2902=CARTESIAN_POINT('Ctrl Pts',(8.47492149994926,6.72638951072897,2.87835737814217));
#2903=CARTESIAN_POINT('Ctrl Pts',(8.47923106286625,6.72916373013378,2.87384635841023));
#2904=CARTESIAN_POINT('Ctrl Pts',(8.38468234223122,6.80867597171361,2.985));
#2905=CARTESIAN_POINT('Ctrl Pts',(8.38560131637271,6.80081388328789,2.98401572730841));
#2906=CARTESIAN_POINT('Ctrl Pts',(8.3881225104975,6.78469805229344,2.98121079141972));
#2907=CARTESIAN_POINT('Ctrl Pts',(8.39388920335773,6.76318171165133,2.97430936889465));
#2908=CARTESIAN_POINT('Ctrl Pts',(8.40035403594843,6.74744773439112,2.96607813219049));
#2909=CARTESIAN_POINT('Ctrl Pts',(8.40503466100339,6.73843837854955,2.9599277593886));
#2910=CARTESIAN_POINT('Ctrl Pts',(8.41041592638356,6.72961978330648,2.95271911676182));
#2911=CARTESIAN_POINT('Ctrl Pts',(8.41862620369417,6.71937200967329,2.94140454777793));
#2912=CARTESIAN_POINT('Ctrl Pts',(8.43324135032475,6.70834735907982,2.92047957579529));
#2913=CARTESIAN_POINT('Ctrl Pts',(8.44920311393887,6.70544603883581,2.89674868988518));
#2914=CARTESIAN_POINT('Ctrl Pts',(8.46450126004318,6.70911370541206,2.87381015332747));
#2915=CARTESIAN_POINT('Ctrl Pts',(8.47333772914724,6.71406277420268,2.86063407195109));
#2916=CARTESIAN_POINT('Ctrl Pts',(8.4775141286768,6.71688618921484,2.85445254033751));
#2917=CARTESIAN_POINT('Ctrl Pts',(8.36384396173985,6.81526594791652,2.985));
#2918=CARTESIAN_POINT('Ctrl Pts',(8.36574572252049,6.80652530264215,2.985));
#2919=CARTESIAN_POINT('Ctrl Pts',(8.37043352608317,6.78843592681652,2.98390284813754));
#2920=CARTESIAN_POINT('Ctrl Pts',(8.3795094039093,6.76381522874778,2.97813797683525));
#2921=CARTESIAN_POINT('Ctrl Pts',(8.38863891220344,6.74553552535964,2.96968248047115));
#2922=CARTESIAN_POINT('Ctrl Pts',(8.39491525635001,6.73498825788514,2.9629596777039));
#2923=CARTESIAN_POINT('Ctrl Pts',(8.4019022770566,6.72461285502409,2.95483673607907));
#2924=CARTESIAN_POINT('Ctrl Pts',(8.41205793402164,6.71245945922355,2.9416127334788));
#2925=CARTESIAN_POINT('Ctrl Pts',(8.42883507578808,6.6992674129932,2.9163164545468));
#2926=CARTESIAN_POINT('Ctrl Pts',(8.44529694841998,6.69575458119952,2.88695593205852));
#2927=CARTESIAN_POINT('Ctrl Pts',(8.459539658366,6.70026538764029,2.85862634719538));
#2928=CARTESIAN_POINT('Ctrl Pts',(8.46707589310603,6.7063306734837,2.84249799759998));
#2929=CARTESIAN_POINT('Ctrl Pts',(8.47050570887295,6.70979902539406,2.83500000000001));
#2930=CARTESIAN_POINT('',(8.47530975117818,6.74415201710522,2.88926458570971));
#2931=CARTESIAN_POINT('Origin',(8.39940111988694,6.78011358594257,2.835));
#2932=CARTESIAN_POINT('Ctrl Pts',(8.42197520129822,6.79688239428604,2.96426414033674));
#2933=CARTESIAN_POINT('Ctrl Pts',(8.42087474380824,6.79117319894632,2.96374708002969));
#2934=CARTESIAN_POINT('Ctrl Pts',(8.41920010739656,6.77950964252494,2.96218280602046));
#2935=CARTESIAN_POINT('Ctrl Pts',(8.41907565564494,6.76417047507443,2.95811515480818));
#2936=CARTESIAN_POINT('Ctrl Pts',(8.42088783122336,6.75324638361028,2.95318493002153));
#2937=CARTESIAN_POINT('Ctrl Pts',(8.42273540826761,6.7471369381651,2.94949362538361));
#2938=CARTESIAN_POINT('Ctrl Pts',(8.42519880594184,6.74128249867714,2.94516856840532));
#2939=CARTESIAN_POINT('Ctrl Pts',(8.42964977662345,6.73480043801704,2.93839590639604));
#2940=CARTESIAN_POINT('Ctrl Pts',(8.43904802750069,6.72885755087832,2.92600638985141));
#2941=CARTESIAN_POINT('Ctrl Pts',(8.45107450244997,6.72955903429389,2.91229645875119));
#2942=CARTESIAN_POINT('Ctrl Pts',(8.46373771812303,6.73541502113865,2.89954014267397));
#2943=CARTESIAN_POINT('Ctrl Pts',(8.47154345859393,6.74107890817068,2.89249653329256));
#2944=CARTESIAN_POINT('Ctrl Pts',(8.47530975117819,6.74415201710522,2.88926458570971));
#2945=CARTESIAN_POINT('Ctrl Pts',(8.47050570887295,6.70979902539406,2.83500000000001));
#2946=CARTESIAN_POINT('Ctrl Pts',(8.46707589310603,6.7063306734837,2.84249799759998));
#2947=CARTESIAN_POINT('Ctrl Pts',(8.459539658366,6.70026538764029,2.85862634719538));
#2948=CARTESIAN_POINT('Ctrl Pts',(8.44529694841998,6.69575458119952,2.88695593205852));
#2949=CARTESIAN_POINT('Ctrl Pts',(8.42883507578808,6.6992674129932,2.9163164545468));
#2950=CARTESIAN_POINT('Ctrl Pts',(8.41205793402164,6.71245945922355,2.9416127334788));
#2951=CARTESIAN_POINT('Ctrl Pts',(8.4019022770566,6.72461285502409,2.95483673607907));
#2952=CARTESIAN_POINT('Ctrl Pts',(8.39491525635001,6.73498825788514,2.9629596777039));
#2953=CARTESIAN_POINT('Ctrl Pts',(8.38863891220344,6.74553552535964,2.96968248047115));
#2954=CARTESIAN_POINT('Ctrl Pts',(8.3795094039093,6.76381522874778,2.97813797683525));
#2955=CARTESIAN_POINT('Ctrl Pts',(8.37043352608317,6.78843592681652,2.98390284813754));
#2956=CARTESIAN_POINT('Ctrl Pts',(8.36574572252049,6.80652530264215,2.985));
#2957=CARTESIAN_POINT('Ctrl Pts',(8.36384396173985,6.81526594791652,2.985));
#2958=CARTESIAN_POINT('Ctrl Pts',(8.57052055716146,6.8109376035858,2.73644178675793));
#2959=CARTESIAN_POINT('Ctrl Pts',(8.55913915131233,6.79942832046332,2.7553634939709));
#2960=CARTESIAN_POINT('Ctrl Pts',(8.52674460929235,6.76666980533143,2.79144290932081));
#2961=CARTESIAN_POINT('Ctrl Pts',(8.49128199755126,6.73080874877997,2.81986016225239));
#2962=CARTESIAN_POINT('Ctrl Pts',(8.47050570887295,6.70979902539406,2.835));
#2963=CARTESIAN_POINT('Ctrl Pts',(8.57625749241682,6.81673899692723,2.74342129793293));
#2964=CARTESIAN_POINT('Ctrl Pts',(8.56519343209447,6.80554722713237,2.76494393150233));
#2965=CARTESIAN_POINT('Ctrl Pts',(8.53329209820235,6.77329800600575,2.80563964080295));
#2966=CARTESIAN_POINT('Ctrl Pts',(8.49812843783141,6.73775506323389,2.83749149139584));
#2967=CARTESIAN_POINT('Ctrl Pts',(8.4775141286768,6.71688618921485,2.85445254033751));
#2968=CARTESIAN_POINT('Ctrl Pts',(8.58075331874358,6.82376566093155,2.75039956305447));
#2969=CARTESIAN_POINT('Ctrl Pts',(8.56953074803535,6.81336007760884,2.77452151793355));
#2970=CARTESIAN_POINT('Ctrl Pts',(8.53684213010786,6.78288022643398,2.81982816406908));
#2971=CARTESIAN_POINT('Ctrl Pts',(8.50055562196734,6.74904529825541,2.85509126233057));
#2972=CARTESIAN_POINT('Ctrl Pts',(8.47923106286625,6.72916373013378,2.87384635841023));
#2973=CARTESIAN_POINT('Ctrl Pts',(8.58377838013401,6.8316586592241,2.75702011806187));
#2974=CARTESIAN_POINT('Ctrl Pts',(8.57184382756288,6.82233376701718,2.78347384480264));
#2975=CARTESIAN_POINT('Ctrl Pts',(8.53693039611941,6.79433139397818,2.83245878707959));
#2976=CARTESIAN_POINT('Ctrl Pts',(8.49812426580375,6.76276753546042,2.86968689392172));
#2977=CARTESIAN_POINT('Ctrl Pts',(8.47530975117819,6.74415201710523,2.88926458570971));
#2978=CARTESIAN_POINT('',(8.58377838013401,6.8316586592241,2.75702011806187));
#2979=CARTESIAN_POINT('Origin',(8.49941596817544,6.88125216413431,2.73644178675793));
#2980=CARTESIAN_POINT('Ctrl Pts',(8.47530975117819,6.74415201710523,2.88926458570971));
#2981=CARTESIAN_POINT('Ctrl Pts',(8.49812426580375,6.76276753546042,2.86968689392172));
#2982=CARTESIAN_POINT('Ctrl Pts',(8.53693039611941,6.79433139397818,2.83245878707959));
#2983=CARTESIAN_POINT('Ctrl Pts',(8.57184382756288,6.82233376701718,2.78347384480264));
#2984=CARTESIAN_POINT('Ctrl Pts',(8.58377838013401,6.8316586592241,2.75702011806187));
#2985=CARTESIAN_POINT('Ctrl Pts',(8.58377838013402,6.83165865922412,2.75702011806185));
#2986=CARTESIAN_POINT('Ctrl Pts',(8.59416141899616,6.8397712983526,2.73400542428413));
#2987=CARTESIAN_POINT('Ctrl Pts',(8.60284867251955,6.84912871308412,2.71073226882562));
#2988=CARTESIAN_POINT('Ctrl Pts',(8.60990200791912,6.85972813776679,2.68714214700862));
#2989=CARTESIAN_POINT('Ctrl Pts',(8.61000557013928,6.85988461556782,2.68679445191553));
#2990=CARTESIAN_POINT('Ctrl Pts',(8.61010874909557,6.86004133895247,2.68644675391024));
#2991=CARTESIAN_POINT('Ctrl Pts',(8.58075331874357,6.82376566093154,2.75039956305445));
#2992=CARTESIAN_POINT('Ctrl Pts',(8.59168228991998,6.83479571735035,2.72939101236553));
#2993=CARTESIAN_POINT('Ctrl Pts',(8.60134171043336,6.84674401417033,2.70837538226008));
#2994=CARTESIAN_POINT('Ctrl Pts',(8.60985858480123,6.85966003398026,2.68707465651344));
#2995=CARTESIAN_POINT('Ctrl Pts',(8.60998380207124,6.85985059969604,2.68676070692133));
#2996=CARTESIAN_POINT('Ctrl Pts',(8.61010874909557,6.86004133895247,2.68644675391024));
#2997=CARTESIAN_POINT('Ctrl Pts',(8.57625749241679,6.8167389969272,2.74342129793291));
#2998=CARTESIAN_POINT('Ctrl Pts',(8.5887035512995,6.83014057468187,2.7247703680641));
#2999=CARTESIAN_POINT('Ctrl Pts',(8.59982126286465,6.84436807437493,2.70601828609499));
#3000=CARTESIAN_POINT('Ctrl Pts',(8.60981504877389,6.85959200232102,2.68700716607981));
#3001=CARTESIAN_POINT('Ctrl Pts',(8.60996203400321,6.85981658382427,2.68672696192713));
#3002=CARTESIAN_POINT('Ctrl Pts',(8.61010874909557,6.86004133895247,2.68644675391024));
#3003=CARTESIAN_POINT('Ctrl Pts',(8.5705205571614,6.81093760358575,2.73644178675792));
#3004=CARTESIAN_POINT('Ctrl Pts',(8.58522813336234,6.82581042868184,2.72014789386274));
#3005=CARTESIAN_POINT('Ctrl Pts',(8.59828737103966,6.84200095992581,2.70366105641335));
#3006=CARTESIAN_POINT('Ctrl Pts',(8.60977139988157,6.85952404283953,2.6869396756485));
#3007=CARTESIAN_POINT('Ctrl Pts',(8.60994026593517,6.85978256795249,2.68669321693292));
#3008=CARTESIAN_POINT('Ctrl Pts',(8.61010874909557,6.86004133895247,2.68644675391024));
#3009=CARTESIAN_POINT('Ctrl Pts',(8.58377838013402,6.83165865922412,2.75702011806185));
#3010=CARTESIAN_POINT('Ctrl Pts',(8.59416141899616,6.8397712983526,2.73400542428413));
#3011=CARTESIAN_POINT('Ctrl Pts',(8.60284867251955,6.84912871308412,2.71073226882562));
#3012=CARTESIAN_POINT('Ctrl Pts',(8.60990200791912,6.85972813776679,2.68714214700862));
#3013=CARTESIAN_POINT('Ctrl Pts',(8.61000557013928,6.85988461556782,2.68679445191553));
#3014=CARTESIAN_POINT('Ctrl Pts',(8.61010874909557,6.86004133895247,2.68644675391024));
#3015=CARTESIAN_POINT('Ctrl Pts',(9.61859233947226,8.55924423098941,2.44349377073861));
#3016=CARTESIAN_POINT('Ctrl Pts',(9.5264521071442,8.36095480628515,2.46325729464468));
#3017=CARTESIAN_POINT('Ctrl Pts',(9.31918605897535,7.98392203369303,2.50318248329966));
#3018=CARTESIAN_POINT('Ctrl Pts',(8.93089476397312,7.35527491000083,2.5959301199655));
#3019=CARTESIAN_POINT('Ctrl Pts',(8.64676388861845,6.91611945165189,2.67504999679445));
#3020=CARTESIAN_POINT('Ctrl Pts',(8.47625880093282,6.65350911613627,2.72534953149649));
#3021=CARTESIAN_POINT('Ctrl Pts',(9.61234125905019,8.56640062346603,2.45578257816222));
#3022=CARTESIAN_POINT('Ctrl Pts',(9.51579902761003,8.37426142602583,2.48833254430056));
#3023=CARTESIAN_POINT('Ctrl Pts',(9.30977218890506,8.00236952370535,2.55191548713044));
#3024=CARTESIAN_POINT('Ctrl Pts',(8.93174860522492,7.37285233614771,2.67006118118534));
#3025=CARTESIAN_POINT('Ctrl Pts',(8.65484901989582,6.93135878049727,2.75932163216595));
#3026=CARTESIAN_POINT('Ctrl Pts',(8.48856915785592,6.667185170134,2.81449988432642));
#3027=CARTESIAN_POINT('Ctrl Pts',(9.59977694809292,8.57956000485173,2.47609089520526));
#3028=CARTESIAN_POINT('Ctrl Pts',(9.49234590639276,8.39954782489623,2.5289447177247));
#3029=CARTESIAN_POINT('Ctrl Pts',(9.2750544238665,8.04397160222329,2.62899761502984));
#3030=CARTESIAN_POINT('Ctrl Pts',(8.88940353997178,7.43010341763786,2.79246916936939));
#3031=CARTESIAN_POINT('Ctrl Pts',(8.61173787240936,6.99451883988793,2.90446928148945));
#3032=CARTESIAN_POINT('Ctrl Pts',(8.44500530849991,6.73342298702416,2.9711615520182));
#3033=CARTESIAN_POINT('Ctrl Pts',(9.58463486541992,8.59355440533415,2.49387813115757));
#3034=CARTESIAN_POINT('Ctrl Pts',(9.46149002359234,8.42727047106353,2.56219183410554));
#3035=CARTESIAN_POINT('Ctrl Pts',(9.21403654007924,8.09481953640543,2.67797893964133));
#3036=CARTESIAN_POINT('Ctrl Pts',(8.79058303229879,7.50781095288933,2.84967405976929));
#3037=CARTESIAN_POINT('Ctrl Pts',(8.49416795364887,7.08449324940654,2.96163448337277));
#3038=CARTESIAN_POINT('Ctrl Pts',(8.31781598955893,6.82956374371775,3.02801723937326));
#3039=CARTESIAN_POINT('Ctrl Pts',(9.57771632515234,8.59966457191541,2.50098682903058));
#3040=CARTESIAN_POINT('Ctrl Pts',(9.44708059566747,8.439440956241,2.5748939865787));
#3041=CARTESIAN_POINT('Ctrl Pts',(9.18449591649169,8.11710678434109,2.69261648270301));
#3042=CARTESIAN_POINT('Ctrl Pts',(8.74417648147239,7.53990345074564,2.85852448659913));
#3043=CARTESIAN_POINT('Ctrl Pts',(8.44040337769238,7.12016919956607,2.96526143135163));
#3044=CARTESIAN_POINT('Ctrl Pts',(8.26057878657978,6.86677348153129,3.02866390696392));
#3045=CARTESIAN_POINT('',(9.61859233947226,8.5592442309894,2.44349377073861));
#3046=CARTESIAN_POINT('Ctrl Pts',(9.61859233947226,8.55924423098941,2.44349377073861));
#3047=CARTESIAN_POINT('Ctrl Pts',(9.5264521071442,8.36095480628515,2.46325729464468));
#3048=CARTESIAN_POINT('Ctrl Pts',(9.31918605897535,7.98392203369303,2.50318248329966));
#3049=CARTESIAN_POINT('Ctrl Pts',(8.97446689467635,7.4258185842791,2.58552243841498));
#3050=CARTESIAN_POINT('Ctrl Pts',(8.73587109085024,7.05434684934443,2.65050803999274));
#3051=CARTESIAN_POINT('Ctrl Pts',(8.610142670286,6.86002053984001,2.68645295904022));
#3052=CARTESIAN_POINT('',(9.57771632515235,8.59966457191541,2.50098682903058));
#3053=CARTESIAN_POINT('Origin',(9.38820252601067,8.64938771266364,2.27380379883461));
#3054=CARTESIAN_POINT('Ctrl Pts',(8.40236326040095,7.06548266196914,2.97866338029279));
#3055=CARTESIAN_POINT('Ctrl Pts',(8.53611731139375,7.2518705006437,2.93143303869789));
#3056=CARTESIAN_POINT('Ctrl Pts',(8.79358833066082,7.60467616301402,2.8399065910086));
#3057=CARTESIAN_POINT('Ctrl Pts',(9.18449591649169,8.11710678434109,2.69261648270301));
#3058=CARTESIAN_POINT('Ctrl Pts',(9.44708059566747,8.439440956241,2.5748939865787));
#3059=CARTESIAN_POINT('Ctrl Pts',(9.57771632515234,8.59966457191541,2.50098682903058));
#3060=CARTESIAN_POINT('Ctrl Pts',(6.76417346829252,5.12651312028962,2.835));
#3061=CARTESIAN_POINT('Ctrl Pts',(6.76417346829252,5.12651312028962,2.885));
#3062=CARTESIAN_POINT('Ctrl Pts',(6.72862117379951,5.16167040056388,2.885));
#3063=CARTESIAN_POINT('Ctrl Pts',(6.83527805727854,5.05619855974112,2.835));
#3064=CARTESIAN_POINT('Ctrl Pts',(6.83527805727854,5.05619855974112,2.985));
#3065=CARTESIAN_POINT('Ctrl Pts',(6.72862117379951,5.16167040056388,2.985));
#3066=CARTESIAN_POINT('Ctrl Pts',(6.90559261782705,5.12730314872714,2.835));
#3067=CARTESIAN_POINT('Ctrl Pts',(6.90559261782705,5.12730314872713,2.985));
#3068=CARTESIAN_POINT('Ctrl Pts',(6.79893573434802,5.23277498954989,2.985));
#3069=CARTESIAN_POINT('',(6.76417346829252,5.12651312028962,2.835));
#3070=CARTESIAN_POINT('Origin',(6.83448802884103,5.19761770927564,2.835));
#3071=CARTESIAN_POINT('Origin',(6.79893573434802,5.23277498954989,2.835));
#3072=CARTESIAN_POINT('',(6.72862117379951,5.16167040056388,2.885));
#3073=CARTESIAN_POINT('Origin',(6.79893573434802,5.23277498954989,2.885));
#3074=CARTESIAN_POINT('Origin',(6.72862117379951,5.16167040056388,2.835));
#3075=CARTESIAN_POINT('Origin',(5.58021453575117,6.43795522801998,2.885));
#3076=CARTESIAN_POINT('',(5.1747641646564,6.69826282464215,2.885));
#3077=CARTESIAN_POINT('Origin',(5.2450787252049,6.76936741362817,2.885));
#3078=CARTESIAN_POINT('',(5.50989997520266,6.36685063903396,2.885));
#3079=CARTESIAN_POINT('Ctrl Pts',(5.1747641646564,6.69826282464215,2.885));
#3080=CARTESIAN_POINT('Ctrl Pts',(5.13921187016339,6.7334201049164,2.885));
#3081=CARTESIAN_POINT('Ctrl Pts',(5.13921187016339,6.7334201049164,2.835));
#3082=CARTESIAN_POINT('Ctrl Pts',(5.1747641646564,6.69826282464215,2.985));
#3083=CARTESIAN_POINT('Ctrl Pts',(5.06810728117737,6.80373466546491,2.985));
#3084=CARTESIAN_POINT('Ctrl Pts',(5.06810728117737,6.80373466546491,2.835));
#3085=CARTESIAN_POINT('Ctrl Pts',(5.2450787252049,6.76936741362817,2.985));
#3086=CARTESIAN_POINT('Ctrl Pts',(5.13842184172588,6.87483925445093,2.985));
#3087=CARTESIAN_POINT('Ctrl Pts',(5.13842184172588,6.87483925445093,2.835));
#3088=CARTESIAN_POINT('',(5.13921187016339,6.7334201049164,2.835));
#3089=CARTESIAN_POINT('Origin',(5.20952643071189,6.80452469390242,2.835));
#3090=CARTESIAN_POINT('Origin',(5.1747641646564,6.69826282464215,2.835));
#3091=CARTESIAN_POINT('Origin',(5.20952643071189,6.80452469390242,1.12125));
#3092=CARTESIAN_POINT('',(5.13921187016339,6.7334201049164,0.65));
#3093=CARTESIAN_POINT('Origin',(5.20952643071189,6.80452469390242,0.65));
#3094=CARTESIAN_POINT('',(5.13921187016339,6.7334201049164,1.12125));
#3095=CARTESIAN_POINT('Ctrl Pts',(5.13921187016339,6.7334201049164,0.65));
#3096=CARTESIAN_POINT('Ctrl Pts',(5.13921187016339,6.7334201049164,0.6));
#3097=CARTESIAN_POINT('Ctrl Pts',(5.1747641646564,6.69826282464215,0.6));
#3098=CARTESIAN_POINT('Ctrl Pts',(5.06810728117737,6.80373466546491,0.65));
#3099=CARTESIAN_POINT('Ctrl Pts',(5.06810728117737,6.80373466546491,0.499999999999999));
#3100=CARTESIAN_POINT('Ctrl Pts',(5.1747641646564,6.69826282464215,0.499999999999999));
#3101=CARTESIAN_POINT('Ctrl Pts',(5.13842184172588,6.87483925445093,0.65));
#3102=CARTESIAN_POINT('Ctrl Pts',(5.13842184172588,6.87483925445093,0.5));
#3103=CARTESIAN_POINT('Ctrl Pts',(5.2450787252049,6.76936741362817,0.5));
#3104=CARTESIAN_POINT('',(5.1747641646564,6.69826282464215,0.6));
#3105=CARTESIAN_POINT('Origin',(5.2450787252049,6.76936741362817,0.6));
#3106=CARTESIAN_POINT('Origin',(5.1747641646564,6.69826282464215,0.65));
#3107=CARTESIAN_POINT('Origin',(6.46379992380175,5.56418717515808,0.6));
#3108=CARTESIAN_POINT('',(6.72862117379951,5.16167040056388,0.6));
#3109=CARTESIAN_POINT('Origin',(6.79893573434802,5.23277498954989,0.6));
#3110=CARTESIAN_POINT('',(6.39348536325325,5.49308258617207,0.6));
#3111=CARTESIAN_POINT('Ctrl Pts',(6.72862117379951,5.16167040056388,0.600000000000001));
#3112=CARTESIAN_POINT('Ctrl Pts',(6.76417346829252,5.12651312028962,0.6));
#3113=CARTESIAN_POINT('Ctrl Pts',(6.76417346829252,5.12651312028962,0.65));
#3114=CARTESIAN_POINT('Ctrl Pts',(6.72862117379951,5.16167040056388,0.499999999999999));
#3115=CARTESIAN_POINT('Ctrl Pts',(6.83527805727854,5.05619855974112,0.499999999999999));
#3116=CARTESIAN_POINT('Ctrl Pts',(6.83527805727854,5.05619855974112,0.65));
#3117=CARTESIAN_POINT('Ctrl Pts',(6.79893573434802,5.23277498954989,0.5));
#3118=CARTESIAN_POINT('Ctrl Pts',(6.90559261782705,5.12730314872713,0.5));
#3119=CARTESIAN_POINT('Ctrl Pts',(6.90559261782705,5.12730314872714,0.65));
#3120=CARTESIAN_POINT('',(6.76417346829252,5.12651312028962,0.65));
#3121=CARTESIAN_POINT('Origin',(6.83448802884103,5.19761770927564,0.65));
#3122=CARTESIAN_POINT('Origin',(6.72862117379951,5.16167040056388,0.65));
#3123=CARTESIAN_POINT('Origin',(6.83448802884103,5.19761770927564,2.36375));
#3124=CARTESIAN_POINT('',(6.76417346829252,5.12651312028962,2.36375));
#3125=CARTESIAN_POINT('Origin',(8.48648518751217,6.93928512521433,2.835));
#3126=CARTESIAN_POINT('Origin',(5.95169266922796,5.92996661260301,1.7425));
#3127=CARTESIAN_POINT('Ctrl Pts',(8.5806987040023,9.58560253938211,2.50098739392684));
#3128=CARTESIAN_POINT('Ctrl Pts',(8.42194585530489,9.45318341366358,2.57489456391491));
#3129=CARTESIAN_POINT('Ctrl Pts',(8.10256798371104,9.18701099067273,2.69261696646553));
#3130=CARTESIAN_POINT('Ctrl Pts',(7.53032415589918,8.74026541087063,2.85852500316192));
#3131=CARTESIAN_POINT('Ctrl Pts',(7.11401275347336,8.43181834319105,2.96526205818713));
#3132=CARTESIAN_POINT('Ctrl Pts',(6.86264358707166,8.24917179612908,3.02866460075885));
#3133=CARTESIAN_POINT('Ctrl Pts',(8.57244908309857,9.59473571370103,2.49150907177879));
#3134=CARTESIAN_POINT('Ctrl Pts',(8.40550381701577,9.47221572912246,2.5579603943479));
#3135=CARTESIAN_POINT('Ctrl Pts',(8.07248761812041,9.22589812577576,2.67294842782186));
#3136=CARTESIAN_POINT('Ctrl Pts',(7.48682625276204,8.80170600780558,2.8467709946166));
#3137=CARTESIAN_POINT('Ctrl Pts',(7.06571092313487,8.50282272192887,2.96029552389609));
#3138=CARTESIAN_POINT('Ctrl Pts',(6.81218033073842,8.32492873226366,3.02780256858307));
#3139=CARTESIAN_POINT('Ctrl Pts',(8.55837803002636,9.60938588259211,2.47331972423634));
#3140=CARTESIAN_POINT('Ctrl Pts',(8.37767705061006,9.50182906827155,2.52349939058621));
#3141=CARTESIAN_POINT('Ctrl Pts',(8.02131884182234,9.2837736632445,2.61900401049984));
#3142=CARTESIAN_POINT('Ctrl Pts',(7.40748265184919,8.8955542274018,2.77640217185615));
#3143=CARTESIAN_POINT('Ctrl Pts',(6.97277413964809,8.61526674370366,2.88522994846472));
#3144=CARTESIAN_POINT('Ctrl Pts',(6.71237162019347,8.44679955819667,2.95025258106727));
#3145=CARTESIAN_POINT('Ctrl Pts',(8.54524280791972,9.62139649817577,2.45271055087497));
#3146=CARTESIAN_POINT('Ctrl Pts',(8.35264581790373,9.52379366876119,2.48206230895396));
#3147=CARTESIAN_POINT('Ctrl Pts',(7.9817520848543,9.31341408517899,2.53985967153065));
#3148=CARTESIAN_POINT('Ctrl Pts',(7.35680780779086,8.92566068491169,2.65149384170575));
#3149=CARTESIAN_POINT('Ctrl Pts',(6.91898970462548,8.64217612774388,2.73836549106822));
#3150=CARTESIAN_POINT('Ctrl Pts',(6.65713367102631,8.47180117729924,2.79221286051397));
#3151=CARTESIAN_POINT('Ctrl Pts',(8.5398233667512,9.62602455142832,2.44349385451512));
#3152=CARTESIAN_POINT('Ctrl Pts',(8.34257650160321,9.53167306365294,2.46325732470505));
#3153=CARTESIAN_POINT('Ctrl Pts',(7.96788484525268,9.32020425680405,2.5031824086247));
#3154=CARTESIAN_POINT('Ctrl Pts',(7.34361881483755,8.9249082278876,2.595930243237));
#3155=CARTESIAN_POINT('Ctrl Pts',(6.90766788432538,8.63588490756467,2.6750503418527));
#3156=CARTESIAN_POINT('Ctrl Pts',(6.64698050060398,8.46245421807456,2.72534997369345));
#3157=CARTESIAN_POINT('',(8.58069870400229,9.58560253938211,2.50098739392684));
#3158=CARTESIAN_POINT('Ctrl Pts',(8.5806987040023,9.58560253938211,2.50098739392684));
#3159=CARTESIAN_POINT('Ctrl Pts',(8.42194585530489,9.45318341366358,2.57489456391491));
#3160=CARTESIAN_POINT('Ctrl Pts',(8.10256798371104,9.18701099067273,2.69261696646553));
#3161=CARTESIAN_POINT('Ctrl Pts',(7.59454114000688,8.79039902945073,2.83990686655989));
#3162=CARTESIAN_POINT('Ctrl Pts',(7.24463726745052,8.52900005972186,2.931433198099));
#3163=CARTESIAN_POINT('Ctrl Pts',(7.05975749217036,8.39317099417411,2.97866338149647));
#3164=CARTESIAN_POINT('Origin',(8.63253712969451,9.39665706646207,2.27380379882197));
#3165=CARTESIAN_POINT('Ctrl Pts',(6.85198571592331,8.59864121893901,2.6864526198281));
#3166=CARTESIAN_POINT('Ctrl Pts',(7.04489277953255,8.7265337178271,2.65050787474016));
#3167=CARTESIAN_POINT('Ctrl Pts',(7.41367214441317,8.96926720570224,2.58552234931203));
#3168=CARTESIAN_POINT('Ctrl Pts',(7.96788484525268,9.32020425680405,2.5031824086247));
#3169=CARTESIAN_POINT('Ctrl Pts',(8.34257650160321,9.53167306365294,2.46325732470505));
#3170=CARTESIAN_POINT('Ctrl Pts',(8.5398233667512,9.62602455142832,2.44349385451512));
#3171=CARTESIAN_POINT('Ctrl Pts',(8.53982287895443,9.62602433812187,1.04150002079188));
#3172=CARTESIAN_POINT('Ctrl Pts',(8.34257652504138,9.53167307845932,1.0217372677669));
#3173=CARTESIAN_POINT('Ctrl Pts',(7.96788520450222,9.32020291586035,0.981818496795212));
#3174=CARTESIAN_POINT('Ctrl Pts',(7.34362113553032,8.92490806613171,0.889071870030649));
#3175=CARTESIAN_POINT('Ctrl Pts',(6.90767139783614,8.63588723399567,0.809950005001175));
#3176=CARTESIAN_POINT('Ctrl Pts',(6.64698462977313,8.46245696536322,0.75965147620473));
#3177=CARTESIAN_POINT('Ctrl Pts',(8.54704879328349,9.61985356424772,1.02921103588989));
#3178=CARTESIAN_POINT('Ctrl Pts',(8.35600147217114,9.52116934937922,0.996661800435204));
#3179=CARTESIAN_POINT('Ctrl Pts',(7.98643549900305,9.31099978322841,0.93308140224142));
#3180=CARTESIAN_POINT('Ctrl Pts',(7.36118621124493,8.92596211337096,0.814938012387738));
#3181=CARTESIAN_POINT('Ctrl Pts',(6.92281920319346,8.6441421625866,0.725678182325738));
#3182=CARTESIAN_POINT('Ctrl Pts',(6.66052200061025,8.47491937180901,0.670500941670726));
#3183=CARTESIAN_POINT('Ctrl Pts',(8.56034798683743,9.60743695767122,1.00890244058336));
#3184=CARTESIAN_POINT('Ctrl Pts',(8.38154865149157,9.49800016419941,0.956049308056974));
#3185=CARTESIAN_POINT('Ctrl Pts',(8.02842497809112,9.27674746250367,0.855997536588054));
#3186=CARTESIAN_POINT('Ctrl Pts',(7.41890878501519,8.88425788000239,0.692528425134617));
#3187=CARTESIAN_POINT('Ctrl Pts',(6.98645619684853,8.60174165534709,0.580528587052656));
#3188=CARTESIAN_POINT('Ctrl Pts',(6.72724159281734,8.43210058873467,0.51383732897847));
#3189=CARTESIAN_POINT('Ctrl Pts',(8.57451099658942,9.59245200941127,0.9911150068421));
#3190=CARTESIAN_POINT('Ctrl Pts',(8.40961475287913,9.46745579496785,0.922802039977124));
#3191=CARTESIAN_POINT('Ctrl Pts',(8.079954166396,9.21629778028014,0.807016030877093));
#3192=CARTESIAN_POINT('Ctrl Pts',(7.49771831575993,8.78630871488028,0.635323480380656));
#3193=CARTESIAN_POINT('Ctrl Pts',(7.07774061369476,8.48518259284154,0.523365123300354));
#3194=CARTESIAN_POINT('Ctrl Pts',(6.82479951801065,8.30599168210855,0.456983397329519));
#3195=CARTESIAN_POINT('Ctrl Pts',(8.58069821755569,9.58560208902487,0.984006239628317));
#3196=CARTESIAN_POINT('Ctrl Pts',(8.42194567480514,9.45318316714352,0.910099857520724));
#3197=CARTESIAN_POINT('Ctrl Pts',(8.10257070661528,9.18700650491403,0.792379889566679));
#3198=CARTESIAN_POINT('Ctrl Pts',(7.53032754299985,8.74026306690788,0.626474662299027));
#3199=CARTESIAN_POINT('Ctrl Pts',(7.11401551999437,8.4318201593627,0.519738314435198));
#3200=CARTESIAN_POINT('Ctrl Pts',(6.86264694216061,8.24917400216765,0.456336876678629));
#3201=CARTESIAN_POINT('Ctrl Pts',(8.53982287895443,9.62602433812187,1.04150002079188));
#3202=CARTESIAN_POINT('Ctrl Pts',(8.34257652504138,9.53167307845932,1.0217372677669));
#3203=CARTESIAN_POINT('Ctrl Pts',(7.96788520450222,9.32020291586035,0.981818496795212));
#3204=CARTESIAN_POINT('Ctrl Pts',(7.41367301688068,8.9692661339558,0.899479445953539));
#3205=CARTESIAN_POINT('Ctrl Pts',(7.04489350308905,8.72653371678587,0.83449253754499));
#3206=CARTESIAN_POINT('Ctrl Pts',(6.85198574248593,8.59864105906323,0.798547682068733));
#3207=CARTESIAN_POINT('Ctrl Pts',(7.05975748791549,8.39317025982631,0.506336563078016));
#3208=CARTESIAN_POINT('Ctrl Pts',(7.24463816640132,8.5289991129922,0.553566387803611));
#3209=CARTESIAN_POINT('Ctrl Pts',(7.59454345044011,8.79039566278425,0.645092193089198));
#3210=CARTESIAN_POINT('Ctrl Pts',(8.10257070661528,9.18700650491403,0.792379889566679));
#3211=CARTESIAN_POINT('Ctrl Pts',(8.42194567480514,9.45318316714352,0.910099857520724));
#3212=CARTESIAN_POINT('Ctrl Pts',(8.58069821755569,9.58560208902487,0.984006239628317));
#3213=CARTESIAN_POINT('Ctrl Pts',(9.57771588026341,8.59966408046638,0.98400680452006));
#3214=CARTESIAN_POINT('Ctrl Pts',(9.44707998443913,8.4394403231948,0.91010022736837));
#3215=CARTESIAN_POINT('Ctrl Pts',(9.18449031374585,8.11710808819079,0.79237991185797));
#3216=CARTESIAN_POINT('Ctrl Pts',(8.74417184404615,7.53990377628002,0.626474359886758));
#3217=CARTESIAN_POINT('Ctrl Pts',(8.44040210217644,7.1201677386838,0.519737860537423));
#3218=CARTESIAN_POINT('Ctrl Pts',(8.26057742113818,6.86677188147671,0.456336324527157));
#3219=CARTESIAN_POINT('Ctrl Pts',(9.58694065355865,8.5915171852313,0.993485102487834));
#3220=CARTESIAN_POINT('Ctrl Pts',(9.46629485015072,8.42321225106091,0.927034403222148));
#3221=CARTESIAN_POINT('Ctrl Pts',(9.22371519103103,8.08746325919325,0.812044990224807));
#3222=CARTESIAN_POINT('Ctrl Pts',(8.80609771102877,7.49709500983734,0.638224833601195));
#3223=CARTESIAN_POINT('Ctrl Pts',(8.51194200858308,7.07266290662343,0.52470450509537));
#3224=CARTESIAN_POINT('Ctrl Pts',(8.33689375425021,6.81715888012179,0.457198466801692));
#3225=CARTESIAN_POINT('Ctrl Pts',(9.60174713326504,8.57761097830785,1.01167438233421));
#3226=CARTESIAN_POINT('Ctrl Pts',(9.49621733471299,8.3957185846449,0.961495360448508));
#3227=CARTESIAN_POINT('Ctrl Pts',(9.28216014666447,8.03694425467483,0.86599169752408));
#3228=CARTESIAN_POINT('Ctrl Pts',(8.90082801563184,7.41880523896212,0.708595922524166));
#3229=CARTESIAN_POINT('Ctrl Pts',(8.62541972174954,6.98098899859417,0.599767967243628));
#3230=CARTESIAN_POINT('Ctrl Pts',(8.45987452641058,6.71871888003731,0.534746341838139));
#3231=CARTESIAN_POINT('Ctrl Pts',(9.61390379422701,8.56461102947167,1.0322834566795));
#3232=CARTESIAN_POINT('Ctrl Pts',(9.51846038130755,8.37093475590467,1.00293232133466));
#3233=CARTESIAN_POINT('Ctrl Pts',(9.31224044838941,7.99771080396534,0.945139804939259));
#3234=CARTESIAN_POINT('Ctrl Pts',(8.93149876876678,7.36846983085492,0.833507585089935));
#3235=CARTESIAN_POINT('Ctrl Pts',(8.65292738003314,6.92750984218557,0.746634435794036));
#3236=CARTESIAN_POINT('Ctrl Pts',(8.48549082560199,6.66376499011696,0.692788080192631));
#3237=CARTESIAN_POINT('Ctrl Pts',(9.61859213163433,8.55924374083882,1.04150010456377));
#3238=CARTESIAN_POINT('Ctrl Pts',(9.52645186301901,8.36095427321739,1.02173724234103));
#3239=CARTESIAN_POINT('Ctrl Pts',(9.31918382061324,7.98392081807161,0.981818232455727));
#3240=CARTESIAN_POINT('Ctrl Pts',(8.93089252599271,7.35527399048417,0.889071463145515));
#3241=CARTESIAN_POINT('Ctrl Pts',(8.64676330739421,6.91611855316606,0.809949539857907));
#3242=CARTESIAN_POINT('Ctrl Pts',(8.47625815119987,6.65350811507896,0.759650929947338));
#3243=CARTESIAN_POINT('Ctrl Pts',(9.57771588026341,8.59966408046638,0.98400680452006));
#3244=CARTESIAN_POINT('Ctrl Pts',(9.44707998443913,8.4394403231948,0.91010022736837));
#3245=CARTESIAN_POINT('Ctrl Pts',(9.18449031374585,8.11710808819079,0.79237991185797));
#3246=CARTESIAN_POINT('Ctrl Pts',(8.79358391119952,7.6046770260617,0.645092103268517));
#3247=CARTESIAN_POINT('Ctrl Pts',(8.53611567928256,7.25187044270997,0.553566306309722));
#3248=CARTESIAN_POINT('Ctrl Pts',(8.40236252722847,7.06548264910604,0.506336562796205));
#3249=CARTESIAN_POINT('Ctrl Pts',(8.61014251151527,6.86002056390975,0.798547341793457));
#3250=CARTESIAN_POINT('Ctrl Pts',(8.73587044603394,7.05434658735276,0.834492187192179));
#3251=CARTESIAN_POINT('Ctrl Pts',(8.97446486049452,7.42581796155596,0.899479096054967));
#3252=CARTESIAN_POINT('Ctrl Pts',(9.31918382061324,7.98392081807161,0.981818232455727));
#3253=CARTESIAN_POINT('Ctrl Pts',(9.52645186301901,8.36095427321739,1.02173724234103));
#3254=CARTESIAN_POINT('Ctrl Pts',(9.61859213163433,8.55924374083882,1.04150010456377));
#3255=CARTESIAN_POINT('Ctrl Pts',(9.57771632518329,8.599664571967,2.50098682901606));
#3256=CARTESIAN_POINT('Ctrl Pts',(9.2373261448287,8.03215375391236,2.66072682348631));
#3257=CARTESIAN_POINT('Ctrl Pts',(8.89693596447412,7.46464293585772,2.82046681795655));
#3258=CARTESIAN_POINT('Ctrl Pts',(8.55654578411954,6.89713211780307,2.9802068124268));
#3259=CARTESIAN_POINT('Ctrl Pts',(9.45827170504554,8.71778206754131,2.62647849352872));
#3260=CARTESIAN_POINT('Ctrl Pts',(9.0783156933124,8.1893974730651,2.74458530378787));
#3261=CARTESIAN_POINT('Ctrl Pts',(8.69860793557364,7.66076738289348,2.86334274745423));
#3262=CARTESIAN_POINT('Ctrl Pts',(8.3186519238405,7.13238278841728,2.98144955771338));
#3263=CARTESIAN_POINT('Ctrl Pts',(9.2105006058173,8.96280023313791,2.75988097504477));
#3264=CARTESIAN_POINT('Ctrl Pts',(8.78089967689007,8.48350896140991,2.83417793125398));
#3265=CARTESIAN_POINT('Ctrl Pts',(8.35128084137849,8.00423539730989,2.90847368769556));
#3266=CARTESIAN_POINT('Ctrl Pts',(7.92167991245126,7.52494412558188,2.98277064390477));
#3267=CARTESIAN_POINT('Ctrl Pts',(8.84507231373766,9.32416832675875,2.71224008959246));
#3268=CARTESIAN_POINT('Ctrl Pts',(8.35192931665226,8.90771312036211,2.80215001414452));
#3269=CARTESIAN_POINT('Ctrl Pts',(7.85887840509216,8.49116685158346,2.89238893115806));
#3270=CARTESIAN_POINT('Ctrl Pts',(7.36573540800675,8.07471164518682,2.98229885571012));
#3271=CARTESIAN_POINT('Ctrl Pts',(8.66032971678674,9.50685828678015,2.58464811820469));
#3272=CARTESIAN_POINT('Ctrl Pts',(8.12298884879618,9.13410987785177,2.71672817743103));
#3273=CARTESIAN_POINT('Ctrl Pts',(7.58563210284796,8.76137717046433,2.84895525183591));
#3274=CARTESIAN_POINT('Ctrl Pts',(7.0482912348574,8.38862876153595,2.98103531106225));
#3275=CARTESIAN_POINT('Ctrl Pts',(8.58069994865167,9.58560330496875,2.50098704120125));
#3276=CARTESIAN_POINT('Ctrl Pts',(8.01703174169878,9.23888971736409,2.66072696564353));
#3277=CARTESIAN_POINT('Ctrl Pts',(7.4533635347459,8.89217612975942,2.8204668900858));
#3278=CARTESIAN_POINT('Ctrl Pts',(6.88969532779301,8.54546254215476,2.98020681452808));
#3279=CARTESIAN_POINT('Ctrl Pts',(9.57771632515235,8.59966457191541,2.50098682903058));
#3280=CARTESIAN_POINT('Ctrl Pts',(9.481718923288,8.66593618932905,2.59557164584889));
#3281=CARTESIAN_POINT('Ctrl Pts',(9.26741686600337,8.82986489185148,2.7233520008896));
#3282=CARTESIAN_POINT('Ctrl Pts',(8.95821591301851,9.12146791713225,2.75798498254592));
#3283=CARTESIAN_POINT('Ctrl Pts',(8.72761738556631,9.38526745475018,2.66801950790809));
#3284=CARTESIAN_POINT('Ctrl Pts',(8.61436883386563,9.53797705865292,2.5482796532972));
#3285=CARTESIAN_POINT('Ctrl Pts',(8.58069870400229,9.58560253938211,2.50098739392684));
#3286=CARTESIAN_POINT('Origin',(8.63253712969452,9.39665706646206,2.27380379882197));
#3287=CARTESIAN_POINT('Origin',(8.63253712969452,9.39665706646206,2.27380379882197));
#3288=CARTESIAN_POINT('Origin',(9.38820252601067,8.64938771266365,2.27380379883461));
#3289=CARTESIAN_POINT('Origin',(9.38820252601068,8.64938771266365,2.27380379883461));
#3290=CARTESIAN_POINT('Origin',(9.38820252601067,8.64938771266365,2.27380379883461));
#3291=CARTESIAN_POINT('Ctrl Pts',(9.61859213163433,8.55924374083883,1.04150010456376));
#3292=CARTESIAN_POINT('Ctrl Pts',(9.64504658237877,8.5187582873379,1.09892452800843));
#3293=CARTESIAN_POINT('Ctrl Pts',(9.70980926168414,8.41401069102735,1.28680510554996));
#3294=CARTESIAN_POINT('Ctrl Pts',(9.7558873139774,8.33269336229859,1.63620797105205));
#3295=CARTESIAN_POINT('Ctrl Pts',(9.73834588379533,8.36419797808707,2.06103967618985));
#3296=CARTESIAN_POINT('Ctrl Pts',(9.67150126748218,8.47827320309019,2.32864497793392));
#3297=CARTESIAN_POINT('Ctrl Pts',(9.61859233947226,8.55924423098941,2.44349377073861));
#3298=CARTESIAN_POINT('Ctrl Pts',(9.65966432738277,8.63267891044562,1.05825341487095));
#3299=CARTESIAN_POINT('Ctrl Pts',(9.68888185378484,8.59422015934302,1.1128043350833));
#3300=CARTESIAN_POINT('Ctrl Pts',(9.7626954257881,8.49339812326895,1.29265307029554));
#3301=CARTESIAN_POINT('Ctrl Pts',(9.81894676777883,8.41175964766243,1.63658100183392));
#3302=CARTESIAN_POINT('Ctrl Pts',(9.7971283375975,8.44382316491258,2.05867330194777));
#3303=CARTESIAN_POINT('Ctrl Pts',(9.71809945591164,8.55576174844553,2.31763861888112));
#3304=CARTESIAN_POINT('Ctrl Pts',(9.6596643666527,8.63267933795573,2.42674039144561));
#3305=CARTESIAN_POINT('Ctrl Pts',(9.67050744261857,8.71716148279604,1.09686174244372));
#3306=CARTESIAN_POINT('Ctrl Pts',(9.70009480974936,8.68368658873019,1.14805904228619));
#3307=CARTESIAN_POINT('Ctrl Pts',(9.7761901314803,8.59612297165662,1.31672682187913));
#3308=CARTESIAN_POINT('Ctrl Pts',(9.8368219847467,8.52457866092403,1.64183120560012));
#3309=CARTESIAN_POINT('Ctrl Pts',(9.81300556844031,8.55280458018602,2.04243494515016));
#3310=CARTESIAN_POINT('Ctrl Pts',(9.72968215000419,8.65021190623131,2.28573752394875));
#3311=CARTESIAN_POINT('Ctrl Pts',(9.67050737816455,8.717161753641,2.38813206257364));
#3312=CARTESIAN_POINT('Ctrl Pts',(9.64752758531201,8.78469016519711,1.14452856545901));
#3313=CARTESIAN_POINT('Ctrl Pts',(9.67477815026684,8.75601353097918,1.19233327827875));
#3314=CARTESIAN_POINT('Ctrl Pts',(9.74500722452798,8.68151944917918,1.34900963459458));
#3315=CARTESIAN_POINT('Ctrl Pts',(9.80152782725927,8.62085019223562,1.64943997776777));
#3316=CARTESIAN_POINT('Ctrl Pts',(9.77925779101023,8.64480745136527,2.01967334212945));
#3317=CARTESIAN_POINT('Ctrl Pts',(9.70202868801845,8.72733699874748,2.24485589406496));
#3318=CARTESIAN_POINT('Ctrl Pts',(9.64752752547587,8.7846903083284,2.34046527390649));
#3319=CARTESIAN_POINT('Ctrl Pts',(9.61859213163433,8.55924374083883,1.04150010456376));
#3320=CARTESIAN_POINT('Ctrl Pts',(9.64504658237877,8.5187582873379,1.09892452800843));
#3321=CARTESIAN_POINT('Ctrl Pts',(9.70980926168414,8.41401069102735,1.28680510554996));
#3322=CARTESIAN_POINT('Ctrl Pts',(9.7558873139774,8.33269336229859,1.63620797105205));
#3323=CARTESIAN_POINT('Ctrl Pts',(9.73834588379533,8.36419797808707,2.06103967618985));
#3324=CARTESIAN_POINT('Ctrl Pts',(9.67150126748218,8.47827320309019,2.32864497793392));
#3325=CARTESIAN_POINT('Ctrl Pts',(9.61859233947226,8.55924423098941,2.44349377073861));
#3326=CARTESIAN_POINT('Ctrl Pts',(9.57771632515235,8.59966457191541,2.50098682903058));
#3327=CARTESIAN_POINT('Ctrl Pts',(9.481718923288,8.66593618932905,2.59557164584889));
#3328=CARTESIAN_POINT('Ctrl Pts',(9.26741686600337,8.82986489185148,2.7233520008896));
#3329=CARTESIAN_POINT('Ctrl Pts',(8.95821591301851,9.12146791713225,2.75798498254592));
#3330=CARTESIAN_POINT('Ctrl Pts',(8.72761738556631,9.38526745475018,2.66801950790809));
#3331=CARTESIAN_POINT('Ctrl Pts',(8.61436883386563,9.53797705865292,2.5482796532972));
#3332=CARTESIAN_POINT('Ctrl Pts',(8.58069870400229,9.58560253938211,2.50098739392684));
#3333=CARTESIAN_POINT('Ctrl Pts',(9.6228243058417,8.66910908463471,2.47855740061984));
#3334=CARTESIAN_POINT('Ctrl Pts',(9.53567478788782,8.73615236257686,2.57422141257278));
#3335=CARTESIAN_POINT('Ctrl Pts',(9.3346125289636,8.90117821300123,2.70916522267742));
#3336=CARTESIAN_POINT('Ctrl Pts',(9.02919315461724,9.19271295532609,2.74723448969207));
#3337=CARTESIAN_POINT('Ctrl Pts',(8.79761706458793,9.44773793444479,2.64980589082185));
#3338=CARTESIAN_POINT('Ctrl Pts',(8.68364159343278,9.58828649689572,2.52639006376188));
#3339=CARTESIAN_POINT('Ctrl Pts',(8.64963510103703,9.63148404648032,2.47855818305257));
#3340=CARTESIAN_POINT('Ctrl Pts',(9.64296765816424,8.74439506793657,2.42686809712244));
#3341=CARTESIAN_POINT('Ctrl Pts',(9.56593878235516,8.81213281574717,2.51604702966611));
#3342=CARTESIAN_POINT('Ctrl Pts',(9.38540791813207,8.97564085752795,2.64382494659954));
#3343=CARTESIAN_POINT('Ctrl Pts',(9.09817725385598,9.25500445076749,2.68061672358882));
#3344=CARTESIAN_POINT('Ctrl Pts',(8.87277255525286,9.48949545116714,2.58717128640593));
#3345=CARTESIAN_POINT('Ctrl Pts',(8.75898884408666,9.61433397494185,2.4714581432199));
#3346=CARTESIAN_POINT('Ctrl Pts',(8.72469170278075,9.65246765406899,2.42686877508261));
#3347=CARTESIAN_POINT('Ctrl Pts',(9.63146995486474,8.80056930734088,2.36305111526253));
#3348=CARTESIAN_POINT('Ctrl Pts',(9.56175381571233,8.8660520312797,2.44215582759369));
#3349=CARTESIAN_POINT('Ctrl Pts',(9.3985370563681,9.02129425242902,2.55513514765109));
#3350=CARTESIAN_POINT('Ctrl Pts',(9.13427500041738,9.28068477358093,2.58782468093026));
#3351=CARTESIAN_POINT('Ctrl Pts',(8.92301192557364,9.49437897508935,2.50495210739015));
#3352=CARTESIAN_POINT('Ctrl Pts',(8.81411996498411,9.60710825491319,2.40260380747821));
#3353=CARTESIAN_POINT('Ctrl Pts',(8.78099114114284,9.64159838526769,2.36305152611328));
#3354=CARTESIAN_POINT('Ctrl Pts',(9.61859239207305,8.5592441790551,1.04150022537124));
#3355=CARTESIAN_POINT('Ctrl Pts',(9.28016254376135,7.98979941518079,0.884515679900394));
#3356=CARTESIAN_POINT('Ctrl Pts',(8.94173269544966,7.42035465130647,0.727531134429551));
#3357=CARTESIAN_POINT('Ctrl Pts',(8.60330284713796,6.85090988743215,0.570546588958709));
#3358=CARTESIAN_POINT('Ctrl Pts',(9.70779580148966,8.47103189034065,1.20947318164671));
#3359=CARTESIAN_POINT('Ctrl Pts',(9.33977199785204,7.93085226945231,1.10812182949343));
#3360=CARTESIAN_POINT('Ctrl Pts',(8.97221053159943,7.39021544811437,1.00642162733393));
#3361=CARTESIAN_POINT('Ctrl Pts',(8.6041867279618,6.85003582722603,0.905070275180645));
#3362=CARTESIAN_POINT('Ctrl Pts',(9.80260493030503,8.37727616622064,1.55789020151564));
#3363=CARTESIAN_POINT('Ctrl Pts',(9.40344099581516,7.8678906846069,1.5263506779458));
#3364=CARTESIAN_POINT('Ctrl Pts',(9.00429008810181,7.35849232095447,1.4948276392188));
#3365=CARTESIAN_POINT('Ctrl Pts',(8.60512615361194,6.84910683934073,1.46328811564896));
#3366=CARTESIAN_POINT('Ctrl Pts',(9.76874804053162,8.41075687906781,2.07172904695797));
#3367=CARTESIAN_POINT('Ctrl Pts',(9.38068180191157,7.89039700579644,2.12954728357408));
#3368=CARTESIAN_POINT('Ctrl Pts',(8.99285691788386,7.36979845957388,2.18723302441314));
#3369=CARTESIAN_POINT('Ctrl Pts',(8.60479067926381,6.84943858630251,2.24505126102926));
#3370=CARTESIAN_POINT('Ctrl Pts',(9.67806128720931,8.50043603055947,2.3315118103476));
#3371=CARTESIAN_POINT('Ctrl Pts',(9.31997006664865,7.95043418547818,2.45147968820107));
#3372=CARTESIAN_POINT('Ctrl Pts',(8.96198332114051,7.40032902614515,2.57146987915002));
#3373=CARTESIAN_POINT('Ctrl Pts',(8.60389210057985,6.85032718106387,2.69143775700349));
#3374=CARTESIAN_POINT('Ctrl Pts',(9.61859233950298,8.55924423104108,2.44349377072436));
#3375=CARTESIAN_POINT('Ctrl Pts',(9.28016250854101,7.98979945000982,2.60048036305436));
#3376=CARTESIAN_POINT('Ctrl Pts',(8.94173267757904,7.42035466897855,2.75746695538435));
#3377=CARTESIAN_POINT('Ctrl Pts',(8.60330284661707,6.85090988794728,2.91445354771434));
#3378=CARTESIAN_POINT('Ctrl Pts',(8.58069946220759,9.58560285461317,0.98400659235011));
#3379=CARTESIAN_POINT('Ctrl Pts',(8.01703134772764,9.2388892739278,0.824268732111494));
#3380=CARTESIAN_POINT('Ctrl Pts',(7.45336323324769,8.89217569324243,0.664530871872879));
#3381=CARTESIAN_POINT('Ctrl Pts',(6.88969511876775,8.54546211255706,0.504793011634263));
#3382=CARTESIAN_POINT('Ctrl Pts',(8.66032924948404,9.50685781749586,0.90034557789127));
#3383=CARTESIAN_POINT('Ctrl Pts',(8.12298846187197,9.13410942744684,0.768267568567639));
#3384=CARTESIAN_POINT('Ctrl Pts',(7.58563179632055,8.76137673892067,0.636042544193376));
#3385=CARTESIAN_POINT('Ctrl Pts',(7.04829100870848,8.38862834887165,0.503964534869745));
#3386=CARTESIAN_POINT('Ctrl Pts',(8.84507256925275,9.32416714268775,0.772750210686743));
#3387=CARTESIAN_POINT('Ctrl Pts',(8.35192963468103,8.90771197283678,0.682842312956521));
#3388=CARTESIAN_POINT('Ctrl Pts',(7.85887808312791,8.49116643530511,0.592608883530274));
#3389=CARTESIAN_POINT('Ctrl Pts',(7.36573514855619,8.07471126545415,0.502700985800052));
#3390=CARTESIAN_POINT('Ctrl Pts',(9.21050217460984,8.96279775038101,0.725106429219409));
#3391=CARTESIAN_POINT('Ctrl Pts',(8.78090128779099,8.48350653537726,0.650811490902146));
#3392=CARTESIAN_POINT('Ctrl Pts',(8.35128047237701,8.00423502754614,0.57652411814921));
#3393=CARTESIAN_POINT('Ctrl Pts',(7.92167958555816,7.5249438125424,0.502229179831947));
#3394=CARTESIAN_POINT('Ctrl Pts',(9.45827123144444,8.71778160448544,0.858515233838984));
#3395=CARTESIAN_POINT('Ctrl Pts',(9.07831524382982,8.18939708452347,0.740410466188741));
#3396=CARTESIAN_POINT('Ctrl Pts',(8.69860750990682,7.66076706916549,0.621655065753637));
#3397=CARTESIAN_POINT('Ctrl Pts',(8.3186515222922,7.13238254920352,0.503550298103394));
#3398=CARTESIAN_POINT('Ctrl Pts',(9.57771588029436,8.59966408051797,0.984006804534585));
#3399=CARTESIAN_POINT('Ctrl Pts',(9.23732570582483,8.03215335500844,0.824268874268217));
#3400=CARTESIAN_POINT('Ctrl Pts',(8.8969355313553,7.46464262949892,0.664530944001848));
#3401=CARTESIAN_POINT('Ctrl Pts',(8.55654535688577,6.89713190398939,0.50479301373548));
#3402=CARTESIAN_POINT('Ctrl Pts',(8.53982336680254,9.62602455145961,2.44349385450088));
#3403=CARTESIAN_POINT('Ctrl Pts',(7.97419959203291,9.28124969145187,2.60048027212951));
#3404=CARTESIAN_POINT('Ctrl Pts',(7.40857581726327,8.93647483144413,2.75746668975815));
#3405=CARTESIAN_POINT('Ctrl Pts',(6.84295204249364,8.59169997143639,2.91445310738679));
#3406=CARTESIAN_POINT('Ctrl Pts',(8.45062013660866,9.71423666294265,2.27552079812901));
#3407=CARTESIAN_POINT('Ctrl Pts',(7.91459027710984,9.340196699559,2.37687409079661));
#3408=CARTESIAN_POINT('Ctrl Pts',(7.37809808152617,8.96661393533923,2.47857623233099));
#3409=CARTESIAN_POINT('Ctrl Pts',(6.84206822202735,8.59257397195558,2.57992952499859));
#3410=CARTESIAN_POINT('Ctrl Pts',(8.35581117436556,9.80799222234114,1.92710381052792));
#3411=CARTESIAN_POINT('Ctrl Pts',(7.85092140400336,9.40315816093502,1.95864534172405));
#3412=CARTESIAN_POINT('Ctrl Pts',(7.34601863065304,8.99833695804352,1.99017037332356));
#3413=CARTESIAN_POINT('Ctrl Pts',(6.84112886029084,8.59350289663741,2.02171190451968));
#3414=CARTESIAN_POINT('Ctrl Pts',(8.38966795751131,9.7745116149369,1.41326502849657));
#3415=CARTESIAN_POINT('Ctrl Pts',(7.87368052242316,9.38065191439059,1.35544888381271));
#3416=CARTESIAN_POINT('Ctrl Pts',(7.3574517464361,8.98703087325418,1.29776522909998));
#3417=CARTESIAN_POINT('Ctrl Pts',(6.84146431134795,8.59317117270786,1.23994908441613));
#3418=CARTESIAN_POINT('Ctrl Pts',(8.48035450219891,9.68483266976187,1.15348218965466));
#3419=CARTESIAN_POINT('Ctrl Pts',(7.93439210253342,9.32061488813764,1.0335164810991));
#3420=CARTESIAN_POINT('Ctrl Pts',(7.38832522807428,8.95650042050917,0.913528459540204));
#3421=CARTESIAN_POINT('Ctrl Pts',(6.8423628284088,8.59228263888494,0.793562750984641));
#3422=CARTESIAN_POINT('Ctrl Pts',(8.53982331423298,9.62602460344508,1.04150014159998));
#3423=CARTESIAN_POINT('Ctrl Pts',(7.97419955681292,9.28124972628054,0.884515770829567));
#3424=CARTESIAN_POINT('Ctrl Pts',(7.40857579939285,8.936474849116,0.727531400059153));
#3425=CARTESIAN_POINT('Ctrl Pts',(6.84295204197279,8.59169997195146,0.570547029288739));
#3426=UNCERTAINTY_MEASURE_WITH_UNIT(LENGTH_MEASURE(0.001),#3430,
'DISTANCE_ACCURACY_VALUE',
'Maximum model space distance between geometric entities at asserted c
onnectivities');
#3427=UNCERTAINTY_MEASURE_WITH_UNIT(LENGTH_MEASURE(0.001),#3430,
'DISTANCE_ACCURACY_VALUE',
'Maximum model space distance between geometric entities at asserted c
onnectivities');
#3428=(
GEOMETRIC_REPRESENTATION_CONTEXT(3)
GLOBAL_UNCERTAINTY_ASSIGNED_CONTEXT((#3426))
GLOBAL_UNIT_ASSIGNED_CONTEXT((#3430,#3432,#3433))
REPRESENTATION_CONTEXT('','3D')
);
#3429=(
GEOMETRIC_REPRESENTATION_CONTEXT(3)
GLOBAL_UNCERTAINTY_ASSIGNED_CONTEXT((#3427))
GLOBAL_UNIT_ASSIGNED_CONTEXT((#3430,#3432,#3433))
REPRESENTATION_CONTEXT('','3D')
);
#3430=(
LENGTH_UNIT()
NAMED_UNIT(*)
SI_UNIT(.CENTI.,.METRE.)
);
#3431=(
LENGTH_UNIT()
NAMED_UNIT(*)
SI_UNIT($,.METRE.)
);
#3432=(
NAMED_UNIT(*)
PLANE_ANGLE_UNIT()
SI_UNIT($,.RADIAN.)
);
#3433=(
NAMED_UNIT(*)
SI_UNIT($,.STERADIAN.)
SOLID_ANGLE_UNIT()
);
#3434=SHAPE_DEFINITION_REPRESENTATION(#3435,#3436);
#3435=PRODUCT_DEFINITION_SHAPE('',$,#3438);
#3436=SHAPE_REPRESENTATION('',(#1109),#3428);
#3437=PRODUCT_DEFINITION_CONTEXT('part definition',#3442,'design');
#3438=PRODUCT_DEFINITION('(Unsaved)','(Unsaved)',#3439,#3437);
#3439=PRODUCT_DEFINITION_FORMATION('',$,#3444);
#3440=PRODUCT_RELATED_PRODUCT_CATEGORY('(Unsaved)','(Unsaved)',(#3444));
#3441=APPLICATION_PROTOCOL_DEFINITION('international standard',
'automotive_design',2009,#3442);
#3442=APPLICATION_CONTEXT(
'Core Data for Automotive Mechanical Design Process');
#3443=PRODUCT_CONTEXT('part definition',#3442,'mechanical');
#3444=PRODUCT('(Unsaved)','(Unsaved)',$,(#3443));
#3445=PRESENTATION_STYLE_ASSIGNMENT((#3450));
#3446=PRESENTATION_STYLE_ASSIGNMENT((#3451));
#3447=PRESENTATION_STYLE_ASSIGNMENT((#3452));
#3448=PRESENTATION_STYLE_ASSIGNMENT((#3453));
#3449=PRESENTATION_STYLE_ASSIGNMENT((#3454));
#3450=SURFACE_STYLE_USAGE(.BOTH.,#3455);
#3451=SURFACE_STYLE_USAGE(.BOTH.,#3456);
#3452=SURFACE_STYLE_USAGE(.BOTH.,#3457);
#3453=SURFACE_STYLE_USAGE(.BOTH.,#3458);
#3454=SURFACE_STYLE_USAGE(.BOTH.,#3459);
#3455=SURFACE_SIDE_STYLE('',(#3460));
#3456=SURFACE_SIDE_STYLE('',(#3461));
#3457=SURFACE_SIDE_STYLE('',(#3462));
#3458=SURFACE_SIDE_STYLE('',(#3463));
#3459=SURFACE_SIDE_STYLE('',(#3464));
#3460=SURFACE_STYLE_FILL_AREA(#3465);
#3461=SURFACE_STYLE_FILL_AREA(#3466);
#3462=SURFACE_STYLE_FILL_AREA(#3467);
#3463=SURFACE_STYLE_FILL_AREA(#3468);
#3464=SURFACE_STYLE_FILL_AREA(#3469);
#3465=FILL_AREA_STYLE('ABS (White)',(#3470));
#3466=FILL_AREA_STYLE('Paint - Enamel Glossy (Black)',(#3471));
#3467=FILL_AREA_STYLE('Polymide (Kapton)',(#3472));
#3468=FILL_AREA_STYLE('Carbon Fiber - Plain',(#3473));
#3469=FILL_AREA_STYLE('Tough 2000 (with Formlabs SLA 3D Printers)',(#3474));
#3470=FILL_AREA_STYLE_COLOUR('ABS (White)',#3475);
#3471=FILL_AREA_STYLE_COLOUR('Paint - Enamel Glossy (Black)',#3476);
#3472=FILL_AREA_STYLE_COLOUR('Polymide (Kapton)',#3477);
#3473=FILL_AREA_STYLE_COLOUR('Carbon Fiber - Plain',#3478);
#3474=FILL_AREA_STYLE_COLOUR(
'Tough 2000 (with Formlabs SLA 3D Printers)',#3479);
#3475=COLOUR_RGB('ABS (White)',0.964705882352941,0.964705882352941,0.952941176470588);
#3476=COLOUR_RGB('Paint - Enamel Glossy (Black)',0.0980392156862745,0.0980392156862745,
0.0980392156862745);
#3477=COLOUR_RGB('Polymide (Kapton)',0.784313725490196,0.556862745098039,
0.0274509803921569);
#3478=COLOUR_RGB('Carbon Fiber - Plain',0.0980392156862745,0.0980392156862745,
0.0980392156862745);
#3479=COLOUR_RGB('Tough 2000 (with Formlabs SLA 3D Printers)',0.247058823529412,
0.247058823529412,0.247058823529412);
ENDSEC;
END-ISO-10303-21;
