ISO-10303-21;
HEADER;
/* Generated by software containing ST-Developer
 * from STEP Tools, Inc. (www.steptools.com) 
 */

FILE_DESCRIPTION(
/* description */ (''),
/* implementation_level */ '2;1');

FILE_NAME(
/* name */ 'BILBO landing gear L.step',
/* time_stamp */ '2026-04-05T23:41:59+05:30',
/* author */ (''),
/* organization */ (''),
/* preprocessor_version */ 'ST-DEVELOPER v20.1',
/* originating_system */ 'Autodesk Translation Framework v14.24.0.0',
/* authorisation */ '');

FILE_SCHEMA (('AUTOMOTIVE_DESIGN { 1 0 10303 214 3 1 1 }'));
ENDSEC;

DATA;
#10=MECHANICAL_DESIGN_GEOMETRIC_PRESENTATION_REPRESENTATION('',(#13),#1489);
#11=SHAPE_REPRESENTATION_RELATIONSHIP('SRR','None',#1496,#12);
#12=ADVANCED_BREP_SHAPE_REPRESENTATION('',(#14),#1488);
#13=STYLED_ITEM('',(#1507),#14);
#14=MANIFOLD_SOLID_BREP('frame_bottom 2 (1)',#436);
#15=PLANE('',#455);
#16=PLANE('',#463);
#17=PLANE('',#467);
#18=PLANE('',#470);
#19=PLANE('',#473);
#20=FACE_BOUND('',#88,.T.);
#21=FACE_BOUND('',#90,.T.);
#22=FACE_BOUND('',#91,.T.);
#23=FACE_BOUND('',#99,.T.);
#24=FACE_BOUND('',#102,.T.);
#25=FACE_BOUND('',#112,.T.);
#26=CIRCLE('',#452,0.2);
#27=CIRCLE('',#453,0.2);
#28=CIRCLE('',#454,0.2);
#29=CIRCLE('',#456,0.21);
#30=CIRCLE('',#457,0.21);
#31=CIRCLE('',#458,0.2);
#32=CIRCLE('',#459,0.200000000000001);
#33=CIRCLE('',#460,0.2);
#34=CIRCLE('',#461,0.2);
#35=CIRCLE('',#462,0.2);
#36=CIRCLE('',#464,0.500000007450581);
#37=CIRCLE('',#466,0.21);
#38=CIRCLE('',#469,0.21);
#39=CIRCLE('',#472,0.500000007450581);
#40=B_SPLINE_SURFACE_WITH_KNOTS('',3,3,((#771,#772,#773,#774),(#775,#776,
#777,#778),(#779,#780,#781,#782),(#783,#784,#785,#786),(#787,#788,#789,
#790)),.UNSPECIFIED.,.F.,.F.,.F.,(4,1,4),(4,4),(0.,0.5,1.),(2.53269627492554E-15,
0.0242163470354415),.UNSPECIFIED.);
#41=B_SPLINE_SURFACE_WITH_KNOTS('',3,3,((#805,#806,#807,#808,#809,#810,
#811),(#812,#813,#814,#815,#816,#817,#818),(#819,#820,#821,#822,#823,#824,
#825),(#826,#827,#828,#829,#830,#831,#832),(#833,#834,#835,#836,#837,#838,
#839)),.UNSPECIFIED.,.F.,.F.,.F.,(4,1,4),(4,1,1,1,4),(0.,0.571428571428571,
1.),(-2.04009790497662,-1.21340096614065,-0.662269673583343,-0.386704027304688,
-0.111138381026033),.UNSPECIFIED.);
#42=B_SPLINE_SURFACE_WITH_KNOTS('',3,3,((#866,#867,#868,#869,#870,#871,
#872),(#873,#874,#875,#876,#877,#878,#879),(#880,#881,#882,#883,#884,#885,
#886),(#887,#888,#889,#890,#891,#892,#893),(#894,#895,#896,#897,#898,#899,
#900)),.UNSPECIFIED.,.F.,.F.,.F.,(4,1,4),(4,1,1,1,4),(0.,0.571428571428571,
1.),(0.0223211788563197,0.284795828359647,0.547270477862974,0.678507802614637,
0.940982452117964),.UNSPECIFIED.);
#43=B_SPLINE_SURFACE_WITH_KNOTS('',3,3,((#918,#919,#920,#921),(#922,#923,
#924,#925),(#926,#927,#928,#929),(#930,#931,#932,#933),(#934,#935,#936,
#937),(#938,#939,#940,#941)),.UNSPECIFIED.,.F.,.F.,.F.,(4,1,1,4),(4,4),
(0.0242239293843418,0.429572269144111,0.699804495650623,0.970036722157136),
(0.,0.948131702271949),.UNSPECIFIED.);
#44=B_SPLINE_SURFACE_WITH_KNOTS('',3,3,((#1023,#1024,#1025,#1026),(#1027,
#1028,#1029,#1030),(#1031,#1032,#1033,#1034),(#1035,#1036,#1037,#1038),
(#1039,#1040,#1041,#1042)),.UNSPECIFIED.,.F.,.F.,.F.,(4,1,4),(4,4),(0.,
0.571428571428571,1.),(0.,0.0195856073106385),.UNSPECIFIED.);
#45=B_SPLINE_SURFACE_WITH_KNOTS('',3,3,((#1054,#1055,#1056,#1057,#1058,
#1059,#1060),(#1061,#1062,#1063,#1064,#1065,#1066,#1067),(#1068,#1069,#1070,
#1071,#1072,#1073,#1074),(#1075,#1076,#1077,#1078,#1079,#1080,#1081),(#1082,
#1083,#1084,#1085,#1086,#1087,#1088)),.UNSPECIFIED.,.F.,.F.,.F.,(4,1,4),
(4,1,1,1,4),(0.,0.571428571428571,1.),(-0.100471398966556,1.01512933483513,
1.75886315736959,2.13073006863682,2.50259697990405),.UNSPECIFIED.);
#46=B_SPLINE_SURFACE_WITH_KNOTS('',3,3,((#1096,#1097,#1098,#1099,#1100,
#1101),(#1102,#1103,#1104,#1105,#1106,#1107),(#1108,#1109,#1110,#1111,#1112,
#1113),(#1114,#1115,#1116,#1117,#1118,#1119),(#1120,#1121,#1122,#1123,#1124,
#1125)),.UNSPECIFIED.,.F.,.F.,.F.,(4,1,4),(4,1,1,4),(0.,0.571428571428571,
1.),(0.0223801504513875,0.284523457826923,0.546666765202458,0.939881726265761),
 .UNSPECIFIED.);
#47=B_SPLINE_SURFACE_WITH_KNOTS('',3,3,((#1141,#1142,#1143,#1144),(#1145,
#1146,#1147,#1148),(#1149,#1150,#1151,#1152),(#1153,#1154,#1155,#1156),
(#1157,#1158,#1159,#1160),(#1161,#1162,#1163,#1164)),.UNSPECIFIED.,.F.,
 .F.,.F.,(4,1,1,4),(4,4),(0.0243543512454679,0.432050621606495,0.703848135180514,
0.975645648754532),(0.,0.947762221248973),.UNSPECIFIED.);
#48=B_SPLINE_SURFACE_WITH_KNOTS('',3,3,((#1172,#1173,#1174,#1175),(#1176,
#1177,#1178,#1179),(#1180,#1181,#1182,#1183),(#1184,#1185,#1186,#1187),
(#1188,#1189,#1190,#1191)),.UNSPECIFIED.,.F.,.F.,.F.,(4,1,4),(4,4),(0.,
0.5,1.),(8.1283597452794E-16,0.0242163470354398),.UNSPECIFIED.);
#49=B_SPLINE_SURFACE_WITH_KNOTS('',3,3,((#1206,#1207,#1208,#1209,#1210,
#1211,#1212),(#1213,#1214,#1215,#1216,#1217,#1218,#1219),(#1220,#1221,#1222,
#1223,#1224,#1225,#1226),(#1227,#1228,#1229,#1230,#1231,#1232,#1233),(#1234,
#1235,#1236,#1237,#1238,#1239,#1240)),.UNSPECIFIED.,.F.,.F.,.F.,(4,1,4),
(4,1,1,1,4),(0.,0.571428571428571,1.),(-0.101253537941469,0.725443400894495,
1.2765746934518,1.55214033973046,1.82770598600911),.UNSPECIFIED.);
#50=B_SPLINE_SURFACE_WITH_KNOTS('',3,3,((#1255,#1256,#1257,#1258),(#1259,
#1260,#1261,#1262),(#1263,#1264,#1265,#1266),(#1267,#1268,#1269,#1270),
(#1271,#1272,#1273,#1274),(#1275,#1276,#1277,#1278)),.UNSPECIFIED.,.F.,
 .F.,.F.,(4,1,1,4),(4,4),(0.0299632778428664,0.435311617602634,0.705543844109145,
0.975776070615656),(0.,0.948131702271949),.UNSPECIFIED.);
#51=B_SPLINE_SURFACE_WITH_KNOTS('',3,3,((#1293,#1294,#1295,#1296,#1297,
#1298),(#1299,#1300,#1301,#1302,#1303,#1304),(#1305,#1306,#1307,#1308,#1309,
#1310),(#1311,#1312,#1313,#1314,#1315,#1316),(#1317,#1318,#1319,#1320,#1321,
#1322)),.UNSPECIFIED.,.F.,.F.,.F.,(4,1,4),(4,1,1,4),(0.,0.571428571428571,
1.),(0.0282545740569562,0.290729223560282,0.553203873063609,0.946915847318598),
 .UNSPECIFIED.);
#52=B_SPLINE_SURFACE_WITH_KNOTS('',3,3,((#1345,#1346,#1347,#1348),(#1349,
#1350,#1351,#1352),(#1353,#1354,#1355,#1356),(#1357,#1358,#1359,#1360),
(#1361,#1362,#1363,#1364)),.UNSPECIFIED.,.F.,.F.,.F.,(4,1,4),(4,4),(0.,
0.571428571428571,1.),(0.,0.0195856073106377),.UNSPECIFIED.);
#53=B_SPLINE_SURFACE_WITH_KNOTS('',3,3,((#1369,#1370,#1371,#1372,#1373,
#1374,#1375),(#1376,#1377,#1378,#1379,#1380,#1381,#1382),(#1383,#1384,#1385,
#1386,#1387,#1388,#1389),(#1390,#1391,#1392,#1393,#1394,#1395,#1396),(#1397,
#1398,#1399,#1400,#1401,#1402,#1403)),.UNSPECIFIED.,.F.,.F.,.F.,(4,1,4),
(4,1,1,1,4),(0.,0.571428571428571,1.),(-2.74067772464143,-1.62515203126054,
-0.881468235673287,-0.509626337879658,-0.13778444008603),.UNSPECIFIED.);
#54=B_SPLINE_SURFACE_WITH_KNOTS('',3,3,((#1404,#1405,#1406,#1407,#1408,
#1409,#1410),(#1411,#1412,#1413,#1414,#1415,#1416,#1417),(#1418,#1419,#1420,
#1421,#1422,#1423,#1424),(#1425,#1426,#1427,#1428,#1429,#1430,#1431),(#1432,
#1433,#1434,#1435,#1436,#1437,#1438)),.UNSPECIFIED.,.F.,.F.,.F.,(4,1,4),
(4,1,1,1,4),(0.,0.571428571428571,1.),(0.0281930298859659,0.29529691909008,
0.562400808294193,0.69595275289625,0.963056642100364),.UNSPECIFIED.);
#55=B_SPLINE_SURFACE_WITH_KNOTS('',3,3,((#1446,#1447,#1448,#1449),(#1450,
#1451,#1452,#1453),(#1454,#1455,#1456,#1457),(#1458,#1459,#1460,#1461),
(#1462,#1463,#1464,#1465),(#1466,#1467,#1468,#1469)),.UNSPECIFIED.,.F.,
 .F.,.F.,(4,1,1,4),(4,4),(0.0299088295221456,0.432844118503163,0.701467644490508,
0.970091170477853),(0.,0.94090299229566),.UNSPECIFIED.);
#56=FACE_OUTER_BOUND('',#82,.T.);
#57=FACE_OUTER_BOUND('',#83,.T.);
#58=FACE_OUTER_BOUND('',#84,.T.);
#59=FACE_OUTER_BOUND('',#85,.T.);
#60=FACE_OUTER_BOUND('',#86,.T.);
#61=FACE_OUTER_BOUND('',#87,.T.);
#62=FACE_OUTER_BOUND('',#89,.T.);
#63=FACE_OUTER_BOUND('',#92,.T.);
#64=FACE_OUTER_BOUND('',#93,.T.);
#65=FACE_OUTER_BOUND('',#94,.T.);
#66=FACE_OUTER_BOUND('',#95,.T.);
#67=FACE_OUTER_BOUND('',#96,.T.);
#68=FACE_OUTER_BOUND('',#97,.T.);
#69=FACE_OUTER_BOUND('',#98,.T.);
#70=FACE_OUTER_BOUND('',#100,.T.);
#71=FACE_OUTER_BOUND('',#101,.T.);
#72=FACE_OUTER_BOUND('',#103,.T.);
#73=FACE_OUTER_BOUND('',#104,.T.);
#74=FACE_OUTER_BOUND('',#105,.T.);
#75=FACE_OUTER_BOUND('',#106,.T.);
#76=FACE_OUTER_BOUND('',#107,.T.);
#77=FACE_OUTER_BOUND('',#108,.T.);
#78=FACE_OUTER_BOUND('',#109,.T.);
#79=FACE_OUTER_BOUND('',#110,.T.);
#80=FACE_OUTER_BOUND('',#111,.T.);
#81=FACE_OUTER_BOUND('',#113,.T.);
#82=EDGE_LOOP('',(#277,#278,#279,#280,#281,#282));
#83=EDGE_LOOP('',(#283,#284,#285,#286,#287,#288,#289,#290));
#84=EDGE_LOOP('',(#291,#292,#293,#294));
#85=EDGE_LOOP('',(#295,#296,#297,#298));
#86=EDGE_LOOP('',(#299,#300,#301,#302));
#87=EDGE_LOOP('',(#303,#304,#305,#306));
#88=EDGE_LOOP('',(#307,#308));
#89=EDGE_LOOP('',(#309,#310,#311,#312,#313,#314,#315,#316,#317,#318));
#90=EDGE_LOOP('',(#319));
#91=EDGE_LOOP('',(#320));
#92=EDGE_LOOP('',(#321,#322,#323,#324));
#93=EDGE_LOOP('',(#325,#326,#327,#328));
#94=EDGE_LOOP('',(#329,#330,#331,#332));
#95=EDGE_LOOP('',(#333,#334,#335,#336));
#96=EDGE_LOOP('',(#337,#338,#339,#340));
#97=EDGE_LOOP('',(#341,#342,#343,#344));
#98=EDGE_LOOP('',(#345,#346,#347,#348));
#99=EDGE_LOOP('',(#349,#350));
#100=EDGE_LOOP('',(#351,#352,#353,#354));
#101=EDGE_LOOP('',(#355,#356,#357,#358,#359,#360,#361,#362));
#102=EDGE_LOOP('',(#363));
#103=EDGE_LOOP('',(#364,#365,#366,#367));
#104=EDGE_LOOP('',(#368,#369,#370,#371));
#105=EDGE_LOOP('',(#372,#373,#374,#375));
#106=EDGE_LOOP('',(#376,#377,#378,#379,#380,#381));
#107=EDGE_LOOP('',(#382,#383,#384,#385));
#108=EDGE_LOOP('',(#386));
#109=EDGE_LOOP('',(#387,#388,#389,#390));
#110=EDGE_LOOP('',(#391));
#111=EDGE_LOOP('',(#392,#393,#394,#395,#396,#397,#398,#399,#400,#401));
#112=EDGE_LOOP('',(#402,#403));
#113=EDGE_LOOP('',(#404));
#114=LINE('',#579,#121);
#115=LINE('',#659,#122);
#116=LINE('',#963,#123);
#117=LINE('',#1472,#124);
#118=LINE('',#1477,#125);
#119=LINE('',#1481,#126);
#120=LINE('',#1483,#127);
#121=VECTOR('',#478,0.145);
#122=VECTOR('',#481,0.145);
#123=VECTOR('',#490,1.);
#124=VECTOR('',#511,0.21);
#125=VECTOR('',#518,0.21);
#126=VECTOR('',#525,0.500000007450581);
#127=VECTOR('',#526,0.500000007450581);
#128=B_SPLINE_CURVE_WITH_KNOTS('',3,(#535,#536,#537,#538,#539,#540,#541),
 .UNSPECIFIED.,.F.,.F.,(4,3,4),(-0.926124485072771,-0.888618703864036,-0.859500574846235),
 .UNSPECIFIED.);
#129=B_SPLINE_CURVE_WITH_KNOTS('',3,(#542,#543,#544,#545,#546,#547,#548,
#549,#550,#551,#552,#553,#554,#555,#556,#557,#558,#559,#560,#561,#562,#563,
#564,#565,#566,#567,#568,#569,#570,#571,#572,#573,#574,#575,#576,#577),
 .UNSPECIFIED.,.F.,.F.,(4,2,2,2,2,2,2,2,2,2,2,2,2,2,2,2,2,4),(-0.859500574846235,
-0.83439919927021,-0.774087249667612,-0.717095572841498,-0.663181325752628,
-0.610035259050531,-0.552981168401748,-0.502516612819937,-0.456347262116858,
-0.410434095825033,-0.360485364732102,-0.305381003606473,-0.247632661043955,
-0.192040798867321,-0.138992026655623,-0.0819146264132832,-0.0387548694680415,
0.),.UNSPECIFIED.);
#130=B_SPLINE_CURVE_WITH_KNOTS('',3,(#581,#582,#583,#584,#585,#586,#587,
#588,#589,#590,#591,#592,#593,#594,#595,#596,#597,#598),.UNSPECIFIED.,.F.,
 .F.,(4,2,2,2,2,2,2,2,4),(0.,0.0549695677854647,0.109939135570929,0.164898099311161,
0.219857063051392,0.274807656676037,0.329758250300682,0.384726643441041,
0.390874697158777),.UNSPECIFIED.);
#131=B_SPLINE_CURVE_WITH_KNOTS('',3,(#599,#600,#601,#602,#603,#604,#605,
#606,#607,#608,#609,#610,#611,#612,#613,#614,#615,#616,#617,#618),
 .UNSPECIFIED.,.F.,.F.,(4,2,2,2,2,2,2,2,2,4),(0.390874697158777,0.4396950365814,
0.494663429721759,0.549631822862119,0.604582416486763,0.659533010111408,
0.71449197385164,0.769450937591871,0.824420505377336,0.8793900731628),
 .UNSPECIFIED.);
#132=B_SPLINE_CURVE_WITH_KNOTS('',3,(#622,#623,#624,#625,#626,#627,#628,
#629,#630,#631,#632,#633),.UNSPECIFIED.,.F.,.F.,(4,2,2,2,2,4),(0.,0.0549695677854646,
0.109939135570929,0.164898099311161,0.219857063051392,0.220185657570327),
 .UNSPECIFIED.);
#133=B_SPLINE_CURVE_WITH_KNOTS('',3,(#635,#636,#637,#638,#639,#640,#641,
#642,#643,#644,#645,#646),.UNSPECIFIED.,.F.,.F.,(4,2,2,2,2,4),(0.659204415592474,
0.659533010111408,0.714491973851639,0.769450937591871,0.824420505377335,
0.8793900731628),.UNSPECIFIED.);
#134=B_SPLINE_CURVE_WITH_KNOTS('',3,(#648,#649,#650,#651,#652,#653,#654,
#655,#656,#657),.UNSPECIFIED.,.F.,.F.,(4,2,2,2,4),(0.488515376004023,0.494663429721759,
0.549631822862118,0.604582416486763,0.659204415592474),.UNSPECIFIED.);
#135=B_SPLINE_CURVE_WITH_KNOTS('',3,(#661,#662,#663,#664,#665,#666,#667,
#668,#669,#670,#671,#672,#673,#674,#675,#676,#677,#678,#679,#680,#681,#682,
#683,#684,#685,#686,#687,#688,#689,#690,#691,#692,#693,#694,#695,#696,#697,
#698,#699,#700,#701,#702,#703,#704,#705,#706,#707,#708,#709,#710,#711,#712,
#713,#714,#715,#716,#717,#718,#719,#720,#721,#722,#723,#724,#725,#726,#727,
#728,#729,#730,#731,#732,#733,#734,#735,#736,#737,#738,#739,#740,#741,#742,
#743,#744,#745,#746,#747,#748,#749,#750,#751),.UNSPECIFIED.,.F.,.F.,(4,
3,3,3,3,3,3,3,3,3,3,3,3,3,3,3,3,3,3,3,3,3,3,3,3,3,3,3,3,3,4),(-0.926091525783541,
-0.89514746296303,-0.853632530703098,-0.812961878291343,-0.801207768460866,
-0.758259349509203,-0.74450262293813,-0.702509966572641,-0.687730400994618,
-0.646449562277894,-0.632654460528975,-0.591793626178552,-0.573754050827675,
-0.549227525107761,-0.522106765932807,-0.475886228712952,-0.429998376394791,
-0.428309637199807,-0.386295573296856,-0.380353713993386,-0.33829225492459,
-0.3277433038409,-0.278108333807158,-0.27193752048569,-0.220877283719485,
-0.215907395361958,-0.173465067765719,-0.158853940379926,-0.116558651110256,
-0.101974029056472,-0.0666022747967376),.UNSPECIFIED.);
#136=B_SPLINE_CURVE_WITH_KNOTS('',3,(#752,#753,#754,#755,#756,#757,#758),
 .UNSPECIFIED.,.F.,.F.,(4,3,4),(-0.0666022747967376,-0.0433219077050972,
0.),.UNSPECIFIED.);
#137=B_SPLINE_CURVE_WITH_KNOTS('',3,(#759,#760,#761,#762,#763,#764,#765,
#766,#767,#768,#769,#770),.UNSPECIFIED.,.F.,.F.,(4,2,2,2,2,4),(0.220185657570327,
0.274807656676037,0.329758250300682,0.384726643441041,0.4396950365814,0.488515376004023),
 .UNSPECIFIED.);
#138=B_SPLINE_CURVE_WITH_KNOTS('',3,(#795,#796,#797,#798),.UNSPECIFIED.,
 .F.,.F.,(4,4),(-0.0242163470354415,-2.53269627492554E-15),
 .UNSPECIFIED.);
#139=B_SPLINE_CURVE_WITH_KNOTS('',3,(#801,#802,#803,#804),.UNSPECIFIED.,
 .F.,.F.,(4,4),(2.53269627492554E-15,0.0242163470354415),.UNSPECIFIED.);
#140=B_SPLINE_CURVE_WITH_KNOTS('',3,(#842,#843,#844,#845,#846,#847,#848,
#849,#850,#851),.UNSPECIFIED.,.F.,.F.,(4,2,2,2,4),(0.,0.129760645550654,
0.256633567320991,0.376864735053859,0.48739029811893),.UNSPECIFIED.);
#141=B_SPLINE_CURVE_WITH_KNOTS('',3,(#852,#853,#854,#855,#856,#857,#858),
 .UNSPECIFIED.,.F.,.F.,(4,1,1,1,4),(-2.04009790497662,-1.21340096614065,
-0.662269673583343,-0.386704027304688,-0.111138381026033),.UNSPECIFIED.);
#142=B_SPLINE_CURVE_WITH_KNOTS('',3,(#859,#860,#861,#862,#863,#864,#865),
 .UNSPECIFIED.,.F.,.F.,(4,1,1,1,4),(0.111643446716787,0.386704027304688,
0.662269673583343,1.21340096614065,1.938842790756),.UNSPECIFIED.);
#143=B_SPLINE_CURVE_WITH_KNOTS('',3,(#902,#903,#904,#905,#906,#907,#908),
 .UNSPECIFIED.,.F.,.F.,(4,1,1,1,4),(-0.940982452117964,-0.678507802614637,
-0.547270477862974,-0.284795828359647,-0.0223211788563197),
 .UNSPECIFIED.);
#144=B_SPLINE_CURVE_WITH_KNOTS('',3,(#911,#912,#913,#914,#915,#916,#917),
 .UNSPECIFIED.,.F.,.F.,(4,1,1,1,4),(0.0223211788563197,0.284795828359647,
0.547270477862974,0.678507802614637,0.940982452117964),.UNSPECIFIED.);
#145=B_SPLINE_CURVE_WITH_KNOTS('',3,(#943,#944,#945,#946,#947,#948),
 .UNSPECIFIED.,.F.,.F.,(4,1,1,4),(-0.879381729667071,-0.699804495650623,
-0.429572269144111,-0.120296849214449),.UNSPECIFIED.);
#146=B_SPLINE_CURVE_WITH_KNOTS('',3,(#949,#950,#951,#952,#953,#954,#955),
 .UNSPECIFIED.,.F.,.F.,(4,1,1,1,4),(-2.50151380652101,-2.13073006863682,
-1.75886315736959,-1.01512933483513,-6.33839754850798E-7),.UNSPECIFIED.);
#147=B_SPLINE_CURVE_WITH_KNOTS('',3,(#958,#959,#960,#961),.UNSPECIFIED.,
 .F.,.F.,(4,4),(-0.295062641848246,-0.126615382010972),.UNSPECIFIED.);
#148=B_SPLINE_CURVE_WITH_KNOTS('',3,(#965,#966,#967,#968),.UNSPECIFIED.,
 .F.,.F.,(4,4),(-0.873384617989028,-0.707079032143874),.UNSPECIFIED.);
#149=B_SPLINE_CURVE_WITH_KNOTS('',3,(#970,#971,#972,#973,#974,#975,#976,
#977,#978,#979,#980,#981),.UNSPECIFIED.,.F.,.F.,(4,2,2,2,2,4),(0.,0.112186012106593,
0.227275367054531,0.347986286892716,0.417225995904842,0.486144448711826),
 .UNSPECIFIED.);
#150=B_SPLINE_CURVE_WITH_KNOTS('',3,(#983,#984,#985,#986,#987,#988),
 .UNSPECIFIED.,.F.,.F.,(4,1,1,4),(-0.879703150785551,-0.705543844109145,
-0.435311617602634,-0.120618270332929),.UNSPECIFIED.);
#151=B_SPLINE_CURVE_WITH_KNOTS('',3,(#990,#991,#992,#993,#994,#995,#996,
#997,#998,#999,#1000,#1001),.UNSPECIFIED.,.F.,.F.,(4,2,2,2,2,4),(0.,0.103302457576671,
0.202366807284104,0.307704985922358,0.378869986617123,0.451806068986109),
 .UNSPECIFIED.);
#152=B_SPLINE_CURVE_WITH_KNOTS('',3,(#1003,#1004,#1005,#1006,#1007,#1008),
 .UNSPECIFIED.,.F.,.F.,(4,1,1,4),(-0.892444808883217,-0.703848135180514,
-0.432050621606495,-0.107555191116783),.UNSPECIFIED.);
#153=B_SPLINE_CURVE_WITH_KNOTS('',3,(#1009,#1010,#1011,#1012,#1013,#1014,
#1015,#1016,#1017,#1018),.UNSPECIFIED.,.F.,.F.,(4,2,2,2,4),(0.,0.136906825220732,
0.250497949965188,0.353432083764501,0.453906984047144),.UNSPECIFIED.);
#154=B_SPLINE_CURVE_WITH_KNOTS('',3,(#1046,#1047,#1048,#1049),
 .UNSPECIFIED.,.F.,.F.,(4,4),(-0.0195856073106385,0.),.UNSPECIFIED.);
#155=B_SPLINE_CURVE_WITH_KNOTS('',3,(#1050,#1051,#1052,#1053),
 .UNSPECIFIED.,.F.,.F.,(4,4),(0.,0.0195856073106385),.UNSPECIFIED.);
#156=B_SPLINE_CURVE_WITH_KNOTS('',3,(#1089,#1090,#1091,#1092,#1093,#1094,
#1095),.UNSPECIFIED.,.F.,.F.,(4,1,1,1,4),(-0.0858090544940648,1.01512933483513,
1.75886315736959,2.13073006863682,2.50259697990405),.UNSPECIFIED.);
#157=B_SPLINE_CURVE_WITH_KNOTS('',3,(#1127,#1128,#1129,#1130,#1131,#1132),
 .UNSPECIFIED.,.F.,.F.,(4,1,1,4),(-0.939881726265761,-0.546666765202458,
-0.284523457826923,-0.0223801504513875),.UNSPECIFIED.);
#158=B_SPLINE_CURVE_WITH_KNOTS('',3,(#1135,#1136,#1137,#1138,#1139,#1140),
 .UNSPECIFIED.,.F.,.F.,(4,1,1,4),(0.0223801504513875,0.284523457826923,
0.546666765202458,0.939881726265761),.UNSPECIFIED.);
#159=B_SPLINE_CURVE_WITH_KNOTS('',3,(#1165,#1166,#1167,#1168,#1169,#1170,
#1171),.UNSPECIFIED.,.F.,.F.,(4,1,1,1,4),(0.13778444008603,0.509626337879658,
0.881468235673287,1.62515203126054,2.72619047482058),.UNSPECIFIED.);
#160=B_SPLINE_CURVE_WITH_KNOTS('',3,(#1196,#1197,#1198,#1199),
 .UNSPECIFIED.,.F.,.F.,(4,4),(-0.0242163470354398,-8.1283597452794E-16),
 .UNSPECIFIED.);
#161=B_SPLINE_CURVE_WITH_KNOTS('',3,(#1202,#1203,#1204,#1205),
 .UNSPECIFIED.,.F.,.F.,(4,4),(8.1283597452794E-16,0.0242163470354398),
 .UNSPECIFIED.);
#162=B_SPLINE_CURVE_WITH_KNOTS('',3,(#1241,#1242,#1243,#1244,#1245,#1246,
#1247),.UNSPECIFIED.,.F.,.F.,(4,1,1,1,4),(1.57629269328593E-6,0.725443400894495,
1.2765746934518,1.55214033973046,1.82720092031836),.UNSPECIFIED.);
#163=B_SPLINE_CURVE_WITH_KNOTS('',3,(#1248,#1249,#1250,#1251,#1252,#1253,
#1254),.UNSPECIFIED.,.F.,.F.,(4,1,1,1,4),(-1.82770598600911,-1.55214033973046,
-1.2765746934518,-0.725443400894495,0.101253537941469),.UNSPECIFIED.);
#164=B_SPLINE_CURVE_WITH_KNOTS('',3,(#1280,#1281,#1282,#1283,#1284,#1285),
 .UNSPECIFIED.,.F.,.F.,(4,1,1,4),(-0.946915847318598,-0.553203873063609,
-0.290729223560282,-0.0282545740569562),.UNSPECIFIED.);
#165=B_SPLINE_CURVE_WITH_KNOTS('',3,(#1286,#1287,#1288,#1289,#1290,#1291,
#1292),.UNSPECIFIED.,.F.,.F.,(4,1,1,1,4),(-2.64038078797137,-1.62515203126054,
-0.881468235673287,-0.509626337879658,-0.138867613469063),.UNSPECIFIED.);
#166=B_SPLINE_CURVE_WITH_KNOTS('',3,(#1324,#1325,#1326,#1327,#1328,#1329),
 .UNSPECIFIED.,.F.,.F.,(4,1,1,4),(0.0282545740569562,0.290729223560282,
0.553203873063609,0.946915847318598),.UNSPECIFIED.);
#167=B_SPLINE_CURVE_WITH_KNOTS('',3,(#1332,#1333,#1334,#1335),
 .UNSPECIFIED.,.F.,.F.,(4,4),(-0.0195856073106377,0.),.UNSPECIFIED.);
#168=B_SPLINE_CURVE_WITH_KNOTS('',3,(#1336,#1337,#1338,#1339,#1340,#1341,
#1342),.UNSPECIFIED.,.F.,.F.,(4,1,1,1,4),(0.0281930298859659,0.29529691909008,
0.562400808294193,0.69595275289625,0.963056642100364),.UNSPECIFIED.);
#169=B_SPLINE_CURVE_WITH_KNOTS('',3,(#1365,#1366,#1367,#1368),
 .UNSPECIFIED.,.F.,.F.,(4,4),(0.,0.0195856073106377),.UNSPECIFIED.);
#170=B_SPLINE_CURVE_WITH_KNOTS('',3,(#1439,#1440,#1441,#1442,#1443,#1444,
#1445),.UNSPECIFIED.,.F.,.F.,(4,1,1,1,4),(-0.963056642100364,-0.69595275289625,
-0.562400808294193,-0.29529691909008,-0.0281930298859659),.UNSPECIFIED.);
#171=VERTEX_POINT('',#533);
#172=VERTEX_POINT('',#534);
#173=VERTEX_POINT('',#578);
#174=VERTEX_POINT('',#580);
#175=VERTEX_POINT('',#620);
#176=VERTEX_POINT('',#621);
#177=VERTEX_POINT('',#634);
#178=VERTEX_POINT('',#647);
#179=VERTEX_POINT('',#658);
#180=VERTEX_POINT('',#660);
#181=VERTEX_POINT('',#791);
#182=VERTEX_POINT('',#792);
#183=VERTEX_POINT('',#794);
#184=VERTEX_POINT('',#799);
#185=VERTEX_POINT('',#840);
#186=VERTEX_POINT('',#841);
#187=VERTEX_POINT('',#901);
#188=VERTEX_POINT('',#909);
#189=VERTEX_POINT('',#942);
#190=VERTEX_POINT('',#957);
#191=VERTEX_POINT('',#962);
#192=VERTEX_POINT('',#964);
#193=VERTEX_POINT('',#969);
#194=VERTEX_POINT('',#982);
#195=VERTEX_POINT('',#989);
#196=VERTEX_POINT('',#1002);
#197=VERTEX_POINT('',#1019);
#198=VERTEX_POINT('',#1021);
#199=VERTEX_POINT('',#1043);
#200=VERTEX_POINT('',#1044);
#201=VERTEX_POINT('',#1126);
#202=VERTEX_POINT('',#1133);
#203=VERTEX_POINT('',#1192);
#204=VERTEX_POINT('',#1193);
#205=VERTEX_POINT('',#1195);
#206=VERTEX_POINT('',#1200);
#207=VERTEX_POINT('',#1279);
#208=VERTEX_POINT('',#1323);
#209=VERTEX_POINT('',#1343);
#210=VERTEX_POINT('',#1471);
#211=VERTEX_POINT('',#1476);
#212=VERTEX_POINT('',#1482);
#213=EDGE_CURVE('',#171,#172,#128,.T.);
#214=EDGE_CURVE('',#172,#171,#129,.T.);
#215=EDGE_CURVE('',#172,#173,#114,.T.);
#216=EDGE_CURVE('',#174,#173,#130,.T.);
#217=EDGE_CURVE('',#173,#174,#131,.T.);
#218=EDGE_CURVE('',#175,#176,#132,.T.);
#219=EDGE_CURVE('',#177,#175,#133,.T.);
#220=EDGE_CURVE('',#178,#177,#134,.T.);
#221=EDGE_CURVE('',#178,#179,#115,.T.);
#222=EDGE_CURVE('',#180,#179,#135,.T.);
#223=EDGE_CURVE('',#179,#180,#136,.T.);
#224=EDGE_CURVE('',#176,#178,#137,.T.);
#225=EDGE_CURVE('',#181,#182,#26,.T.);
#226=EDGE_CURVE('',#182,#183,#138,.T.);
#227=EDGE_CURVE('',#183,#184,#27,.T.);
#228=EDGE_CURVE('',#184,#181,#139,.T.);
#229=EDGE_CURVE('',#185,#186,#140,.T.);
#230=EDGE_CURVE('',#186,#181,#141,.T.);
#231=EDGE_CURVE('',#184,#185,#142,.T.);
#232=EDGE_CURVE('',#181,#187,#143,.T.);
#233=EDGE_CURVE('',#188,#187,#28,.T.);
#234=EDGE_CURVE('',#188,#182,#144,.T.);
#235=EDGE_CURVE('',#186,#189,#145,.T.);
#236=EDGE_CURVE('',#187,#189,#146,.T.);
#237=EDGE_CURVE('',#190,#185,#147,.T.);
#238=EDGE_CURVE('',#190,#191,#116,.T.);
#239=EDGE_CURVE('',#192,#191,#148,.T.);
#240=EDGE_CURVE('',#193,#192,#149,.T.);
#241=EDGE_CURVE('',#194,#193,#150,.T.);
#242=EDGE_CURVE('',#195,#194,#151,.T.);
#243=EDGE_CURVE('',#196,#195,#152,.T.);
#244=EDGE_CURVE('',#189,#196,#153,.T.);
#245=EDGE_CURVE('',#197,#197,#29,.T.);
#246=EDGE_CURVE('',#198,#198,#30,.T.);
#247=EDGE_CURVE('',#199,#200,#31,.T.);
#248=EDGE_CURVE('',#200,#188,#154,.T.);
#249=EDGE_CURVE('',#187,#199,#155,.T.);
#250=EDGE_CURVE('',#196,#199,#156,.T.);
#251=EDGE_CURVE('',#199,#201,#157,.T.);
#252=EDGE_CURVE('',#202,#201,#32,.T.);
#253=EDGE_CURVE('',#202,#200,#158,.T.);
#254=EDGE_CURVE('',#201,#195,#159,.T.);
#255=EDGE_CURVE('',#203,#204,#33,.T.);
#256=EDGE_CURVE('',#204,#205,#160,.T.);
#257=EDGE_CURVE('',#205,#206,#34,.T.);
#258=EDGE_CURVE('',#206,#203,#161,.T.);
#259=EDGE_CURVE('',#192,#203,#162,.T.);
#260=EDGE_CURVE('',#206,#193,#163,.T.);
#261=EDGE_CURVE('',#207,#206,#164,.T.);
#262=EDGE_CURVE('',#194,#207,#165,.T.);
#263=EDGE_CURVE('',#205,#208,#166,.T.);
#264=EDGE_CURVE('',#207,#208,#35,.T.);
#265=EDGE_CURVE('',#208,#202,#167,.T.);
#266=EDGE_CURVE('',#183,#204,#168,.T.);
#267=EDGE_CURVE('',#209,#209,#36,.T.);
#268=EDGE_CURVE('',#201,#207,#169,.T.);
#269=EDGE_CURVE('',#203,#184,#170,.T.);
#270=EDGE_CURVE('',#197,#210,#117,.T.);
#271=EDGE_CURVE('',#210,#210,#37,.T.);
#272=EDGE_CURVE('',#198,#211,#118,.T.);
#273=EDGE_CURVE('',#211,#211,#38,.T.);
#274=EDGE_CURVE('',#209,#176,#119,.T.);
#275=EDGE_CURVE('',#177,#212,#120,.T.);
#276=EDGE_CURVE('',#212,#212,#39,.T.);
#277=ORIENTED_EDGE('',*,*,#213,.F.);
#278=ORIENTED_EDGE('',*,*,#214,.F.);
#279=ORIENTED_EDGE('',*,*,#215,.T.);
#280=ORIENTED_EDGE('',*,*,#216,.F.);
#281=ORIENTED_EDGE('',*,*,#217,.F.);
#282=ORIENTED_EDGE('',*,*,#215,.F.);
#283=ORIENTED_EDGE('',*,*,#218,.F.);
#284=ORIENTED_EDGE('',*,*,#219,.F.);
#285=ORIENTED_EDGE('',*,*,#220,.F.);
#286=ORIENTED_EDGE('',*,*,#221,.T.);
#287=ORIENTED_EDGE('',*,*,#222,.F.);
#288=ORIENTED_EDGE('',*,*,#223,.F.);
#289=ORIENTED_EDGE('',*,*,#221,.F.);
#290=ORIENTED_EDGE('',*,*,#224,.F.);
#291=ORIENTED_EDGE('',*,*,#225,.T.);
#292=ORIENTED_EDGE('',*,*,#226,.T.);
#293=ORIENTED_EDGE('',*,*,#227,.T.);
#294=ORIENTED_EDGE('',*,*,#228,.T.);
#295=ORIENTED_EDGE('',*,*,#229,.T.);
#296=ORIENTED_EDGE('',*,*,#230,.T.);
#297=ORIENTED_EDGE('',*,*,#228,.F.);
#298=ORIENTED_EDGE('',*,*,#231,.T.);
#299=ORIENTED_EDGE('',*,*,#225,.F.);
#300=ORIENTED_EDGE('',*,*,#232,.T.);
#301=ORIENTED_EDGE('',*,*,#233,.F.);
#302=ORIENTED_EDGE('',*,*,#234,.T.);
#303=ORIENTED_EDGE('',*,*,#230,.F.);
#304=ORIENTED_EDGE('',*,*,#235,.T.);
#305=ORIENTED_EDGE('',*,*,#236,.F.);
#306=ORIENTED_EDGE('',*,*,#232,.F.);
#307=ORIENTED_EDGE('',*,*,#213,.T.);
#308=ORIENTED_EDGE('',*,*,#214,.T.);
#309=ORIENTED_EDGE('',*,*,#229,.F.);
#310=ORIENTED_EDGE('',*,*,#237,.F.);
#311=ORIENTED_EDGE('',*,*,#238,.T.);
#312=ORIENTED_EDGE('',*,*,#239,.F.);
#313=ORIENTED_EDGE('',*,*,#240,.F.);
#314=ORIENTED_EDGE('',*,*,#241,.F.);
#315=ORIENTED_EDGE('',*,*,#242,.F.);
#316=ORIENTED_EDGE('',*,*,#243,.F.);
#317=ORIENTED_EDGE('',*,*,#244,.F.);
#318=ORIENTED_EDGE('',*,*,#235,.F.);
#319=ORIENTED_EDGE('',*,*,#245,.F.);
#320=ORIENTED_EDGE('',*,*,#246,.F.);
#321=ORIENTED_EDGE('',*,*,#247,.T.);
#322=ORIENTED_EDGE('',*,*,#248,.T.);
#323=ORIENTED_EDGE('',*,*,#233,.T.);
#324=ORIENTED_EDGE('',*,*,#249,.T.);
#325=ORIENTED_EDGE('',*,*,#244,.T.);
#326=ORIENTED_EDGE('',*,*,#250,.T.);
#327=ORIENTED_EDGE('',*,*,#249,.F.);
#328=ORIENTED_EDGE('',*,*,#236,.T.);
#329=ORIENTED_EDGE('',*,*,#247,.F.);
#330=ORIENTED_EDGE('',*,*,#251,.T.);
#331=ORIENTED_EDGE('',*,*,#252,.F.);
#332=ORIENTED_EDGE('',*,*,#253,.T.);
#333=ORIENTED_EDGE('',*,*,#250,.F.);
#334=ORIENTED_EDGE('',*,*,#243,.T.);
#335=ORIENTED_EDGE('',*,*,#254,.F.);
#336=ORIENTED_EDGE('',*,*,#251,.F.);
#337=ORIENTED_EDGE('',*,*,#255,.T.);
#338=ORIENTED_EDGE('',*,*,#256,.T.);
#339=ORIENTED_EDGE('',*,*,#257,.T.);
#340=ORIENTED_EDGE('',*,*,#258,.T.);
#341=ORIENTED_EDGE('',*,*,#240,.T.);
#342=ORIENTED_EDGE('',*,*,#259,.T.);
#343=ORIENTED_EDGE('',*,*,#258,.F.);
#344=ORIENTED_EDGE('',*,*,#260,.T.);
#345=ORIENTED_EDGE('',*,*,#260,.F.);
#346=ORIENTED_EDGE('',*,*,#261,.F.);
#347=ORIENTED_EDGE('',*,*,#262,.F.);
#348=ORIENTED_EDGE('',*,*,#241,.T.);
#349=ORIENTED_EDGE('',*,*,#222,.T.);
#350=ORIENTED_EDGE('',*,*,#223,.T.);
#351=ORIENTED_EDGE('',*,*,#257,.F.);
#352=ORIENTED_EDGE('',*,*,#263,.T.);
#353=ORIENTED_EDGE('',*,*,#264,.F.);
#354=ORIENTED_EDGE('',*,*,#261,.T.);
#355=ORIENTED_EDGE('',*,*,#226,.F.);
#356=ORIENTED_EDGE('',*,*,#234,.F.);
#357=ORIENTED_EDGE('',*,*,#248,.F.);
#358=ORIENTED_EDGE('',*,*,#253,.F.);
#359=ORIENTED_EDGE('',*,*,#265,.F.);
#360=ORIENTED_EDGE('',*,*,#263,.F.);
#361=ORIENTED_EDGE('',*,*,#256,.F.);
#362=ORIENTED_EDGE('',*,*,#266,.F.);
#363=ORIENTED_EDGE('',*,*,#267,.F.);
#364=ORIENTED_EDGE('',*,*,#264,.T.);
#365=ORIENTED_EDGE('',*,*,#265,.T.);
#366=ORIENTED_EDGE('',*,*,#252,.T.);
#367=ORIENTED_EDGE('',*,*,#268,.T.);
#368=ORIENTED_EDGE('',*,*,#242,.T.);
#369=ORIENTED_EDGE('',*,*,#262,.T.);
#370=ORIENTED_EDGE('',*,*,#268,.F.);
#371=ORIENTED_EDGE('',*,*,#254,.T.);
#372=ORIENTED_EDGE('',*,*,#227,.F.);
#373=ORIENTED_EDGE('',*,*,#266,.T.);
#374=ORIENTED_EDGE('',*,*,#255,.F.);
#375=ORIENTED_EDGE('',*,*,#269,.T.);
#376=ORIENTED_EDGE('',*,*,#231,.F.);
#377=ORIENTED_EDGE('',*,*,#269,.F.);
#378=ORIENTED_EDGE('',*,*,#259,.F.);
#379=ORIENTED_EDGE('',*,*,#239,.T.);
#380=ORIENTED_EDGE('',*,*,#238,.F.);
#381=ORIENTED_EDGE('',*,*,#237,.T.);
#382=ORIENTED_EDGE('',*,*,#245,.T.);
#383=ORIENTED_EDGE('',*,*,#270,.T.);
#384=ORIENTED_EDGE('',*,*,#271,.F.);
#385=ORIENTED_EDGE('',*,*,#270,.F.);
#386=ORIENTED_EDGE('',*,*,#271,.T.);
#387=ORIENTED_EDGE('',*,*,#246,.T.);
#388=ORIENTED_EDGE('',*,*,#272,.T.);
#389=ORIENTED_EDGE('',*,*,#273,.F.);
#390=ORIENTED_EDGE('',*,*,#272,.F.);
#391=ORIENTED_EDGE('',*,*,#273,.T.);
#392=ORIENTED_EDGE('',*,*,#267,.T.);
#393=ORIENTED_EDGE('',*,*,#274,.T.);
#394=ORIENTED_EDGE('',*,*,#224,.T.);
#395=ORIENTED_EDGE('',*,*,#220,.T.);
#396=ORIENTED_EDGE('',*,*,#275,.T.);
#397=ORIENTED_EDGE('',*,*,#276,.F.);
#398=ORIENTED_EDGE('',*,*,#275,.F.);
#399=ORIENTED_EDGE('',*,*,#219,.T.);
#400=ORIENTED_EDGE('',*,*,#218,.T.);
#401=ORIENTED_EDGE('',*,*,#274,.F.);
#402=ORIENTED_EDGE('',*,*,#216,.T.);
#403=ORIENTED_EDGE('',*,*,#217,.T.);
#404=ORIENTED_EDGE('',*,*,#276,.T.);
#405=CYLINDRICAL_SURFACE('',#450,0.145);
#406=CYLINDRICAL_SURFACE('',#451,0.145);
#407=CYLINDRICAL_SURFACE('',#465,0.21);
#408=CYLINDRICAL_SURFACE('',#468,0.21);
#409=CYLINDRICAL_SURFACE('',#471,0.500000007450581);
#410=ADVANCED_FACE('',(#56),#405,.F.);
#411=ADVANCED_FACE('',(#57),#406,.F.);
#412=ADVANCED_FACE('',(#58),#40,.F.);
#413=ADVANCED_FACE('',(#59),#41,.F.);
#414=ADVANCED_FACE('',(#60),#42,.F.);
#415=ADVANCED_FACE('',(#61,#20),#43,.F.);
#416=ADVANCED_FACE('',(#62,#21,#22),#15,.F.);
#417=ADVANCED_FACE('',(#63),#44,.F.);
#418=ADVANCED_FACE('',(#64),#45,.F.);
#419=ADVANCED_FACE('',(#65),#46,.F.);
#420=ADVANCED_FACE('',(#66),#47,.F.);
#421=ADVANCED_FACE('',(#67),#48,.F.);
#422=ADVANCED_FACE('',(#68),#49,.F.);
#423=ADVANCED_FACE('',(#69,#23),#50,.F.);
#424=ADVANCED_FACE('',(#70),#51,.F.);
#425=ADVANCED_FACE('',(#71,#24),#16,.T.);
#426=ADVANCED_FACE('',(#72),#52,.F.);
#427=ADVANCED_FACE('',(#73),#53,.F.);
#428=ADVANCED_FACE('',(#74),#54,.F.);
#429=ADVANCED_FACE('',(#75),#55,.F.);
#430=ADVANCED_FACE('',(#76),#407,.F.);
#431=ADVANCED_FACE('',(#77),#17,.F.);
#432=ADVANCED_FACE('',(#78),#408,.F.);
#433=ADVANCED_FACE('',(#79),#18,.F.);
#434=ADVANCED_FACE('',(#80,#25),#409,.F.);
#435=ADVANCED_FACE('',(#81),#19,.T.);
#436=CLOSED_SHELL('',(#410,#411,#412,#413,#414,#415,#416,#417,#418,#419,
#420,#421,#422,#423,#424,#425,#426,#427,#428,#429,#430,#431,#432,#433,#434,
#435));
#437=DERIVED_UNIT_ELEMENT(#439,1.);
#438=DERIVED_UNIT_ELEMENT(#1491,-3.);
#439=(
MASS_UNIT()
NAMED_UNIT(*)
SI_UNIT(.KILO.,.GRAM.)
);
#440=DERIVED_UNIT((#437,#438));
#441=MEASURE_REPRESENTATION_ITEM('density measure',
POSITIVE_RATIO_MEASURE(1060.),#440);
#442=PROPERTY_DEFINITION_REPRESENTATION(#447,#444);
#443=PROPERTY_DEFINITION_REPRESENTATION(#448,#445);
#444=REPRESENTATION('material name',(#446),#1488);
#445=REPRESENTATION('density',(#441),#1488);
#446=DESCRIPTIVE_REPRESENTATION_ITEM('ABS Plastic','ABS Plastic');
#447=PROPERTY_DEFINITION('material property','material name',#1498);
#448=PROPERTY_DEFINITION('material property','density of part',#1498);
#449=AXIS2_PLACEMENT_3D('',#531,#474,#475);
#450=AXIS2_PLACEMENT_3D('',#532,#476,#477);
#451=AXIS2_PLACEMENT_3D('',#619,#479,#480);
#452=AXIS2_PLACEMENT_3D('',#793,#482,#483);
#453=AXIS2_PLACEMENT_3D('',#800,#484,#485);
#454=AXIS2_PLACEMENT_3D('',#910,#486,#487);
#455=AXIS2_PLACEMENT_3D('',#956,#488,#489);
#456=AXIS2_PLACEMENT_3D('',#1020,#491,#492);
#457=AXIS2_PLACEMENT_3D('',#1022,#493,#494);
#458=AXIS2_PLACEMENT_3D('',#1045,#495,#496);
#459=AXIS2_PLACEMENT_3D('',#1134,#497,#498);
#460=AXIS2_PLACEMENT_3D('',#1194,#499,#500);
#461=AXIS2_PLACEMENT_3D('',#1201,#501,#502);
#462=AXIS2_PLACEMENT_3D('',#1330,#503,#504);
#463=AXIS2_PLACEMENT_3D('',#1331,#505,#506);
#464=AXIS2_PLACEMENT_3D('',#1344,#507,#508);
#465=AXIS2_PLACEMENT_3D('',#1470,#509,#510);
#466=AXIS2_PLACEMENT_3D('',#1473,#512,#513);
#467=AXIS2_PLACEMENT_3D('',#1474,#514,#515);
#468=AXIS2_PLACEMENT_3D('',#1475,#516,#517);
#469=AXIS2_PLACEMENT_3D('',#1478,#519,#520);
#470=AXIS2_PLACEMENT_3D('',#1479,#521,#522);
#471=AXIS2_PLACEMENT_3D('',#1480,#523,#524);
#472=AXIS2_PLACEMENT_3D('',#1484,#527,#528);
#473=AXIS2_PLACEMENT_3D('',#1485,#529,#530);
#474=DIRECTION('axis',(0.,0.,1.));
#475=DIRECTION('refdir',(1.,0.,0.));
#476=DIRECTION('center_axis',(-1.,0.,0.));
#477=DIRECTION('ref_axis',(0.,1.,0.));
#478=DIRECTION('',(-1.,0.,0.));
#479=DIRECTION('center_axis',(-1.,0.,0.));
#480=DIRECTION('ref_axis',(0.,1.,0.));
#481=DIRECTION('',(-1.,0.,0.));
#482=DIRECTION('center_axis',(-0.597202791109665,0.753718322604016,0.274331034448919));
#483=DIRECTION('ref_axis',(0.709896321956455,0.655886900452249,-0.256631225473127));
#484=DIRECTION('center_axis',(0.791869654484949,-0.57386102061644,-0.208868330110012));
#485=DIRECTION('ref_axis',(-3.33066907387547E-15,0.342020143325672,-0.939692620785907));
#486=DIRECTION('center_axis',(-0.637400989139839,-0.724063488155074,-0.263537557407407));
#487=DIRECTION('ref_axis',(5.55111512312579E-15,0.342020143325666,-0.93969262078591));
#488=DIRECTION('center_axis',(0.,0.,-1.));
#489=DIRECTION('ref_axis',(1.,0.,0.));
#490=DIRECTION('',(-1.,0.,0.));
#491=DIRECTION('center_axis',(0.,0.,1.));
#492=DIRECTION('ref_axis',(-1.,0.,0.));
#493=DIRECTION('center_axis',(0.,0.,1.));
#494=DIRECTION('ref_axis',(-1.,0.,0.));
#495=DIRECTION('center_axis',(0.781285909153521,0.586531058949776,0.213479846930361));
#496=DIRECTION('ref_axis',(0.593803953354362,-0.593061142049672,-0.543760376242577));
#497=DIRECTION('center_axis',(-0.781285909153512,0.586531058949788,0.213479846930361));
#498=DIRECTION('ref_axis',(-1.11022302462515E-15,0.342020143325671,-0.939692620785908));
#499=DIRECTION('center_axis',(-0.791869654484953,-0.573861020616435,-0.208868330110011));
#500=DIRECTION('ref_axis',(-0.539056736332579,0.817557474749524,-0.202528048664007));
#501=DIRECTION('center_axis',(0.597202791109668,0.753718322604014,0.274331034448918));
#502=DIRECTION('ref_axis',(1.11022302462516E-15,0.342020143325675,-0.939692620785906));
#503=DIRECTION('center_axis',(0.637400989139834,-0.724063488155078,-0.263537557407407));
#504=DIRECTION('ref_axis',(-0.730432575817375,-0.458892963980908,-0.505851262520527));
#505=DIRECTION('center_axis',(-1.24442041618803E-17,0.342020143325668,-0.939692620785909));
#506=DIRECTION('ref_axis',(1.,0.,-1.32428454652252E-17));
#507=DIRECTION('center_axis',(-1.24442041618803E-17,0.342020143325668,-0.939692620785909));
#508=DIRECTION('ref_axis',(1.,0.,0.));
#509=DIRECTION('center_axis',(0.,0.,1.));
#510=DIRECTION('ref_axis',(-1.,0.,0.));
#511=DIRECTION('',(0.,0.,-1.));
#512=DIRECTION('center_axis',(0.,0.,1.));
#513=DIRECTION('ref_axis',(-1.,0.,0.));
#514=DIRECTION('center_axis',(0.,0.,-1.));
#515=DIRECTION('ref_axis',(-1.,0.,0.));
#516=DIRECTION('center_axis',(0.,0.,1.));
#517=DIRECTION('ref_axis',(-1.,0.,0.));
#518=DIRECTION('',(0.,0.,-1.));
#519=DIRECTION('center_axis',(0.,0.,1.));
#520=DIRECTION('ref_axis',(-1.,0.,0.));
#521=DIRECTION('center_axis',(0.,0.,-1.));
#522=DIRECTION('ref_axis',(-1.,0.,0.));
#523=DIRECTION('center_axis',(0.,0.342020143325668,-0.939692620785909));
#524=DIRECTION('ref_axis',(1.,0.,0.));
#525=DIRECTION('',(0.,-0.342020143325668,0.939692620785909));
#526=DIRECTION('',(0.,-0.342020143325668,0.939692620785909));
#527=DIRECTION('center_axis',(0.,0.342020143325668,-0.939692620785909));
#528=DIRECTION('ref_axis',(1.,0.,0.));
#529=DIRECTION('center_axis',(0.,0.342020143325668,-0.939692620785909));
#530=DIRECTION('ref_axis',(1.,0.,0.));
#531=CARTESIAN_POINT('',(0.,0.,0.));
#532=CARTESIAN_POINT('Origin',(1.25,2.90000004321337,-1.30000001937151));
#533=CARTESIAN_POINT('',(0.927089682070739,2.76923175845562,-1.36263322183798));
#534=CARTESIAN_POINT('',(0.942275382136295,2.75500297804429,-1.2999989511804));
#535=CARTESIAN_POINT('Ctrl Pts',(0.927037972337462,2.76925624176988,-1.36262431064035));
#536=CARTESIAN_POINT('Ctrl Pts',(0.92961633006973,2.76397201620212,-1.35159134016712));
#537=CARTESIAN_POINT('Ctrl Pts',(0.93239995511915,2.76012080763863,-1.33996898977266));
#538=CARTESIAN_POINT('Ctrl Pts',(0.935309625984759,2.75776730669546,-1.32803917247294));
#539=CARTESIAN_POINT('Ctrl Pts',(0.937568583772612,2.75594013808093,-1.31877731608382));
#540=CARTESIAN_POINT('Ctrl Pts',(0.939890003091512,2.75502573340517,-1.30938315944506));
#541=CARTESIAN_POINT('Ctrl Pts',(0.942229299311038,2.75502460832364,-1.29999107840252));
#542=CARTESIAN_POINT('Ctrl Pts',(0.942281634727792,2.75500004321337,-1.30000001937151));
#543=CARTESIAN_POINT('Ctrl Pts',(0.944295586214593,2.75500004321337,-1.29190297586348));
#544=CARTESIAN_POINT('Ctrl Pts',(0.946322387130112,2.75567826887941,-1.28380722462913));
#545=CARTESIAN_POINT('Ctrl Pts',(0.953161203372788,2.76029161906427,-1.25655494738427));
#546=CARTESIAN_POINT('Ctrl Pts',(0.957821781692368,2.76741475049032,-1.23808539022276));
#547=CARTESIAN_POINT('Ctrl Pts',(0.965770746903373,2.78812679070694,-1.20589800392159));
#548=CARTESIAN_POINT('Ctrl Pts',(0.969052264163893,2.80116651973431,-1.19224369305658));
#549=CARTESIAN_POINT('Ctrl Pts',(0.973786268462934,2.83113237728996,-1.17116102729091));
#550=CARTESIAN_POINT('Ctrl Pts',(0.975280831188318,2.84751661169496,-1.163645581719));
#551=CARTESIAN_POINT('Ctrl Pts',(0.976431418389894,2.88209401205719,-1.1550265541728));
#552=CARTESIAN_POINT('Ctrl Pts',(0.976100650918008,2.89987926695292,-1.15392853531246));
#553=CARTESIAN_POINT('Ctrl Pts',(0.973630768702558,2.93623391350312,-1.15832590240999));
#554=CARTESIAN_POINT('Ctrl Pts',(0.971390876454093,2.95432658921207,-1.16425722527783));
#555=CARTESIAN_POINT('Ctrl Pts',(0.965767475051391,2.98521412936001,-1.18151237892704));
#556=CARTESIAN_POINT('Ctrl Pts',(0.96259114912314,2.99814181914161,-1.19200064355189));
#557=CARTESIAN_POINT('Ctrl Pts',(0.955894123511569,3.01891985199956,-1.21568135320543));
#558=CARTESIAN_POINT('Ctrl Pts',(0.952461138513226,3.02700372502738,-1.22844761353793));
#559=CARTESIAN_POINT('Ctrl Pts',(0.945496786393905,3.03892190103898,-1.25586485333522));
#560=CARTESIAN_POINT('Ctrl Pts',(0.941999053763817,3.04272579531508,-1.27038143574713));
#561=CARTESIAN_POINT('Ctrl Pts',(0.934954876152833,3.04590025224291,-1.30139137128213));
#562=CARTESIAN_POINT('Ctrl Pts',(0.931474962405788,3.04483329283887,-1.31776336950398));
#563=CARTESIAN_POINT('Ctrl Pts',(0.924814249729112,3.03685159334117,-1.35120420088654));
#564=CARTESIAN_POINT('Ctrl Pts',(0.921758497189452,3.02941321818051,-1.36788086268783));
#565=CARTESIAN_POINT('Ctrl Pts',(0.916478185154114,3.00814855590723,-1.39844778336213));
#566=CARTESIAN_POINT('Ctrl Pts',(0.914346895139184,2.99425458462552,-1.41184216931496));
#567=CARTESIAN_POINT('Ctrl Pts',(0.911213083644596,2.96255041936068,-1.43211018119965));
#568=CARTESIAN_POINT('Ctrl Pts',(0.910195060613046,2.94521402721013,-1.43900855487827));
#569=CARTESIAN_POINT('Ctrl Pts',(0.909247961958991,2.90967173434769,-1.44575152280336));
#570=CARTESIAN_POINT('Ctrl Pts',(0.909282118630891,2.89185638934293,-1.44584437570479));
#571=CARTESIAN_POINT('Ctrl Pts',(0.910554848793825,2.85576676214844,-1.43938969930353));
#572=CARTESIAN_POINT('Ctrl Pts',(0.911879039834064,2.83795256648809,-1.43241047043535));
#573=CARTESIAN_POINT('Ctrl Pts',(0.915527976282963,2.80996235291296,-1.41455384287173));
#574=CARTESIAN_POINT('Ctrl Pts',(0.917508640681414,2.79916287385549,-1.40515777586017));
#575=CARTESIAN_POINT('Ctrl Pts',(0.92201215246923,2.78163460534547,-1.38471673104192));
#576=CARTESIAN_POINT('Ctrl Pts',(0.924437295148008,2.77468640576334,-1.37403565805183));
#577=CARTESIAN_POINT('Ctrl Pts',(0.927101631122394,2.76922610086722,-1.36263528103175));
#578=CARTESIAN_POINT('',(0.481169342576596,2.75500004321337,-1.30000001937151));
#579=CARTESIAN_POINT('',(1.25,2.75500004321337,-1.30000001937151));
#580=CARTESIAN_POINT('',(0.478413598639606,3.03625547322732,-1.25040709858929));
#581=CARTESIAN_POINT('Ctrl Pts',(0.478413598639606,3.03625547322732,-1.25040709858929));
#582=CARTESIAN_POINT('Ctrl Pts',(0.478413598639606,3.02998857340981,-1.23318893285069));
#583=CARTESIAN_POINT('Ctrl Pts',(0.47957888388959,3.01986911645543,-1.21615602232474));
#584=CARTESIAN_POINT('Ctrl Pts',(0.483711520144877,2.9937281043471,-1.18769034149361));
#585=CARTESIAN_POINT('Ctrl Pts',(0.486611173770935,2.977708024629,-1.17624642932539));
#586=CARTESIAN_POINT('Ctrl Pts',(0.491998729693186,2.9448595382987,-1.16092816598339));
#587=CARTESIAN_POINT('Ctrl Pts',(0.494847612747443,2.9257926641441,-1.15600944906943));
#588=CARTESIAN_POINT('Ctrl Pts',(0.498868355943911,2.88717677558077,-1.15428074193791));
#589=CARTESIAN_POINT('Ctrl Pts',(0.499987855418953,2.86762196293509,-1.15747889982648));
#590=CARTESIAN_POINT('Ctrl Pts',(0.500011941537725,2.83319490370525,-1.17000932463946));
#591=CARTESIAN_POINT('Ctrl Pts',(0.498918351595287,2.81616018789996,-1.1801275966756));
#592=CARTESIAN_POINT('Ctrl Pts',(0.49494582984125,2.78768997661758,-1.20627186122781));
#593=CARTESIAN_POINT('Ctrl Pts',(0.492119292051607,2.77624490328178,-1.22229535766891));
#594=CARTESIAN_POINT('Ctrl Pts',(0.486767381827023,2.76092577035101,-1.25514571646996));
#595=CARTESIAN_POINT('Ctrl Pts',(0.483883559349193,2.75600909006995,-1.27421136747351));
#596=CARTESIAN_POINT('Ctrl Pts',(0.481598115474196,2.75504841221327,-1.29567610102214));
#597=CARTESIAN_POINT('Ctrl Pts',(0.481378199264628,2.75500004321337,-1.29783834717261));
#598=CARTESIAN_POINT('Ctrl Pts',(0.481169342576596,2.75500004321337,-1.30000001937151));
#599=CARTESIAN_POINT('Ctrl Pts',(0.481169342576596,2.75500004321337,-1.30000001937151));
#600=CARTESIAN_POINT('Ctrl Pts',(0.479510857652983,2.75500004321337,-1.31716538182862));
#601=CARTESIAN_POINT('Ctrl Pts',(0.478612815778755,2.7581787667039,-1.33430090258716));
#602=CARTESIAN_POINT('Ctrl Pts',(0.478612815778755,2.77001137909949,-1.36681073795722));
#603=CARTESIAN_POINT('Ctrl Pts',(0.479772483398957,2.78013077931472,-1.38384395841079));
#604=CARTESIAN_POINT('Ctrl Pts',(0.483883559349193,2.806273199609,-1.41231087344105));
#605=CARTESIAN_POINT('Ctrl Pts',(0.486767381827023,2.82229475945259,-1.42375562828131));
#606=CARTESIAN_POINT('Ctrl Pts',(0.492119292051607,2.85514569971868,-1.43907351425628));
#607=CARTESIAN_POINT('Ctrl Pts',(0.49494582984125,2.87421283952485,-1.44399147333211));
#608=CARTESIAN_POINT('Ctrl Pts',(0.498918351595287,2.91282749599067,-1.44571884285429));
#609=CARTESIAN_POINT('Ctrl Pts',(0.500011941537725,2.9323807452697,-1.44252018466737));
#610=CARTESIAN_POINT('Ctrl Pts',(0.499987855418953,2.96680780449953,-1.42998975985439));
#611=CARTESIAN_POINT('Ctrl Pts',(0.498868355943911,2.98384339632758,-1.41987009965475));
#612=CARTESIAN_POINT('Ctrl Pts',(0.494847612747443,3.0123136916527,-1.39372401845734));
#613=CARTESIAN_POINT('Ctrl Pts',(0.491998729693186,3.02375807435864,-1.37770011223609));
#614=CARTESIAN_POINT('Ctrl Pts',(0.486611173770935,3.03907508489868,-1.34485104171465));
#615=CARTESIAN_POINT('Ctrl Pts',(0.483711520144877,3.04399117299698,-1.32578698764166));
#616=CARTESIAN_POINT('Ctrl Pts',(0.47957888388959,3.04571896312053,-1.28717789233346));
#617=CARTESIAN_POINT('Ctrl Pts',(0.478413598639606,3.04252237304484,-1.26762526432789));
#618=CARTESIAN_POINT('Ctrl Pts',(0.478413598639606,3.03625547322732,-1.25040709858929));
#619=CARTESIAN_POINT('Origin',(1.25,2.90000004321337,-1.30000001937151));
#620=CARTESIAN_POINT('',(-0.478413598639606,3.03625547322732,-1.25040709858929));
#621=CARTESIAN_POINT('',(-0.500000007450581,2.94928394326321,-1.43636752721652));
#622=CARTESIAN_POINT('Ctrl Pts',(-0.478413598639606,3.03625547322732,-1.25040709858929));
#623=CARTESIAN_POINT('Ctrl Pts',(-0.478413598639606,3.04252237304484,-1.26762526432789));
#624=CARTESIAN_POINT('Ctrl Pts',(-0.47957888388959,3.04571896312053,-1.28717789233346));
#625=CARTESIAN_POINT('Ctrl Pts',(-0.483711520144877,3.04399117299698,-1.32578698764166));
#626=CARTESIAN_POINT('Ctrl Pts',(-0.486611173770935,3.03907508489868,-1.34485104171465));
#627=CARTESIAN_POINT('Ctrl Pts',(-0.491998729693186,3.02375807435864,-1.37770011223609));
#628=CARTESIAN_POINT('Ctrl Pts',(-0.494847612747443,3.0123136916527,-1.39372401845734));
#629=CARTESIAN_POINT('Ctrl Pts',(-0.498868355943911,2.98384339632758,-1.41987009965475));
#630=CARTESIAN_POINT('Ctrl Pts',(-0.499987855418953,2.96680780449953,-1.42998975985439));
#631=CARTESIAN_POINT('Ctrl Pts',(-0.499999971405285,2.94949003806961,-1.43629291135886));
#632=CARTESIAN_POINT('Ctrl Pts',(-0.500000007450592,2.94938703099561,-1.43633027079402));
#633=CARTESIAN_POINT('Ctrl Pts',(-0.500000007450581,2.94928394323938,-1.4363675272252));
#634=CARTESIAN_POINT('',(-0.500000007450581,2.85009835657518,-1.16385736745578));
#635=CARTESIAN_POINT('Ctrl Pts',(-0.500000007450581,2.85009835655134,-1.16385736746446));
#636=CARTESIAN_POINT('Ctrl Pts',(-0.500000007450592,2.8502012743265,-1.16381964401412));
#637=CARTESIAN_POINT('Ctrl Pts',(-0.499999971405285,2.85030419650516,-1.16378205133094));
#638=CARTESIAN_POINT('Ctrl Pts',(-0.499987855418953,2.86762196293509,-1.15747889982648));
#639=CARTESIAN_POINT('Ctrl Pts',(-0.498868355943911,2.88717677558077,-1.15428074193791));
#640=CARTESIAN_POINT('Ctrl Pts',(-0.494847612747443,2.9257926641441,-1.15600944906943));
#641=CARTESIAN_POINT('Ctrl Pts',(-0.491998729693186,2.9448595382987,-1.16092816598339));
#642=CARTESIAN_POINT('Ctrl Pts',(-0.486611173770935,2.977708024629,-1.17624642932539));
#643=CARTESIAN_POINT('Ctrl Pts',(-0.483711520144877,2.9937281043471,-1.1876903414936));
#644=CARTESIAN_POINT('Ctrl Pts',(-0.47957888388959,3.01986911645543,-1.21615602232474));
#645=CARTESIAN_POINT('Ctrl Pts',(-0.478413598639606,3.02998857340981,-1.23318893285069));
#646=CARTESIAN_POINT('Ctrl Pts',(-0.478413598639606,3.03625547322732,-1.25040709858929));
#647=CARTESIAN_POINT('',(-0.481169342576596,2.75500004321337,-1.30000001937151));
#648=CARTESIAN_POINT('Ctrl Pts',(-0.481169342576596,2.75500004321337,-1.30000001937151));
#649=CARTESIAN_POINT('Ctrl Pts',(-0.481378199264628,2.75500004321337,-1.29783834717261));
#650=CARTESIAN_POINT('Ctrl Pts',(-0.481598115474196,2.75504841221327,-1.29567610102214));
#651=CARTESIAN_POINT('Ctrl Pts',(-0.483883559349194,2.75600909006995,-1.27421136747351));
#652=CARTESIAN_POINT('Ctrl Pts',(-0.486767381827023,2.76092577035101,-1.25514571646996));
#653=CARTESIAN_POINT('Ctrl Pts',(-0.492119292051607,2.77624490328178,-1.22229535766891));
#654=CARTESIAN_POINT('Ctrl Pts',(-0.49494582984125,2.78768997661758,-1.20627186122781));
#655=CARTESIAN_POINT('Ctrl Pts',(-0.498906474117824,2.81607506456676,-1.18020576564037));
#656=CARTESIAN_POINT('Ctrl Pts',(-0.500000007448732,2.83299041865625,-1.17012810587241));
#657=CARTESIAN_POINT('Ctrl Pts',(-0.500000007450581,2.85009835655134,-1.16385736746446));
#658=CARTESIAN_POINT('',(-0.942232682262411,2.75499316162564,-1.30000252406454));
#659=CARTESIAN_POINT('',(1.25,2.75500004321337,-1.30000001937151));
#660=CARTESIAN_POINT('',(-0.927018380182811,2.76919994205531,-1.36261548309881));
#661=CARTESIAN_POINT('Ctrl Pts',(-0.927018380182811,2.76919994205531,-1.36261548309881));
#662=CARTESIAN_POINT('Ctrl Pts',(-0.924890174557547,2.77355802401282,-1.37171895520587));
#663=CARTESIAN_POINT('Ctrl Pts',(-0.92291253272319,2.77886821937302,-1.38037055732614));
#664=CARTESIAN_POINT('Ctrl Pts',(-0.92111572635089,2.78506170529606,-1.38842024237689));
#665=CARTESIAN_POINT('Ctrl Pts',(-0.918705108997154,2.79337096158341,-1.39921979806337));
#666=CARTESIAN_POINT('Ctrl Pts',(-0.916643744935051,2.80319212949938,-1.40883474272773));
#667=CARTESIAN_POINT('Ctrl Pts',(-0.914958520495337,2.81426878267379,-1.4169521578831));
#668=CARTESIAN_POINT('Ctrl Pts',(-0.913307568086351,2.82512017244172,-1.42490449099058));
#669=CARTESIAN_POINT('Ctrl Pts',(-0.912037718130624,2.83703697774755,-1.43131549326924));
#670=CARTESIAN_POINT('Ctrl Pts',(-0.911126384299109,2.84967394764988,-1.43599031938188));
#671=CARTESIAN_POINT('Ctrl Pts',(-0.910863002294822,2.85332612245772,-1.43734137760957));
#672=CARTESIAN_POINT('Ctrl Pts',(-0.910629481940839,2.85703876039902,-1.438547520076));
#673=CARTESIAN_POINT('Ctrl Pts',(-0.910425129013692,2.86080427098637,-1.43960428727703));
#674=CARTESIAN_POINT('Ctrl Pts',(-0.909678442513761,2.87456309480248,-1.4434656158794));
#675=CARTESIAN_POINT('Ctrl Pts',(-0.909331178306115,2.88880583801453,-1.44526829722328));
#676=CARTESIAN_POINT('Ctrl Pts',(-0.909330022290818,2.90305656136718,-1.44496725441696));
#677=CARTESIAN_POINT('Ctrl Pts',(-0.909329652009752,2.90762118352063,-1.44487082796696));
#678=CARTESIAN_POINT('Ctrl Pts',(-0.909365023614848,2.91218693140132,-1.44455868916588));
#679=CARTESIAN_POINT('Ctrl Pts',(-0.909435157295215,2.9167389246423,-1.44402967080633));
#680=CARTESIAN_POINT('Ctrl Pts',(-0.90964924162146,2.93063396623952,-1.44241483270739));
#681=CARTESIAN_POINT('Ctrl Pts',(-0.910180613028369,2.94418589792536,-1.43880151296127));
#682=CARTESIAN_POINT('Ctrl Pts',(-0.911006022204234,2.95698031500473,-1.43333508445527));
#683=CARTESIAN_POINT('Ctrl Pts',(-0.911296529881035,2.96148338631823,-1.43141114237648));
#684=CARTESIAN_POINT('Ctrl Pts',(-0.911623931134548,2.96589258065593,-1.42925764850465));
#685=CARTESIAN_POINT('Ctrl Pts',(-0.91198873418781,2.97018952929154,-1.42688086022987));
#686=CARTESIAN_POINT('Ctrl Pts',(-0.913007666437584,2.98219134643995,-1.42024224741563));
#687=CARTESIAN_POINT('Ctrl Pts',(-0.914301743000409,2.99314230272724,-1.41195850288608));
#688=CARTESIAN_POINT('Ctrl Pts',(-0.915879305204064,3.00275006584596,-1.40231132530912));
#689=CARTESIAN_POINT('Ctrl Pts',(-0.916406490014043,3.00596075811681,-1.39908746163772));
#690=CARTESIAN_POINT('Ctrl Pts',(-0.916965578833698,3.00902111768765,-1.39571121818425));
#691=CARTESIAN_POINT('Ctrl Pts',(-0.91755750907506,3.01191915497699,-1.39219272094152));
#692=CARTESIAN_POINT('Ctrl Pts',(-0.91931079542115,3.02050308743189,-1.38177099766508));
#693=CARTESIAN_POINT('Ctrl Pts',(-0.921326914382233,3.02753873249147,-1.37025731622472));
#694=CARTESIAN_POINT('Ctrl Pts',(-0.923601274874773,3.03288600626611,-1.35800808471669));
#695=CARTESIAN_POINT('Ctrl Pts',(-0.924605378147075,3.03524676442763,-1.35260019380373));
#696=CARTESIAN_POINT('Ctrl Pts',(-0.925659713276289,3.0372777957314,-1.3470487220825));
#697=CARTESIAN_POINT('Ctrl Pts',(-0.926763104107837,3.03896405366522,-1.34138338579819));
#698=CARTESIAN_POINT('Ctrl Pts',(-0.928263269332501,3.04125668238733,-1.33368082000125));
#699=CARTESIAN_POINT('Ctrl Pts',(-0.929842153629304,3.04289564939636,-1.32582953540446));
#700=CARTESIAN_POINT('Ctrl Pts',(-0.931489117165806,3.04388026500943,-1.31791140119489));
#701=CARTESIAN_POINT('Ctrl Pts',(-0.933310284254593,3.0449690259382,-1.30915574564606));
#702=CARTESIAN_POINT('Ctrl Pts',(-0.935214783864919,3.0452576658154,-1.30031833066815));
#703=CARTESIAN_POINT('Ctrl Pts',(-0.937182729021747,3.04474012896042,-1.29150858322965));
#704=CARTESIAN_POINT('Ctrl Pts',(-0.940536598350442,3.04385811709215,-1.27649457655114));
#705=CARTESIAN_POINT('Ctrl Pts',(-0.944039498958374,3.0406473971387,-1.26172669618361));
#706=CARTESIAN_POINT('Ctrl Pts',(-0.947544877419811,3.0352385138154,-1.24773032015356));
#707=CARTESIAN_POINT('Ctrl Pts',(-0.951025024965317,3.02986856240257,-1.23383468685096));
#708=CARTESIAN_POINT('Ctrl Pts',(-0.954474378699672,3.02238069817905,-1.22082554347826));
#709=CARTESIAN_POINT('Ctrl Pts',(-0.957722087808432,3.01301918453592,-1.20917357969048));
#710=CARTESIAN_POINT('Ctrl Pts',(-0.957841608191035,3.01267466732244,-1.20874477060587));
#711=CARTESIAN_POINT('Ctrl Pts',(-0.957960807887492,3.01232775017631,-1.20831796261105));
#712=CARTESIAN_POINT('Ctrl Pts',(-0.958079678773469,3.01197844944955,-1.2078931750735));
#713=CARTESIAN_POINT('Ctrl Pts',(-0.961037062018005,3.00328821291173,-1.19732490568021));
#714=CARTESIAN_POINT('Ctrl Pts',(-0.963791305779076,2.99311857957469,-1.18800608733156));
#715=CARTESIAN_POINT('Ctrl Pts',(-0.966214594621216,2.98174614687476,-1.18024196535838));
#716=CARTESIAN_POINT('Ctrl Pts',(-0.966557309417502,2.98013779508101,-1.17914392065396));
#717=CARTESIAN_POINT('Ctrl Pts',(-0.966893399353528,2.97850546813759,-1.17807699442721));
#718=CARTESIAN_POINT('Ctrl Pts',(-0.967222498985235,2.97685003166426,-1.17704207288909));
#719=CARTESIAN_POINT('Ctrl Pts',(-0.969552141944048,2.96513146515029,-1.16971603104063));
#720=CARTESIAN_POINT('Ctrl Pts',(-0.971501862620223,2.95239747768752,-1.16408466016099));
#721=CARTESIAN_POINT('Ctrl Pts',(-0.97297458347647,2.9390173089402,-1.16034616182499));
#722=CARTESIAN_POINT('Ctrl Pts',(-0.973343939666589,2.93566158261183,-1.15940855202861));
#723=CARTESIAN_POINT('Ctrl Pts',(-0.973683318896761,2.93226545971244,-1.15859006765718));
#724=CARTESIAN_POINT('Ctrl Pts',(-0.973991246378636,2.9288352548817,-1.15789396073633));
#725=CARTESIAN_POINT('Ctrl Pts',(-0.975440108091445,2.91269544035112,-1.15461863545682));
#726=CARTESIAN_POINT('Ctrl Pts',(-0.97616295338162,2.89610680075762,-1.15411523502715));
#727=CARTESIAN_POINT('Ctrl Pts',(-0.976102420530133,2.87977584081966,-1.15641606585372));
#728=CARTESIAN_POINT('Ctrl Pts',(-0.976094894849628,2.87774551210044,-1.15670211412786));
#729=CARTESIAN_POINT('Ctrl Pts',(-0.976075288736617,2.87571922330772,-1.15703151927146));
#730=CARTESIAN_POINT('Ctrl Pts',(-0.976043515928805,2.87369837531267,-1.1574043534801));
#731=CARTESIAN_POINT('Ctrl Pts',(-0.975780612644411,2.85697692034061,-1.16048936058954));
#732=CARTESIAN_POINT('Ctrl Pts',(-0.974688714888245,2.84099504885177,-1.16647730668776));
#733=CARTESIAN_POINT('Ctrl Pts',(-0.972841038378267,2.82644999785774,-1.17503922674579));
#734=CARTESIAN_POINT('Ctrl Pts',(-0.972661196948673,2.82503427235051,-1.17587259120921));
#735=CARTESIAN_POINT('Ctrl Pts',(-0.972474221036856,2.82363212679134,-1.17673033249405));
#736=CARTESIAN_POINT('Ctrl Pts',(-0.972280195051158,2.8222441804427,-1.17761214101039));
#737=CARTESIAN_POINT('Ctrl Pts',(-0.970623233394323,2.81039126356056,-1.18514269365766));
#738=CARTESIAN_POINT('Ctrl Pts',(-0.968479047269301,2.79977134362302,-1.19430140098984));
#739=CARTESIAN_POINT('Ctrl Pts',(-0.965950311383521,2.79066536352065,-1.20475598953101));
#740=CARTESIAN_POINT('Ctrl Pts',(-0.965079772837576,2.78753055346702,-1.20835506935515));
#741=CARTESIAN_POINT('Ctrl Pts',(-0.964163798292338,2.78457475363116,-1.21210762588674));
#742=CARTESIAN_POINT('Ctrl Pts',(-0.963207009840295,2.7818080790839,-1.2159997678231));
#743=CARTESIAN_POINT('Ctrl Pts',(-0.960437364262609,2.77379929939143,-1.22726647330926));
#744=CARTESIAN_POINT('Ctrl Pts',(-0.957360812386077,2.76748143536288,-1.23955809836177));
#745=CARTESIAN_POINT('Ctrl Pts',(-0.954113256854916,2.76299837955542,-1.2524851460445));
#746=CARTESIAN_POINT('Ctrl Pts',(-0.952993407083499,2.76145249405074,-1.25694276078079));
#747=CARTESIAN_POINT('Ctrl Pts',(-0.951853309154653,2.76012433553815,-1.2614758206696));
#748=CARTESIAN_POINT('Ctrl Pts',(-0.950698755848645,2.75901844948924,-1.26606801277566));
#749=CARTESIAN_POINT('Ctrl Pts',(-0.947898690125357,2.75633641341235,-1.27720516828335));
#750=CARTESIAN_POINT('Ctrl Pts',(-0.945037345294297,2.75498819094672,-1.28859694951489));
#751=CARTESIAN_POINT('Ctrl Pts',(-0.942198660935062,2.75498837901159,-1.30000426479365));
#752=CARTESIAN_POINT('Ctrl Pts',(-0.942198660935062,2.75498837901159,-1.30000426479365));
#753=CARTESIAN_POINT('Ctrl Pts',(-0.940330368143545,2.75498766685327,-1.30751193576719));
#754=CARTESIAN_POINT('Ctrl Pts',(-0.938471873649163,2.75557036336586,-1.3150262565855));
#755=CARTESIAN_POINT('Ctrl Pts',(-0.936646075942384,2.75673913079326,-1.32247861842416));
#756=CARTESIAN_POINT('Ctrl Pts',(-0.93324848472818,2.75891406722135,-1.33634657269647));
#757=CARTESIAN_POINT('Ctrl Pts',(-0.929997883172122,2.76309859636487,-1.34987055749852));
#758=CARTESIAN_POINT('Ctrl Pts',(-0.927018380182811,2.76919994205531,-1.36261548309881));
#759=CARTESIAN_POINT('Ctrl Pts',(-0.500000007450581,2.94928394323938,-1.4363675272252));
#760=CARTESIAN_POINT('Ctrl Pts',(-0.500000007448732,2.9321477495294,-1.44256063341979));
#761=CARTESIAN_POINT('Ctrl Pts',(-0.498906474117824,2.91271204169228,-1.44571367817708));
#762=CARTESIAN_POINT('Ctrl Pts',(-0.49494582984125,2.87421283952485,-1.44399147333211));
#763=CARTESIAN_POINT('Ctrl Pts',(-0.492119292051607,2.85514569971868,-1.43907351425628));
#764=CARTESIAN_POINT('Ctrl Pts',(-0.486767381827023,2.82229475945259,-1.42375562828131));
#765=CARTESIAN_POINT('Ctrl Pts',(-0.483883559349193,2.806273199609,-1.41231087344105));
#766=CARTESIAN_POINT('Ctrl Pts',(-0.479772483398957,2.78013077931472,-1.38384395841079));
#767=CARTESIAN_POINT('Ctrl Pts',(-0.478612815778755,2.77001137909949,-1.36681073795722));
#768=CARTESIAN_POINT('Ctrl Pts',(-0.478612815778755,2.7581787667039,-1.33430090258716));
#769=CARTESIAN_POINT('Ctrl Pts',(-0.479510857652982,2.75500004321337,-1.31716538182862));
#770=CARTESIAN_POINT('Ctrl Pts',(-0.481169342576596,2.75500004321337,-1.30000001937151));
#771=CARTESIAN_POINT('Ctrl Pts',(0.544456819213086,3.71806100632597,-1.80781565680297));
#772=CARTESIAN_POINT('Ctrl Pts',(0.563412479798181,3.7041484619644,-1.81352414070523));
#773=CARTESIAN_POINT('Ctrl Pts',(0.580649719214611,3.68776946095092,-1.81916363981185));
#774=CARTESIAN_POINT('Ctrl Pts',(0.595546544380996,3.66954825321418,-1.8245248349196));
#775=CARTESIAN_POINT('Ctrl Pts',(0.53411026160247,3.71633826974716,-1.84230874450595));
#776=CARTESIAN_POINT('Ctrl Pts',(0.55181219919919,3.70321254083153,-1.84756099184703));
#777=CARTESIAN_POINT('Ctrl Pts',(0.567942723343006,3.68795545775396,-1.85287676754714));
#778=CARTESIAN_POINT('Ctrl Pts',(0.582023297212077,3.67105089090701,-1.85809262477599));
#779=CARTESIAN_POINT('Ctrl Pts',(0.502657015952139,3.69654849553534,-1.90718354257351));
#780=CARTESIAN_POINT('Ctrl Pts',(0.51665138023476,3.68604615888718,-1.91114514566666));
#781=CARTESIAN_POINT('Ctrl Pts',(0.529440569502898,3.67401821650351,-1.91545484130926));
#782=CARTESIAN_POINT('Ctrl Pts',(0.540670854394803,3.6608130773565,-1.91998633886984));
#783=CARTESIAN_POINT('Ctrl Pts',(0.45866245808526,3.64978080978393,-1.94548424357436));
#784=CARTESIAN_POINT('Ctrl Pts',(0.467591443919513,3.64317363160886,-1.94788779366523));
#785=CARTESIAN_POINT('Ctrl Pts',(0.475658579853523,3.63553130982101,-1.95066811294507));
#786=CARTESIAN_POINT('Ctrl Pts',(0.482619480086543,3.62710143975165,-1.95373885919802));
#787=CARTESIAN_POINT('Ctrl Pts',(0.436645471946569,3.6229535400412,-1.95524857122735));
#788=CARTESIAN_POINT('Ctrl Pts',(0.443037535399849,3.61832126749941,-1.95693458054957));
#789=CARTESIAN_POINT('Ctrl Pts',(0.448746589976357,3.61285900327791,-1.95892268213789));
#790=CARTESIAN_POINT('Ctrl Pts',(0.453567279989705,3.60677490178886,-1.96113711398216));
#791=CARTESIAN_POINT('',(0.595546544380996,3.66954825321418,-1.8245248349196));
#792=CARTESIAN_POINT('',(0.453567279989704,3.60677490178887,-1.96113711398216));
#793=CARTESIAN_POINT('Origin',(0.453567279989705,3.53837087312373,-1.77319858982497));
#794=CARTESIAN_POINT('',(0.436645471946568,3.6229535400412,-1.95524857122735));
#795=CARTESIAN_POINT('Ctrl Pts',(0.453567279989705,3.60677490178886,-1.96113711398216));
#796=CARTESIAN_POINT('Ctrl Pts',(0.448746589976357,3.61285900327791,-1.95892268213789));
#797=CARTESIAN_POINT('Ctrl Pts',(0.443037535399849,3.61832126749941,-1.95693458054957));
#798=CARTESIAN_POINT('Ctrl Pts',(0.436645471946569,3.6229535400412,-1.95524857122735));
#799=CARTESIAN_POINT('',(0.544456819213086,3.71806100632597,-1.80781565680297));
#800=CARTESIAN_POINT('Origin',(0.436645471946569,3.55454951137606,-1.76731004707017));
#801=CARTESIAN_POINT('Ctrl Pts',(0.544456819213086,3.71806100632597,-1.80781565680297));
#802=CARTESIAN_POINT('Ctrl Pts',(0.563412479798181,3.7041484619644,-1.81352414070523));
#803=CARTESIAN_POINT('Ctrl Pts',(0.580649719214611,3.68776946095092,-1.81916363981185));
#804=CARTESIAN_POINT('Ctrl Pts',(0.595546544380996,3.66954825321418,-1.8245248349196));
#805=CARTESIAN_POINT('Ctrl Pts',(1.25,3.44845432416768,-5.55111512312578E-17));
#806=CARTESIAN_POINT('Ctrl Pts',(1.16632949963349,3.46436128323961,-0.26154824381688));
#807=CARTESIAN_POINT('Ctrl Pts',(1.02783124049817,3.49638802334092,-0.697472944299425));
#808=CARTESIAN_POINT('Ctrl Pts',(0.855720084838251,3.55657822323657,-1.21946233608573));
#809=CARTESIAN_POINT('Ctrl Pts',(0.724738911729046,3.61328006794819,-1.56608190943585));
#810=CARTESIAN_POINT('Ctrl Pts',(0.64455220885714,3.65009330736404,-1.73868689063234));
#811=CARTESIAN_POINT('Ctrl Pts',(0.595546544380996,3.66954825321418,-1.8245248349196));
#812=CARTESIAN_POINT('Ctrl Pts',(1.25042528194101,3.53922211114953,0.00132940217055381));
#813=CARTESIAN_POINT('Ctrl Pts',(1.16324819132787,3.55093185022459,-0.259000531672588));
#814=CARTESIAN_POINT('Ctrl Pts',(1.01875978142093,3.5744012897534,-0.692985639549262));
#815=CARTESIAN_POINT('Ctrl Pts',(0.838581433833575,3.61435592190242,-1.21313124979486));
#816=CARTESIAN_POINT('Ctrl Pts',(0.706340050134076,3.64849038348131,-1.56013651729073));
#817=CARTESIAN_POINT('Ctrl Pts',(0.63041186606243,3.66913167816333,-1.73429887672568));
#818=CARTESIAN_POINT('Ctrl Pts',(0.586896417164314,3.67995956856809,-1.82184413283333));
#819=CARTESIAN_POINT('Ctrl Pts',(1.17771636713645,3.69632303166154,0.0271257269938025));
#820=CARTESIAN_POINT('Ctrl Pts',(1.09199985398192,3.69824835326831,-0.233756310324415));
#821=CARTESIAN_POINT('Ctrl Pts',(0.950136934604057,3.70210825906496,-0.668899126410572));
#822=CARTESIAN_POINT('Ctrl Pts',(0.780059287283855,3.70528712856122,-1.19337623609584));
#823=CARTESIAN_POINT('Ctrl Pts',(0.663570613301496,3.70343437222139,-1.54634385189733));
#824=CARTESIAN_POINT('Ctrl Pts',(0.602601538769519,3.69983634434656,-1.72554486283904));
#825=CARTESIAN_POINT('Ctrl Pts',(0.570574055005635,3.69708467053995,-1.81672464623533));
#826=CARTESIAN_POINT('Ctrl Pts',(1.02541824805761,3.74958476752554,0.0767065182386742));
#827=CARTESIAN_POINT('Ctrl Pts',(0.948382319385617,3.7516018649809,-0.187275750716324));
#828=CARTESIAN_POINT('Ctrl Pts',(0.823754841164103,3.75535409731957,-0.62839408288306));
#829=CARTESIAN_POINT('Ctrl Pts',(0.687999634101352,3.75377011100111,-1.16391669022485));
#830=CARTESIAN_POINT('Ctrl Pts',(0.606727071319222,3.74097026784649,-1.52803319066114));
#831=CARTESIAN_POINT('Ctrl Pts',(0.570303227022552,3.72504626466039,-1.71518509830835));
#832=CARTESIAN_POINT('Ctrl Pts',(0.552450504831164,3.71201021244259,-1.81094103471139));
#833=CARTESIAN_POINT('Ctrl Pts',(0.960576332822548,3.7483711935668,0.0974301554470541));
#834=CARTESIAN_POINT('Ctrl Pts',(0.886367917770473,3.75278015831355,-0.167598381630217));
#835=CARTESIAN_POINT('Ctrl Pts',(0.767824729002256,3.76080624669845,-0.610845866678791));
#836=CARTESIAN_POINT('Ctrl Pts',(0.645997697601279,3.76488940979277,-1.15066398340844));
#837=CARTESIAN_POINT('Ctrl Pts',(0.580592816193504,3.75331411113526,-1.51961759662373));
#838=CARTESIAN_POINT('Ctrl Pts',(0.555773396177671,3.73473294814612,-1.71049400857419));
#839=CARTESIAN_POINT('Ctrl Pts',(0.544394245686899,3.71796890666651,-1.80835371472502));
#840=CARTESIAN_POINT('',(0.933461544972571,3.75,-1.52655665885959E-16));
#841=CARTESIAN_POINT('',(1.25,3.44845432416768,-2.77555756156289E-17));
#842=CARTESIAN_POINT('Ctrl Pts',(0.933461544972571,3.75,1.95473760834536E-17));
#843=CARTESIAN_POINT('Ctrl Pts',(0.976715093489455,3.75,1.94829670228257E-17));
#844=CARTESIAN_POINT('Ctrl Pts',(1.01967010631688,3.74150921941794,-9.50552137002347E-13));
#845=CARTESIAN_POINT('Ctrl Pts',(1.0986595892904,3.70872546961868,-9.50552137002347E-13));
#846=CARTESIAN_POINT('Ctrl Pts',(1.13422849985255,3.68503374944166,-2.61179966543068E-13));
#847=CARTESIAN_POINT('Ctrl Pts',(1.19205032198115,3.62649102014254,-2.61179966543068E-13));
#848=CARTESIAN_POINT('Ctrl Pts',(1.21435645303964,3.59283143840832,4.10510731295491E-14));
#849=CARTESIAN_POINT('Ctrl Pts',(1.2429083777102,3.52155444001142,4.10499661029093E-14));
#850=CARTESIAN_POINT('Ctrl Pts',(1.25,3.48522012320114,2.60658371236023E-17));
#851=CARTESIAN_POINT('Ctrl Pts',(1.25,3.44845432416768,2.59698647928862E-17));
#852=CARTESIAN_POINT('Ctrl Pts',(1.25,3.44845432416768,-5.55111512312578E-17));
#853=CARTESIAN_POINT('Ctrl Pts',(1.16632949963349,3.46436128323961,-0.26154824381688));
#854=CARTESIAN_POINT('Ctrl Pts',(1.02783124049817,3.49638802334092,-0.697472944299425));
#855=CARTESIAN_POINT('Ctrl Pts',(0.855720084838251,3.55657822323657,-1.21946233608573));
#856=CARTESIAN_POINT('Ctrl Pts',(0.724738911729046,3.61328006794819,-1.56608190943585));
#857=CARTESIAN_POINT('Ctrl Pts',(0.64455220885714,3.65009330736404,-1.73868689063234));
#858=CARTESIAN_POINT('Ctrl Pts',(0.595546544380996,3.66954825321418,-1.8245248349196));
#859=CARTESIAN_POINT('Ctrl Pts',(0.544456824311288,3.71806100842012,-1.80781565775423));
#860=CARTESIAN_POINT('Ctrl Pts',(0.55581889263927,3.73476699356254,-1.71014416944467));
#861=CARTESIAN_POINT('Ctrl Pts',(0.58062278524267,3.75331941503135,-1.51944853907425));
#862=CARTESIAN_POINT('Ctrl Pts',(0.645997697601279,3.76488940979277,-1.15066398340844));
#863=CARTESIAN_POINT('Ctrl Pts',(0.760363947789594,3.76105630275048,-0.643904743819899));
#864=CARTESIAN_POINT('Ctrl Pts',(0.86903661714773,3.75393484599374,-0.232781592350478));
#865=CARTESIAN_POINT('Ctrl Pts',(0.933453173372043,3.75000574145572,2.76660339668111E-6));
#866=CARTESIAN_POINT('Ctrl Pts',(0.44033588704649,2.80311880166515,-2.25364401301365));
#867=CARTESIAN_POINT('Ctrl Pts',(0.496111628584868,2.86647794082684,-2.23058317229006));
#868=CARTESIAN_POINT('Ctrl Pts',(0.577697453635596,3.01567061780227,-2.17628147870051));
#869=CARTESIAN_POINT('Ctrl Pts',(0.598863122431367,3.22368454402424,-2.10057060124287));
#870=CARTESIAN_POINT('Ctrl Pts',(0.562197095264672,3.42703707067757,-2.02655633447823));
#871=CARTESIAN_POINT('Ctrl Pts',(0.505823526975886,3.54082328299147,-1.98514154012608));
#872=CARTESIAN_POINT('Ctrl Pts',(0.453567279989704,3.60677490178887,-1.96113711398216));
#873=CARTESIAN_POINT('Ctrl Pts',(0.476932836032665,2.77467074538624,-2.2639982587219));
#874=CARTESIAN_POINT('Ctrl Pts',(0.538245467450544,2.84207346754722,-2.23950033503899));
#875=CARTESIAN_POINT('Ctrl Pts',(0.628619104003507,3.0018336197401,-2.18140781192248));
#876=CARTESIAN_POINT('Ctrl Pts',(0.651278379009958,3.22498765115016,-2.10022955390611));
#877=CARTESIAN_POINT('Ctrl Pts',(0.608991602377054,3.44171027496855,-2.02126765824377));
#878=CARTESIAN_POINT('Ctrl Pts',(0.545046765167853,3.56162889374506,-1.97761899174066));
#879=CARTESIAN_POINT('Ctrl Pts',(0.48676979438609,3.63000523088919,-1.95268196565743));
#880=CARTESIAN_POINT('Ctrl Pts',(0.540700420036943,2.7145253002951,-2.25298047560777));
#881=CARTESIAN_POINT('Ctrl Pts',(0.611571080162075,2.78826166676411,-2.22394349448412));
#882=CARTESIAN_POINT('Ctrl Pts',(0.717060632543666,2.96509998974153,-2.15537478952692));
#883=CARTESIAN_POINT('Ctrl Pts',(0.742254234352805,3.21443291457751,-2.06450977399239));
#884=CARTESIAN_POINT('Ctrl Pts',(0.690437917916143,3.45602989094714,-1.98144430836773));
#885=CARTESIAN_POINT('Ctrl Pts',(0.613419573516422,3.58860430527134,-1.93896260645919));
#886=CARTESIAN_POINT('Ctrl Pts',(0.544729028661348,3.66260252044715,-1.91606838275429));
#887=CARTESIAN_POINT('Ctrl Pts',(0.577683213795959,2.661278766256,-2.19613468105483));
#888=CARTESIAN_POINT('Ctrl Pts',(0.652507959124551,2.73901205036398,-2.16142700028603));
#889=CARTESIAN_POINT('Ctrl Pts',(0.762070491846685,2.92497286061633,-2.08187820922949));
#890=CARTESIAN_POINT('Ctrl Pts',(0.78836798928015,3.18692379908477,-1.98625821688843));
#891=CARTESIAN_POINT('Ctrl Pts',(0.736402041455898,3.44435088569678,-1.90624050201627));
#892=CARTESIAN_POINT('Ctrl Pts',(0.656896103122454,3.5892285941572,-1.87048810119325));
#893=CARTESIAN_POINT('Ctrl Pts',(0.583955189664779,3.67083622837947,-1.85329722622508));
#894=CARTESIAN_POINT('Ctrl Pts',(0.586422402209964,2.64293618020383,-2.16687574136057));
#895=CARTESIAN_POINT('Ctrl Pts',(0.661516172723543,2.72191489785168,-2.13008991167119));
#896=CARTESIAN_POINT('Ctrl Pts',(0.770183540089461,2.91007535184271,-2.04697485528766));
#897=CARTESIAN_POINT('Ctrl Pts',(0.796576602094164,3.17398834175761,-1.95059455006845));
#898=CARTESIAN_POINT('Ctrl Pts',(0.746701913956674,3.43526657317151,-1.87232959233414));
#899=CARTESIAN_POINT('Ctrl Pts',(0.668684583684429,3.5846008372341,-1.83931443141158));
#900=CARTESIAN_POINT('Ctrl Pts',(0.595546544380995,3.66954825321418,-1.8245248349196));
#901=CARTESIAN_POINT('',(0.586422402209964,2.64293618020383,-2.16687574136057));
#902=CARTESIAN_POINT('Ctrl Pts',(0.595546544380995,3.66954825321418,-1.8245248349196));
#903=CARTESIAN_POINT('Ctrl Pts',(0.668684583684429,3.5846008372341,-1.83931443141158));
#904=CARTESIAN_POINT('Ctrl Pts',(0.746701913956674,3.43526657317151,-1.87232959233414));
#905=CARTESIAN_POINT('Ctrl Pts',(0.796576602094164,3.17398834175761,-1.95059455006845));
#906=CARTESIAN_POINT('Ctrl Pts',(0.770183540089461,2.91007535184271,-2.04697485528766));
#907=CARTESIAN_POINT('Ctrl Pts',(0.661516172723543,2.72191489785168,-2.13008991167119));
#908=CARTESIAN_POINT('Ctrl Pts',(0.586422402209964,2.64293618020383,-2.16687574136057));
#909=CARTESIAN_POINT('',(0.440335887046491,2.80311880166515,-2.25364401301365));
#910=CARTESIAN_POINT('Origin',(0.44033588704649,2.73471477300001,-2.06570548885647));
#911=CARTESIAN_POINT('Ctrl Pts',(0.44033588704649,2.80311880166515,-2.25364401301365));
#912=CARTESIAN_POINT('Ctrl Pts',(0.496111628584868,2.86647794082684,-2.23058317229006));
#913=CARTESIAN_POINT('Ctrl Pts',(0.577697453635596,3.01567061780227,-2.17628147870051));
#914=CARTESIAN_POINT('Ctrl Pts',(0.598863122431367,3.22368454402424,-2.10057060124287));
#915=CARTESIAN_POINT('Ctrl Pts',(0.562197095264672,3.42703707067757,-2.02655633447823));
#916=CARTESIAN_POINT('Ctrl Pts',(0.505823526975886,3.54082328299147,-1.98514154012608));
#917=CARTESIAN_POINT('Ctrl Pts',(0.453567279989704,3.60677490178887,-1.96113711398216));
#918=CARTESIAN_POINT('Ctrl Pts',(1.25,1.31055982346085,0.));
#919=CARTESIAN_POINT('Ctrl Pts',(1.02880746740235,1.75468527571047,-0.722291913790032));
#920=CARTESIAN_POINT('Ctrl Pts',(0.807614934804699,2.19881072796008,-1.44458382758006));
#921=CARTESIAN_POINT('Ctrl Pts',(0.586422402207048,2.64293618020969,-2.1668757413701));
#922=CARTESIAN_POINT('Ctrl Pts',(1.25,1.648350106594,0.));
#923=CARTESIAN_POINT('Ctrl Pts',(1.0631745700447,2.02030476980288,-0.70970372309784));
#924=CARTESIAN_POINT('Ctrl Pts',(0.875829864695117,2.39252757821406,-1.41930984932358));
#925=CARTESIAN_POINT('Ctrl Pts',(0.689004434739813,2.76448224142294,-2.12901357242142));
#926=CARTESIAN_POINT('Ctrl Pts',(1.25,2.2113339118159,0.));
#927=CARTESIAN_POINT('Ctrl Pts',(1.09953399783136,2.48075889560296,-0.6822611250587));
#928=CARTESIAN_POINT('Ctrl Pts',(0.949102670279435,2.75014308439392,-1.36453709828169));
#929=CARTESIAN_POINT('Ctrl Pts',(0.798636668110792,3.01956806818098,-2.04679822334039));
#930=CARTESIAN_POINT('Ctrl Pts',(1.25,2.99951123912656,0.));
#931=CARTESIAN_POINT('Ctrl Pts',(1.08723417907436,3.13213028051433,-0.641389926694222));
#932=CARTESIAN_POINT('Ctrl Pts',(0.924312346470939,3.26480588217259,-1.28275926713355));
#933=CARTESIAN_POINT('Ctrl Pts',(0.761546525545298,3.39742492356037,-1.92414919382777));
#934=CARTESIAN_POINT('Ctrl Pts',(1.25,3.44989828330408,0.));
#935=CARTESIAN_POINT('Ctrl Pts',(1.05286974371516,3.49590388168722,-0.62110636225319));
#936=CARTESIAN_POINT('Ctrl Pts',(0.855608705841679,3.54189485687848,-1.24221804691296));
#937=CARTESIAN_POINT('Ctrl Pts',(0.658478449556834,3.58790045526163,-1.86332440916615));
#938=CARTESIAN_POINT('Ctrl Pts',(1.25,3.67509180539284,0.));
#939=CARTESIAN_POINT('Ctrl Pts',(1.03025284670763,3.6732304357264,-0.612624374036795));
#940=CARTESIAN_POINT('Ctrl Pts',(0.810505693415262,3.67136906605996,-1.22524874807359));
#941=CARTESIAN_POINT('Ctrl Pts',(0.590758540122893,3.66950769639351,-1.83787312211039));
#942=CARTESIAN_POINT('',(1.25,1.55074212303612,2.77555756156289E-17));
#943=CARTESIAN_POINT('Ctrl Pts',(1.25,3.44845432416768,0.));
#944=CARTESIAN_POINT('Ctrl Pts',(1.25,3.29880662915397,0.));
#945=CARTESIAN_POINT('Ctrl Pts',(1.25,2.9239654120515,0.));
#946=CARTESIAN_POINT('Ctrl Pts',(1.25,2.29139467834099,0.));
#947=CARTESIAN_POINT('Ctrl Pts',(1.25,1.80847163964417,0.));
#948=CARTESIAN_POINT('Ctrl Pts',(1.25,1.55074212303612,0.));
#949=CARTESIAN_POINT('Ctrl Pts',(0.58642240516205,2.64293617356115,-2.16687574545432));
#950=CARTESIAN_POINT('Ctrl Pts',(0.632952767394658,2.59593088316045,-2.05704892959088));
#951=CARTESIAN_POINT('Ctrl Pts',(0.714192877335196,2.49956385542837,-1.83724069343073));
#952=CARTESIAN_POINT('Ctrl Pts',(0.853012308710604,2.29414593457304,-1.40256836790272));
#953=CARTESIAN_POINT('Ctrl Pts',(1.03006662032416,1.98079881072423,-0.78828503703));
#954=CARTESIAN_POINT('Ctrl Pts',(1.16972230193211,1.70953547529452,-0.287682093277061));
#955=CARTESIAN_POINT('Ctrl Pts',(1.25000394486345,1.55074640159275,1.42281353701298E-6));
#956=CARTESIAN_POINT('Origin',(0.,2.5,0.));
#957=CARTESIAN_POINT('',(0.512343395379385,3.75,0.));
#958=CARTESIAN_POINT('Ctrl Pts',(0.512343395379385,3.75,0.));
#959=CARTESIAN_POINT('Ctrl Pts',(0.652716111910447,3.75,0.));
#960=CARTESIAN_POINT('Ctrl Pts',(0.793088828441509,3.75,0.));
#961=CARTESIAN_POINT('Ctrl Pts',(0.933461544972571,3.75,0.));
#962=CARTESIAN_POINT('',(-0.517697580359685,3.75,-1.38777878078145E-17));
#963=CARTESIAN_POINT('',(1.25,3.75,0.));
#964=CARTESIAN_POINT('',(-0.933461544972571,3.75,-1.11022302462516E-16));
#965=CARTESIAN_POINT('Ctrl Pts',(-0.933461544972571,3.75,0.));
#966=CARTESIAN_POINT('Ctrl Pts',(-0.794873556768276,3.75,0.));
#967=CARTESIAN_POINT('Ctrl Pts',(-0.656285568563981,3.75,0.));
#968=CARTESIAN_POINT('Ctrl Pts',(-0.517697580359686,3.75,0.));
#969=CARTESIAN_POINT('',(-1.25,3.44845432416768,1.11022302462516E-16));
#970=CARTESIAN_POINT('Ctrl Pts',(-1.25,3.44845432416768,-1.08046662805486E-17));
#971=CARTESIAN_POINT('Ctrl Pts',(-1.25,3.48584966153654,-1.0794989270472E-17));
#972=CARTESIAN_POINT('Ctrl Pts',(-1.24266361377034,3.52279114802469,-2.07627596858002E-16));
#973=CARTESIAN_POINT('Ctrl Pts',(-1.214035565407,3.59295815399579,-2.08719992247009E-16));
#974=CARTESIAN_POINT('Ctrl Pts',(-1.19272014315633,3.62526481583321,2.36061170610924E-14));
#975=CARTESIAN_POINT('Ctrl Pts',(-1.13797589138435,3.68177250088913,2.36061170610924E-14));
#976=CARTESIAN_POINT('Ctrl Pts',(-1.10453304423409,3.70496669226878,3.63133134673177E-13));
#977=CARTESIAN_POINT('Ctrl Pts',(-1.04664081954649,3.73086731572415,3.63133134673177E-13));
#978=CARTESIAN_POINT('Ctrl Pts',(-1.02457384520974,3.7380317179049,5.17988429926675E-15));
#979=CARTESIAN_POINT('Ctrl Pts',(-0.97944374249925,3.74759647144982,5.17988429926675E-15));
#980=CARTESIAN_POINT('Ctrl Pts',(-0.956474509940163,3.75,5.57615962214015E-18));
#981=CARTESIAN_POINT('Ctrl Pts',(-0.933461544972571,3.75,5.5866031794079E-18));
#982=CARTESIAN_POINT('',(-1.25,1.55074212303612,2.77555756156289E-17));
#983=CARTESIAN_POINT('Ctrl Pts',(-1.25,1.55074212303612,0.));
#984=CARTESIAN_POINT('Ctrl Pts',(-1.25,1.69587487859979,0.));
#985=CARTESIAN_POINT('Ctrl Pts',(-1.25,2.06620115625223,0.));
#986=CARTESIAN_POINT('Ctrl Pts',(-1.25,2.69877188996274,0.));
#987=CARTESIAN_POINT('Ctrl Pts',(-1.25,3.18620986810959,0.));
#988=CARTESIAN_POINT('Ctrl Pts',(-1.25,3.44845432416768,0.));
#989=CARTESIAN_POINT('',(-0.981112022208042,1.25,5.55111512312578E-17));
#990=CARTESIAN_POINT('Ctrl Pts',(-0.981112022208043,1.25,4.97673765971379E-17));
#991=CARTESIAN_POINT('Ctrl Pts',(-1.0155461747336,1.25,4.99111285747307E-17));
#992=CARTESIAN_POINT('Ctrl Pts',(-1.04941935305994,1.25650734559829,-8.04911692853238E-16));
#993=CARTESIAN_POINT('Ctrl Pts',(-1.11160673139922,1.28248994838635,-8.04911692853238E-16));
#994=CARTESIAN_POINT('Ctrl Pts',(-1.13900016038857,1.30096952065911,5.55111512312578E-17));
#995=CARTESIAN_POINT('Ctrl Pts',(-1.18733420686459,1.34895417795367,5.55111512312578E-17));
#996=CARTESIAN_POINT('Ctrl Pts',(-1.20699183523974,1.37830490006943,2.20379270388094E-14));
#997=CARTESIAN_POINT('Ctrl Pts',(-1.23095198027479,1.43211431178138,2.20379270388094E-14));
#998=CARTESIAN_POINT('Ctrl Pts',(-1.23808181271046,1.45487525435249,4.16333634234434E-15));
#999=CARTESIAN_POINT('Ctrl Pts',(-1.24767123292575,1.50202324514392,4.16333634234434E-15));
#1000=CARTESIAN_POINT('Ctrl Pts',(-1.25,1.52637944484862,1.7628365959998E-17));
#1001=CARTESIAN_POINT('Ctrl Pts',(-1.25,1.55074212303612,1.76673986710633E-17));
#1002=CARTESIAN_POINT('',(0.981112022208042,1.25,-5.55111512312578E-17));
#1003=CARTESIAN_POINT('Ctrl Pts',(0.981112022208042,1.25,0.));
#1004=CARTESIAN_POINT('Ctrl Pts',(0.823948127455789,1.25,0.));
#1005=CARTESIAN_POINT('Ctrl Pts',(0.440286304725188,1.25,0.));
#1006=CARTESIAN_POINT('Ctrl Pts',(-0.21378837674684,1.25,0.));
#1007=CARTESIAN_POINT('Ctrl Pts',(-0.710699163466615,1.25,0.));
#1008=CARTESIAN_POINT('Ctrl Pts',(-0.981112022208042,1.25,0.));
#1009=CARTESIAN_POINT('Ctrl Pts',(1.25,1.55074212303612,7.05329261149201E-18));
#1010=CARTESIAN_POINT('Ctrl Pts',(1.25,1.50510651462921,7.19762516557406E-18));
#1011=CARTESIAN_POINT('Ctrl Pts',(1.24182884056083,1.45959511519908,5.98410210272959E-14));
#1012=CARTESIAN_POINT('Ctrl Pts',(1.20988782584222,1.38271675646022,5.98410210272959E-14));
#1013=CARTESIAN_POINT('Ctrl Pts',(1.18923311583798,1.3508620270777,3.30410094234966E-15));
#1014=CARTESIAN_POINT('Ctrl Pts',(1.13828512864276,1.3002391819996,3.30183745883251E-15));
#1015=CARTESIAN_POINT('Ctrl Pts',(1.10983293745742,1.2812966848844,1.13797860024079E-15));
#1016=CARTESIAN_POINT('Ctrl Pts',(1.04728066746173,1.2560994764202,1.13797860024079E-15));
#1017=CARTESIAN_POINT('Ctrl Pts',(1.01444957689075,1.25,-4.27399186584804E-18));
#1018=CARTESIAN_POINT('Ctrl Pts',(0.981112022208042,1.25,-4.28453804282623E-18));
#1019=CARTESIAN_POINT('',(0.835,3.125,0.));
#1020=CARTESIAN_POINT('Origin',(0.625,3.125,0.));
#1021=CARTESIAN_POINT('',(-0.415,1.875,0.));
#1022=CARTESIAN_POINT('Origin',(-0.625,1.875,0.));
#1023=CARTESIAN_POINT('Ctrl Pts',(0.586422402209964,2.64293618020383,-2.16687574136057));
#1024=CARTESIAN_POINT('Ctrl Pts',(0.574016708146999,2.62860522471705,-2.17178854599967));
#1025=CARTESIAN_POINT('Ctrl Pts',(0.560158236423866,2.61527908917062,-2.17590416442065));
#1026=CARTESIAN_POINT('Ctrl Pts',(0.545152091478216,2.60322516180936,-2.17914454813242));
#1027=CARTESIAN_POINT('Ctrl Pts',(0.574770150991291,2.66739296160673,-2.20588766095291));
#1028=CARTESIAN_POINT('Ctrl Pts',(0.563057308827137,2.65380084971599,-2.21061405472012));
#1029=CARTESIAN_POINT('Ctrl Pts',(0.55004856029348,2.64116907285883,-2.2146729386478));
#1030=CARTESIAN_POINT('Ctrl Pts',(0.535938253103786,2.62965079775186,-2.2180279100093));
#1031=CARTESIAN_POINT('Ctrl Pts',(0.531879517028159,2.72419806173348,-2.25822163021907));
#1032=CARTESIAN_POINT('Ctrl Pts',(0.522618649371296,2.71344780873112,-2.26207455100186));
#1033=CARTESIAN_POINT('Ctrl Pts',(0.51232742035006,2.70344367380648,-2.26557223346376));
#1034=CARTESIAN_POINT('Ctrl Pts',(0.501190740096144,2.69436109707375,-2.26865029076617));
#1035=CARTESIAN_POINT('Ctrl Pts',(0.467783598786121,2.78178275945597,-2.26140969729484));
#1036=CARTESIAN_POINT('Ctrl Pts',(0.462093835446733,2.77525646804364,-2.26378539718224));
#1037=CARTESIAN_POINT('Ctrl Pts',(0.455728176632622,2.7692431732814,-2.26597246929019));
#1038=CARTESIAN_POINT('Ctrl Pts',(0.448818220207717,2.76386230321029,-2.26793220995273));
#1039=CARTESIAN_POINT('Ctrl Pts',(0.44033588704649,2.80311880166515,-2.25364401301365));
#1040=CARTESIAN_POINT('Ctrl Pts',(0.436174591888922,2.79839172728282,-2.25536452738398));
#1041=CARTESIAN_POINT('Ctrl Pts',(0.431491953812017,2.79407060788312,-2.25693728622418));
#1042=CARTESIAN_POINT('Ctrl Pts',(0.426391300807344,2.79024141888443,-2.25833099704108));
#1043=CARTESIAN_POINT('',(0.545152091478216,2.60322516180936,-2.17914454813242));
#1044=CARTESIAN_POINT('',(0.426391300807345,2.79024141888443,-2.25833099704108));
#1045=CARTESIAN_POINT('Origin',(0.426391300807344,2.72183739021929,-2.0703924728839));
#1046=CARTESIAN_POINT('Ctrl Pts',(0.426391300807344,2.79024141888443,-2.25833099704108));
#1047=CARTESIAN_POINT('Ctrl Pts',(0.431491953812017,2.79407060788312,-2.25693728622418));
#1048=CARTESIAN_POINT('Ctrl Pts',(0.436174591888922,2.79839172728282,-2.25536452738398));
#1049=CARTESIAN_POINT('Ctrl Pts',(0.44033588704649,2.80311880166515,-2.25364401301365));
#1050=CARTESIAN_POINT('Ctrl Pts',(0.586422402209964,2.64293618020383,-2.16687574136057));
#1051=CARTESIAN_POINT('Ctrl Pts',(0.574016708146999,2.62860522471705,-2.17178854599967));
#1052=CARTESIAN_POINT('Ctrl Pts',(0.560158236423866,2.61527908917062,-2.17590416442065));
#1053=CARTESIAN_POINT('Ctrl Pts',(0.545152091478216,2.60322516180936,-2.17914454813242));
#1054=CARTESIAN_POINT('Ctrl Pts',(0.984115846099828,1.24271020209804,0.0123481915760029));
#1055=CARTESIAN_POINT('Ctrl Pts',(0.907893310835372,1.42759278654639,-0.300818005528015));
#1056=CARTESIAN_POINT('Ctrl Pts',(0.785481414935522,1.73562696980149,-0.823982120008947));
#1057=CARTESIAN_POINT('Ctrl Pts',(0.657394766031451,2.11238002007335,-1.45362462738902));
#1058=CARTESIAN_POINT('Ctrl Pts',(0.586526240706773,2.37830338449839,-1.87160706900342));
#1059=CARTESIAN_POINT('Ctrl Pts',(0.558257552293465,2.52368510826281,-2.07808130071933));
#1060=CARTESIAN_POINT('Ctrl Pts',(0.545152091478219,2.60322516180936,-2.17914454813242));
#1061=CARTESIAN_POINT('Ctrl Pts',(1.06435959603772,1.25242345888503,-0.00434033822643917));
#1062=CARTESIAN_POINT('Ctrl Pts',(0.984230689679726,1.43952301189612,-0.315032158866588));
#1063=CARTESIAN_POINT('Ctrl Pts',(0.853867225265657,1.75117205033159,-0.833792772115871));
#1064=CARTESIAN_POINT('Ctrl Pts',(0.707474921121723,2.13167200542025,-1.45642918692019));
#1065=CARTESIAN_POINT('Ctrl Pts',(0.61654687090542,2.39574275084404,-1.87016582268211));
#1066=CARTESIAN_POINT('Ctrl Pts',(0.574248786713158,2.53589816579826,-2.07571834506459));
#1067=CARTESIAN_POINT('Ctrl Pts',(0.553631301494879,2.61027061319991,-2.17756921271133));
#1068=CARTESIAN_POINT('Ctrl Pts',(1.20382452371555,1.32359854491471,-0.00128914609952246));
#1069=CARTESIAN_POINT('Ctrl Pts',(1.11495887787991,1.5084571455347,-0.310854323881601));
#1070=CARTESIAN_POINT('Ctrl Pts',(0.967169628035324,1.81593835567157,-0.827278507497838));
#1071=CARTESIAN_POINT('Ctrl Pts',(0.787848191010517,2.18475633117149,-1.44804801398944));
#1072=CARTESIAN_POINT('Ctrl Pts',(0.664540438086403,2.43290013938694,-1.86238953539585));
#1073=CARTESIAN_POINT('Ctrl Pts',(0.600600475694961,2.55903517447263,-2.0700192945595));
#1074=CARTESIAN_POINT('Ctrl Pts',(0.567824806753093,2.62324439095394,-2.17422167171416));
#1075=CARTESIAN_POINT('Ctrl Pts',(1.26615700706838,1.44972746232071,0.0557622232716795));
#1076=CARTESIAN_POINT('Ctrl Pts',(1.1763419025576,1.62721707608847,-0.258083628245034));
#1077=CARTESIAN_POINT('Ctrl Pts',(1.02633221487111,1.92005294661823,-0.782828913531825));
#1078=CARTESIAN_POINT('Ctrl Pts',(0.838365218829414,2.26008603075265,-1.41831446727257));
#1079=CARTESIAN_POINT('Ctrl Pts',(0.7009801445767,2.47887175188197,-1.8459967526563));
#1080=CARTESIAN_POINT('Ctrl Pts',(0.62356294376112,2.58477514991353,-2.06170847521087));
#1081=CARTESIAN_POINT('Ctrl Pts',(0.580735882641243,2.63720479482919,-2.16987689676832));
#1082=CARTESIAN_POINT('Ctrl Pts',(1.2738338554239,1.50353450665742,0.0853860225737413));
#1083=CARTESIAN_POINT('Ctrl Pts',(1.18565628511062,1.67850343561479,-0.230511027554799));
#1084=CARTESIAN_POINT('Ctrl Pts',(1.0384154075115,1.96602329676504,-0.759319231252932));
#1085=CARTESIAN_POINT('Ctrl Pts',(0.853012308710604,2.29414593457304,-1.40256836790272));
#1086=CARTESIAN_POINT('Ctrl Pts',(0.714091715411091,2.49971354968885,-1.83755745231938));
#1087=CARTESIAN_POINT('Ctrl Pts',(0.632715760910366,2.59621197696703,-2.0576901261182));
#1088=CARTESIAN_POINT('Ctrl Pts',(0.586014463739521,2.64334809595498,-2.16783826132858));
#1089=CARTESIAN_POINT('Ctrl Pts',(0.981111911694424,1.24999991233984,-2.08709933198839E-8));
#1090=CARTESIAN_POINT('Ctrl Pts',(0.90596365348819,1.43245134836222,-0.309069238583092));
#1091=CARTESIAN_POINT('Ctrl Pts',(0.784639693291006,1.73810280315153,-0.82811981688293));
#1092=CARTESIAN_POINT('Ctrl Pts',(0.657394766031451,2.11238002007335,-1.45362462738902));
#1093=CARTESIAN_POINT('Ctrl Pts',(0.586526240706773,2.37830338449839,-1.87160706900342));
#1094=CARTESIAN_POINT('Ctrl Pts',(0.558257552293465,2.52368510826281,-2.07808130071933));
#1095=CARTESIAN_POINT('Ctrl Pts',(0.545152091478219,2.60322516180936,-2.17914454813242));
#1096=CARTESIAN_POINT('Ctrl Pts',(-0.426391300807347,2.79024141888443,-2.25833099704108));
#1097=CARTESIAN_POINT('Ctrl Pts',(-0.358112395826383,2.7389827209184,-2.27698763734796));
#1098=CARTESIAN_POINT('Ctrl Pts',(-0.198368663940869,2.66478130404191,-2.30399474443138));
#1099=CARTESIAN_POINT('Ctrl Pts',(0.1109402525618,2.63869095162304,-2.31349085611336));
#1100=CARTESIAN_POINT('Ctrl Pts',(0.323972943335899,2.71335337193538,-2.2863159575014));
#1101=CARTESIAN_POINT('Ctrl Pts',(0.426391300807345,2.79024141888443,-2.25833099704108));
#1102=CARTESIAN_POINT('Ctrl Pts',(-0.456293860007846,2.75506926465225,-2.27113261425661));
#1103=CARTESIAN_POINT('Ctrl Pts',(-0.384163472890282,2.69805440058912,-2.29193992638031));
#1104=CARTESIAN_POINT('Ctrl Pts',(-0.213491327555443,2.6146849991134,-2.32235337595613));
#1105=CARTESIAN_POINT('Ctrl Pts',(0.119477032534808,2.58517110974171,-2.3331269696113));
#1106=CARTESIAN_POINT('Ctrl Pts',(0.348098279331499,2.66954696855756,-2.30234358244217));
#1107=CARTESIAN_POINT('Ctrl Pts',(0.456293860007844,2.75506926465225,-2.27113261425661));
#1108=CARTESIAN_POINT('Ctrl Pts',(-0.508389755955013,2.68302462906315,-2.26385030167379));
#1109=CARTESIAN_POINT('Ctrl Pts',(-0.429491718368773,2.61494005397649,-2.28515512072109));
#1110=CARTESIAN_POINT('Ctrl Pts',(-0.239629668171822,2.51380326031992,-2.31565421999422));
#1111=CARTESIAN_POINT('Ctrl Pts',(0.134168618628395,2.47762877256352,-2.32622285909432));
#1112=CARTESIAN_POINT('Ctrl Pts',(0.390042699575653,2.58089776643316,-2.29580753024474));
#1113=CARTESIAN_POINT('Ctrl Pts',(0.508389755955011,2.68302462906314,-2.26385030167379));
#1114=CARTESIAN_POINT('Ctrl Pts',(-0.538241712697399,2.62304438876624,-2.20830706954008));
#1115=CARTESIAN_POINT('Ctrl Pts',(-0.453384353635439,2.54955306466304,-2.22496015272122));
#1116=CARTESIAN_POINT('Ctrl Pts',(-0.250804466400276,2.44268497171302,-2.24640724492582));
#1117=CARTESIAN_POINT('Ctrl Pts',(0.140124496601983,2.40537451718759,-2.25311201480232));
#1118=CARTESIAN_POINT('Ctrl Pts',(0.410955674104459,2.51280740261144,-2.2332866943118));
#1119=CARTESIAN_POINT('Ctrl Pts',(0.538241712697397,2.62304438876624,-2.20830706954008));
#1120=CARTESIAN_POINT('Ctrl Pts',(-0.545152091478222,2.60322516180936,-2.17914454813241));
#1121=CARTESIAN_POINT('Ctrl Pts',(-0.458071669854665,2.52917165305229,-2.19347152097551));
#1122=CARTESIAN_POINT('Ctrl Pts',(-0.251883403579927,2.42324795513334,-2.21072650806025));
#1123=CARTESIAN_POINT('Ctrl Pts',(0.140509363786142,2.3869155109045,-2.21574512980434));
#1124=CARTESIAN_POINT('Ctrl Pts',(0.414531459042887,2.49214489867375,-2.20063500739705));
#1125=CARTESIAN_POINT('Ctrl Pts',(0.545152091478219,2.60322516180936,-2.17914454813241));
#1126=CARTESIAN_POINT('',(-0.545152091478221,2.60322516180936,-2.17914454813241));
#1127=CARTESIAN_POINT('Ctrl Pts',(0.545152091478219,2.60322516180936,-2.17914454813241));
#1128=CARTESIAN_POINT('Ctrl Pts',(0.414531459042887,2.49214489867375,-2.20063500739705));
#1129=CARTESIAN_POINT('Ctrl Pts',(0.140509363786142,2.3869155109045,-2.21574512980434));
#1130=CARTESIAN_POINT('Ctrl Pts',(-0.251883403579927,2.42324795513334,-2.21072650806025));
#1131=CARTESIAN_POINT('Ctrl Pts',(-0.458071669854665,2.52917165305229,-2.19347152097551));
#1132=CARTESIAN_POINT('Ctrl Pts',(-0.545152091478222,2.60322516180936,-2.17914454813241));
#1133=CARTESIAN_POINT('',(-0.426391300807347,2.79024141888443,-2.25833099704108));
#1134=CARTESIAN_POINT('Origin',(-0.426391300807347,2.7218373902193,-2.0703924728839));
#1135=CARTESIAN_POINT('Ctrl Pts',(-0.426391300807347,2.79024141888443,-2.25833099704108));
#1136=CARTESIAN_POINT('Ctrl Pts',(-0.358112395826383,2.7389827209184,-2.27698763734796));
#1137=CARTESIAN_POINT('Ctrl Pts',(-0.198368663940869,2.66478130404191,-2.30399474443138));
#1138=CARTESIAN_POINT('Ctrl Pts',(0.1109402525618,2.63869095162304,-2.31349085611336));
#1139=CARTESIAN_POINT('Ctrl Pts',(0.323972943335899,2.71335337193538,-2.2863159575014));
#1140=CARTESIAN_POINT('Ctrl Pts',(0.426391300807345,2.79024141888443,-2.25833099704108));
#1141=CARTESIAN_POINT('Ctrl Pts',(-1.18911412188633,1.25,0.));
#1142=CARTESIAN_POINT('Ctrl Pts',(-0.974460111748341,1.70107505394056,-0.726381516050747));
#1143=CARTESIAN_POINT('Ctrl Pts',(-0.759806101610352,2.15215010788112,-1.45276303210149));
#1144=CARTESIAN_POINT('Ctrl Pts',(-0.545152091472363,2.60322516182168,-2.17914454815224));
#1145=CARTESIAN_POINT('Ctrl Pts',(-0.849367229918807,1.25,0.));
#1146=CARTESIAN_POINT('Ctrl Pts',(-0.705036485766103,1.66861024546783,-0.738197739995972));
#1147=CARTESIAN_POINT('Ctrl Pts',(-0.560414674010843,2.08772018854271,-1.47621360493685));
#1148=CARTESIAN_POINT('Ctrl Pts',(-0.416083929858138,2.50633043401054,-2.21441134493282));
#1149=CARTESIAN_POINT('Ctrl Pts',(-0.283122409972936,1.25,0.));
#1150=CARTESIAN_POINT('Ctrl Pts',(-0.236887973578207,1.63439992294653,-0.750649279098375));
#1151=CARTESIAN_POINT('Ctrl Pts',(-0.190703573661155,2.01875469128838,-1.50131499312879));
#1152=CARTESIAN_POINT('Ctrl Pts',(-0.144469137266425,2.40315461423491,-2.25196427222716));
#1153=CARTESIAN_POINT('Ctrl Pts',(0.509620337951284,1.25,0.));
#1154=CARTESIAN_POINT('Ctrl Pts',(0.425523564636847,1.64660347068178,-0.746207550970291));
#1155=CARTESIAN_POINT('Ctrl Pts',(0.34148708478968,2.04335155251137,-1.49236246778725));
#1156=CARTESIAN_POINT('Ctrl Pts',(0.257390311475243,2.43995502319316,-2.23857001875754));
#1157=CARTESIAN_POINT('Ctrl Pts',(0.962616193907981,1.25,0.));
#1158=CARTESIAN_POINT('Ctrl Pts',(0.794785205459377,1.67950115021192,-0.734233774844899));
#1159=CARTESIAN_POINT('Ctrl Pts',(0.626937638844816,2.10912752640233,-1.46842197116106));
#1160=CARTESIAN_POINT('Ctrl Pts',(0.459106650396213,2.53862867661425,-2.20265574600596));
#1161=CARTESIAN_POINT('Ctrl Pts',(1.18911412188633,1.25,0.));
#1162=CARTESIAN_POINT('Ctrl Pts',(0.974460111748341,1.70107505394056,-0.726381516050747));
#1163=CARTESIAN_POINT('Ctrl Pts',(0.759806101610352,2.15215010788112,-1.45276303210149));
#1164=CARTESIAN_POINT('Ctrl Pts',(0.545152091472363,2.60322516182168,-2.17914454815224));
#1165=CARTESIAN_POINT('Ctrl Pts',(-0.545152091478222,2.60322516180937,-2.17914454813242));
#1166=CARTESIAN_POINT('Ctrl Pts',(-0.558256670760077,2.52369045849153,-2.07808809869677));
#1167=CARTESIAN_POINT('Ctrl Pts',(-0.586523242781033,2.37831764602152,-1.87162800221057));
#1168=CARTESIAN_POINT('Ctrl Pts',(-0.657385701882312,2.11241039313034,-1.45367398206263));
#1169=CARTESIAN_POINT('Ctrl Pts',(-0.784629843186807,1.73812744730717,-0.828162130693882));
#1170=CARTESIAN_POINT('Ctrl Pts',(-0.905956887387518,1.43246798431593,-0.309097322060382));
#1171=CARTESIAN_POINT('Ctrl Pts',(-0.981111914279011,1.24999991437584,-2.03912952538923E-8));
#1172=CARTESIAN_POINT('Ctrl Pts',(-0.595546544380995,3.66954825321418,-1.8245248349196));
#1173=CARTESIAN_POINT('Ctrl Pts',(-0.580649719214607,3.68776946095093,-1.81916363981184));
#1174=CARTESIAN_POINT('Ctrl Pts',(-0.563412479798176,3.7041484619644,-1.81352414070523));
#1175=CARTESIAN_POINT('Ctrl Pts',(-0.544456819213084,3.71806100632597,-1.80781565680297));
#1176=CARTESIAN_POINT('Ctrl Pts',(-0.582023297212076,3.67105089090701,-1.85809262477599));
#1177=CARTESIAN_POINT('Ctrl Pts',(-0.567942723343002,3.68795545775397,-1.85287676754714));
#1178=CARTESIAN_POINT('Ctrl Pts',(-0.551812199199186,3.70321254083153,-1.84756099184702));
#1179=CARTESIAN_POINT('Ctrl Pts',(-0.534110261602467,3.71633826974716,-1.84230874450595));
#1180=CARTESIAN_POINT('Ctrl Pts',(-0.540670854394802,3.6608130773565,-1.91998633886984));
#1181=CARTESIAN_POINT('Ctrl Pts',(-0.529440569502895,3.67401821650351,-1.91545484130926));
#1182=CARTESIAN_POINT('Ctrl Pts',(-0.516651380234756,3.68604615888718,-1.91114514566666));
#1183=CARTESIAN_POINT('Ctrl Pts',(-0.502657015952137,3.69654849553534,-1.90718354257351));
#1184=CARTESIAN_POINT('Ctrl Pts',(-0.482619480086543,3.62710143975165,-1.95373885919802));
#1185=CARTESIAN_POINT('Ctrl Pts',(-0.475658579853521,3.63553130982101,-1.95066811294507));
#1186=CARTESIAN_POINT('Ctrl Pts',(-0.467591443919511,3.64317363160887,-1.94788779366523));
#1187=CARTESIAN_POINT('Ctrl Pts',(-0.458662458085259,3.64978080978393,-1.94548424357436));
#1188=CARTESIAN_POINT('Ctrl Pts',(-0.453567279989705,3.60677490178887,-1.96113711398216));
#1189=CARTESIAN_POINT('Ctrl Pts',(-0.448746589976356,3.61285900327792,-1.95892268213789));
#1190=CARTESIAN_POINT('Ctrl Pts',(-0.443037535399847,3.61832126749941,-1.95693458054957));
#1191=CARTESIAN_POINT('Ctrl Pts',(-0.436645471946568,3.6229535400412,-1.95524857122735));
#1192=CARTESIAN_POINT('',(-0.544456819213084,3.71806100632597,-1.80781565680297));
#1193=CARTESIAN_POINT('',(-0.436645471946567,3.6229535400412,-1.95524857122735));
#1194=CARTESIAN_POINT('Origin',(-0.436645471946568,3.55454951137606,-1.76731004707017));
#1195=CARTESIAN_POINT('',(-0.453567279989705,3.60677490178887,-1.96113711398216));
#1196=CARTESIAN_POINT('Ctrl Pts',(-0.436645471946568,3.6229535400412,-1.95524857122735));
#1197=CARTESIAN_POINT('Ctrl Pts',(-0.443037535399847,3.61832126749941,-1.95693458054957));
#1198=CARTESIAN_POINT('Ctrl Pts',(-0.448746589976356,3.61285900327792,-1.95892268213789));
#1199=CARTESIAN_POINT('Ctrl Pts',(-0.453567279989705,3.60677490178887,-1.96113711398216));
#1200=CARTESIAN_POINT('',(-0.595546544380995,3.66954825321418,-1.8245248349196));
#1201=CARTESIAN_POINT('Origin',(-0.453567279989705,3.53837087312373,-1.77319858982497));
#1202=CARTESIAN_POINT('Ctrl Pts',(-0.595546544380995,3.66954825321418,-1.8245248349196));
#1203=CARTESIAN_POINT('Ctrl Pts',(-0.580649719214607,3.68776946095093,-1.81916363981184));
#1204=CARTESIAN_POINT('Ctrl Pts',(-0.563412479798176,3.7041484619644,-1.81352414070523));
#1205=CARTESIAN_POINT('Ctrl Pts',(-0.544456819213084,3.71806100632597,-1.80781565680297));
#1206=CARTESIAN_POINT('Ctrl Pts',(-0.960576332822549,3.7483711935668,0.0974301554470544));
#1207=CARTESIAN_POINT('Ctrl Pts',(-0.886367917770473,3.75278015831355,-0.167598381630217));
#1208=CARTESIAN_POINT('Ctrl Pts',(-0.767824729002256,3.76080624669845,-0.610845866678791));
#1209=CARTESIAN_POINT('Ctrl Pts',(-0.645997697601279,3.76488940979277,-1.15066398340844));
#1210=CARTESIAN_POINT('Ctrl Pts',(-0.580592816193504,3.75331411113526,-1.51961759662372));
#1211=CARTESIAN_POINT('Ctrl Pts',(-0.555773396177671,3.73473294814612,-1.71049400857419));
#1212=CARTESIAN_POINT('Ctrl Pts',(-0.544394245686899,3.71796890666651,-1.80835371472502));
#1213=CARTESIAN_POINT('Ctrl Pts',(-1.04703221980264,3.74998929217845,0.0697986391692145));
#1214=CARTESIAN_POINT('Ctrl Pts',(-0.968933809989828,3.75109847614879,-0.193795359347389));
#1215=CARTESIAN_POINT('Ctrl Pts',(-0.842474728923474,3.75361353745959,-0.634264943449213));
#1216=CARTESIAN_POINT('Ctrl Pts',(-0.701956258123881,3.75002623131872,-1.16832067211469));
#1217=CARTESIAN_POINT('Ctrl Pts',(-0.615400425520837,3.73681821267494,-1.53082768676424));
#1218=CARTESIAN_POINT('Ctrl Pts',(-0.575147478863762,3.72181849148146,-1.71674914402306));
#1219=CARTESIAN_POINT('Ctrl Pts',(-0.555135924545919,3.71002398103462,-1.81180347470684));
#1220=CARTESIAN_POINT('Ctrl Pts',(-1.19761819347821,3.67569965448595,0.0204260743597675));
#1221=CARTESIAN_POINT('Ctrl Pts',(-1.11065237168369,3.67903620971598,-0.2400150759829));
#1222=CARTESIAN_POINT('Ctrl Pts',(-0.966367268966065,3.6856185925863,-0.674303445264128));
#1223=CARTESIAN_POINT('Ctrl Pts',(-0.791760717685428,3.69367273270334,-1.19721279612477));
#1224=CARTESIAN_POINT('Ctrl Pts',(-0.67086647631303,3.69635084027231,-1.54869445584959));
#1225=CARTESIAN_POINT('Ctrl Pts',(-0.606905615887227,3.69573317781034,-1.72691162879705));
#1226=CARTESIAN_POINT('Ctrl Pts',(-0.573033580259619,3.69475648934339,-1.81750219249462));
#1227=CARTESIAN_POINT('Ctrl Pts',(-1.25031896145576,3.51653016440407,0.000997051627915565));
#1228=CARTESIAN_POINT('Ctrl Pts',(-1.16409838099512,3.52938292922412,-0.259663642503166));
#1229=CARTESIAN_POINT('Ctrl Pts',(-1.02097463002199,3.55483598364816,-0.694092817435723));
#1230=CARTESIAN_POINT('Ctrl Pts',(-0.842894476801124,3.59994450327333,-1.21472262551702));
#1231=CARTESIAN_POINT('Ctrl Pts',(-0.710965905789328,3.63971832214959,-1.56163009181209));
#1232=CARTESIAN_POINT('Ctrl Pts',(-0.633946235338037,3.66437123047051,-1.73539562302161));
#1233=CARTESIAN_POINT('Ctrl Pts',(-0.589058948968485,3.67735673972961,-1.82251430835489));
#1234=CARTESIAN_POINT('Ctrl Pts',(-1.25,3.44845432416768,1.66533453693773E-16));
#1235=CARTESIAN_POINT('Ctrl Pts',(-1.16632949963349,3.46436128323961,-0.26154824381688));
#1236=CARTESIAN_POINT('Ctrl Pts',(-1.02783124049817,3.49638802334092,-0.697472944299425));
#1237=CARTESIAN_POINT('Ctrl Pts',(-0.855720084838252,3.55657822323657,-1.21946233608573));
#1238=CARTESIAN_POINT('Ctrl Pts',(-0.724738911729047,3.61328006794819,-1.56608190943585));
#1239=CARTESIAN_POINT('Ctrl Pts',(-0.644552208857141,3.65009330736404,-1.73868689063234));
#1240=CARTESIAN_POINT('Ctrl Pts',(-0.595546544380997,3.66954825321418,-1.8245248349196));
#1241=CARTESIAN_POINT('Ctrl Pts',(-0.933453173368434,3.75000574145594,2.76659035496757E-6));
#1242=CARTESIAN_POINT('Ctrl Pts',(-0.869036617145424,3.75393484599389,-0.232781592359205));
#1243=CARTESIAN_POINT('Ctrl Pts',(-0.760363947788596,3.76105630275051,-0.643904743824323));
#1244=CARTESIAN_POINT('Ctrl Pts',(-0.645997697601279,3.76488940979277,-1.15066398340844));
#1245=CARTESIAN_POINT('Ctrl Pts',(-0.58062278524267,3.75331941503135,-1.51944853907425));
#1246=CARTESIAN_POINT('Ctrl Pts',(-0.55581889263927,3.73476699356254,-1.71014416944467));
#1247=CARTESIAN_POINT('Ctrl Pts',(-0.544456824311288,3.71806100842012,-1.80781565775423));
#1248=CARTESIAN_POINT('Ctrl Pts',(-0.595546544380997,3.66954825321418,-1.8245248349196));
#1249=CARTESIAN_POINT('Ctrl Pts',(-0.644552208857141,3.65009330736404,-1.73868689063234));
#1250=CARTESIAN_POINT('Ctrl Pts',(-0.724738911729047,3.61328006794819,-1.56608190943585));
#1251=CARTESIAN_POINT('Ctrl Pts',(-0.855720084838252,3.55657822323657,-1.21946233608573));
#1252=CARTESIAN_POINT('Ctrl Pts',(-1.02783124049817,3.49638802334092,-0.697472944299425));
#1253=CARTESIAN_POINT('Ctrl Pts',(-1.16632949963349,3.46436128323961,-0.26154824381688));
#1254=CARTESIAN_POINT('Ctrl Pts',(-1.25,3.44845432416768,1.66533453693773E-16));
#1255=CARTESIAN_POINT('Ctrl Pts',(-1.25,3.67509180539283,0.));
#1256=CARTESIAN_POINT('Ctrl Pts',(-1.03025284670763,3.67323043572639,-0.612624374036795));
#1257=CARTESIAN_POINT('Ctrl Pts',(-0.810505693415263,3.67136906605995,-1.22524874807359));
#1258=CARTESIAN_POINT('Ctrl Pts',(-0.590758540122895,3.66950769639351,-1.83787312211039));
#1259=CARTESIAN_POINT('Ctrl Pts',(-1.25,3.33730152225969,0.));
#1260=CARTESIAN_POINT('Ctrl Pts',(-1.06428674369929,3.40732120481928,-0.625318020305311));
#1261=CARTESIAN_POINT('Ctrl Pts',(-0.878051660574514,3.4770771521361,-1.25073203238871));
#1262=CARTESIAN_POINT('Ctrl Pts',(-0.692338404273806,3.54709683469568,-1.87605005269403));
#1263=CARTESIAN_POINT('Ctrl Pts',(-1.25,2.7743177170378,0.));
#1264=CARTESIAN_POINT('Ctrl Pts',(-1.09992134117896,2.94656212266374,-0.652871613380588));
#1265=CARTESIAN_POINT('Ctrl Pts',(-0.949877693375815,3.11884700579742,-1.3057284941532));
#1266=CARTESIAN_POINT('Ctrl Pts',(-0.799799034554779,3.29109141142336,-1.95860010753379));
#1267=CARTESIAN_POINT('Ctrl Pts',(-1.25,1.98614038972714,0.));
#1268=CARTESIAN_POINT('Ctrl Pts',(-1.08654470833447,2.2952994995152,-0.693703225700769));
#1269=CARTESIAN_POINT('Ctrl Pts',(-0.922932843099189,2.60440336928313,-1.3874265571246));
#1270=CARTESIAN_POINT('Ctrl Pts',(-0.759477551433663,2.91356247907119,-2.08112978282537));
#1271=CARTESIAN_POINT('Ctrl Pts',(-1.25,1.53575334554962,0.));
#1272=CARTESIAN_POINT('Ctrl Pts',(-1.05164701995916,1.93181928275508,-0.713880006948354));
#1273=CARTESIAN_POINT('Ctrl Pts',(-0.8531634039364,2.32790095047973,-1.42775428845596));
#1274=CARTESIAN_POINT('Ctrl Pts',(-0.654810423895559,2.72396688768519,-2.14163429540431));
#1275=CARTESIAN_POINT('Ctrl Pts',(-1.25,1.31055982346086,0.));
#1276=CARTESIAN_POINT('Ctrl Pts',(-1.02880746740235,1.75468527571047,-0.722291913790031));
#1277=CARTESIAN_POINT('Ctrl Pts',(-0.8076149348047,2.19881072796008,-1.44458382758006));
#1278=CARTESIAN_POINT('Ctrl Pts',(-0.586422402207051,2.64293618020969,-2.16687574137009));
#1279=CARTESIAN_POINT('',(-0.586422402209967,2.64293618020383,-2.16687574136057));
#1280=CARTESIAN_POINT('Ctrl Pts',(-0.586422402209966,2.64293618020383,-2.16687574136057));
#1281=CARTESIAN_POINT('Ctrl Pts',(-0.699063057980333,2.76140425667561,-2.1116969968265));
#1282=CARTESIAN_POINT('Ctrl Pts',(-0.806711566342702,3.01392873041645,-2.00350743125297));
#1283=CARTESIAN_POINT('Ctrl Pts',(-0.771824606884805,3.38534114599352,-1.88361162513296));
#1284=CARTESIAN_POINT('Ctrl Pts',(-0.668684583684427,3.5846008372341,-1.83931443141158));
#1285=CARTESIAN_POINT('Ctrl Pts',(-0.595546544380995,3.66954825321418,-1.8245248349196));
#1286=CARTESIAN_POINT('Ctrl Pts',(-1.25000393325426,1.55074638838298,1.41827282769749E-6));
#1287=CARTESIAN_POINT('Ctrl Pts',(-1.16971435389042,1.70955108457204,-0.287710467455992));
#1288=CARTESIAN_POINT('Ctrl Pts',(-1.03005488007732,1.98082192062895,-0.788327783750212));
#1289=CARTESIAN_POINT('Ctrl Pts',(-0.852996891990278,2.29417078239604,-1.40261928059055));
#1290=CARTESIAN_POINT('Ctrl Pts',(-0.714185036669998,2.49957371580027,-1.83726286092571));
#1291=CARTESIAN_POINT('Ctrl Pts',(-0.632949628301865,2.59593405432866,-2.05705633851868));
#1292=CARTESIAN_POINT('Ctrl Pts',(-0.586422405161594,2.64293617356177,-2.16687574545385));
#1293=CARTESIAN_POINT('Ctrl Pts',(-0.453567279989704,3.60677490178887,-1.96113711398216));
#1294=CARTESIAN_POINT('Ctrl Pts',(-0.505823526975885,3.54082328299147,-1.98514154012608));
#1295=CARTESIAN_POINT('Ctrl Pts',(-0.580689808008059,3.3890536046486,-2.04038118550704));
#1296=CARTESIAN_POINT('Ctrl Pts',(-0.606011308225499,3.09798213434253,-2.14632253674255));
#1297=CARTESIAN_POINT('Ctrl Pts',(-0.523999499354053,2.89815751040769,-2.21905275192827));
#1298=CARTESIAN_POINT('Ctrl Pts',(-0.440335887046491,2.80311880166515,-2.25364401301365));
#1299=CARTESIAN_POINT('Ctrl Pts',(-0.48676979438609,3.6300052308892,-1.95268196565743));
#1300=CARTESIAN_POINT('Ctrl Pts',(-0.545046765167851,3.56162889374507,-1.97761899174066));
#1301=CARTESIAN_POINT('Ctrl Pts',(-0.629927291686308,3.40170258724887,-2.03586698502968));
#1302=CARTESIAN_POINT('Ctrl Pts',(-0.66002367947026,3.09038284428421,-2.14923952763655));
#1303=CARTESIAN_POINT('Ctrl Pts',(-0.568901783159481,2.87577482862771,-2.22725137319753));
#1304=CARTESIAN_POINT('Ctrl Pts',(-0.476932836032666,2.77467074538624,-2.2639982587219));
#1305=CARTESIAN_POINT('Ctrl Pts',(-0.544729028661347,3.66260252044715,-1.91606838275429));
#1306=CARTESIAN_POINT('Ctrl Pts',(-0.61341957351642,3.58860430527134,-1.93896260645919));
#1307=CARTESIAN_POINT('Ctrl Pts',(-0.715533412280699,3.41180168444011,-1.99563017864725));
#1308=CARTESIAN_POINT('Ctrl Pts',(-0.753700461572108,3.06389637068647,-2.11769222875178));
#1309=CARTESIAN_POINT('Ctrl Pts',(-0.647006410224639,2.82512984999862,-2.2094250039223));
#1310=CARTESIAN_POINT('Ctrl Pts',(-0.540700420036944,2.71452530029511,-2.25298047560777));
#1311=CARTESIAN_POINT('Ctrl Pts',(-0.583955189664778,3.67083622837947,-1.85329722622508));
#1312=CARTESIAN_POINT('Ctrl Pts',(-0.656896103122452,3.58922859415721,-1.87048810119325));
#1313=CARTESIAN_POINT('Ctrl Pts',(-0.762116862705146,3.39594661643217,-1.9183359639286));
#1314=CARTESIAN_POINT('Ctrl Pts',(-0.799374260767149,3.02820662295682,-2.03962462185084));
#1315=CARTESIAN_POINT('Ctrl Pts',(-0.689920331788846,2.77787869241797,-2.14407315990164));
#1316=CARTESIAN_POINT('Ctrl Pts',(-0.577683213795961,2.66127876625601,-2.19613468105483));
#1317=CARTESIAN_POINT('Ctrl Pts',(-0.595546544380995,3.66954825321418,-1.8245248349196));
#1318=CARTESIAN_POINT('Ctrl Pts',(-0.668684583684427,3.5846008372341,-1.83931443141158));
#1319=CARTESIAN_POINT('Ctrl Pts',(-0.771824606884805,3.38534114599352,-1.88361162513296));
#1320=CARTESIAN_POINT('Ctrl Pts',(-0.806711566342702,3.01392873041645,-2.00350743125297));
#1321=CARTESIAN_POINT('Ctrl Pts',(-0.699063057980333,2.76140425667561,-2.1116969968265));
#1322=CARTESIAN_POINT('Ctrl Pts',(-0.586422402209966,2.64293618020383,-2.16687574136057));
#1323=CARTESIAN_POINT('',(-0.440335887046492,2.80311880166515,-2.25364401301365));
#1324=CARTESIAN_POINT('Ctrl Pts',(-0.453567279989704,3.60677490178887,-1.96113711398216));
#1325=CARTESIAN_POINT('Ctrl Pts',(-0.505823526975885,3.54082328299147,-1.98514154012608));
#1326=CARTESIAN_POINT('Ctrl Pts',(-0.580689808008059,3.3890536046486,-2.04038118550704));
#1327=CARTESIAN_POINT('Ctrl Pts',(-0.606011308225499,3.09798213434253,-2.14632253674255));
#1328=CARTESIAN_POINT('Ctrl Pts',(-0.523999499354053,2.89815751040769,-2.21905275192827));
#1329=CARTESIAN_POINT('Ctrl Pts',(-0.440335887046491,2.80311880166515,-2.25364401301365));
#1330=CARTESIAN_POINT('Origin',(-0.440335887046492,2.73471477300002,-2.06570548885647));
#1331=CARTESIAN_POINT('Origin',(-4.28949804968811E-17,3.19485346911674,
-2.1110642543311));
#1332=CARTESIAN_POINT('Ctrl Pts',(-0.440335887046492,2.80311880166515,-2.25364401301365));
#1333=CARTESIAN_POINT('Ctrl Pts',(-0.436174591888923,2.79839172728282,-2.25536452738398));
#1334=CARTESIAN_POINT('Ctrl Pts',(-0.431491953812018,2.79407060788312,-2.25693728622418));
#1335=CARTESIAN_POINT('Ctrl Pts',(-0.426391300807347,2.79024141888443,-2.25833099704108));
#1336=CARTESIAN_POINT('Ctrl Pts',(0.436645471946569,3.6229535400412,-1.95524857122735));
#1337=CARTESIAN_POINT('Ctrl Pts',(0.366127619559544,3.67405721160292,-1.93664835591716));
#1338=CARTESIAN_POINT('Ctrl Pts',(0.202117229467457,3.74677426149146,-1.91018151423409));
#1339=CARTESIAN_POINT('Ctrl Pts',(-0.0230168195545263,3.76434144388668,
-1.9037875827423));
#1340=CARTESIAN_POINT('Ctrl Pts',(-0.243116472813846,3.72870056052409,-1.91675980340923));
#1341=CARTESIAN_POINT('Ctrl Pts',(-0.366127619559543,3.67405721160292,-1.93664835591716));
#1342=CARTESIAN_POINT('Ctrl Pts',(-0.436645471946568,3.6229535400412,-1.95524857122735));
#1343=CARTESIAN_POINT('',(-0.500000007450581,3.19485346911674,-2.1110642543311));
#1344=CARTESIAN_POINT('Origin',(0.,3.19485346911674,-2.1110642543311));
#1345=CARTESIAN_POINT('Ctrl Pts',(-0.545152091478221,2.60322516180936,-2.17914454813241));
#1346=CARTESIAN_POINT('Ctrl Pts',(-0.560158236423866,2.61527908917062,-2.17590416442065));
#1347=CARTESIAN_POINT('Ctrl Pts',(-0.574016708146999,2.62860522471705,-2.17178854599967));
#1348=CARTESIAN_POINT('Ctrl Pts',(-0.586422402209967,2.64293618020383,-2.16687574136057));
#1349=CARTESIAN_POINT('Ctrl Pts',(-0.535938253103791,2.62965079775186,-2.2180279100093));
#1350=CARTESIAN_POINT('Ctrl Pts',(-0.550048560293481,2.64116907285883,-2.2146729386478));
#1351=CARTESIAN_POINT('Ctrl Pts',(-0.563057308827137,2.65380084971598,-2.21061405472012));
#1352=CARTESIAN_POINT('Ctrl Pts',(-0.574770150991294,2.66739296160673,-2.20588766095291));
#1353=CARTESIAN_POINT('Ctrl Pts',(-0.501190740096148,2.69436109707375,-2.26865029076617));
#1354=CARTESIAN_POINT('Ctrl Pts',(-0.512327420350061,2.70344367380648,-2.26557223346376));
#1355=CARTESIAN_POINT('Ctrl Pts',(-0.522618649371296,2.71344780873112,-2.26207455100186));
#1356=CARTESIAN_POINT('Ctrl Pts',(-0.531879517028161,2.72419806173348,-2.25822163021907));
#1357=CARTESIAN_POINT('Ctrl Pts',(-0.448818220207721,2.7638623032103,-2.26793220995273));
#1358=CARTESIAN_POINT('Ctrl Pts',(-0.455728176632623,2.7692431732814,-2.26597246929019));
#1359=CARTESIAN_POINT('Ctrl Pts',(-0.462093835446735,2.77525646804364,-2.26378539718224));
#1360=CARTESIAN_POINT('Ctrl Pts',(-0.467783598786123,2.78178275945597,-2.26140969729484));
#1361=CARTESIAN_POINT('Ctrl Pts',(-0.426391300807347,2.79024141888443,-2.25833099704108));
#1362=CARTESIAN_POINT('Ctrl Pts',(-0.431491953812018,2.79407060788312,-2.25693728622418));
#1363=CARTESIAN_POINT('Ctrl Pts',(-0.436174591888923,2.79839172728282,-2.25536452738398));
#1364=CARTESIAN_POINT('Ctrl Pts',(-0.440335887046492,2.80311880166515,-2.25364401301365));
#1365=CARTESIAN_POINT('Ctrl Pts',(-0.545152091478221,2.60322516180936,-2.17914454813241));
#1366=CARTESIAN_POINT('Ctrl Pts',(-0.560158236423866,2.61527908917062,-2.17590416442065));
#1367=CARTESIAN_POINT('Ctrl Pts',(-0.574016708146999,2.62860522471705,-2.17178854599967));
#1368=CARTESIAN_POINT('Ctrl Pts',(-0.586422402209967,2.64293618020383,-2.16687574136057));
#1369=CARTESIAN_POINT('Ctrl Pts',(-1.27379233680235,1.50361689094865,0.0852372816754448));
#1370=CARTESIAN_POINT('Ctrl Pts',(-1.18562058042884,1.67857321825352,-0.230638985320044));
#1371=CARTESIAN_POINT('Ctrl Pts',(-1.03838919275109,1.96607224783445,-0.759412412787173));
#1372=CARTESIAN_POINT('Ctrl Pts',(-0.852996891990278,2.29417078239604,-1.40261928059055));
#1373=CARTESIAN_POINT('Ctrl Pts',(-0.714083873457135,2.49972340921533,-1.83757962018907));
#1374=CARTESIAN_POINT('Ctrl Pts',(-0.632712619566976,2.59621514755853,-2.05769753518685));
#1375=CARTESIAN_POINT('Ctrl Pts',(-0.586014463739525,2.64334809595498,-2.16783826132858));
#1376=CARTESIAN_POINT('Ctrl Pts',(-1.2635555334605,1.43187576420549,0.0457401738514143));
#1377=CARTESIAN_POINT('Ctrl Pts',(-1.17311732349024,1.61026135649934,-0.267336338772181));
#1378=CARTESIAN_POINT('Ctrl Pts',(-1.0223320066483,1.90473534534388,-0.790798771183129));
#1379=CARTESIAN_POINT('Ctrl Pts',(-0.833439809592033,2.24878227076005,-1.4235918328444));
#1380=CARTESIAN_POINT('Ctrl Pts',(-0.696584452220188,2.47195016266832,-1.8488181606223));
#1381=CARTESIAN_POINT('Ctrl Pts',(-0.620509698093181,2.58096613445115,-2.06305553903369));
#1382=CARTESIAN_POINT('Ctrl Pts',(-0.578976355608488,2.63515702778726,-2.17055644191489));
#1383=CARTESIAN_POINT('Ctrl Pts',(-1.18497842542682,1.30675668549102,-0.00617544720760544));
#1384=CARTESIAN_POINT('Ctrl Pts',(-1.09742146692001,1.49272012485679,-0.315409954701971));
#1385=CARTESIAN_POINT('Ctrl Pts',(-0.952109815163361,1.8022890232734,-0.831215112251615));
#1386=CARTESIAN_POINT('Ctrl Pts',(-0.77729392993171,2.17498578508184,-1.45084926734565));
#1387=CARTESIAN_POINT('Ctrl Pts',(-0.658190224685068,2.42687165785405,-1.86410468098636));
#1388=CARTESIAN_POINT('Ctrl Pts',(-0.597010114441515,2.55554424933273,-2.07100901612235));
#1389=CARTESIAN_POINT('Ctrl Pts',(-0.565866652925473,2.62132167152468,-2.17476347698772));
#1390=CARTESIAN_POINT('Ctrl Pts',(-1.04426140254112,1.25008293852625,-0.000314815563430116));
#1391=CARTESIAN_POINT('Ctrl Pts',(-0.965172011047382,1.43655969656815,-0.31165441777866));
#1392=CARTESIAN_POINT('Ctrl Pts',(-0.836711259854698,1.74737660827282,-0.831399413551219));
#1393=CARTESIAN_POINT('Ctrl Pts',(-0.694962899514822,2.12686031190523,-1.45579343836662));
#1394=CARTESIAN_POINT('Ctrl Pts',(-0.609050356382101,2.39138531983261,-1.87055707600609));
#1395=CARTESIAN_POINT('Ctrl Pts',(-0.570249356234457,2.53285028377589,-2.0763156336106));
#1396=CARTESIAN_POINT('Ctrl Pts',(-0.551511498990717,2.60850925035228,-2.1779630465666));
#1397=CARTESIAN_POINT('Ctrl Pts',(-0.984079956780033,1.2427972544601,0.0122007365623578));
#1398=CARTESIAN_POINT('Ctrl Pts',(-0.907863486505634,1.42766744257951,-0.300944619948778));
#1399=CARTESIAN_POINT('Ctrl Pts',(-0.785461498645178,1.73568117000372,-0.824073845448418));
#1400=CARTESIAN_POINT('Ctrl Pts',(-0.657385701882312,2.11241039313034,-1.45367398206263));
#1401=CARTESIAN_POINT('Ctrl Pts',(-0.586523242781033,2.37831764602152,-1.87162800221057));
#1402=CARTESIAN_POINT('Ctrl Pts',(-0.558256670760077,2.52369045849153,-2.07808809869677));
#1403=CARTESIAN_POINT('Ctrl Pts',(-0.545152091478222,2.60322516180937,-2.17914454813242));
#1404=CARTESIAN_POINT('Ctrl Pts',(0.436645471946569,3.6229535400412,-1.95524857122735));
#1405=CARTESIAN_POINT('Ctrl Pts',(0.366127619559544,3.67405721160292,-1.93664835591716));
#1406=CARTESIAN_POINT('Ctrl Pts',(0.202117229467457,3.74677426149146,-1.91018151423409));
#1407=CARTESIAN_POINT('Ctrl Pts',(-0.0230168195545263,3.76434144388668,
-1.9037875827423));
#1408=CARTESIAN_POINT('Ctrl Pts',(-0.243116472813846,3.72870056052409,-1.91675980340923));
#1409=CARTESIAN_POINT('Ctrl Pts',(-0.366127619559543,3.67405721160292,-1.93664835591716));
#1410=CARTESIAN_POINT('Ctrl Pts',(-0.436645471946568,3.6229535400412,-1.95524857122735));
#1411=CARTESIAN_POINT('Ctrl Pts',(0.461807741819359,3.65361327689004,-1.94408933962393));
#1412=CARTESIAN_POINT('Ctrl Pts',(0.388317575261262,3.71021418807863,-1.92353058446062));
#1413=CARTESIAN_POINT('Ctrl Pts',(0.215130563986239,3.79219350240441,-1.89373937196705));
#1414=CARTESIAN_POINT('Ctrl Pts',(-0.0245368177415817,3.81203908011122,
-1.88656452496433));
#1415=CARTESIAN_POINT('Ctrl Pts',(-0.258442306392759,3.77180726035942,-1.90113533235402));
#1416=CARTESIAN_POINT('Ctrl Pts',(-0.388317575261261,3.71021418807863,-1.92353058446062));
#1417=CARTESIAN_POINT('Ctrl Pts',(-0.461807741819358,3.65361327689004,-1.94408933962393));
#1418=CARTESIAN_POINT('Ctrl Pts',(0.505733733959974,3.69925797591588,-1.90296320697342));
#1419=CARTESIAN_POINT('Ctrl Pts',(0.427013950295561,3.76423546061103,-1.8758738420167));
#1420=CARTESIAN_POINT('Ctrl Pts',(0.237721049983724,3.85989147137771,-1.83406871980377));
#1421=CARTESIAN_POINT('Ctrl Pts',(-0.027179543468013,3.88290717997191,-1.82372973269755));
#1422=CARTESIAN_POINT('Ctrl Pts',(-0.28508183223403,3.83613544325206,-1.84449990471705));
#1423=CARTESIAN_POINT('Ctrl Pts',(-0.427013950295561,3.76423546061103,-1.8758738420167));
#1424=CARTESIAN_POINT('Ctrl Pts',(-0.505733733959973,3.69925797591588,-1.90296320697342));
#1425=CARTESIAN_POINT('Ctrl Pts',(0.53558834126113,3.7165843749727,-1.83738116054839));
#1426=CARTESIAN_POINT('Ctrl Pts',(0.451492289779066,3.78348896749335,-1.80235617580478));
#1427=CARTESIAN_POINT('Ctrl Pts',(0.249575793590431,3.87840160233415,-1.74716991221548));
#1428=CARTESIAN_POINT('Ctrl Pts',(-0.028425012063085,3.90028732898572,-1.73377774050313));
#1429=CARTESIAN_POINT('Ctrl Pts',(-0.300080098286577,3.85498941373831,-1.76089505413175));
#1430=CARTESIAN_POINT('Ctrl Pts',(-0.451492289779066,3.78348896749335,-1.80235617580478));
#1431=CARTESIAN_POINT('Ctrl Pts',(-0.535588341261128,3.71658437497271,-1.83738116054838));
#1432=CARTESIAN_POINT('Ctrl Pts',(0.544456819213086,3.71806100632597,-1.80781565680297));
#1433=CARTESIAN_POINT('Ctrl Pts',(0.458088423031529,3.78440070315332,-1.76989967777405));
#1434=CARTESIAN_POINT('Ctrl Pts',(0.251850492347661,3.87613910151997,-1.71050762468986));
#1435=CARTESIAN_POINT('Ctrl Pts',(-0.0286070183636711,3.89675340165438,
-1.69637602223803));
#1436=CARTESIAN_POINT('Ctrl Pts',(-0.303413766713017,3.85360288845149,-1.72522928931745));
#1437=CARTESIAN_POINT('Ctrl Pts',(-0.458088423031529,3.78440070315332,-1.76989967777405));
#1438=CARTESIAN_POINT('Ctrl Pts',(-0.544456819213085,3.71806100632597,-1.80781565680297));
#1439=CARTESIAN_POINT('Ctrl Pts',(-0.544456819213085,3.71806100632597,-1.80781565680297));
#1440=CARTESIAN_POINT('Ctrl Pts',(-0.458088423031529,3.78440070315332,-1.76989967777405));
#1441=CARTESIAN_POINT('Ctrl Pts',(-0.303413766713017,3.85360288845149,-1.72522928931745));
#1442=CARTESIAN_POINT('Ctrl Pts',(-0.0286070183636711,3.89675340165438,
-1.69637602223803));
#1443=CARTESIAN_POINT('Ctrl Pts',(0.251850492347661,3.87613910151997,-1.71050762468986));
#1444=CARTESIAN_POINT('Ctrl Pts',(0.458088423031529,3.78440070315332,-1.76989967777405));
#1445=CARTESIAN_POINT('Ctrl Pts',(0.544456819213086,3.71806100632597,-1.80781565680297));
#1446=CARTESIAN_POINT('Ctrl Pts',(1.17522792619464,3.75,0.));
#1447=CARTESIAN_POINT('Ctrl Pts',(0.964970890514663,3.73935366877434,-0.602605218990085));
#1448=CARTESIAN_POINT('Ctrl Pts',(0.75471385483469,3.72870733754867,-1.20521043798017));
#1449=CARTESIAN_POINT('Ctrl Pts',(0.544456819154718,3.71806100632301,-1.80781565697026));
#1450=CARTESIAN_POINT('Ctrl Pts',(0.839448518710455,3.75,0.));
#1451=CARTESIAN_POINT('Ctrl Pts',(0.697909026920332,3.77092940419174,-0.591112591173083));
#1452=CARTESIAN_POINT('Ctrl Pts',(0.556049891289223,3.79130263723093,-1.18242761209086));
#1453=CARTESIAN_POINT('Ctrl Pts',(0.4145103994991,3.81223204142267,-1.77354020326394));
#1454=CARTESIAN_POINT('Ctrl Pts',(0.279816172903486,3.75,0.));
#1455=CARTESIAN_POINT('Ctrl Pts',(0.234414653866459,3.8040465910058,-0.579058920930136));
#1456=CARTESIAN_POINT('Ctrl Pts',(0.189052681656639,3.85811688493631,-1.1581092147012));
#1457=CARTESIAN_POINT('Ctrl Pts',(0.143651162619612,3.91216347594212,-1.73716813563134));
#1458=CARTESIAN_POINT('Ctrl Pts',(-0.503669111226271,3.75,0.));
#1459=CARTESIAN_POINT('Ctrl Pts',(-0.421123791950462,3.79225613821983,-0.583350294792745));
#1460=CARTESIAN_POINT('Ctrl Pts',(-0.33865350155309,3.83433784829909,-1.16676407623669));
#1461=CARTESIAN_POINT('Ctrl Pts',(-0.256108182277282,3.87659398651892,-1.75011437102943));
#1462=CARTESIAN_POINT('Ctrl Pts',(-0.951374987871846,3.75,0.));
#1463=CARTESIAN_POINT('Ctrl Pts',(-0.786869212589704,3.76031099808919,-0.594977374929764));
#1464=CARTESIAN_POINT('Ctrl Pts',(-0.62233164799978,3.77053069830025,-1.18998797956962));
#1465=CARTESIAN_POINT('Ctrl Pts',(-0.457825872717638,3.78084169638945,-1.78496535449938));
#1466=CARTESIAN_POINT('Ctrl Pts',(-1.17522792619463,3.75,0.));
#1467=CARTESIAN_POINT('Ctrl Pts',(-0.964970890514661,3.73935366877434,-0.602605218990085));
#1468=CARTESIAN_POINT('Ctrl Pts',(-0.754713854834689,3.72870733754867,-1.20521043798017));
#1469=CARTESIAN_POINT('Ctrl Pts',(-0.544456819154717,3.71806100632301,-1.80781565697026));
#1470=CARTESIAN_POINT('Origin',(0.625,3.125,0.));
#1471=CARTESIAN_POINT('',(0.835,3.125,-0.38));
#1472=CARTESIAN_POINT('',(0.835,3.125,0.));
#1473=CARTESIAN_POINT('Origin',(0.625,3.125,-0.38));
#1474=CARTESIAN_POINT('Origin',(0.625,3.125,-0.38));
#1475=CARTESIAN_POINT('Origin',(-0.625,1.875,0.));
#1476=CARTESIAN_POINT('',(-0.415,1.875,-0.38));
#1477=CARTESIAN_POINT('',(-0.415,1.875,0.));
#1478=CARTESIAN_POINT('Origin',(-0.625,1.875,-0.38));
#1479=CARTESIAN_POINT('Origin',(-0.625,1.875,-0.38));
#1480=CARTESIAN_POINT('Origin',(0.,3.19485346911674,-2.1110642543311));
#1481=CARTESIAN_POINT('',(-0.500000007450581,3.19485346911674,-2.1110642543311));
#1482=CARTESIAN_POINT('',(-0.500000007450581,2.68182325412823,-0.701525323152238));
#1483=CARTESIAN_POINT('',(-0.500000007450581,3.19485346911674,-2.1110642543311));
#1484=CARTESIAN_POINT('Origin',(0.,2.68182325412823,-0.701525323152238));
#1485=CARTESIAN_POINT('Origin',(0.,2.68182325412823,-0.701525323152238));
#1486=UNCERTAINTY_MEASURE_WITH_UNIT(LENGTH_MEASURE(0.001),#1490,
'DISTANCE_ACCURACY_VALUE',
'Maximum model space distance between geometric entities at asserted c
onnectivities');
#1487=UNCERTAINTY_MEASURE_WITH_UNIT(LENGTH_MEASURE(0.001),#1490,
'DISTANCE_ACCURACY_VALUE',
'Maximum model space distance between geometric entities at asserted c
onnectivities');
#1488=(
GEOMETRIC_REPRESENTATION_CONTEXT(3)
GLOBAL_UNCERTAINTY_ASSIGNED_CONTEXT((#1486))
GLOBAL_UNIT_ASSIGNED_CONTEXT((#1490,#1492,#1493))
REPRESENTATION_CONTEXT('','3D')
);
#1489=(
GEOMETRIC_REPRESENTATION_CONTEXT(3)
GLOBAL_UNCERTAINTY_ASSIGNED_CONTEXT((#1487))
GLOBAL_UNIT_ASSIGNED_CONTEXT((#1490,#1492,#1493))
REPRESENTATION_CONTEXT('','3D')
);
#1490=(
LENGTH_UNIT()
NAMED_UNIT(*)
SI_UNIT(.CENTI.,.METRE.)
);
#1491=(
LENGTH_UNIT()
NAMED_UNIT(*)
SI_UNIT($,.METRE.)
);
#1492=(
NAMED_UNIT(*)
PLANE_ANGLE_UNIT()
SI_UNIT($,.RADIAN.)
);
#1493=(
NAMED_UNIT(*)
SI_UNIT($,.STERADIAN.)
SOLID_ANGLE_UNIT()
);
#1494=SHAPE_DEFINITION_REPRESENTATION(#1495,#1496);
#1495=PRODUCT_DEFINITION_SHAPE('',$,#1498);
#1496=SHAPE_REPRESENTATION('',(#449),#1488);
#1497=PRODUCT_DEFINITION_CONTEXT('part definition',#1502,'design');
#1498=PRODUCT_DEFINITION('export body bilbo','export body bilbo',#1499,
#1497);
#1499=PRODUCT_DEFINITION_FORMATION('',$,#1504);
#1500=PRODUCT_RELATED_PRODUCT_CATEGORY('export body bilbo',
'export body bilbo',(#1504));
#1501=APPLICATION_PROTOCOL_DEFINITION('international standard',
'automotive_design',2009,#1502);
#1502=APPLICATION_CONTEXT(
'Core Data for Automotive Mechanical Design Process');
#1503=PRODUCT_CONTEXT('part definition',#1502,'mechanical');
#1504=PRODUCT('export body bilbo','export body bilbo',$,(#1503));
#1505=PRESENTATION_STYLE_ASSIGNMENT((#1510));
#1506=PRESENTATION_STYLE_ASSIGNMENT((#1511));
#1507=PRESENTATION_STYLE_ASSIGNMENT((#1512));
#1508=PRESENTATION_STYLE_ASSIGNMENT((#1513));
#1509=PRESENTATION_STYLE_ASSIGNMENT((#1514));
#1510=SURFACE_STYLE_USAGE(.BOTH.,#1515);
#1511=SURFACE_STYLE_USAGE(.BOTH.,#1516);
#1512=SURFACE_STYLE_USAGE(.BOTH.,#1517);
#1513=SURFACE_STYLE_USAGE(.BOTH.,#1518);
#1514=SURFACE_STYLE_USAGE(.BOTH.,#1519);
#1515=SURFACE_SIDE_STYLE('',(#1520));
#1516=SURFACE_SIDE_STYLE('',(#1521));
#1517=SURFACE_SIDE_STYLE('',(#1522));
#1518=SURFACE_SIDE_STYLE('',(#1523));
#1519=SURFACE_SIDE_STYLE('',(#1524));
#1520=SURFACE_STYLE_FILL_AREA(#1525);
#1521=SURFACE_STYLE_FILL_AREA(#1526);
#1522=SURFACE_STYLE_FILL_AREA(#1527);
#1523=SURFACE_STYLE_FILL_AREA(#1528);
#1524=SURFACE_STYLE_FILL_AREA(#1529);
#1525=FILL_AREA_STYLE('ABS (White)',(#1530));
#1526=FILL_AREA_STYLE('Paint - Enamel Glossy (Black)',(#1531));
#1527=FILL_AREA_STYLE('Polymide (Kapton)',(#1532));
#1528=FILL_AREA_STYLE('Carbon Fiber - Plain',(#1533));
#1529=FILL_AREA_STYLE('Tough 2000 (with Formlabs SLA 3D Printers)',(#1534));
#1530=FILL_AREA_STYLE_COLOUR('ABS (White)',#1535);
#1531=FILL_AREA_STYLE_COLOUR('Paint - Enamel Glossy (Black)',#1536);
#1532=FILL_AREA_STYLE_COLOUR('Polymide (Kapton)',#1537);
#1533=FILL_AREA_STYLE_COLOUR('Carbon Fiber - Plain',#1538);
#1534=FILL_AREA_STYLE_COLOUR(
'Tough 2000 (with Formlabs SLA 3D Printers)',#1539);
#1535=COLOUR_RGB('ABS (White)',0.964705882352941,0.964705882352941,0.952941176470588);
#1536=COLOUR_RGB('Paint - Enamel Glossy (Black)',0.0980392156862745,0.0980392156862745,
0.0980392156862745);
#1537=COLOUR_RGB('Polymide (Kapton)',0.784313725490196,0.556862745098039,
0.0274509803921569);
#1538=COLOUR_RGB('Carbon Fiber - Plain',0.0980392156862745,0.0980392156862745,
0.0980392156862745);
#1539=COLOUR_RGB('Tough 2000 (with Formlabs SLA 3D Printers)',0.247058823529412,
0.247058823529412,0.247058823529412);
ENDSEC;
END-ISO-10303-21;
