ISO-10303-21;
HEADER;
/* Generated by software containing ST-Developer
 * from STEP Tools, Inc. (www.steptools.com) 
 */

FILE_DESCRIPTION(
/* description */ (''),
/* implementation_level */ '2;1');

FILE_NAME(
/* name */ 'BILBO landing gear bracket.step',
/* time_stamp */ '2026-04-05T23:43:25+05:30',
/* author */ (''),
/* organization */ (''),
/* preprocessor_version */ 'ST-DEVELOPER v20.1',
/* originating_system */ 'Autodesk Translation Framework v14.24.0.0',
/* authorisation */ '');

FILE_SCHEMA (('AUTOMOTIVE_DESIGN { 1 0 10303 214 3 1 1 }'));
ENDSEC;

DATA;
#10=MECHANICAL_DESIGN_GEOMETRIC_PRESENTATION_REPRESENTATION('',(#13),#1606);
#11=SHAPE_REPRESENTATION_RELATIONSHIP('SRR','None',#1613,#12);
#12=ADVANCED_BREP_SHAPE_REPRESENTATION('',(#14),#1605);
#13=STYLED_ITEM('',(#1624),#14);
#14=MANIFOLD_SOLID_BREP('Body55',#621);
#15=B_SPLINE_SURFACE_WITH_KNOTS('',3,3,((#1227,#1228,#1229,#1230,#1231,
#1232,#1233,#1234,#1235,#1236,#1237,#1238,#1239,#1240,#1241,#1242,#1243,
#1244,#1245,#1246,#1247,#1248,#1249,#1250,#1251,#1252),(#1253,#1254,#1255,
#1256,#1257,#1258,#1259,#1260,#1261,#1262,#1263,#1264,#1265,#1266,#1267,
#1268,#1269,#1270,#1271,#1272,#1273,#1274,#1275,#1276,#1277,#1278),(#1279,
#1280,#1281,#1282,#1283,#1284,#1285,#1286,#1287,#1288,#1289,#1290,#1291,
#1292,#1293,#1294,#1295,#1296,#1297,#1298,#1299,#1300,#1301,#1302,#1303,
#1304),(#1305,#1306,#1307,#1308,#1309,#1310,#1311,#1312,#1313,#1314,#1315,
#1316,#1317,#1318,#1319,#1320,#1321,#1322,#1323,#1324,#1325,#1326,#1327,
#1328,#1329,#1330),(#1331,#1332,#1333,#1334,#1335,#1336,#1337,#1338,#1339,
#1340,#1341,#1342,#1343,#1344,#1345,#1346,#1347,#1348,#1349,#1350,#1351,
#1352,#1353,#1354,#1355,#1356),(#1357,#1358,#1359,#1360,#1361,#1362,#1363,
#1364,#1365,#1366,#1367,#1368,#1369,#1370,#1371,#1372,#1373,#1374,#1375,
#1376,#1377,#1378,#1379,#1380,#1381,#1382)),.UNSPECIFIED.,.F.,.F.,.F.,(4,
1,1,4),(4,1,1,1,1,1,1,1,1,1,1,1,1,1,1,1,1,1,1,1,1,1,1,4),(0.,0.285714285714286,
0.571428571428571,1.),(0.,0.387740637266784,0.484675796583481,0.581610955900177,
0.678546115216873,0.775481274533569,0.872416433850265,0.969351593166961,
1.06628675248366,1.11475433214201,1.16322191180035,1.26015707111705,1.35709223043375,
1.45402738975044,1.47826117957962,1.55096254906714,1.64789770838383,1.74483286770053,
1.93870318633392,2.03563834565062,2.13257350496731,2.32644382360071,2.4233789829174,
2.71418446086749),.UNSPECIFIED.);
#16=B_SPLINE_SURFACE_WITH_KNOTS('',3,3,((#1444,#1445,#1446,#1447,#1448,
#1449,#1450,#1451,#1452,#1453,#1454,#1455,#1456,#1457,#1458,#1459,#1460,
#1461,#1462,#1463,#1464,#1465,#1466,#1467,#1468),(#1469,#1470,#1471,#1472,
#1473,#1474,#1475,#1476,#1477,#1478,#1479,#1480,#1481,#1482,#1483,#1484,
#1485,#1486,#1487,#1488,#1489,#1490,#1491,#1492,#1493),(#1494,#1495,#1496,
#1497,#1498,#1499,#1500,#1501,#1502,#1503,#1504,#1505,#1506,#1507,#1508,
#1509,#1510,#1511,#1512,#1513,#1514,#1515,#1516,#1517,#1518),(#1519,#1520,
#1521,#1522,#1523,#1524,#1525,#1526,#1527,#1528,#1529,#1530,#1531,#1532,
#1533,#1534,#1535,#1536,#1537,#1538,#1539,#1540,#1541,#1542,#1543),(#1544,
#1545,#1546,#1547,#1548,#1549,#1550,#1551,#1552,#1553,#1554,#1555,#1556,
#1557,#1558,#1559,#1560,#1561,#1562,#1563,#1564,#1565,#1566,#1567,#1568),
(#1569,#1570,#1571,#1572,#1573,#1574,#1575,#1576,#1577,#1578,#1579,#1580,
#1581,#1582,#1583,#1584,#1585,#1586,#1587,#1588,#1589,#1590,#1591,#1592,
#1593)),.UNSPECIFIED.,.F.,.F.,.F.,(4,1,1,4),(4,1,1,1,1,1,1,1,1,1,1,1,1,
1,1,1,1,1,1,1,1,1,4),(0.,0.285714285714286,0.571428571428571,1.),(0.,0.38774063726588,
0.58161095589882,0.67854611521529,0.77548127453176,0.969351593164699,1.06628675248117,
1.16322191179764,1.26015707111411,1.35709223043058,1.45402738974705,1.55096254906352,
1.59943012872175,1.64789770837999,1.74483286769646,1.9387031863294,2.03563834564587,
2.0841059253041,2.13257350496234,2.22950866427881,2.27797624393704,2.32644382359528,
2.71418446086116),.UNSPECIFIED.);
#17=PLANE('',#668);
#18=PLANE('',#671);
#19=PLANE('',#674);
#20=PLANE('',#698);
#21=PLANE('',#702);
#22=PLANE('',#703);
#23=PLANE('',#709);
#24=PLANE('',#717);
#25=TOROIDAL_SURFACE('',#644,0.4,0.1);
#26=TOROIDAL_SURFACE('',#651,0.4,0.1);
#27=TOROIDAL_SURFACE('',#657,0.4,0.1);
#28=TOROIDAL_SURFACE('',#663,0.4,0.1);
#29=TOROIDAL_SURFACE('',#676,0.4,0.1);
#30=TOROIDAL_SURFACE('',#682,0.4,0.1);
#31=TOROIDAL_SURFACE('',#687,0.4,0.1);
#32=TOROIDAL_SURFACE('',#693,0.4,0.1);
#33=TOROIDAL_SURFACE('',#712,1.25,0.5);
#34=FACE_BOUND('',#130,.T.);
#35=FACE_BOUND('',#131,.T.);
#36=FACE_BOUND('',#145,.T.);
#37=FACE_BOUND('',#158,.T.);
#38=CIRCLE('',#636,0.75);
#39=CIRCLE('',#637,0.75);
#40=CIRCLE('',#638,0.5);
#41=CIRCLE('',#639,0.500000007450581);
#42=CIRCLE('',#640,0.500000007450581);
#43=CIRCLE('',#642,0.75);
#44=CIRCLE('',#643,0.75);
#45=CIRCLE('',#645,0.100000000000002);
#46=CIRCLE('',#646,0.4);
#47=CIRCLE('',#647,0.1);
#48=CIRCLE('',#648,0.5);
#49=CIRCLE('',#650,0.1);
#50=CIRCLE('',#652,0.1);
#51=CIRCLE('',#653,0.5);
#52=CIRCLE('',#654,0.4);
#53=CIRCLE('',#656,0.1);
#54=CIRCLE('',#658,0.1);
#55=CIRCLE('',#659,0.5);
#56=CIRCLE('',#660,0.4);
#57=CIRCLE('',#662,0.1);
#58=CIRCLE('',#664,0.1);
#59=CIRCLE('',#665,0.5);
#60=CIRCLE('',#666,0.4);
#61=CIRCLE('',#670,0.5);
#62=CIRCLE('',#673,0.5);
#63=CIRCLE('',#675,0.55);
#64=CIRCLE('',#677,0.100000000000001);
#65=CIRCLE('',#678,0.4);
#66=CIRCLE('',#679,0.1);
#67=CIRCLE('',#681,0.1);
#68=CIRCLE('',#683,0.1);
#69=CIRCLE('',#684,0.4);
#70=CIRCLE('',#686,0.1);
#71=CIRCLE('',#688,0.1);
#72=CIRCLE('',#689,0.5);
#73=CIRCLE('',#690,0.4);
#74=CIRCLE('',#692,0.1);
#75=CIRCLE('',#694,0.1);
#76=CIRCLE('',#695,0.5);
#77=CIRCLE('',#696,0.4);
#78=CIRCLE('',#699,1.25);
#79=CIRCLE('',#701,0.500000000000001);
#80=CIRCLE('',#704,0.55);
#81=CIRCLE('',#706,0.5);
#82=CIRCLE('',#707,0.5);
#83=CIRCLE('',#710,1.25);
#84=CIRCLE('',#711,1.25);
#85=CIRCLE('',#713,0.5);
#86=CIRCLE('',#714,0.5);
#87=CIRCLE('',#718,0.500000007450581);
#88=(
BOUNDED_SURFACE()
B_SPLINE_SURFACE(2,2,((#1003,#1004,#1005,#1006,#1007,#1008,#1009,#1010,
#1011),(#1012,#1013,#1014,#1015,#1016,#1017,#1018,#1019,#1020),(#1021,#1022,
#1023,#1024,#1025,#1026,#1027,#1028,#1029)),.UNSPECIFIED.,.F.,.T.,.F.)
B_SPLINE_SURFACE_WITH_KNOTS((3,3),(3,2,2,2,3),(-1.04719753399022,1.21509964161841E-15),
(-3.14159265358979,-1.5707963267949,0.,1.5707963267949,3.14159265358979),
 .UNSPECIFIED.)
GEOMETRIC_REPRESENTATION_ITEM()
RATIONAL_B_SPLINE_SURFACE(((1.,0.707106781186548,1.,0.707106781186548,1.,
0.707106781186548,1.,0.707106781186548,1.),(0.866025408086029,0.612372438737478,
0.866025408086029,0.612372438737478,0.866025408086029,0.612372438737478,
0.866025408086029,0.612372438737478,0.866025408086029),(1.,0.707106781186548,
1.,0.707106781186548,1.,0.707106781186548,1.,0.707106781186548,1.)))
REPRESENTATION_ITEM('')
SURFACE()
);
#89=FACE_OUTER_BOUND('',#127,.T.);
#90=FACE_OUTER_BOUND('',#128,.T.);
#91=FACE_OUTER_BOUND('',#129,.T.);
#92=FACE_OUTER_BOUND('',#132,.T.);
#93=FACE_OUTER_BOUND('',#133,.T.);
#94=FACE_OUTER_BOUND('',#134,.T.);
#95=FACE_OUTER_BOUND('',#135,.T.);
#96=FACE_OUTER_BOUND('',#136,.T.);
#97=FACE_OUTER_BOUND('',#137,.T.);
#98=FACE_OUTER_BOUND('',#138,.T.);
#99=FACE_OUTER_BOUND('',#139,.T.);
#100=FACE_OUTER_BOUND('',#140,.T.);
#101=FACE_OUTER_BOUND('',#141,.T.);
#102=FACE_OUTER_BOUND('',#142,.T.);
#103=FACE_OUTER_BOUND('',#143,.T.);
#104=FACE_OUTER_BOUND('',#144,.T.);
#105=FACE_OUTER_BOUND('',#146,.T.);
#106=FACE_OUTER_BOUND('',#147,.T.);
#107=FACE_OUTER_BOUND('',#148,.T.);
#108=FACE_OUTER_BOUND('',#149,.T.);
#109=FACE_OUTER_BOUND('',#150,.T.);
#110=FACE_OUTER_BOUND('',#151,.T.);
#111=FACE_OUTER_BOUND('',#152,.T.);
#112=FACE_OUTER_BOUND('',#153,.T.);
#113=FACE_OUTER_BOUND('',#154,.T.);
#114=FACE_OUTER_BOUND('',#155,.T.);
#115=FACE_OUTER_BOUND('',#156,.T.);
#116=FACE_OUTER_BOUND('',#157,.T.);
#117=FACE_OUTER_BOUND('',#159,.T.);
#118=FACE_OUTER_BOUND('',#160,.T.);
#119=FACE_OUTER_BOUND('',#161,.T.);
#120=FACE_OUTER_BOUND('',#162,.T.);
#121=FACE_OUTER_BOUND('',#163,.T.);
#122=FACE_OUTER_BOUND('',#164,.T.);
#123=FACE_OUTER_BOUND('',#165,.T.);
#124=FACE_OUTER_BOUND('',#166,.T.);
#125=FACE_OUTER_BOUND('',#167,.T.);
#126=FACE_OUTER_BOUND('',#168,.T.);
#127=EDGE_LOOP('',(#385,#386,#387,#388,#389,#390));
#128=EDGE_LOOP('',(#391,#392,#393,#394,#395,#396));
#129=EDGE_LOOP('',(#397,#398,#399,#400,#401,#402));
#130=EDGE_LOOP('',(#403,#404));
#131=EDGE_LOOP('',(#405,#406));
#132=EDGE_LOOP('',(#407,#408,#409,#410));
#133=EDGE_LOOP('',(#411,#412,#413,#414));
#134=EDGE_LOOP('',(#415,#416,#417,#418));
#135=EDGE_LOOP('',(#419,#420,#421,#422));
#136=EDGE_LOOP('',(#423,#424,#425,#426));
#137=EDGE_LOOP('',(#427,#428,#429,#430));
#138=EDGE_LOOP('',(#431,#432,#433,#434));
#139=EDGE_LOOP('',(#435,#436,#437,#438));
#140=EDGE_LOOP('',(#439,#440,#441,#442,#443,#444));
#141=EDGE_LOOP('',(#445,#446,#447,#448));
#142=EDGE_LOOP('',(#449,#450,#451,#452));
#143=EDGE_LOOP('',(#453,#454,#455,#456));
#144=EDGE_LOOP('',(#457,#458,#459,#460,#461,#462,#463,#464));
#145=EDGE_LOOP('',(#465));
#146=EDGE_LOOP('',(#466,#467,#468,#469));
#147=EDGE_LOOP('',(#470,#471,#472,#473));
#148=EDGE_LOOP('',(#474,#475,#476,#477));
#149=EDGE_LOOP('',(#478,#479,#480,#481));
#150=EDGE_LOOP('',(#482,#483,#484,#485));
#151=EDGE_LOOP('',(#486,#487,#488,#489));
#152=EDGE_LOOP('',(#490,#491,#492,#493));
#153=EDGE_LOOP('',(#494,#495,#496,#497));
#154=EDGE_LOOP('',(#498,#499,#500,#501));
#155=EDGE_LOOP('',(#502,#503,#504,#505));
#156=EDGE_LOOP('',(#506,#507,#508,#509,#510,#511));
#157=EDGE_LOOP('',(#512,#513,#514,#515,#516,#517,#518,#519));
#158=EDGE_LOOP('',(#520));
#159=EDGE_LOOP('',(#521,#522,#523,#524));
#160=EDGE_LOOP('',(#525,#526,#527,#528));
#161=EDGE_LOOP('',(#529,#530,#531,#532));
#162=EDGE_LOOP('',(#533,#534,#535,#536,#537));
#163=EDGE_LOOP('',(#538,#539,#540,#541,#542,#543,#544,#545,#546));
#164=EDGE_LOOP('',(#547,#548,#549,#550));
#165=EDGE_LOOP('',(#551,#552,#553,#554));
#166=EDGE_LOOP('',(#555,#556,#557,#558));
#167=EDGE_LOOP('',(#559));
#168=EDGE_LOOP('',(#560,#561,#562,#563,#564));
#169=LINE('',#965,#201);
#170=LINE('',#1041,#202);
#171=LINE('',#1058,#203);
#172=LINE('',#1059,#204);
#173=LINE('',#1070,#205);
#174=LINE('',#1071,#206);
#175=LINE('',#1082,#207);
#176=LINE('',#1083,#208);
#177=LINE('',#1091,#209);
#178=LINE('',#1092,#210);
#179=LINE('',#1095,#211);
#180=LINE('',#1097,#212);
#181=LINE('',#1099,#213);
#182=LINE('',#1127,#214);
#183=LINE('',#1130,#215);
#184=LINE('',#1134,#216);
#185=LINE('',#1135,#217);
#186=LINE('',#1138,#218);
#187=LINE('',#1152,#219);
#188=LINE('',#1160,#220);
#189=LINE('',#1171,#221);
#190=LINE('',#1172,#222);
#191=LINE('',#1180,#223);
#192=LINE('',#1181,#224);
#193=LINE('',#1184,#225);
#194=LINE('',#1187,#226);
#195=LINE('',#1190,#227);
#196=LINE('',#1194,#228);
#197=LINE('',#1226,#229);
#198=LINE('',#1416,#230);
#199=LINE('',#1597,#231);
#200=LINE('',#1602,#232);
#201=VECTOR('',#724,0.14);
#202=VECTOR('',#737,0.75);
#203=VECTOR('',#756,1.);
#204=VECTOR('',#757,1.);
#205=VECTOR('',#770,1.);
#206=VECTOR('',#771,1.);
#207=VECTOR('',#784,1.);
#208=VECTOR('',#785,1.);
#209=VECTOR('',#796,1.);
#210=VECTOR('',#797,1.);
#211=VECTOR('',#800,1.);
#212=VECTOR('',#801,1.);
#213=VECTOR('',#802,1.);
#214=VECTOR('',#803,1.);
#215=VECTOR('',#806,1.);
#216=VECTOR('',#811,1.);
#217=VECTOR('',#812,1.);
#218=VECTOR('',#815,1.);
#219=VECTOR('',#834,1.);
#220=VECTOR('',#845,1.);
#221=VECTOR('',#858,1.);
#222=VECTOR('',#859,1.);
#223=VECTOR('',#870,1.);
#224=VECTOR('',#871,1.);
#225=VECTOR('',#874,1.);
#226=VECTOR('',#877,1.);
#227=VECTOR('',#880,1.);
#228=VECTOR('',#885,1.);
#229=VECTOR('',#894,1.);
#230=VECTOR('',#905,1.);
#231=VECTOR('',#916,0.55);
#232=VECTOR('',#923,0.500000007450581);
#233=B_SPLINE_CURVE_WITH_KNOTS('',3,(#928,#929,#930,#931,#932,#933,#934,
#935,#936,#937,#938,#939,#940,#941,#942,#943,#944,#945),.UNSPECIFIED.,.F.,
 .F.,(4,2,2,2,2,2,2,2,4),(0.,0.0529552946515481,0.105910589303096,0.158785806838486,
0.211661024373875,0.264536241909264,0.317411459444654,0.370366754096202,
0.42332204874775),.UNSPECIFIED.);
#234=B_SPLINE_CURVE_WITH_KNOTS('',3,(#946,#947,#948,#949,#950,#951,#952,
#953,#954,#955,#956,#957,#958,#959,#960,#961,#962,#963),.UNSPECIFIED.,.F.,
 .F.,(4,2,2,2,2,2,2,2,4),(0.42332204874775,0.47615133079335,0.52898061283895,
0.581819118842963,0.634657624846976,0.687496130850989,0.740334636855001,
0.793163918900601,0.845993200946201),.UNSPECIFIED.);
#235=B_SPLINE_CURVE_WITH_KNOTS('',3,(#967,#968,#969,#970,#971,#972,#973,
#974,#975,#976,#977,#978,#979,#980,#981,#982,#983,#984),.UNSPECIFIED.,.F.,
 .F.,(4,2,2,2,2,2,2,2,4),(0.,0.0529277194158398,0.10585543883168,0.158758234625371,
0.211661030419063,0.264563826212755,0.317466622006447,0.370394341422286,
0.423322060838126),.UNSPECIFIED.);
#236=B_SPLINE_CURVE_WITH_KNOTS('',3,(#985,#986,#987,#988,#989,#990,#991,
#992,#993,#994,#995,#996,#997,#998,#999,#1000,#1001,#1002),
 .UNSPECIFIED.,.F.,.F.,(4,2,2,2,2,2,2,2,4),(0.423322060838126,0.476178856364488,
0.52903565189085,0.581846652571224,0.634657653251599,0.687468653931974,
0.740279654612349,0.79313645013871,0.845993245665072),.UNSPECIFIED.);
#237=B_SPLINE_CURVE_WITH_KNOTS('',3,(#1101,#1102,#1103,#1104,#1105,#1106,
#1107,#1108,#1109,#1110,#1111,#1112,#1113,#1114,#1115,#1116,#1117,#1118,
#1119,#1120,#1121,#1122,#1123,#1124,#1125,#1126),.UNSPECIFIED.,.F.,.F.,
(4,1,1,1,1,1,1,1,1,1,1,1,1,1,1,1,1,1,1,1,1,1,1,4),(-2.71418446086749,-2.4233789829174,
-2.32644382360071,-2.13257350496731,-2.03563834565062,-1.93870318633392,
-1.74483286770053,-1.64789770838383,-1.55096254906714,-1.47826117957962,
-1.45402738975044,-1.35709223043375,-1.26015707111705,-1.16322191180035,
-1.11475433214201,-1.06628675248366,-0.969351593166961,-0.872416433850265,
-0.775481274533569,-0.678546115216873,-0.581610955900177,-0.484675796583481,
-0.387740637266784,0.),.UNSPECIFIED.);
#238=B_SPLINE_CURVE_WITH_KNOTS('',3,(#1195,#1196,#1197,#1198,#1199,#1200,
#1201,#1202,#1203,#1204,#1205,#1206,#1207,#1208,#1209,#1210,#1211,#1212,
#1213,#1214,#1215,#1216,#1217,#1218,#1219),.UNSPECIFIED.,.F.,.F.,(4,1,1,
1,1,1,1,1,1,1,1,1,1,1,1,1,1,1,1,1,1,1,4),(-2.71418446086116,-2.32644382359528,
-2.27797624393704,-2.22950866427881,-2.13257350496234,-2.0841059253041,
-2.03563834564587,-1.9387031863294,-1.74483286769646,-1.64789770837999,
-1.59943012872175,-1.55096254906352,-1.45402738974705,-1.35709223043058,
-1.26015707111411,-1.16322191179764,-1.06628675248117,-0.969351593164699,
-0.77548127453176,-0.67854611521529,-0.58161095589882,-0.38774063726588,
0.),.UNSPECIFIED.);
#239=B_SPLINE_CURVE_WITH_KNOTS('',3,(#1384,#1385,#1386,#1387,#1388,#1389,
#1390,#1391,#1392,#1393,#1394,#1395,#1396,#1397,#1398,#1399,#1400,#1401,
#1402,#1403,#1404,#1405,#1406,#1407,#1408,#1409),.UNSPECIFIED.,.F.,.F.,
(4,1,1,1,1,1,1,1,1,1,1,1,1,1,1,1,1,1,1,1,1,1,1,4),(0.,0.387740637266784,
0.484675796583481,0.581610955900177,0.678546115216873,0.775481274533569,
0.872416433850265,0.969351593166961,1.06628675248366,1.11475433214201,1.16322191180035,
1.26015707111705,1.35709223043375,1.45402738975044,1.47826117957962,1.55096254906714,
1.64789770838383,1.74483286770053,1.93870318633392,2.03563834565062,2.13257350496731,
2.32644382360071,2.4233789829174,2.71418446086749),.UNSPECIFIED.);
#240=B_SPLINE_CURVE_WITH_KNOTS('',3,(#1419,#1420,#1421,#1422,#1423,#1424,
#1425,#1426,#1427,#1428,#1429,#1430,#1431,#1432,#1433,#1434,#1435,#1436,
#1437,#1438,#1439,#1440,#1441,#1442,#1443),.UNSPECIFIED.,.F.,.F.,(4,1,1,
1,1,1,1,1,1,1,1,1,1,1,1,1,1,1,1,1,1,1,4),(0.,0.38774063726588,0.58161095589882,
0.67854611521529,0.77548127453176,0.969351593164699,1.06628675248117,1.16322191179764,
1.26015707111411,1.35709223043058,1.45402738974705,1.55096254906352,1.59943012872175,
1.64789770837999,1.74483286769646,1.9387031863294,2.03563834564587,2.0841059253041,
2.13257350496234,2.22950866427881,2.27797624393704,2.32644382359528,2.71418446086116),
 .UNSPECIFIED.);
#241=VERTEX_POINT('',#926);
#242=VERTEX_POINT('',#927);
#243=VERTEX_POINT('',#964);
#244=VERTEX_POINT('',#966);
#245=VERTEX_POINT('',#1030);
#246=VERTEX_POINT('',#1031);
#247=VERTEX_POINT('',#1034);
#248=VERTEX_POINT('',#1036);
#249=VERTEX_POINT('',#1040);
#250=VERTEX_POINT('',#1042);
#251=VERTEX_POINT('',#1046);
#252=VERTEX_POINT('',#1047);
#253=VERTEX_POINT('',#1049);
#254=VERTEX_POINT('',#1051);
#255=VERTEX_POINT('',#1055);
#256=VERTEX_POINT('',#1056);
#257=VERTEX_POINT('',#1061);
#258=VERTEX_POINT('',#1062);
#259=VERTEX_POINT('',#1067);
#260=VERTEX_POINT('',#1068);
#261=VERTEX_POINT('',#1073);
#262=VERTEX_POINT('',#1074);
#263=VERTEX_POINT('',#1079);
#264=VERTEX_POINT('',#1080);
#265=VERTEX_POINT('',#1085);
#266=VERTEX_POINT('',#1086);
#267=VERTEX_POINT('',#1094);
#268=VERTEX_POINT('',#1096);
#269=VERTEX_POINT('',#1098);
#270=VERTEX_POINT('',#1100);
#271=VERTEX_POINT('',#1129);
#272=VERTEX_POINT('',#1133);
#273=VERTEX_POINT('',#1137);
#274=VERTEX_POINT('',#1141);
#275=VERTEX_POINT('',#1144);
#276=VERTEX_POINT('',#1146);
#277=VERTEX_POINT('',#1150);
#278=VERTEX_POINT('',#1154);
#279=VERTEX_POINT('',#1158);
#280=VERTEX_POINT('',#1162);
#281=VERTEX_POINT('',#1163);
#282=VERTEX_POINT('',#1168);
#283=VERTEX_POINT('',#1169);
#284=VERTEX_POINT('',#1174);
#285=VERTEX_POINT('',#1175);
#286=VERTEX_POINT('',#1183);
#287=VERTEX_POINT('',#1185);
#288=VERTEX_POINT('',#1189);
#289=VERTEX_POINT('',#1193);
#290=VERTEX_POINT('',#1221);
#291=VERTEX_POINT('',#1224);
#292=VERTEX_POINT('',#1412);
#293=VERTEX_POINT('',#1414);
#294=VERTEX_POINT('',#1599);
#295=EDGE_CURVE('',#241,#242,#233,.T.);
#296=EDGE_CURVE('',#242,#241,#234,.T.);
#297=EDGE_CURVE('',#242,#243,#169,.T.);
#298=EDGE_CURVE('',#244,#243,#235,.T.);
#299=EDGE_CURVE('',#243,#244,#236,.T.);
#300=EDGE_CURVE('',#245,#246,#38,.T.);
#301=EDGE_CURVE('',#246,#245,#39,.T.);
#302=EDGE_CURVE('',#245,#247,#40,.T.);
#303=EDGE_CURVE('',#248,#247,#41,.T.);
#304=EDGE_CURVE('',#247,#248,#42,.T.);
#305=EDGE_CURVE('',#246,#249,#170,.T.);
#306=EDGE_CURVE('',#250,#249,#43,.T.);
#307=EDGE_CURVE('',#249,#250,#44,.T.);
#308=EDGE_CURVE('',#251,#252,#45,.T.);
#309=EDGE_CURVE('',#252,#253,#46,.T.);
#310=EDGE_CURVE('',#253,#254,#47,.T.);
#311=EDGE_CURVE('',#254,#251,#48,.T.);
#312=EDGE_CURVE('',#255,#256,#49,.T.);
#313=EDGE_CURVE('',#256,#254,#171,.T.);
#314=EDGE_CURVE('',#253,#255,#172,.T.);
#315=EDGE_CURVE('',#257,#258,#50,.T.);
#316=EDGE_CURVE('',#258,#256,#51,.T.);
#317=EDGE_CURVE('',#255,#257,#52,.T.);
#318=EDGE_CURVE('',#259,#260,#53,.T.);
#319=EDGE_CURVE('',#260,#258,#173,.T.);
#320=EDGE_CURVE('',#257,#259,#174,.T.);
#321=EDGE_CURVE('',#261,#262,#54,.T.);
#322=EDGE_CURVE('',#262,#260,#55,.T.);
#323=EDGE_CURVE('',#259,#261,#56,.T.);
#324=EDGE_CURVE('',#263,#264,#57,.T.);
#325=EDGE_CURVE('',#264,#262,#175,.T.);
#326=EDGE_CURVE('',#261,#263,#176,.T.);
#327=EDGE_CURVE('',#265,#266,#58,.T.);
#328=EDGE_CURVE('',#266,#264,#59,.T.);
#329=EDGE_CURVE('',#263,#265,#60,.T.);
#330=EDGE_CURVE('',#251,#266,#177,.T.);
#331=EDGE_CURVE('',#265,#252,#178,.T.);
#332=EDGE_CURVE('',#267,#264,#179,.T.);
#333=EDGE_CURVE('',#268,#267,#180,.T.);
#334=EDGE_CURVE('',#269,#268,#181,.T.);
#335=EDGE_CURVE('',#270,#269,#237,.T.);
#336=EDGE_CURVE('',#262,#270,#182,.T.);
#337=EDGE_CURVE('',#266,#271,#183,.T.);
#338=EDGE_CURVE('',#267,#271,#61,.T.);
#339=EDGE_CURVE('',#272,#251,#184,.T.);
#340=EDGE_CURVE('',#271,#272,#185,.T.);
#341=EDGE_CURVE('',#254,#273,#186,.T.);
#342=EDGE_CURVE('',#272,#273,#62,.T.);
#343=EDGE_CURVE('',#274,#274,#63,.T.);
#344=EDGE_CURVE('',#273,#275,#64,.T.);
#345=EDGE_CURVE('',#275,#276,#65,.T.);
#346=EDGE_CURVE('',#276,#272,#66,.T.);
#347=EDGE_CURVE('',#277,#271,#67,.T.);
#348=EDGE_CURVE('',#276,#277,#187,.T.);
#349=EDGE_CURVE('',#278,#267,#68,.T.);
#350=EDGE_CURVE('',#277,#278,#69,.T.);
#351=EDGE_CURVE('',#279,#268,#70,.T.);
#352=EDGE_CURVE('',#278,#279,#188,.T.);
#353=EDGE_CURVE('',#280,#281,#71,.T.);
#354=EDGE_CURVE('',#281,#268,#72,.T.);
#355=EDGE_CURVE('',#279,#280,#73,.T.);
#356=EDGE_CURVE('',#282,#283,#74,.T.);
#357=EDGE_CURVE('',#283,#281,#189,.T.);
#358=EDGE_CURVE('',#280,#282,#190,.T.);
#359=EDGE_CURVE('',#284,#285,#75,.T.);
#360=EDGE_CURVE('',#285,#283,#76,.T.);
#361=EDGE_CURVE('',#282,#284,#77,.T.);
#362=EDGE_CURVE('',#273,#285,#191,.T.);
#363=EDGE_CURVE('',#284,#275,#192,.T.);
#364=EDGE_CURVE('',#286,#283,#193,.T.);
#365=EDGE_CURVE('',#287,#286,#78,.T.);
#366=EDGE_CURVE('',#281,#287,#194,.T.);
#367=EDGE_CURVE('',#285,#288,#195,.T.);
#368=EDGE_CURVE('',#288,#286,#79,.T.);
#369=EDGE_CURVE('',#289,#256,#196,.T.);
#370=EDGE_CURVE('',#288,#289,#238,.T.);
#371=EDGE_CURVE('',#290,#290,#80,.T.);
#372=EDGE_CURVE('',#270,#291,#81,.T.);
#373=EDGE_CURVE('',#291,#260,#197,.T.);
#374=EDGE_CURVE('',#269,#287,#82,.T.);
#375=EDGE_CURVE('',#287,#291,#239,.T.);
#376=EDGE_CURVE('',#292,#291,#83,.T.);
#377=EDGE_CURVE('',#293,#292,#84,.T.);
#378=EDGE_CURVE('',#258,#293,#198,.T.);
#379=EDGE_CURVE('',#250,#292,#85,.T.);
#380=EDGE_CURVE('',#293,#286,#240,.T.);
#381=EDGE_CURVE('',#289,#293,#86,.T.);
#382=EDGE_CURVE('',#290,#274,#199,.T.);
#383=EDGE_CURVE('',#294,#294,#87,.T.);
#384=EDGE_CURVE('',#248,#294,#200,.T.);
#385=ORIENTED_EDGE('',*,*,#295,.F.);
#386=ORIENTED_EDGE('',*,*,#296,.F.);
#387=ORIENTED_EDGE('',*,*,#297,.T.);
#388=ORIENTED_EDGE('',*,*,#298,.F.);
#389=ORIENTED_EDGE('',*,*,#299,.F.);
#390=ORIENTED_EDGE('',*,*,#297,.F.);
#391=ORIENTED_EDGE('',*,*,#300,.T.);
#392=ORIENTED_EDGE('',*,*,#301,.T.);
#393=ORIENTED_EDGE('',*,*,#302,.T.);
#394=ORIENTED_EDGE('',*,*,#303,.F.);
#395=ORIENTED_EDGE('',*,*,#304,.F.);
#396=ORIENTED_EDGE('',*,*,#302,.F.);
#397=ORIENTED_EDGE('',*,*,#300,.F.);
#398=ORIENTED_EDGE('',*,*,#301,.F.);
#399=ORIENTED_EDGE('',*,*,#305,.T.);
#400=ORIENTED_EDGE('',*,*,#306,.F.);
#401=ORIENTED_EDGE('',*,*,#307,.F.);
#402=ORIENTED_EDGE('',*,*,#305,.F.);
#403=ORIENTED_EDGE('',*,*,#298,.T.);
#404=ORIENTED_EDGE('',*,*,#299,.T.);
#405=ORIENTED_EDGE('',*,*,#295,.T.);
#406=ORIENTED_EDGE('',*,*,#296,.T.);
#407=ORIENTED_EDGE('',*,*,#308,.T.);
#408=ORIENTED_EDGE('',*,*,#309,.T.);
#409=ORIENTED_EDGE('',*,*,#310,.T.);
#410=ORIENTED_EDGE('',*,*,#311,.T.);
#411=ORIENTED_EDGE('',*,*,#312,.T.);
#412=ORIENTED_EDGE('',*,*,#313,.T.);
#413=ORIENTED_EDGE('',*,*,#310,.F.);
#414=ORIENTED_EDGE('',*,*,#314,.T.);
#415=ORIENTED_EDGE('',*,*,#315,.T.);
#416=ORIENTED_EDGE('',*,*,#316,.T.);
#417=ORIENTED_EDGE('',*,*,#312,.F.);
#418=ORIENTED_EDGE('',*,*,#317,.T.);
#419=ORIENTED_EDGE('',*,*,#318,.T.);
#420=ORIENTED_EDGE('',*,*,#319,.T.);
#421=ORIENTED_EDGE('',*,*,#315,.F.);
#422=ORIENTED_EDGE('',*,*,#320,.T.);
#423=ORIENTED_EDGE('',*,*,#321,.T.);
#424=ORIENTED_EDGE('',*,*,#322,.T.);
#425=ORIENTED_EDGE('',*,*,#318,.F.);
#426=ORIENTED_EDGE('',*,*,#323,.T.);
#427=ORIENTED_EDGE('',*,*,#324,.T.);
#428=ORIENTED_EDGE('',*,*,#325,.T.);
#429=ORIENTED_EDGE('',*,*,#321,.F.);
#430=ORIENTED_EDGE('',*,*,#326,.T.);
#431=ORIENTED_EDGE('',*,*,#327,.T.);
#432=ORIENTED_EDGE('',*,*,#328,.T.);
#433=ORIENTED_EDGE('',*,*,#324,.F.);
#434=ORIENTED_EDGE('',*,*,#329,.T.);
#435=ORIENTED_EDGE('',*,*,#308,.F.);
#436=ORIENTED_EDGE('',*,*,#330,.T.);
#437=ORIENTED_EDGE('',*,*,#327,.F.);
#438=ORIENTED_EDGE('',*,*,#331,.T.);
#439=ORIENTED_EDGE('',*,*,#325,.F.);
#440=ORIENTED_EDGE('',*,*,#332,.F.);
#441=ORIENTED_EDGE('',*,*,#333,.F.);
#442=ORIENTED_EDGE('',*,*,#334,.F.);
#443=ORIENTED_EDGE('',*,*,#335,.F.);
#444=ORIENTED_EDGE('',*,*,#336,.F.);
#445=ORIENTED_EDGE('',*,*,#328,.F.);
#446=ORIENTED_EDGE('',*,*,#337,.T.);
#447=ORIENTED_EDGE('',*,*,#338,.F.);
#448=ORIENTED_EDGE('',*,*,#332,.T.);
#449=ORIENTED_EDGE('',*,*,#330,.F.);
#450=ORIENTED_EDGE('',*,*,#339,.F.);
#451=ORIENTED_EDGE('',*,*,#340,.F.);
#452=ORIENTED_EDGE('',*,*,#337,.F.);
#453=ORIENTED_EDGE('',*,*,#311,.F.);
#454=ORIENTED_EDGE('',*,*,#341,.T.);
#455=ORIENTED_EDGE('',*,*,#342,.F.);
#456=ORIENTED_EDGE('',*,*,#339,.T.);
#457=ORIENTED_EDGE('',*,*,#309,.F.);
#458=ORIENTED_EDGE('',*,*,#331,.F.);
#459=ORIENTED_EDGE('',*,*,#329,.F.);
#460=ORIENTED_EDGE('',*,*,#326,.F.);
#461=ORIENTED_EDGE('',*,*,#323,.F.);
#462=ORIENTED_EDGE('',*,*,#320,.F.);
#463=ORIENTED_EDGE('',*,*,#317,.F.);
#464=ORIENTED_EDGE('',*,*,#314,.F.);
#465=ORIENTED_EDGE('',*,*,#343,.T.);
#466=ORIENTED_EDGE('',*,*,#344,.T.);
#467=ORIENTED_EDGE('',*,*,#345,.T.);
#468=ORIENTED_EDGE('',*,*,#346,.T.);
#469=ORIENTED_EDGE('',*,*,#342,.T.);
#470=ORIENTED_EDGE('',*,*,#347,.T.);
#471=ORIENTED_EDGE('',*,*,#340,.T.);
#472=ORIENTED_EDGE('',*,*,#346,.F.);
#473=ORIENTED_EDGE('',*,*,#348,.T.);
#474=ORIENTED_EDGE('',*,*,#349,.T.);
#475=ORIENTED_EDGE('',*,*,#338,.T.);
#476=ORIENTED_EDGE('',*,*,#347,.F.);
#477=ORIENTED_EDGE('',*,*,#350,.T.);
#478=ORIENTED_EDGE('',*,*,#351,.T.);
#479=ORIENTED_EDGE('',*,*,#333,.T.);
#480=ORIENTED_EDGE('',*,*,#349,.F.);
#481=ORIENTED_EDGE('',*,*,#352,.T.);
#482=ORIENTED_EDGE('',*,*,#353,.T.);
#483=ORIENTED_EDGE('',*,*,#354,.T.);
#484=ORIENTED_EDGE('',*,*,#351,.F.);
#485=ORIENTED_EDGE('',*,*,#355,.T.);
#486=ORIENTED_EDGE('',*,*,#356,.T.);
#487=ORIENTED_EDGE('',*,*,#357,.T.);
#488=ORIENTED_EDGE('',*,*,#353,.F.);
#489=ORIENTED_EDGE('',*,*,#358,.T.);
#490=ORIENTED_EDGE('',*,*,#359,.T.);
#491=ORIENTED_EDGE('',*,*,#360,.T.);
#492=ORIENTED_EDGE('',*,*,#356,.F.);
#493=ORIENTED_EDGE('',*,*,#361,.T.);
#494=ORIENTED_EDGE('',*,*,#344,.F.);
#495=ORIENTED_EDGE('',*,*,#362,.T.);
#496=ORIENTED_EDGE('',*,*,#359,.F.);
#497=ORIENTED_EDGE('',*,*,#363,.T.);
#498=ORIENTED_EDGE('',*,*,#357,.F.);
#499=ORIENTED_EDGE('',*,*,#364,.F.);
#500=ORIENTED_EDGE('',*,*,#365,.F.);
#501=ORIENTED_EDGE('',*,*,#366,.F.);
#502=ORIENTED_EDGE('',*,*,#360,.F.);
#503=ORIENTED_EDGE('',*,*,#367,.T.);
#504=ORIENTED_EDGE('',*,*,#368,.T.);
#505=ORIENTED_EDGE('',*,*,#364,.T.);
#506=ORIENTED_EDGE('',*,*,#313,.F.);
#507=ORIENTED_EDGE('',*,*,#369,.F.);
#508=ORIENTED_EDGE('',*,*,#370,.F.);
#509=ORIENTED_EDGE('',*,*,#367,.F.);
#510=ORIENTED_EDGE('',*,*,#362,.F.);
#511=ORIENTED_EDGE('',*,*,#341,.F.);
#512=ORIENTED_EDGE('',*,*,#345,.F.);
#513=ORIENTED_EDGE('',*,*,#363,.F.);
#514=ORIENTED_EDGE('',*,*,#361,.F.);
#515=ORIENTED_EDGE('',*,*,#358,.F.);
#516=ORIENTED_EDGE('',*,*,#355,.F.);
#517=ORIENTED_EDGE('',*,*,#352,.F.);
#518=ORIENTED_EDGE('',*,*,#350,.F.);
#519=ORIENTED_EDGE('',*,*,#348,.F.);
#520=ORIENTED_EDGE('',*,*,#371,.T.);
#521=ORIENTED_EDGE('',*,*,#322,.F.);
#522=ORIENTED_EDGE('',*,*,#336,.T.);
#523=ORIENTED_EDGE('',*,*,#372,.T.);
#524=ORIENTED_EDGE('',*,*,#373,.T.);
#525=ORIENTED_EDGE('',*,*,#372,.F.);
#526=ORIENTED_EDGE('',*,*,#335,.T.);
#527=ORIENTED_EDGE('',*,*,#374,.T.);
#528=ORIENTED_EDGE('',*,*,#375,.T.);
#529=ORIENTED_EDGE('',*,*,#354,.F.);
#530=ORIENTED_EDGE('',*,*,#366,.T.);
#531=ORIENTED_EDGE('',*,*,#374,.F.);
#532=ORIENTED_EDGE('',*,*,#334,.T.);
#533=ORIENTED_EDGE('',*,*,#319,.F.);
#534=ORIENTED_EDGE('',*,*,#373,.F.);
#535=ORIENTED_EDGE('',*,*,#376,.F.);
#536=ORIENTED_EDGE('',*,*,#377,.F.);
#537=ORIENTED_EDGE('',*,*,#378,.F.);
#538=ORIENTED_EDGE('',*,*,#307,.T.);
#539=ORIENTED_EDGE('',*,*,#379,.T.);
#540=ORIENTED_EDGE('',*,*,#376,.T.);
#541=ORIENTED_EDGE('',*,*,#375,.F.);
#542=ORIENTED_EDGE('',*,*,#365,.T.);
#543=ORIENTED_EDGE('',*,*,#380,.F.);
#544=ORIENTED_EDGE('',*,*,#377,.T.);
#545=ORIENTED_EDGE('',*,*,#379,.F.);
#546=ORIENTED_EDGE('',*,*,#306,.T.);
#547=ORIENTED_EDGE('',*,*,#368,.F.);
#548=ORIENTED_EDGE('',*,*,#370,.T.);
#549=ORIENTED_EDGE('',*,*,#381,.T.);
#550=ORIENTED_EDGE('',*,*,#380,.T.);
#551=ORIENTED_EDGE('',*,*,#316,.F.);
#552=ORIENTED_EDGE('',*,*,#378,.T.);
#553=ORIENTED_EDGE('',*,*,#381,.F.);
#554=ORIENTED_EDGE('',*,*,#369,.T.);
#555=ORIENTED_EDGE('',*,*,#371,.F.);
#556=ORIENTED_EDGE('',*,*,#382,.T.);
#557=ORIENTED_EDGE('',*,*,#343,.F.);
#558=ORIENTED_EDGE('',*,*,#382,.F.);
#559=ORIENTED_EDGE('',*,*,#383,.T.);
#560=ORIENTED_EDGE('',*,*,#303,.T.);
#561=ORIENTED_EDGE('',*,*,#304,.T.);
#562=ORIENTED_EDGE('',*,*,#384,.T.);
#563=ORIENTED_EDGE('',*,*,#383,.F.);
#564=ORIENTED_EDGE('',*,*,#384,.F.);
#565=CYLINDRICAL_SURFACE('',#635,0.14);
#566=CYLINDRICAL_SURFACE('',#641,0.75);
#567=CYLINDRICAL_SURFACE('',#649,0.1);
#568=CYLINDRICAL_SURFACE('',#655,0.1);
#569=CYLINDRICAL_SURFACE('',#661,0.1);
#570=CYLINDRICAL_SURFACE('',#667,0.1);
#571=CYLINDRICAL_SURFACE('',#669,0.5);
#572=CYLINDRICAL_SURFACE('',#672,0.5);
#573=CYLINDRICAL_SURFACE('',#680,0.1);
#574=CYLINDRICAL_SURFACE('',#685,0.1);
#575=CYLINDRICAL_SURFACE('',#691,0.1);
#576=CYLINDRICAL_SURFACE('',#697,0.1);
#577=CYLINDRICAL_SURFACE('',#700,0.5);
#578=CYLINDRICAL_SURFACE('',#705,0.5);
#579=CYLINDRICAL_SURFACE('',#708,0.5);
#580=CYLINDRICAL_SURFACE('',#715,0.5);
#581=CYLINDRICAL_SURFACE('',#716,0.55);
#582=CYLINDRICAL_SURFACE('',#719,0.500000007450581);
#583=ADVANCED_FACE('',(#89),#565,.F.);
#584=ADVANCED_FACE('',(#90),#88,.T.);
#585=ADVANCED_FACE('',(#91,#34,#35),#566,.T.);
#586=ADVANCED_FACE('',(#92),#25,.T.);
#587=ADVANCED_FACE('',(#93),#567,.T.);
#588=ADVANCED_FACE('',(#94),#26,.T.);
#589=ADVANCED_FACE('',(#95),#568,.T.);
#590=ADVANCED_FACE('',(#96),#27,.T.);
#591=ADVANCED_FACE('',(#97),#569,.T.);
#592=ADVANCED_FACE('',(#98),#28,.T.);
#593=ADVANCED_FACE('',(#99),#570,.T.);
#594=ADVANCED_FACE('',(#100),#17,.T.);
#595=ADVANCED_FACE('',(#101),#571,.T.);
#596=ADVANCED_FACE('',(#102),#18,.T.);
#597=ADVANCED_FACE('',(#103),#572,.T.);
#598=ADVANCED_FACE('',(#104,#36),#19,.T.);
#599=ADVANCED_FACE('',(#105),#29,.T.);
#600=ADVANCED_FACE('',(#106),#573,.T.);
#601=ADVANCED_FACE('',(#107),#30,.T.);
#602=ADVANCED_FACE('',(#108),#574,.T.);
#603=ADVANCED_FACE('',(#109),#31,.T.);
#604=ADVANCED_FACE('',(#110),#575,.T.);
#605=ADVANCED_FACE('',(#111),#32,.T.);
#606=ADVANCED_FACE('',(#112),#576,.T.);
#607=ADVANCED_FACE('',(#113),#20,.F.);
#608=ADVANCED_FACE('',(#114),#577,.T.);
#609=ADVANCED_FACE('',(#115),#21,.T.);
#610=ADVANCED_FACE('',(#116,#37),#22,.T.);
#611=ADVANCED_FACE('',(#117),#578,.T.);
#612=ADVANCED_FACE('',(#118),#15,.F.);
#613=ADVANCED_FACE('',(#119),#579,.T.);
#614=ADVANCED_FACE('',(#120),#23,.F.);
#615=ADVANCED_FACE('',(#121),#33,.F.);
#616=ADVANCED_FACE('',(#122),#16,.F.);
#617=ADVANCED_FACE('',(#123),#580,.T.);
#618=ADVANCED_FACE('',(#124),#581,.F.);
#619=ADVANCED_FACE('',(#125),#24,.F.);
#620=ADVANCED_FACE('',(#126),#582,.F.);
#621=CLOSED_SHELL('',(#583,#584,#585,#586,#587,#588,#589,#590,#591,#592,
#593,#594,#595,#596,#597,#598,#599,#600,#601,#602,#603,#604,#605,#606,#607,
#608,#609,#610,#611,#612,#613,#614,#615,#616,#617,#618,#619,#620));
#622=DERIVED_UNIT_ELEMENT(#624,1.);
#623=DERIVED_UNIT_ELEMENT(#1608,-3.);
#624=(
MASS_UNIT()
NAMED_UNIT(*)
SI_UNIT(.KILO.,.GRAM.)
);
#625=DERIVED_UNIT((#622,#623));
#626=MEASURE_REPRESENTATION_ITEM('density measure',
POSITIVE_RATIO_MEASURE(1060.),#625);
#627=PROPERTY_DEFINITION_REPRESENTATION(#632,#629);
#628=PROPERTY_DEFINITION_REPRESENTATION(#633,#630);
#629=REPRESENTATION('material name',(#631),#1605);
#630=REPRESENTATION('density',(#626),#1605);
#631=DESCRIPTIVE_REPRESENTATION_ITEM('ABS Plastic','ABS Plastic');
#632=PROPERTY_DEFINITION('material property','material name',#1615);
#633=PROPERTY_DEFINITION('material property','density of part',#1615);
#634=AXIS2_PLACEMENT_3D('',#924,#720,#721);
#635=AXIS2_PLACEMENT_3D('',#925,#722,#723);
#636=AXIS2_PLACEMENT_3D('',#1032,#725,#726);
#637=AXIS2_PLACEMENT_3D('',#1033,#727,#728);
#638=AXIS2_PLACEMENT_3D('',#1035,#729,#730);
#639=AXIS2_PLACEMENT_3D('',#1037,#731,#732);
#640=AXIS2_PLACEMENT_3D('',#1038,#733,#734);
#641=AXIS2_PLACEMENT_3D('',#1039,#735,#736);
#642=AXIS2_PLACEMENT_3D('',#1043,#738,#739);
#643=AXIS2_PLACEMENT_3D('',#1044,#740,#741);
#644=AXIS2_PLACEMENT_3D('',#1045,#742,#743);
#645=AXIS2_PLACEMENT_3D('',#1048,#744,#745);
#646=AXIS2_PLACEMENT_3D('',#1050,#746,#747);
#647=AXIS2_PLACEMENT_3D('',#1052,#748,#749);
#648=AXIS2_PLACEMENT_3D('',#1053,#750,#751);
#649=AXIS2_PLACEMENT_3D('',#1054,#752,#753);
#650=AXIS2_PLACEMENT_3D('',#1057,#754,#755);
#651=AXIS2_PLACEMENT_3D('',#1060,#758,#759);
#652=AXIS2_PLACEMENT_3D('',#1063,#760,#761);
#653=AXIS2_PLACEMENT_3D('',#1064,#762,#763);
#654=AXIS2_PLACEMENT_3D('',#1065,#764,#765);
#655=AXIS2_PLACEMENT_3D('',#1066,#766,#767);
#656=AXIS2_PLACEMENT_3D('',#1069,#768,#769);
#657=AXIS2_PLACEMENT_3D('',#1072,#772,#773);
#658=AXIS2_PLACEMENT_3D('',#1075,#774,#775);
#659=AXIS2_PLACEMENT_3D('',#1076,#776,#777);
#660=AXIS2_PLACEMENT_3D('',#1077,#778,#779);
#661=AXIS2_PLACEMENT_3D('',#1078,#780,#781);
#662=AXIS2_PLACEMENT_3D('',#1081,#782,#783);
#663=AXIS2_PLACEMENT_3D('',#1084,#786,#787);
#664=AXIS2_PLACEMENT_3D('',#1087,#788,#789);
#665=AXIS2_PLACEMENT_3D('',#1088,#790,#791);
#666=AXIS2_PLACEMENT_3D('',#1089,#792,#793);
#667=AXIS2_PLACEMENT_3D('',#1090,#794,#795);
#668=AXIS2_PLACEMENT_3D('',#1093,#798,#799);
#669=AXIS2_PLACEMENT_3D('',#1128,#804,#805);
#670=AXIS2_PLACEMENT_3D('',#1131,#807,#808);
#671=AXIS2_PLACEMENT_3D('',#1132,#809,#810);
#672=AXIS2_PLACEMENT_3D('',#1136,#813,#814);
#673=AXIS2_PLACEMENT_3D('',#1139,#816,#817);
#674=AXIS2_PLACEMENT_3D('',#1140,#818,#819);
#675=AXIS2_PLACEMENT_3D('',#1142,#820,#821);
#676=AXIS2_PLACEMENT_3D('',#1143,#822,#823);
#677=AXIS2_PLACEMENT_3D('',#1145,#824,#825);
#678=AXIS2_PLACEMENT_3D('',#1147,#826,#827);
#679=AXIS2_PLACEMENT_3D('',#1148,#828,#829);
#680=AXIS2_PLACEMENT_3D('',#1149,#830,#831);
#681=AXIS2_PLACEMENT_3D('',#1151,#832,#833);
#682=AXIS2_PLACEMENT_3D('',#1153,#835,#836);
#683=AXIS2_PLACEMENT_3D('',#1155,#837,#838);
#684=AXIS2_PLACEMENT_3D('',#1156,#839,#840);
#685=AXIS2_PLACEMENT_3D('',#1157,#841,#842);
#686=AXIS2_PLACEMENT_3D('',#1159,#843,#844);
#687=AXIS2_PLACEMENT_3D('',#1161,#846,#847);
#688=AXIS2_PLACEMENT_3D('',#1164,#848,#849);
#689=AXIS2_PLACEMENT_3D('',#1165,#850,#851);
#690=AXIS2_PLACEMENT_3D('',#1166,#852,#853);
#691=AXIS2_PLACEMENT_3D('',#1167,#854,#855);
#692=AXIS2_PLACEMENT_3D('',#1170,#856,#857);
#693=AXIS2_PLACEMENT_3D('',#1173,#860,#861);
#694=AXIS2_PLACEMENT_3D('',#1176,#862,#863);
#695=AXIS2_PLACEMENT_3D('',#1177,#864,#865);
#696=AXIS2_PLACEMENT_3D('',#1178,#866,#867);
#697=AXIS2_PLACEMENT_3D('',#1179,#868,#869);
#698=AXIS2_PLACEMENT_3D('',#1182,#872,#873);
#699=AXIS2_PLACEMENT_3D('',#1186,#875,#876);
#700=AXIS2_PLACEMENT_3D('',#1188,#878,#879);
#701=AXIS2_PLACEMENT_3D('',#1191,#881,#882);
#702=AXIS2_PLACEMENT_3D('',#1192,#883,#884);
#703=AXIS2_PLACEMENT_3D('',#1220,#886,#887);
#704=AXIS2_PLACEMENT_3D('',#1222,#888,#889);
#705=AXIS2_PLACEMENT_3D('',#1223,#890,#891);
#706=AXIS2_PLACEMENT_3D('',#1225,#892,#893);
#707=AXIS2_PLACEMENT_3D('',#1383,#895,#896);
#708=AXIS2_PLACEMENT_3D('',#1410,#897,#898);
#709=AXIS2_PLACEMENT_3D('',#1411,#899,#900);
#710=AXIS2_PLACEMENT_3D('',#1413,#901,#902);
#711=AXIS2_PLACEMENT_3D('',#1415,#903,#904);
#712=AXIS2_PLACEMENT_3D('',#1417,#906,#907);
#713=AXIS2_PLACEMENT_3D('',#1418,#908,#909);
#714=AXIS2_PLACEMENT_3D('',#1594,#910,#911);
#715=AXIS2_PLACEMENT_3D('',#1595,#912,#913);
#716=AXIS2_PLACEMENT_3D('',#1596,#914,#915);
#717=AXIS2_PLACEMENT_3D('',#1598,#917,#918);
#718=AXIS2_PLACEMENT_3D('',#1600,#919,#920);
#719=AXIS2_PLACEMENT_3D('',#1601,#921,#922);
#720=DIRECTION('axis',(0.,0.,1.));
#721=DIRECTION('refdir',(1.,0.,0.));
#722=DIRECTION('center_axis',(0.,0.932953534825489,-0.359996808120051));
#723=DIRECTION('ref_axis',(-1.,0.,0.));
#724=DIRECTION('',(0.,0.932953534825489,-0.359996808120051));
#725=DIRECTION('center_axis',(1.21509964161841E-15,0.342020143325668,0.939692620785909));
#726=DIRECTION('ref_axis',(-1.,1.46129692865436E-15,7.61213444498948E-16));
#727=DIRECTION('center_axis',(1.21509964161841E-15,0.342020143325668,0.939692620785909));
#728=DIRECTION('ref_axis',(-1.,1.46129692865436E-15,7.61213444498948E-16));
#729=DIRECTION('center_axis',(-1.11281960924466E-15,-0.939692620785909,
0.342020143325668));
#730=DIRECTION('ref_axis',(1.,-1.1842378929335E-15,0.));
#731=DIRECTION('center_axis',(0.,0.342020143325668,0.939692620785909));
#732=DIRECTION('ref_axis',(1.,0.,0.));
#733=DIRECTION('center_axis',(0.,0.342020143325668,0.939692620785909));
#734=DIRECTION('ref_axis',(1.,0.,0.));
#735=DIRECTION('center_axis',(0.,0.342020143325668,0.939692620785909));
#736=DIRECTION('ref_axis',(1.,0.,0.));
#737=DIRECTION('',(0.,-0.342020143325668,-0.939692620785909));
#738=DIRECTION('center_axis',(0.,-0.342020143325668,-0.939692620785909));
#739=DIRECTION('ref_axis',(1.,-4.81096644004234E-16,2.22044604925031E-16));
#740=DIRECTION('center_axis',(0.,-0.342020143325668,-0.939692620785909));
#741=DIRECTION('ref_axis',(1.,-4.81096644004234E-16,2.22044604925031E-16));
#742=DIRECTION('center_axis',(-1.,0.,0.));
#743=DIRECTION('ref_axis',(0.,0.,1.));
#744=DIRECTION('center_axis',(0.,-0.939692620785911,0.342020143325661));
#745=DIRECTION('ref_axis',(0.,-0.342020143325661,-0.939692620785911));
#746=DIRECTION('center_axis',(-1.,0.,0.));
#747=DIRECTION('ref_axis',(0.,-0.906307787036649,-0.422618261740702));
#748=DIRECTION('center_axis',(0.,-0.342020143325674,-0.939692620785906));
#749=DIRECTION('ref_axis',(1.,0.,0.));
#750=DIRECTION('center_axis',(1.,0.,0.));
#751=DIRECTION('ref_axis',(0.,-0.906307787036649,-0.422618261740702));
#752=DIRECTION('center_axis',(0.,-0.342020143325668,-0.939692620785909));
#753=DIRECTION('ref_axis',(0.707106781186546,-0.664463024388675,0.24184476264798));
#754=DIRECTION('center_axis',(0.,-0.342020143325671,-0.939692620785907));
#755=DIRECTION('ref_axis',(1.,0.,0.));
#756=DIRECTION('',(0.,-0.342020143325668,-0.939692620785909));
#757=DIRECTION('',(0.,0.342020143325668,0.939692620785909));
#758=DIRECTION('center_axis',(-1.,0.,0.));
#759=DIRECTION('ref_axis',(0.,0.,1.));
#760=DIRECTION('center_axis',(0.,-0.939692620785906,0.342020143325674));
#761=DIRECTION('ref_axis',(1.,0.,0.));
#762=DIRECTION('center_axis',(1.,0.,0.));
#763=DIRECTION('ref_axis',(0.,-0.422618261740699,0.90630778703665));
#764=DIRECTION('center_axis',(-1.,0.,0.));
#765=DIRECTION('ref_axis',(0.,-0.422618261740699,0.90630778703665));
#766=DIRECTION('center_axis',(0.,0.939692620785909,-0.342020143325668));
#767=DIRECTION('ref_axis',(0.707106781186546,0.24184476264798,0.664463024388675));
#768=DIRECTION('center_axis',(0.,-0.939692620785909,0.342020143325669));
#769=DIRECTION('ref_axis',(1.,0.,0.));
#770=DIRECTION('',(0.,-0.939692620785909,0.342020143325668));
#771=DIRECTION('',(0.,0.939692620785909,-0.342020143325668));
#772=DIRECTION('center_axis',(-1.,0.,0.));
#773=DIRECTION('ref_axis',(0.,0.,1.));
#774=DIRECTION('center_axis',(0.,0.342020143325674,0.939692620785906));
#775=DIRECTION('ref_axis',(1.,0.,0.));
#776=DIRECTION('center_axis',(1.,0.,0.));
#777=DIRECTION('ref_axis',(0.,0.906307787036649,0.422618261740702));
#778=DIRECTION('center_axis',(-1.,0.,0.));
#779=DIRECTION('ref_axis',(0.,0.906307787036649,0.422618261740702));
#780=DIRECTION('center_axis',(0.,-0.342020143325668,-0.939692620785909));
#781=DIRECTION('ref_axis',(0.707106781186546,0.664463024388675,-0.24184476264798));
#782=DIRECTION('center_axis',(0.,0.342020143325671,0.939692620785907));
#783=DIRECTION('ref_axis',(1.,0.,0.));
#784=DIRECTION('',(0.,0.342020143325668,0.939692620785909));
#785=DIRECTION('',(0.,-0.342020143325668,-0.939692620785909));
#786=DIRECTION('center_axis',(-1.,0.,0.));
#787=DIRECTION('ref_axis',(0.,0.4226182617407,-0.90630778703665));
#788=DIRECTION('center_axis',(0.,0.939692620785908,-0.34202014332567));
#789=DIRECTION('ref_axis',(1.,0.,0.));
#790=DIRECTION('center_axis',(1.,0.,0.));
#791=DIRECTION('ref_axis',(0.,0.4226182617407,-0.90630778703665));
#792=DIRECTION('center_axis',(-1.,0.,0.));
#793=DIRECTION('ref_axis',(0.,0.4226182617407,-0.906307787036649));
#794=DIRECTION('center_axis',(0.,-0.939692620785909,0.342020143325668));
#795=DIRECTION('ref_axis',(0.707106781186548,-0.241844762647968,-0.664463024388677));
#796=DIRECTION('',(0.,0.939692620785909,-0.342020143325668));
#797=DIRECTION('',(0.,-0.939692620785909,0.342020143325668));
#798=DIRECTION('center_axis',(0.,0.939692620785909,-0.342020143325668));
#799=DIRECTION('ref_axis',(1.,0.,0.));
#800=DIRECTION('',(1.,0.,0.));
#801=DIRECTION('',(0.,-0.342020143325668,-0.939692620785909));
#802=DIRECTION('',(-1.,0.,0.));
#803=DIRECTION('',(-1.,0.,0.));
#804=DIRECTION('center_axis',(1.,0.,0.));
#805=DIRECTION('ref_axis',(0.,0.4226182617407,-0.90630778703665));
#806=DIRECTION('',(-1.,0.,0.));
#807=DIRECTION('center_axis',(-1.,0.,0.));
#808=DIRECTION('ref_axis',(0.,0.4226182617407,-0.90630778703665));
#809=DIRECTION('center_axis',(0.,-0.342020143325668,-0.939692620785909));
#810=DIRECTION('ref_axis',(-1.,0.,0.));
#811=DIRECTION('',(1.,0.,0.));
#812=DIRECTION('',(0.,-0.939692620785909,0.342020143325668));
#813=DIRECTION('center_axis',(-1.,0.,0.));
#814=DIRECTION('ref_axis',(0.,-0.906307787036649,-0.422618261740701));
#815=DIRECTION('',(-1.,0.,0.));
#816=DIRECTION('center_axis',(-1.,0.,0.));
#817=DIRECTION('ref_axis',(0.,-0.906307787036649,-0.422618261740702));
#818=DIRECTION('center_axis',(1.,0.,0.));
#819=DIRECTION('ref_axis',(0.,-0.939692620785909,0.342020143325668));
#820=DIRECTION('center_axis',(-1.,0.,0.));
#821=DIRECTION('ref_axis',(0.,-1.,0.));
#822=DIRECTION('center_axis',(1.,0.,0.));
#823=DIRECTION('ref_axis',(0.,0.,-1.));
#824=DIRECTION('center_axis',(0.,-0.342020143325674,-0.939692620785906));
#825=DIRECTION('ref_axis',(0.,-0.939692620785906,0.342020143325674));
#826=DIRECTION('center_axis',(1.,0.,0.));
#827=DIRECTION('ref_axis',(0.,-0.906307787036649,-0.422618261740702));
#828=DIRECTION('center_axis',(0.,-0.939692620785911,0.342020143325661));
#829=DIRECTION('ref_axis',(-1.,0.,0.));
#830=DIRECTION('center_axis',(0.,0.939692620785909,-0.342020143325668));
#831=DIRECTION('ref_axis',(-0.707106781186546,-0.24184476264798,-0.664463024388675));
#832=DIRECTION('center_axis',(0.,-0.939692620785907,0.342020143325672));
#833=DIRECTION('ref_axis',(-1.,0.,0.));
#834=DIRECTION('',(0.,0.939692620785909,-0.342020143325668));
#835=DIRECTION('center_axis',(1.,0.,0.));
#836=DIRECTION('ref_axis',(0.,0.,-1.));
#837=DIRECTION('center_axis',(0.,-0.342020143325659,-0.939692620785912));
#838=DIRECTION('ref_axis',(-1.,0.,0.));
#839=DIRECTION('center_axis',(1.,0.,0.));
#840=DIRECTION('ref_axis',(0.,0.4226182617407,-0.906307787036649));
#841=DIRECTION('center_axis',(0.,-0.342020143325668,-0.939692620785909));
#842=DIRECTION('ref_axis',(-0.707106781186546,0.664463024388675,-0.24184476264798));
#843=DIRECTION('center_axis',(0.,-0.342020143325674,-0.939692620785906));
#844=DIRECTION('ref_axis',(-1.,0.,0.));
#845=DIRECTION('',(0.,0.342020143325668,0.939692620785909));
#846=DIRECTION('center_axis',(1.,0.,0.));
#847=DIRECTION('ref_axis',(0.,0.,-1.));
#848=DIRECTION('center_axis',(0.,0.939692620785911,-0.342020143325661));
#849=DIRECTION('ref_axis',(-1.,0.,0.));
#850=DIRECTION('center_axis',(-1.,0.,0.));
#851=DIRECTION('ref_axis',(0.,0.906307787036649,0.422618261740702));
#852=DIRECTION('center_axis',(1.,0.,0.));
#853=DIRECTION('ref_axis',(0.,0.906307787036649,0.422618261740702));
#854=DIRECTION('center_axis',(0.,-0.939692620785909,0.342020143325668));
#855=DIRECTION('ref_axis',(-0.707106781186546,0.24184476264798,0.664463024388675));
#856=DIRECTION('center_axis',(0.,0.939692620785907,-0.342020143325672));
#857=DIRECTION('ref_axis',(-1.,0.,0.));
#858=DIRECTION('',(0.,0.939692620785909,-0.342020143325668));
#859=DIRECTION('',(0.,-0.939692620785909,0.342020143325668));
#860=DIRECTION('center_axis',(1.,0.,0.));
#861=DIRECTION('ref_axis',(0.,-0.4226182617407,0.90630778703665));
#862=DIRECTION('center_axis',(0.,0.342020143325659,0.939692620785912));
#863=DIRECTION('ref_axis',(-1.,0.,0.));
#864=DIRECTION('center_axis',(-1.,0.,0.));
#865=DIRECTION('ref_axis',(0.,-0.422618261740699,0.90630778703665));
#866=DIRECTION('center_axis',(1.,0.,0.));
#867=DIRECTION('ref_axis',(0.,-0.422618261740699,0.90630778703665));
#868=DIRECTION('center_axis',(0.,-0.342020143325668,-0.939692620785909));
#869=DIRECTION('ref_axis',(-0.707106781186546,-0.664463024388675,0.24184476264798));
#870=DIRECTION('',(0.,0.342020143325668,0.939692620785909));
#871=DIRECTION('',(0.,-0.342020143325668,-0.939692620785909));
#872=DIRECTION('center_axis',(0.,-0.342020143325668,-0.939692620785909));
#873=DIRECTION('ref_axis',(1.,0.,0.));
#874=DIRECTION('',(-1.,0.,0.));
#875=DIRECTION('center_axis',(0.,0.342020143325668,0.939692620785909));
#876=DIRECTION('ref_axis',(1.,-4.9618278779521E-16,1.8059576551268E-16));
#877=DIRECTION('',(1.,0.,0.));
#878=DIRECTION('center_axis',(1.,0.,0.));
#879=DIRECTION('ref_axis',(0.,-0.4226182617407,0.90630778703665));
#880=DIRECTION('',(1.,0.,0.));
#881=DIRECTION('center_axis',(-1.,-1.51887455202301E-16,-4.17307353466748E-16));
#882=DIRECTION('ref_axis',(0.,-0.939692620785909,0.342020143325669));
#883=DIRECTION('center_axis',(0.,-0.939692620785909,0.342020143325668));
#884=DIRECTION('ref_axis',(-1.,0.,0.));
#885=DIRECTION('',(1.,0.,0.));
#886=DIRECTION('center_axis',(-1.,0.,0.));
#887=DIRECTION('ref_axis',(0.,0.939692620785909,-0.342020143325668));
#888=DIRECTION('center_axis',(1.,0.,0.));
#889=DIRECTION('ref_axis',(0.,-1.,0.));
#890=DIRECTION('center_axis',(-1.,0.,0.));
#891=DIRECTION('ref_axis',(0.,0.906307787036649,0.422618261740701));
#892=DIRECTION('center_axis',(1.,0.,0.));
#893=DIRECTION('ref_axis',(0.,0.939692620785908,-0.342020143325669));
#894=DIRECTION('',(1.,0.,0.));
#895=DIRECTION('center_axis',(1.,-2.9955243914998E-12,-8.23013562507121E-12));
#896=DIRECTION('ref_axis',(0.,0.939692620785908,-0.34202014332567));
#897=DIRECTION('center_axis',(-1.,0.,0.));
#898=DIRECTION('ref_axis',(0.,0.906307787036649,0.422618261740701));
#899=DIRECTION('center_axis',(0.,-0.342020143325668,-0.939692620785909));
#900=DIRECTION('ref_axis',(1.,0.,0.));
#901=DIRECTION('center_axis',(0.,0.342020143325668,0.939692620785909));
#902=DIRECTION('ref_axis',(1.,-4.9618278779521E-16,1.8059576551268E-16));
#903=DIRECTION('center_axis',(0.,0.342020143325668,0.939692620785909));
#904=DIRECTION('ref_axis',(1.,-4.9618278779521E-16,1.8059576551268E-16));
#905=DIRECTION('',(-1.,0.,0.));
#906=DIRECTION('center_axis',(0.,-0.342020143325668,-0.939692620785909));
#907=DIRECTION('ref_axis',(-1.,0.,0.));
#908=DIRECTION('center_axis',(0.,-0.939692620785909,0.342020143325668));
#909=DIRECTION('ref_axis',(1.,0.,0.));
#910=DIRECTION('center_axis',(-1.,-1.6707620072253E-15,-4.59038088813425E-15));
#911=DIRECTION('ref_axis',(0.,-0.939692620785909,0.342020143325666));
#912=DIRECTION('center_axis',(1.,0.,0.));
#913=DIRECTION('ref_axis',(0.,-0.4226182617407,0.90630778703665));
#914=DIRECTION('center_axis',(1.,0.,0.));
#915=DIRECTION('ref_axis',(0.,-1.,0.));
#916=DIRECTION('',(1.,0.,0.));
#917=DIRECTION('center_axis',(0.,-0.342020143325668,-0.939692620785909));
#918=DIRECTION('ref_axis',(1.,0.,0.));
#919=DIRECTION('center_axis',(0.,0.342020143325668,0.939692620785909));
#920=DIRECTION('ref_axis',(1.,0.,0.));
#921=DIRECTION('center_axis',(0.,0.342020143325668,0.939692620785909));
#922=DIRECTION('ref_axis',(1.,0.,0.));
#923=DIRECTION('',(0.,-0.342020143325668,-0.939692620785909));
#924=CARTESIAN_POINT('',(0.,0.,0.));
#925=CARTESIAN_POINT('Origin',(0.,-6.98759765985003,-10.1660873687573));
#926=CARTESIAN_POINT('',(-0.14,-6.9202109870293,-10.192089721736));
#927=CARTESIAN_POINT('',(0.14,-6.9202109870293,-10.192089721736));
#928=CARTESIAN_POINT('Ctrl Pts',(-0.14,-6.9202109870293,-10.192089721736));
#929=CARTESIAN_POINT('Ctrl Pts',(-0.14,-6.91417372787378,-10.1755024885308));
#930=CARTESIAN_POINT('Ctrl Pts',(-0.136460577199817,-6.9084018569786,-10.1575991645895));
#931=CARTESIAN_POINT('Ctrl Pts',(-0.122144814040708,-6.89894222742831,-10.1242831427537));
#932=CARTESIAN_POINT('Ctrl Pts',(-0.111371034954847,-6.89521740271174,-10.1088798797191));
#933=CARTESIAN_POINT('Ctrl Pts',(-0.0865604184385955,-6.88981830480911,
-10.0843903246689));
#934=CARTESIAN_POINT('Ctrl Pts',(-0.0708574306291601,-6.88777333744966,
-10.0736489816387));
#935=CARTESIAN_POINT('Ctrl Pts',(-0.0363916783535561,-6.88518985831672,
-10.0593273682857));
#936=CARTESIAN_POINT('Ctrl Pts',(-0.0176250725117965,-6.88462028592235,
-10.0557619664352));
#937=CARTESIAN_POINT('Ctrl Pts',(0.0176250725117965,-6.88462028592235,-10.0557619664352));
#938=CARTESIAN_POINT('Ctrl Pts',(0.0363916783535561,-6.88518985831672,-10.0593273682857));
#939=CARTESIAN_POINT('Ctrl Pts',(0.0708574306291601,-6.88777333744966,-10.0736489816387));
#940=CARTESIAN_POINT('Ctrl Pts',(0.0865604184385955,-6.88981830480911,-10.0843903246689));
#941=CARTESIAN_POINT('Ctrl Pts',(0.111371034954847,-6.89521740271174,-10.1088798797191));
#942=CARTESIAN_POINT('Ctrl Pts',(0.122144814040708,-6.89894222742831,-10.1242831427537));
#943=CARTESIAN_POINT('Ctrl Pts',(0.136460577199817,-6.9084018569786,-10.1575991645895));
#944=CARTESIAN_POINT('Ctrl Pts',(0.14,-6.91417372787378,-10.1755024885308));
#945=CARTESIAN_POINT('Ctrl Pts',(0.14,-6.9202109870293,-10.192089721736));
#946=CARTESIAN_POINT('Ctrl Pts',(0.14,-6.9202109870293,-10.192089721736));
#947=CARTESIAN_POINT('Ctrl Pts',(0.14,-6.92623387990165,-10.2086374839026));
#948=CARTESIAN_POINT('Ctrl Pts',(0.136475229564049,-6.93330350467179,-10.2260240714531));
#949=CARTESIAN_POINT('Ctrl Pts',(0.122177687482427,-6.94743642971216,-10.2575359993972));
#950=CARTESIAN_POINT('Ctrl Pts',(0.111406682909278,-6.9544651866242,-10.2716776224539));
#951=CARTESIAN_POINT('Ctrl Pts',(0.0865810487423215,-6.96604228866226,-10.2938201125296));
#952=CARTESIAN_POINT('Ctrl Pts',(0.0708596680773594,-6.97136283861485,-10.3033092971663));
#953=CARTESIAN_POINT('Ctrl Pts',(0.0363770270247547,-6.9785596782817,-10.3158561900925));
#954=CARTESIAN_POINT('Ctrl Pts',(0.017612835334671,-6.98040357775317,-10.3189243979014));
#955=CARTESIAN_POINT('Ctrl Pts',(-0.0176128353346709,-6.98040357775317,
-10.3189243979014));
#956=CARTESIAN_POINT('Ctrl Pts',(-0.0363770270247547,-6.9785596782817,-10.3158561900925));
#957=CARTESIAN_POINT('Ctrl Pts',(-0.0708596680773594,-6.97136283861485,
-10.3033092971663));
#958=CARTESIAN_POINT('Ctrl Pts',(-0.0865810487423214,-6.96604228866226,
-10.2938201125296));
#959=CARTESIAN_POINT('Ctrl Pts',(-0.111406682909278,-6.9544651866242,-10.2716776224539));
#960=CARTESIAN_POINT('Ctrl Pts',(-0.122177687482427,-6.94743642971216,-10.2575359993972));
#961=CARTESIAN_POINT('Ctrl Pts',(-0.136475229564049,-6.93330350467179,-10.2260240714531));
#962=CARTESIAN_POINT('Ctrl Pts',(-0.14,-6.92623387990165,-10.2086374839026));
#963=CARTESIAN_POINT('Ctrl Pts',(-0.14,-6.9202109870293,-10.192089721736));
#964=CARTESIAN_POINT('',(0.14,-5.54512462883043,-10.7226913876953));
#965=CARTESIAN_POINT('',(0.14,-6.98759765985003,-10.1660873687573));
#966=CARTESIAN_POINT('',(-0.14,-5.54512462883043,-10.7226913876953));
#967=CARTESIAN_POINT('Ctrl Pts',(-0.14,-5.54512462883043,-10.7226913876953));
#968=CARTESIAN_POINT('Ctrl Pts',(-0.14,-5.55115874422393,-10.7392699834853));
#969=CARTESIAN_POINT('Ctrl Pts',(-0.136464226540882,-5.55692819223605,-10.7571644773454));
#970=CARTESIAN_POINT('Ctrl Pts',(-0.122162114429523,-5.56638510721574,-10.7904666662912));
#971=CARTESIAN_POINT('Ctrl Pts',(-0.111398336013433,-5.57010957192944,-10.8058649435644));
#972=CARTESIAN_POINT('Ctrl Pts',(-0.0865974034639818,-5.57551195316035,
-10.8303635833111));
#973=CARTESIAN_POINT('Ctrl Pts',(-0.0708896367924641,-5.57755905955981,
-10.841114822058));
#974=CARTESIAN_POINT('Ctrl Pts',(-0.036409992253524,-5.58014518833944,-10.8554500484486));
#975=CARTESIAN_POINT('Ctrl Pts',(-0.0176342652645639,-5.58071532993738,
-10.8590191429961));
#976=CARTESIAN_POINT('Ctrl Pts',(0.0176342652645639,-5.58071532993738,-10.8590191429961));
#977=CARTESIAN_POINT('Ctrl Pts',(0.036409992253524,-5.58014518833944,-10.8554500484486));
#978=CARTESIAN_POINT('Ctrl Pts',(0.0708896367924641,-5.57755905955981,-10.841114822058));
#979=CARTESIAN_POINT('Ctrl Pts',(0.0865974034639819,-5.57551195316035,-10.8303635833111));
#980=CARTESIAN_POINT('Ctrl Pts',(0.111398336013433,-5.57010957192944,-10.8058649435644));
#981=CARTESIAN_POINT('Ctrl Pts',(0.122162114429523,-5.56638510721574,-10.7904666662912));
#982=CARTESIAN_POINT('Ctrl Pts',(0.136464226540882,-5.55692819223605,-10.7571644773454));
#983=CARTESIAN_POINT('Ctrl Pts',(0.14,-5.55115874422393,-10.7392699834853));
#984=CARTESIAN_POINT('Ctrl Pts',(0.14,-5.54512462883043,-10.7226913876953));
#985=CARTESIAN_POINT('Ctrl Pts',(0.14,-5.54512462883043,-10.7226913876953));
#986=CARTESIAN_POINT('Ctrl Pts',(0.14,-5.53909859923654,-10.7061350074571));
#987=CARTESIAN_POINT('Ctrl Pts',(0.136471589841557,-5.53202516237257,-10.6887401144877));
#988=CARTESIAN_POINT('Ctrl Pts',(0.122160392727159,-5.51788544642673,-10.6572159067662));
#989=CARTESIAN_POINT('Ctrl Pts',(0.111379374502147,-5.51085377479717,-10.6430702780288));
#990=CARTESIAN_POINT('Ctrl Pts',(0.0865440690814254,-5.49928001055745,-10.6209368858877));
#991=CARTESIAN_POINT('Ctrl Pts',(0.0708274817024332,-5.49396416778784,-10.611456610311));
#992=CARTESIAN_POINT('Ctrl Pts',(0.0363587432098642,-5.48677401622157,-10.598921762268));
#993=CARTESIAN_POINT('Ctrl Pts',(0.0176036668934583,-5.48493203810656,-10.5958567115299));
#994=CARTESIAN_POINT('Ctrl Pts',(-0.0176036668934582,-5.48493203810656,
-10.5958567115299));
#995=CARTESIAN_POINT('Ctrl Pts',(-0.0363587432098631,-5.48677401622157,
-10.598921762268));
#996=CARTESIAN_POINT('Ctrl Pts',(-0.0708274817024332,-5.49396416778784,
-10.611456610311));
#997=CARTESIAN_POINT('Ctrl Pts',(-0.0865440690814254,-5.49928001055745,
-10.6209368858877));
#998=CARTESIAN_POINT('Ctrl Pts',(-0.111379374502147,-5.51085377479717,-10.6430702780288));
#999=CARTESIAN_POINT('Ctrl Pts',(-0.122160392727158,-5.51788544642673,-10.6572159067662));
#1000=CARTESIAN_POINT('Ctrl Pts',(-0.136471589841557,-5.53202516237257,
-10.6887401144877));
#1001=CARTESIAN_POINT('Ctrl Pts',(-0.14,-5.53909859923654,-10.7061350074571));
#1002=CARTESIAN_POINT('Ctrl Pts',(-0.14,-5.54512462883043,-10.7226913876953));
#1003=CARTESIAN_POINT('Ctrl Pts',(0.500000007450581,-5.76000454405925,-9.15875891022541));
#1004=CARTESIAN_POINT('Ctrl Pts',(0.50000000745058,-5.29015822666504,-9.3297689844365));
#1005=CARTESIAN_POINT('Ctrl Pts',(5.26153573658589E-16,-5.29015822666504,
-9.3297689844365));
#1006=CARTESIAN_POINT('Ctrl Pts',(-0.500000007450579,-5.29015822666504,
-9.3297689844365));
#1007=CARTESIAN_POINT('Ctrl Pts',(-0.500000007450579,-5.76000454405925,
-9.15875891022541));
#1008=CARTESIAN_POINT('Ctrl Pts',(-0.500000007450579,-6.22985086145346,
-8.98774883601433));
#1009=CARTESIAN_POINT('Ctrl Pts',(5.26153573658589E-16,-6.22985086145346,
-8.98774883601433));
#1010=CARTESIAN_POINT('Ctrl Pts',(0.50000000745058,-6.22985086145346,-8.98774883601433));
#1011=CARTESIAN_POINT('Ctrl Pts',(0.500000007450581,-5.76000454405925,-9.15875891022541));
#1012=CARTESIAN_POINT('Ctrl Pts',(0.750000000000001,-5.809370900004,-9.29439185846437));
#1013=CARTESIAN_POINT('Ctrl Pts',(0.750000000000001,-5.10460143441457,-9.55090696595862));
#1014=CARTESIAN_POINT('Ctrl Pts',(3.50769045621148E-16,-5.10460143441457,
-9.55090696595862));
#1015=CARTESIAN_POINT('Ctrl Pts',(-0.75,-5.10460143441457,-9.55090696595862));
#1016=CARTESIAN_POINT('Ctrl Pts',(-0.75,-5.809370900004,-9.29439185846437));
#1017=CARTESIAN_POINT('Ctrl Pts',(-0.75,-6.51414036559343,-9.03787675097012));
#1018=CARTESIAN_POINT('Ctrl Pts',(3.50769045621148E-16,-6.51414036559343,
-9.03787675097012));
#1019=CARTESIAN_POINT('Ctrl Pts',(0.750000000000001,-6.51414036559343,-9.03787675097012));
#1020=CARTESIAN_POINT('Ctrl Pts',(0.750000000000001,-5.809370900004,-9.29439185846437));
#1021=CARTESIAN_POINT('Ctrl Pts',(0.75,-5.90810360895103,-9.56565774685792));
#1022=CARTESIAN_POINT('Ctrl Pts',(0.75,-5.2033341433616,-9.82217285435218));
#1023=CARTESIAN_POINT('Ctrl Pts',(-1.10735035429589E-30,-5.2033341433616,
-9.82217285435218));
#1024=CARTESIAN_POINT('Ctrl Pts',(-0.75,-5.2033341433616,-9.82217285435218));
#1025=CARTESIAN_POINT('Ctrl Pts',(-0.75,-5.90810360895103,-9.56565774685792));
#1026=CARTESIAN_POINT('Ctrl Pts',(-0.75,-6.61287307454046,-9.30914263936367));
#1027=CARTESIAN_POINT('Ctrl Pts',(-1.10735035429589E-30,-6.61287307454046,
-9.30914263936367));
#1028=CARTESIAN_POINT('Ctrl Pts',(0.75,-6.61287307454046,-9.30914263936367));
#1029=CARTESIAN_POINT('Ctrl Pts',(0.75,-5.90810360895103,-9.56565774685792));
#1030=CARTESIAN_POINT('',(0.75,-5.90810360895103,-9.56565774685792));
#1031=CARTESIAN_POINT('',(-0.75,-5.90810360895103,-9.56565774685792));
#1032=CARTESIAN_POINT('Origin',(-7.38233569530594E-31,-5.90810360895103,
-9.56565774685792));
#1033=CARTESIAN_POINT('Origin',(-7.38233569530594E-31,-5.90810360895103,
-9.56565774685792));
#1034=CARTESIAN_POINT('',(0.50000000745058,-5.76000454405925,-9.15875891022541));
#1035=CARTESIAN_POINT('Origin',(0.25,-5.90810360895103,-9.56565774685792));
#1036=CARTESIAN_POINT('',(-0.500000007450581,-5.76000454405925,-9.15875891022541));
#1037=CARTESIAN_POINT('Origin',(0.,-5.76000454405925,-9.15875891022542));
#1038=CARTESIAN_POINT('Origin',(0.,-5.76000454405925,-9.15875891022542));
#1039=CARTESIAN_POINT('Origin',(0.,-6.10202468738492,-10.0984515310113));
#1040=CARTESIAN_POINT('',(-0.75,-6.44404483071059,-11.0381441517972));
#1041=CARTESIAN_POINT('',(-0.75,-6.10202468738492,-10.0984515310113));
#1042=CARTESIAN_POINT('',(0.75,-6.44404483071059,-11.0381441517972));
#1043=CARTESIAN_POINT('Origin',(0.,-6.44404483071059,-11.0381441517972));
#1044=CARTESIAN_POINT('Origin',(0.,-6.44404483071059,-11.0381441517972));
#1045=CARTESIAN_POINT('Origin',(1.65,-7.28596746297416,-12.3279760328121));
#1046=CARTESIAN_POINT('',(1.65,-7.45697753463699,-12.7978223432051));
#1047=CARTESIAN_POINT('',(1.75,-7.42277552030442,-12.7038530811265));
#1048=CARTESIAN_POINT('Origin',(1.65,-7.42277552030442,-12.7038530811265));
#1049=CARTESIAN_POINT('',(1.75,-7.66184451128852,-12.1911679754818));
#1050=CARTESIAN_POINT('Origin',(1.75,-7.28596746297416,-12.3279760328121));
#1051=CARTESIAN_POINT('',(1.65,-7.75581377336711,-12.1569659611493));
#1052=CARTESIAN_POINT('Origin',(1.65,-7.66184451128852,-12.1911679754818));
#1053=CARTESIAN_POINT('Origin',(1.65,-7.28596746297416,-12.3279760328121));
#1054=CARTESIAN_POINT('Origin',(1.65,-7.31982436796285,-11.2514753546959));
#1055=CARTESIAN_POINT('',(1.75,-7.49083443962569,-11.7213216650889));
#1056=CARTESIAN_POINT('',(1.65,-7.58480370170428,-11.6871196507563));
#1057=CARTESIAN_POINT('Origin',(1.65,-7.49083443962569,-11.7213216650889));
#1058=CARTESIAN_POINT('',(1.65,-7.41379363004144,-11.2172733403634));
#1059=CARTESIAN_POINT('',(1.75,-7.31982436796285,-11.2514753546959));
#1060=CARTESIAN_POINT('Origin',(1.65,-7.11495739131132,-11.8581297224192));
#1061=CARTESIAN_POINT('',(1.75,-6.97814933398106,-11.4822526741048));
#1062=CARTESIAN_POINT('',(1.65,-6.94394731964849,-11.3882834120262));
#1063=CARTESIAN_POINT('Origin',(1.65,-6.97814933398106,-11.4822526741048));
#1064=CARTESIAN_POINT('Origin',(1.65,-7.11495739131132,-11.8581297224192));
#1065=CARTESIAN_POINT('Origin',(1.75,-7.11495739131132,-11.8581297224192));
#1066=CARTESIAN_POINT('Origin',(1.65,-6.24988755287198,-11.7473182851822));
#1067=CARTESIAN_POINT('',(1.75,-6.32036449943092,-11.7216667744328));
#1068=CARTESIAN_POINT('',(1.65,-6.28616248509835,-11.6276975123542));
#1069=CARTESIAN_POINT('Origin',(1.65,-6.32036449943092,-11.7216667744328));
#1070=CARTESIAN_POINT('',(1.65,-6.21568553853941,-11.6533490231036));
#1071=CARTESIAN_POINT('',(1.75,-6.24988755287198,-11.7473182851822));
#1072=CARTESIAN_POINT('Origin',(1.65,-6.45717255676119,-12.0975438227471));
#1073=CARTESIAN_POINT('',(1.75,-6.08129550844682,-12.2343518800774));
#1074=CARTESIAN_POINT('',(1.65,-5.98732624636823,-12.26855389441));
#1075=CARTESIAN_POINT('Origin',(1.65,-6.08129550844682,-12.2343518800774));
#1076=CARTESIAN_POINT('Origin',(1.65,-6.45717255676119,-12.0975438227471));
#1077=CARTESIAN_POINT('Origin',(1.75,-6.45717255676119,-12.0975438227471));
#1078=CARTESIAN_POINT('Origin',(1.65,-5.91028543678399,-11.7645055696844));
#1079=CARTESIAN_POINT('',(1.75,-6.25230558010966,-12.7041981904703));
#1080=CARTESIAN_POINT('',(1.65,-6.15833631803107,-12.7384002048029));
#1081=CARTESIAN_POINT('Origin',(1.65,-6.25230558010966,-12.7041981904703));
#1082=CARTESIAN_POINT('',(1.65,-5.8163161747054,-11.798707584017));
#1083=CARTESIAN_POINT('',(1.75,-5.91028543678399,-11.7645055696844));
#1084=CARTESIAN_POINT('Origin',(1.65,-6.62818262842402,-12.5673901331401));
#1085=CARTESIAN_POINT('',(1.75,-6.76499068575429,-12.9432671814544));
#1086=CARTESIAN_POINT('',(1.65,-6.79919270008686,-13.037236443533));
#1087=CARTESIAN_POINT('Origin',(1.65,-6.76499068575429,-12.9432671814544));
#1088=CARTESIAN_POINT('Origin',(1.65,-6.62818262842402,-12.5673901331401));
#1089=CARTESIAN_POINT('Origin',(1.75,-6.62818262842402,-12.5673901331401));
#1090=CARTESIAN_POINT('Origin',(1.65,-6.69451373919534,-12.9689186922039));
#1091=CARTESIAN_POINT('',(1.65,-6.72871575352791,-13.0628879542825));
#1092=CARTESIAN_POINT('',(1.75,-6.69451373919534,-12.9689186922039));
#1093=CARTESIAN_POINT('Origin',(-1.75,-5.8163161747054,-11.798707584017));
#1094=CARTESIAN_POINT('',(-1.65,-6.15833631803107,-12.7384002048029));
#1095=CARTESIAN_POINT('',(-0.875,-6.15833631803107,-12.7384002048029));
#1096=CARTESIAN_POINT('',(-1.65,-5.98732624636823,-12.26855389441));
#1097=CARTESIAN_POINT('',(-1.65,-5.8163161747054,-11.798707584017));
#1098=CARTESIAN_POINT('',(-1.20000000000634,-5.98732624636823,-12.26855389441));
#1099=CARTESIAN_POINT('',(-0.875,-5.98732624636823,-12.26855389441));
#1100=CARTESIAN_POINT('',(1.2,-5.98732624636823,-12.26855389441));
#1101=CARTESIAN_POINT('Ctrl Pts',(1.2,-5.98732624636823,-12.26855389441));
#1102=CARTESIAN_POINT('Ctrl Pts',(1.1030648406833,-5.98732624636823,-12.26855389441));
#1103=CARTESIAN_POINT('Ctrl Pts',(0.973885985848411,-5.98134169123944,-12.2521114643281));
#1104=CARTESIAN_POINT('Ctrl Pts',(0.788583505438879,-5.96172628067071,-12.1982185667172));
#1105=CARTESIAN_POINT('Ctrl Pts',(0.670151733826528,-5.94369657102215,-12.1486823465785));
#1106=CARTESIAN_POINT('Ctrl Pts',(0.558261234984124,-5.92157078713546,-12.0878922549621));
#1107=CARTESIAN_POINT('Ctrl Pts',(0.450451870437941,-5.89708696455842,-12.0206235052897));
#1108=CARTESIAN_POINT('Ctrl Pts',(0.349135724561583,-5.86964792217087,-11.9452353559185));
#1109=CARTESIAN_POINT('Ctrl Pts',(0.250508993476773,-5.8411442025641,-11.8669220299284));
#1110=CARTESIAN_POINT('Ctrl Pts',(0.181902075183789,-5.82183264285113,-11.8138639556825));
#1111=CARTESIAN_POINT('Ctrl Pts',(0.128598546908618,-5.80917236228434,-11.7790801207013));
#1112=CARTESIAN_POINT('Ctrl Pts',(0.072220839523129,-5.798600341987,-11.7500337336564));
#1113=CARTESIAN_POINT('Ctrl Pts',(-0.000243540159700755,-5.79096267062229,
-11.7290494040446));
#1114=CARTESIAN_POINT('Ctrl Pts',(-0.0958569232756238,-5.80123733681951,
-11.7572788174139));
#1115=CARTESIAN_POINT('Ctrl Pts',(-0.161891885524152,-5.81702934716175,
-11.800667009237));
#1116=CARTESIAN_POINT('Ctrl Pts',(-0.213002606654185,-5.83060646727298,
-11.8379698401638));
#1117=CARTESIAN_POINT('Ctrl Pts',(-0.262769841115372,-5.84472251847418,
-11.876753372091));
#1118=CARTESIAN_POINT('Ctrl Pts',(-0.324505304557682,-5.86254022458432,
-11.9257071172951));
#1119=CARTESIAN_POINT('Ctrl Pts',(-0.399700977138919,-5.88339753967353,
-11.9830121195331));
#1120=CARTESIAN_POINT('Ctrl Pts',(-0.477455526702456,-5.9032135934456,-12.0374562798146));
#1121=CARTESIAN_POINT('Ctrl Pts',(-0.55822245224813,-5.92158083901841,-12.0879198722835));
#1122=CARTESIAN_POINT('Ctrl Pts',(-0.64218325041215,-5.93817429295989,-12.1335100122985));
#1123=CARTESIAN_POINT('Ctrl Pts',(-0.729362113227082,-5.95272128056109,
-12.1734775322538));
#1124=CARTESIAN_POINT('Ctrl Pts',(-0.909518173765061,-5.9773110539943,-12.2410373795111));
#1125=CARTESIAN_POINT('Ctrl Pts',(-1.07075312091741,-5.98732624636849,-12.2685538944107));
#1126=CARTESIAN_POINT('Ctrl Pts',(-1.20000000000634,-5.98732624636823,-12.26855389441));
#1127=CARTESIAN_POINT('',(-0.875,-5.98732624636823,-12.26855389441));
#1128=CARTESIAN_POINT('Origin',(-0.875,-6.62818262842402,-12.5673901331401));
#1129=CARTESIAN_POINT('',(-1.65,-6.79919270008686,-13.037236443533));
#1130=CARTESIAN_POINT('',(-0.875,-6.79919270008686,-13.037236443533));
#1131=CARTESIAN_POINT('Origin',(-1.65,-6.62818262842402,-12.5673901331401));
#1132=CARTESIAN_POINT('Origin',(0.,-7.12808511736192,-12.917529393369));
#1133=CARTESIAN_POINT('',(-1.65,-7.45697753463699,-12.7978223432051));
#1134=CARTESIAN_POINT('',(0.875,-7.45697753463699,-12.7978223432051));
#1135=CARTESIAN_POINT('',(-1.65,-7.52745448119593,-12.7721708324556));
#1136=CARTESIAN_POINT('Origin',(0.875,-7.28596746297416,-12.3279760328121));
#1137=CARTESIAN_POINT('',(-1.65,-7.75581377336711,-12.1569659611493));
#1138=CARTESIAN_POINT('',(0.875,-7.75581377336711,-12.1569659611493));
#1139=CARTESIAN_POINT('Origin',(-1.65,-7.28596746297416,-12.3279760328121));
#1140=CARTESIAN_POINT('Origin',(1.75,-5.8163161747054,-11.798707584017));
#1141=CARTESIAN_POINT('',(1.75,-6.32157000986767,-12.2127599277796));
#1142=CARTESIAN_POINT('Origin',(1.75,-6.87157000986767,-12.2127599277796));
#1143=CARTESIAN_POINT('Origin',(-1.65,-7.28596746297416,-12.3279760328121));
#1144=CARTESIAN_POINT('',(-1.75,-7.66184451128852,-12.1911679754818));
#1145=CARTESIAN_POINT('Origin',(-1.65,-7.66184451128852,-12.1911679754818));
#1146=CARTESIAN_POINT('',(-1.75,-7.42277552030442,-12.7038530811265));
#1147=CARTESIAN_POINT('Origin',(-1.75,-7.28596746297416,-12.3279760328121));
#1148=CARTESIAN_POINT('Origin',(-1.65,-7.42277552030442,-12.7038530811265));
#1149=CARTESIAN_POINT('Origin',(-1.65,-7.49325246686337,-12.6782015703771));
#1150=CARTESIAN_POINT('',(-1.75,-6.76499068575429,-12.9432671814544));
#1151=CARTESIAN_POINT('Origin',(-1.65,-6.76499068575429,-12.9432671814544));
#1152=CARTESIAN_POINT('',(-1.75,-7.49325246686337,-12.6782015703771));
#1153=CARTESIAN_POINT('Origin',(-1.65,-6.62818262842402,-12.5673901331401));
#1154=CARTESIAN_POINT('',(-1.75,-6.25230558010966,-12.7041981904703));
#1155=CARTESIAN_POINT('Origin',(-1.65,-6.25230558010966,-12.7041981904703));
#1156=CARTESIAN_POINT('Origin',(-1.75,-6.62818262842402,-12.5673901331401));
#1157=CARTESIAN_POINT('Origin',(-1.65,-5.91028543678399,-11.7645055696844));
#1158=CARTESIAN_POINT('',(-1.75,-6.08129550844682,-12.2343518800774));
#1159=CARTESIAN_POINT('Origin',(-1.65,-6.08129550844682,-12.2343518800774));
#1160=CARTESIAN_POINT('',(-1.75,-5.91028543678399,-11.7645055696844));
#1161=CARTESIAN_POINT('Origin',(-1.65,-6.45717255676119,-12.0975438227471));
#1162=CARTESIAN_POINT('',(-1.75,-6.32036449943092,-11.7216667744328));
#1163=CARTESIAN_POINT('',(-1.65,-6.28616248509835,-11.6276975123542));
#1164=CARTESIAN_POINT('Origin',(-1.65,-6.32036449943092,-11.7216667744328));
#1165=CARTESIAN_POINT('Origin',(-1.65,-6.45717255676119,-12.0975438227471));
#1166=CARTESIAN_POINT('Origin',(-1.75,-6.45717255676119,-12.0975438227471));
#1167=CARTESIAN_POINT('Origin',(-1.65,-7.04862628054,-11.4566011633554));
#1168=CARTESIAN_POINT('',(-1.75,-6.97814933398105,-11.4822526741048));
#1169=CARTESIAN_POINT('',(-1.65,-6.94394731964849,-11.3882834120262));
#1170=CARTESIAN_POINT('Origin',(-1.65,-6.97814933398105,-11.4822526741048));
#1171=CARTESIAN_POINT('',(-1.65,-7.01442426620743,-11.3626319012768));
#1172=CARTESIAN_POINT('',(-1.75,-7.04862628054,-11.4566011633554));
#1173=CARTESIAN_POINT('Origin',(-1.65,-7.11495739131132,-11.8581297224192));
#1174=CARTESIAN_POINT('',(-1.75,-7.49083443962569,-11.7213216650889));
#1175=CARTESIAN_POINT('',(-1.65,-7.58480370170428,-11.6871196507563));
#1176=CARTESIAN_POINT('Origin',(-1.65,-7.49083443962569,-11.7213216650889));
#1177=CARTESIAN_POINT('Origin',(-1.65,-7.11495739131132,-11.8581297224192));
#1178=CARTESIAN_POINT('Origin',(-1.75,-7.11495739131132,-11.8581297224192));
#1179=CARTESIAN_POINT('Origin',(-1.65,-7.31982436796285,-11.2514753546959));
#1180=CARTESIAN_POINT('',(-1.65,-7.41379363004144,-11.2172733403634));
#1181=CARTESIAN_POINT('',(-1.75,-7.31982436796285,-11.2514753546959));
#1182=CARTESIAN_POINT('Origin',(0.,-6.61505490237342,-11.5079904621902));
#1183=CARTESIAN_POINT('',(-1.2,-6.94394731964849,-11.3882834120262));
#1184=CARTESIAN_POINT('',(0.875,-6.94394731964849,-11.3882834120262));
#1185=CARTESIAN_POINT('',(-1.20000000000196,-6.28616248509955,-11.6276975123537));
#1186=CARTESIAN_POINT('Origin',(0.,-6.61505490237342,-11.5079904621902));
#1187=CARTESIAN_POINT('',(-0.875,-6.28616248509835,-11.6276975123542));
#1188=CARTESIAN_POINT('Origin',(0.875,-7.11495739131132,-11.8581297224192));
#1189=CARTESIAN_POINT('',(-1.2,-7.58480370170428,-11.6871196507563));
#1190=CARTESIAN_POINT('',(0.875,-7.58480370170428,-11.6871196507563));
#1191=CARTESIAN_POINT('Origin',(-1.2,-7.11495739131132,-11.8581297224192));
#1192=CARTESIAN_POINT('Origin',(1.75,-7.41379363004144,-11.2172733403634));
#1193=CARTESIAN_POINT('',(1.2,-7.58480370170428,-11.6871196507563));
#1194=CARTESIAN_POINT('',(0.875,-7.58480370170428,-11.6871196507563));
#1195=CARTESIAN_POINT('Ctrl Pts',(-1.2,-7.58480370170428,-11.6871196507563));
#1196=CARTESIAN_POINT('Ctrl Pts',(-1.07075312091137,-7.58480370170428,-11.6871196507563));
#1197=CARTESIAN_POINT('Ctrl Pts',(-0.925614959254478,-7.57578465079714,
-11.662340012044));
#1198=CARTESIAN_POINT('Ctrl Pts',(-0.774383846134434,-7.55634008851558,
-11.6089165162443));
#1199=CARTESIAN_POINT('Ctrl Pts',(-0.714789782582902,-7.54777578526532,
-11.5853862864508));
#1200=CARTESIAN_POINT('Ctrl Pts',(-0.656693298533523,-7.53807420845082,
-11.5587314232199));
#1201=CARTESIAN_POINT('Ctrl Pts',(-0.600173912720248,-7.52735528243832,
-11.5292814160397));
#1202=CARTESIAN_POINT('Ctrl Pts',(-0.544742459801349,-7.51599790620593,
-11.498077281297));
#1203=CARTESIAN_POINT('Ctrl Pts',(-0.450391920784914,-7.49458084715866,
-11.4392343951735));
#1204=CARTESIAN_POINT('Ctrl Pts',(-0.34904591320589,-7.46713862301939,-11.3638375040112));
#1205=CARTESIAN_POINT('Ctrl Pts',(-0.262809429676555,-7.44221215747238,
-11.295352602774));
#1206=CARTESIAN_POINT('Ctrl Pts',(-0.213007866718426,-7.4281120463971,-11.2566128659829));
#1207=CARTESIAN_POINT('Ctrl Pts',(-0.161908277755746,-7.41449086902095,
-11.2191889887156));
#1208=CARTESIAN_POINT('Ctrl Pts',(-0.0959939088731345,-7.39875111420133,
-11.1759443677609));
#1209=CARTESIAN_POINT('Ctrl Pts',(-0.000109378051767448,-7.38839338170917,
-11.1474867316219));
#1210=CARTESIAN_POINT('Ctrl Pts',(0.0960188560778228,-7.39869116285893,
-11.1757796528014));
#1211=CARTESIAN_POINT('Ctrl Pts',(0.175142040582858,-7.41760225525382,-11.2277374521336));
#1212=CARTESIAN_POINT('Ctrl Pts',(0.250608405996797,-7.4385743398018,-11.285357780868));
#1213=CARTESIAN_POINT('Ctrl Pts',(0.349042597485055,-7.46716150072394,-11.3639003599879));
#1214=CARTESIAN_POINT('Ctrl Pts',(0.450514171227555,-7.4945528699878,-11.4391575285283));
#1215=CARTESIAN_POINT('Ctrl Pts',(0.558241903060507,-7.51904874056252,-11.5064593798022));
#1216=CARTESIAN_POINT('Ctrl Pts',(0.670192879556642,-7.54116574222743,-11.5672253424626));
#1217=CARTESIAN_POINT('Ctrl Pts',(0.877315685997475,-7.57276068723817,-11.6540317404485));
#1218=CARTESIAN_POINT('Ctrl Pts',(1.07075312091138,-7.58480370170428,-11.6871196507563));
#1219=CARTESIAN_POINT('Ctrl Pts',(1.2,-7.58480370170428,-11.6871196507563));
#1220=CARTESIAN_POINT('Origin',(-1.75,-7.41379363004144,-11.2172733403634));
#1221=CARTESIAN_POINT('',(-1.75,-6.32157000986767,-12.2127599277796));
#1222=CARTESIAN_POINT('Origin',(-1.75,-6.87157000986767,-12.2127599277796));
#1223=CARTESIAN_POINT('Origin',(-0.875,-6.45717255676119,-12.0975438227471));
#1224=CARTESIAN_POINT('',(1.2,-6.28616248509835,-11.6276975123542));
#1225=CARTESIAN_POINT('Origin',(1.2,-6.45717255676119,-12.0975438227471));
#1226=CARTESIAN_POINT('',(-0.875,-6.28616248509835,-11.6276975123542));
#1227=CARTESIAN_POINT('Ctrl Pts',(-1.20000000000342,-6.28616248509915,-11.6276975123539));
#1228=CARTESIAN_POINT('Ctrl Pts',(-1.13031008279874,-6.26983929079973,-11.6336386692074));
#1229=CARTESIAN_POINT('Ctrl Pts',(-1.04102410476513,-6.2388016869993,-11.6293545597266));
#1230=CARTESIAN_POINT('Ctrl Pts',(-0.928823838707262,-6.17994538401251,
-11.6125216056856));
#1231=CARTESIAN_POINT('Ctrl Pts',(-0.870748557984678,-6.14581090778296,
-11.6023144437752));
#1232=CARTESIAN_POINT('Ctrl Pts',(-0.809829967379604,-6.10668886044733,
-11.5907388728422));
#1233=CARTESIAN_POINT('Ctrl Pts',(-0.744423254720832,-6.06230926893758,
-11.5783173615893));
#1234=CARTESIAN_POINT('Ctrl Pts',(-0.672201683280995,-6.01268125966285,
-11.5655521727436));
#1235=CARTESIAN_POINT('Ctrl Pts',(-0.590046845374707,-5.95821557908291,
-11.5529278372151));
#1236=CARTESIAN_POINT('Ctrl Pts',(-0.508737284020379,-5.90972767541828,
-11.5428565609355));
#1237=CARTESIAN_POINT('Ctrl Pts',(-0.432590173186344,-5.87031803932373,
-11.5352398182223));
#1238=CARTESIAN_POINT('Ctrl Pts',(-0.345677433902562,-5.83190664582179,
-11.5280981728565));
#1239=CARTESIAN_POINT('Ctrl Pts',(-0.218199342933248,-5.78654747488879,
-11.5200395541636));
#1240=CARTESIAN_POINT('Ctrl Pts',(-0.000742898971312241,-5.75696825662851,
-11.5148209661472));
#1241=CARTESIAN_POINT('Ctrl Pts',(0.164640821999945,-5.77895473029668,-11.5187006514993));
#1242=CARTESIAN_POINT('Ctrl Pts',(0.28110985546106,-5.80933783211442,-11.5240892506876));
#1243=CARTESIAN_POINT('Ctrl Pts',(0.382920751257344,-5.8456084105595,-11.5305837398865));
#1244=CARTESIAN_POINT('Ctrl Pts',(0.492640938306985,-5.89998194900407,-11.5408368439402));
#1245=CARTESIAN_POINT('Ctrl Pts',(0.622558502816058,-5.97758293590782,-11.556936310304));
#1246=CARTESIAN_POINT('Ctrl Pts',(0.722439641320039,-6.04754127886806,-11.5741611278564));
#1247=CARTESIAN_POINT('Ctrl Pts',(0.809924218957434,-6.10666643790106,-11.5907313960279));
#1248=CARTESIAN_POINT('Ctrl Pts',(0.891033086919557,-6.15885259772699,-11.606158796391));
#1249=CARTESIAN_POINT('Ctrl Pts',(0.966677875220184,-6.20101917673239,-11.6188606656439));
#1250=CARTESIAN_POINT('Ctrl Pts',(1.0765561829165,-6.25117767587327,-11.6311206265566));
#1251=CARTESIAN_POINT('Ctrl Pts',(1.14773256209644,-6.27392008937357,-11.6321533799941));
#1252=CARTESIAN_POINT('Ctrl Pts',(1.2,-6.28616248509835,-11.6276975123542));
#1253=CARTESIAN_POINT('Ctrl Pts',(-1.20000000000342,-6.21587364143014,-11.6532805592503));
#1254=CARTESIAN_POINT('Ctrl Pts',(-1.13031971726919,-6.20199680263443,-11.6611043266047));
#1255=CARTESIAN_POINT('Ctrl Pts',(-1.03980663623565,-6.17491409849331,-11.659619613468));
#1256=CARTESIAN_POINT('Ctrl Pts',(-0.923830641741329,-6.12317480626675,
-11.6453681187162));
#1257=CARTESIAN_POINT('Ctrl Pts',(-0.863485146085744,-6.09316439952588,
-11.6361439002651));
#1258=CARTESIAN_POINT('Ctrl Pts',(-0.799997245085366,-6.05880342934358,
-11.6251224062015));
#1259=CARTESIAN_POINT('Ctrl Pts',(-0.731908465313356,-6.01992257811801,
-11.612680466334));
#1260=CARTESIAN_POINT('Ctrl Pts',(-0.657190547669857,-5.97659621139042,
-11.599181410084));
#1261=CARTESIAN_POINT('Ctrl Pts',(-0.573164629518638,-5.92926065643397,
-11.5849954966477));
#1262=CARTESIAN_POINT('Ctrl Pts',(-0.491379555614004,-5.88732403203672,
-11.572891448239));
#1263=CARTESIAN_POINT('Ctrl Pts',(-0.415932711592827,-5.8533718645663,-11.5632516676055));
#1264=CARTESIAN_POINT('Ctrl Pts',(-0.330762913442761,-5.82035231658305,
-11.553926651429));
#1265=CARTESIAN_POINT('Ctrl Pts',(-0.207412113267981,-5.78149638628072,
-11.5428793802738));
#1266=CARTESIAN_POINT('Ctrl Pts',(-0.000684939900038151,-5.75622825776742,
-11.535455668319));
#1267=CARTESIAN_POINT('Ctrl Pts',(0.15647534499741,-5.77501081252471,-11.540971359922));
#1268=CARTESIAN_POINT('Ctrl Pts',(0.268323312032372,-5.8010176228944,-11.5484333188752));
#1269=CARTESIAN_POINT('Ctrl Pts',(0.366911008220853,-5.83210909593683,-11.5572510094446));
#1270=CARTESIAN_POINT('Ctrl Pts',(0.475179903224937,-5.87889772219649,-11.5704607787979));
#1271=CARTESIAN_POINT('Ctrl Pts',(0.605863760227476,-5.94600448579223,-11.5898157715953));
#1272=CARTESIAN_POINT('Ctrl Pts',(0.709045986259439,-6.00698927101789,-11.6085284027538));
#1273=CARTESIAN_POINT('Ctrl Pts',(0.800082425351466,-6.05878845161628,-11.6251204279793));
#1274=CARTESIAN_POINT('Ctrl Pts',(0.884627874302209,-6.10462028421983,-11.6398090795004));
#1275=CARTESIAN_POINT('Ctrl Pts',(0.963088188106887,-6.14172278554222,-11.6509248479586));
#1276=CARTESIAN_POINT('Ctrl Pts',(1.07584257559579,-6.18572018179822,-11.6602526778285));
#1277=CARTESIAN_POINT('Ctrl Pts',(1.14773978794925,-6.20546601233249,-11.6591483847662));
#1278=CARTESIAN_POINT('Ctrl Pts',(1.2,-6.21587364142946,-11.6532805592506));
#1279=CARTESIAN_POINT('Ctrl Pts',(-1.20000000000362,-6.08731422046434,-11.7365095071093));
#1280=CARTESIAN_POINT('Ctrl Pts',(-1.12624229625635,-6.07889861829452,-11.7462318440399));
#1281=CARTESIAN_POINT('Ctrl Pts',(-1.02907345298585,-6.06012724830117,-11.7465780207612));
#1282=CARTESIAN_POINT('Ctrl Pts',(-0.903293656151099,-6.02259908400681,
-11.7314881339089));
#1283=CARTESIAN_POINT('Ctrl Pts',(-0.837894140919929,-6.00068225410991,
-11.7210535786098));
#1284=CARTESIAN_POINT('Ctrl Pts',(-0.76940690456327,-5.9755082868856,-11.7078883557051));
#1285=CARTESIAN_POINT('Ctrl Pts',(-0.696751781406167,-5.94705114619007,
-11.6921923230621));
#1286=CARTESIAN_POINT('Ctrl Pts',(-0.618453501301211,-5.91544494713534,
-11.6741980903767));
#1287=CARTESIAN_POINT('Ctrl Pts',(-0.532597829676296,-5.88110220142171,
-11.6541966257233));
#1288=CARTESIAN_POINT('Ctrl Pts',(-0.451692307325017,-5.85084997712228,
-11.636201188072));
#1289=CARTESIAN_POINT('Ctrl Pts',(-0.379099479904654,-5.82647059730391,
-11.6213621562587));
#1290=CARTESIAN_POINT('Ctrl Pts',(-0.298769896465659,-5.80281590723329,
-11.6067396571288));
#1291=CARTESIAN_POINT('Ctrl Pts',(-0.185106508453374,-5.77506846911585,
-11.5889891237641));
#1292=CARTESIAN_POINT('Ctrl Pts',(-0.000578517717720773,-5.75704650864538,
-11.5769115316303));
#1293=CARTESIAN_POINT('Ctrl Pts',(0.139605026668469,-5.77044247047063,-11.5858835407648));
#1294=CARTESIAN_POINT('Ctrl Pts',(0.241290760596105,-5.78900711469918,-11.5979147904801));
#1295=CARTESIAN_POINT('Ctrl Pts',(0.33227721194946,-5.81122191394891,-11.6120204067336));
#1296=CARTESIAN_POINT('Ctrl Pts',(0.435652505753031,-5.84477634781622,-11.6325808629731));
#1297=CARTESIAN_POINT('Ctrl Pts',(0.564932189286276,-5.89316714923592,-11.661377233889));
#1298=CARTESIAN_POINT('Ctrl Pts',(0.672392809482433,-5.93760026008084,-11.686957599606));
#1299=CARTESIAN_POINT('Ctrl Pts',(0.769475642883874,-5.97551219375552,-11.7078798241321));
#1300=CARTESIAN_POINT('Ctrl Pts',(0.860704177950863,-6.00908058227177,-11.7254347497498));
#1301=CARTESIAN_POINT('Ctrl Pts',(0.94591740853231,-6.036151687051,-11.7375308303007));
#1302=CARTESIAN_POINT('Ctrl Pts',(1.06779901962429,-6.06762660205655,-11.7464611532579));
#1303=CARTESIAN_POINT('Ctrl Pts',(1.14468172218944,-6.0810025188364,-11.7438012598075));
#1304=CARTESIAN_POINT('Ctrl Pts',(1.2,-6.08731422046393,-11.7365095071098));
#1305=CARTESIAN_POINT('Ctrl Pts',(-1.20000000000459,-5.94692235252055,-11.9656125994611));
#1306=CARTESIAN_POINT('Ctrl Pts',(-1.10631276403954,-5.946327093827,-11.9727931893693));
#1307=CARTESIAN_POINT('Ctrl Pts',(-0.984928610198284,-5.93827350900918,
-11.9644512725517));
#1308=CARTESIAN_POINT('Ctrl Pts',(-0.836155114070597,-5.91775996734619,
-11.9306295017106));
#1309=CARTESIAN_POINT('Ctrl Pts',(-0.760899111400572,-5.9053957304797,-11.9092165998755));
#1310=CARTESIAN_POINT('Ctrl Pts',(-0.684610480822369,-5.8909774649745,-11.8835043972103));
#1311=CARTESIAN_POINT('Ctrl Pts',(-0.606776698500619,-5.87461282752253,
-11.8537778906324));
#1312=CARTESIAN_POINT('Ctrl Pts',(-0.526659202831065,-5.85648364210522,
-11.8204258419541));
#1313=CARTESIAN_POINT('Ctrl Pts',(-0.443245903141037,-5.83689305755807,
-11.784000498912));
#1314=CARTESIAN_POINT('Ctrl Pts',(-0.369041216524194,-5.81973787799834,
-11.75177073006));
#1315=CARTESIAN_POINT('Ctrl Pts',(-0.305410169313178,-5.80593546337846,
-11.7255765817744));
#1316=CARTESIAN_POINT('Ctrl Pts',(-0.237185962402841,-5.79254588496046,
-11.7000000497799));
#1317=CARTESIAN_POINT('Ctrl Pts',(-0.14420993067812,-5.77679004597815,-11.6694998809916));
#1318=CARTESIAN_POINT('Ctrl Pts',(-0.000413794177645252,-5.76646500869024,
-11.6491791537191));
#1319=CARTESIAN_POINT('Ctrl Pts',(0.10871293736261,-5.77413900939128,-11.6642791531204));
#1320=CARTESIAN_POINT('Ctrl Pts',(0.190232425704949,-5.7847067561697,-11.6848306093994));
#1321=CARTESIAN_POINT('Ctrl Pts',(0.264888041239129,-5.79731011459364,-11.7091589811052));
#1322=CARTESIAN_POINT('Ctrl Pts',(0.35431517943319,-5.81629202928842,-11.7452915166463));
#1323=CARTESIAN_POINT('Ctrl Pts',(0.472880363088992,-5.84373566567526,-11.7968612730154));
#1324=CARTESIAN_POINT('Ctrl Pts',(0.580723516871764,-5.86916622658467,-11.8438698311854));
#1325=CARTESIAN_POINT('Ctrl Pts',(0.684660416065126,-5.89097337054098,-11.8834888603059));
#1326=CARTESIAN_POINT('Ctrl Pts',(0.786309512313856,-5.91019989953948,-11.9177770605695));
#1327=CARTESIAN_POINT('Ctrl Pts',(0.88601468100494,-5.92531963683508,-11.9434604016746));
#1328=CARTESIAN_POINT('Ctrl Pts',(1.03336413653613,-5.94150352709195,-11.967815297798));
#1329=CARTESIAN_POINT('Ctrl Pts',(1.12973457302612,-5.94647590850022,-11.9709980418923));
#1330=CARTESIAN_POINT('Ctrl Pts',(1.2,-5.94692235252052,-11.9656125994614));
#1331=CARTESIAN_POINT('Ctrl Pts',(-1.20000000000568,-5.94895167602349,-12.1631206289065));
#1332=CARTESIAN_POINT('Ctrl Pts',(-1.08413632923889,-5.94985499223102,-12.1654512337131));
#1333=CARTESIAN_POINT('Ctrl Pts',(-0.937865668955381,-5.94208192447151,
-12.144584566821));
#1334=CARTESIAN_POINT('Ctrl Pts',(-0.76947907959335,-5.92181403717371,-12.0887415597234));
#1335=CARTESIAN_POINT('Ctrl Pts',(-0.686765921664011,-5.90964745784065,
-12.0552050370321));
#1336=CARTESIAN_POINT('Ctrl Pts',(-0.605672447042441,-5.89556507354475,
-12.0164828725319));
#1337=CARTESIAN_POINT('Ctrl Pts',(-0.525992440796149,-5.87981425583668,
-11.9731454328186));
#1338=CARTESIAN_POINT('Ctrl Pts',(-0.447338370486536,-5.86262919550125,
-11.9259036103837));
#1339=CARTESIAN_POINT('Ctrl Pts',(-0.369047163204281,-5.84438105246735,
-11.875671275394));
#1340=CARTESIAN_POINT('Ctrl Pts',(-0.302629633098485,-5.82859983841739,
-11.8323426161904));
#1341=CARTESIAN_POINT('Ctrl Pts',(-0.247658558696611,-5.81602908155705,
-11.7977660801623));
#1342=CARTESIAN_POINT('Ctrl Pts',(-0.190127228881163,-5.80387994765723,
-11.764369545939));
#1343=CARTESIAN_POINT('Ctrl Pts',(-0.113988000570602,-5.78964792301862,
-11.7252533613541));
#1344=CARTESIAN_POINT('Ctrl Pts',(-0.000306892993207059,-5.78032208239791,
-11.6996372919476));
#1345=CARTESIAN_POINT('Ctrl Pts',(0.0859057661302993,-5.78725118515727,
-11.7186776211703));
#1346=CARTESIAN_POINT('Ctrl Pts',(0.151712436330363,-5.79679423029471,-11.744911034353));
#1347=CARTESIAN_POINT('Ctrl Pts',(0.213024952640996,-5.80818413597108,-11.7762264260414));
#1348=CARTESIAN_POINT('Ctrl Pts',(0.289443262221928,-5.82544414531822,-11.8236368013223));
#1349=CARTESIAN_POINT('Ctrl Pts',(0.395562042016304,-5.85063440711219,-11.8929648980623));
#1350=CARTESIAN_POINT('Ctrl Pts',(0.499339227591067,-5.8746218308883,-11.9586863944909));
#1351=CARTESIAN_POINT('Ctrl Pts',(0.605716045971914,-5.89560790907272,-12.0164550256311));
#1352=CARTESIAN_POINT('Ctrl Pts',(0.713779008150213,-5.9143576690072,-12.0680915155132));
#1353=CARTESIAN_POINT('Ctrl Pts',(0.825195397734281,-5.92939666585527,-12.1093385176583));
#1354=CARTESIAN_POINT('Ctrl Pts',(0.996246865562025,-5.94521665818755,-12.1529815229722));
#1355=CARTESIAN_POINT('Ctrl Pts',(1.11310224692487,-5.94962916317901,-12.1648685825111));
#1356=CARTESIAN_POINT('Ctrl Pts',(1.2,-5.94895167602353,-12.1631206289066));
#1357=CARTESIAN_POINT('Ctrl Pts',(-1.20000000000634,-5.98732624636823,-12.26855389441));
#1358=CARTESIAN_POINT('Ctrl Pts',(-1.07075312091741,-5.98732624636849,-12.2685538944107));
#1359=CARTESIAN_POINT('Ctrl Pts',(-0.909518173765061,-5.9773110539943,-12.2410373795111));
#1360=CARTESIAN_POINT('Ctrl Pts',(-0.729362113227082,-5.95272128056109,
-12.1734775322538));
#1361=CARTESIAN_POINT('Ctrl Pts',(-0.64218325041215,-5.93817429295989,-12.1335100122985));
#1362=CARTESIAN_POINT('Ctrl Pts',(-0.55822245224813,-5.92158083901841,-12.0879198722835));
#1363=CARTESIAN_POINT('Ctrl Pts',(-0.477455526702456,-5.9032135934456,-12.0374562798146));
#1364=CARTESIAN_POINT('Ctrl Pts',(-0.399700977138919,-5.88339753967353,
-11.9830121195331));
#1365=CARTESIAN_POINT('Ctrl Pts',(-0.324505304557682,-5.86254022458432,
-11.9257071172951));
#1366=CARTESIAN_POINT('Ctrl Pts',(-0.262769841115372,-5.84472251847418,
-11.876753372091));
#1367=CARTESIAN_POINT('Ctrl Pts',(-0.213002606654185,-5.83060646727298,
-11.8379698401638));
#1368=CARTESIAN_POINT('Ctrl Pts',(-0.161891885524152,-5.81702934716175,
-11.800667009237));
#1369=CARTESIAN_POINT('Ctrl Pts',(-0.0958569232756238,-5.80123733681951,
-11.7572788174139));
#1370=CARTESIAN_POINT('Ctrl Pts',(-0.000243540159700755,-5.79096267062229,
-11.7290494040446));
#1371=CARTESIAN_POINT('Ctrl Pts',(0.072220839523129,-5.798600341987,-11.7500337336564));
#1372=CARTESIAN_POINT('Ctrl Pts',(0.128598546908618,-5.80917236228434,-11.7790801207013));
#1373=CARTESIAN_POINT('Ctrl Pts',(0.181902075183789,-5.82183264285113,-11.8138639556825));
#1374=CARTESIAN_POINT('Ctrl Pts',(0.250508993476773,-5.8411442025641,-11.8669220299284));
#1375=CARTESIAN_POINT('Ctrl Pts',(0.349135724561583,-5.86964792217087,-11.9452353559185));
#1376=CARTESIAN_POINT('Ctrl Pts',(0.450451870437941,-5.89708696455842,-12.0206235052897));
#1377=CARTESIAN_POINT('Ctrl Pts',(0.558261234984124,-5.92157078713546,-12.0878922549621));
#1378=CARTESIAN_POINT('Ctrl Pts',(0.670151733826528,-5.94369657102215,-12.1486823465785));
#1379=CARTESIAN_POINT('Ctrl Pts',(0.788583505438879,-5.96172628067071,-12.1982185667172));
#1380=CARTESIAN_POINT('Ctrl Pts',(0.973885985848411,-5.98134169123944,-12.2521114643281));
#1381=CARTESIAN_POINT('Ctrl Pts',(1.1030648406833,-5.98732624636823,-12.26855389441));
#1382=CARTESIAN_POINT('Ctrl Pts',(1.2,-5.98732624636823,-12.26855389441));
#1383=CARTESIAN_POINT('Origin',(-1.20000000000634,-6.45717255676119,-12.0975438227471));
#1384=CARTESIAN_POINT('Ctrl Pts',(-1.20000000000342,-6.28616248509915,-11.6276975123539));
#1385=CARTESIAN_POINT('Ctrl Pts',(-1.13031008279874,-6.26983929079973,-11.6336386692074));
#1386=CARTESIAN_POINT('Ctrl Pts',(-1.04102410476513,-6.2388016869993,-11.6293545597266));
#1387=CARTESIAN_POINT('Ctrl Pts',(-0.928823838707262,-6.17994538401251,
-11.6125216056856));
#1388=CARTESIAN_POINT('Ctrl Pts',(-0.870748557984678,-6.14581090778296,
-11.6023144437752));
#1389=CARTESIAN_POINT('Ctrl Pts',(-0.809829967379604,-6.10668886044733,
-11.5907388728422));
#1390=CARTESIAN_POINT('Ctrl Pts',(-0.744423254720832,-6.06230926893758,
-11.5783173615893));
#1391=CARTESIAN_POINT('Ctrl Pts',(-0.672201683280995,-6.01268125966285,
-11.5655521727436));
#1392=CARTESIAN_POINT('Ctrl Pts',(-0.590046845374707,-5.95821557908291,
-11.5529278372151));
#1393=CARTESIAN_POINT('Ctrl Pts',(-0.508737284020379,-5.90972767541828,
-11.5428565609355));
#1394=CARTESIAN_POINT('Ctrl Pts',(-0.432590173186344,-5.87031803932373,
-11.5352398182223));
#1395=CARTESIAN_POINT('Ctrl Pts',(-0.345677433902562,-5.83190664582179,
-11.5280981728565));
#1396=CARTESIAN_POINT('Ctrl Pts',(-0.218199342933248,-5.78654747488879,
-11.5200395541636));
#1397=CARTESIAN_POINT('Ctrl Pts',(-0.000742898971312241,-5.75696825662851,
-11.5148209661472));
#1398=CARTESIAN_POINT('Ctrl Pts',(0.164640821999945,-5.77895473029668,-11.5187006514993));
#1399=CARTESIAN_POINT('Ctrl Pts',(0.28110985546106,-5.80933783211442,-11.5240892506876));
#1400=CARTESIAN_POINT('Ctrl Pts',(0.382920751257344,-5.8456084105595,-11.5305837398865));
#1401=CARTESIAN_POINT('Ctrl Pts',(0.492640938306985,-5.89998194900407,-11.5408368439402));
#1402=CARTESIAN_POINT('Ctrl Pts',(0.622558502816058,-5.97758293590782,-11.556936310304));
#1403=CARTESIAN_POINT('Ctrl Pts',(0.722439641320039,-6.04754127886806,-11.5741611278564));
#1404=CARTESIAN_POINT('Ctrl Pts',(0.809924218957434,-6.10666643790106,-11.5907313960279));
#1405=CARTESIAN_POINT('Ctrl Pts',(0.891033086919557,-6.15885259772699,-11.606158796391));
#1406=CARTESIAN_POINT('Ctrl Pts',(0.966677875220184,-6.20101917673239,-11.6188606656439));
#1407=CARTESIAN_POINT('Ctrl Pts',(1.0765561829165,-6.25117767587327,-11.6311206265566));
#1408=CARTESIAN_POINT('Ctrl Pts',(1.14773256209644,-6.27392008937357,-11.6321533799941));
#1409=CARTESIAN_POINT('Ctrl Pts',(1.2,-6.28616248509835,-11.6276975123542));
#1410=CARTESIAN_POINT('Origin',(-0.875,-6.45717255676119,-12.0975438227471));
#1411=CARTESIAN_POINT('Origin',(0.,-6.61505490237342,-11.5079904621902));
#1412=CARTESIAN_POINT('',(1.25,-6.61505490237342,-11.5079904621902));
#1413=CARTESIAN_POINT('Origin',(0.,-6.61505490237342,-11.5079904621902));
#1414=CARTESIAN_POINT('',(1.2,-6.94394731964849,-11.3882834120262));
#1415=CARTESIAN_POINT('Origin',(0.,-6.61505490237342,-11.5079904621902));
#1416=CARTESIAN_POINT('',(0.875,-6.94394731964849,-11.3882834120262));
#1417=CARTESIAN_POINT('Origin',(0.,-6.44404483071059,-11.0381441517972));
#1418=CARTESIAN_POINT('Origin',(1.25,-6.44404483071059,-11.0381441517972));
#1419=CARTESIAN_POINT('Ctrl Pts',(1.2,-6.94394731964849,-11.3882834120262));
#1420=CARTESIAN_POINT('Ctrl Pts',(1.13031008279541,-6.96027051394815,-11.382342255173));
#1421=CARTESIAN_POINT('Ctrl Pts',(1.02323605771137,-6.98546338401066,-11.3544371958024));
#1422=CARTESIAN_POINT('Ctrl Pts',(0.891106691356696,-7.02762426857402,-11.2899388800094));
#1423=CARTESIAN_POINT('Ctrl Pts',(0.809876853291482,-7.057700222006,-11.2445841817242));
#1424=CARTESIAN_POINT('Ctrl Pts',(0.722607286355308,-7.09235142174765,-11.1938633669238));
#1425=CARTESIAN_POINT('Ctrl Pts',(0.622119463213145,-7.13478760164385,-11.1358044547715));
#1426=CARTESIAN_POINT('Ctrl Pts',(0.493049009476088,-7.18403302506534,-11.0734068590834));
#1427=CARTESIAN_POINT('Ctrl Pts',(0.371331461618274,-7.22210554220523,-11.0269228244706));
#1428=CARTESIAN_POINT('Ctrl Pts',(0.218703882985874,-7.2575255387878,-10.9846105629861));
#1429=CARTESIAN_POINT('Ctrl Pts',(-0.000333936877802665,-7.27686719836018,
-10.961550271122));
#1430=CARTESIAN_POINT('Ctrl Pts',(-0.218608267888467,-7.25740940550789,
-10.984746099775));
#1431=CARTESIAN_POINT('Ctrl Pts',(-0.345720914987589,-7.22794039951566,
-11.0199586523914));
#1432=CARTESIAN_POINT('Ctrl Pts',(-0.432551048605404,-7.20302239349459,
-11.0502188550743));
#1433=CARTESIAN_POINT('Ctrl Pts',(-0.508783146240466,-7.1777656566661,-11.0813474342558));
#1434=CARTESIAN_POINT('Ctrl Pts',(-0.622295429027451,-7.13482371587985,
-11.1357557188745));
#1435=CARTESIAN_POINT('Ctrl Pts',(-0.722306101147815,-7.09228332019949,
-11.1939316786116));
#1436=CARTESIAN_POINT('Ctrl Pts',(-0.798887690809029,-7.06200423393257,
-11.2382713937946));
#1437=CARTESIAN_POINT('Ctrl Pts',(-0.84023014678913,-7.04639361218717,-11.2616221362637));
#1438=CARTESIAN_POINT('Ctrl Pts',(-0.880396380017059,-7.0318675374119,-11.2835848836986));
#1439=CARTESIAN_POINT('Ctrl Pts',(-0.919075889923937,-7.01881944014268,
-11.3034269769268));
#1440=CARTESIAN_POINT('Ctrl Pts',(-0.956856064856736,-7.00697361774988,
-11.3210621943051));
#1441=CARTESIAN_POINT('Ctrl Pts',(-1.04993117845746,-6.97917376939691,-11.361430880467));
#1442=CARTESIAN_POINT('Ctrl Pts',(-1.13031008279541,-6.96027051394816,-11.382342255173));
#1443=CARTESIAN_POINT('Ctrl Pts',(-1.2,-6.94394731964849,-11.3882834120262));
#1444=CARTESIAN_POINT('Ctrl Pts',(1.2,-6.94394731964849,-11.3882834120262));
#1445=CARTESIAN_POINT('Ctrl Pts',(1.13031008279541,-6.96027051394815,-11.382342255173));
#1446=CARTESIAN_POINT('Ctrl Pts',(1.02323605771137,-6.98546338401066,-11.3544371958024));
#1447=CARTESIAN_POINT('Ctrl Pts',(0.891106691356696,-7.02762426857402,-11.2899388800094));
#1448=CARTESIAN_POINT('Ctrl Pts',(0.809876853291482,-7.057700222006,-11.2445841817242));
#1449=CARTESIAN_POINT('Ctrl Pts',(0.722607286355308,-7.09235142174765,-11.1938633669238));
#1450=CARTESIAN_POINT('Ctrl Pts',(0.622119463213145,-7.13478760164385,-11.1358044547715));
#1451=CARTESIAN_POINT('Ctrl Pts',(0.493049009476088,-7.18403302506534,-11.0734068590834));
#1452=CARTESIAN_POINT('Ctrl Pts',(0.371331461618274,-7.22210554220523,-11.0269228244706));
#1453=CARTESIAN_POINT('Ctrl Pts',(0.218703882985874,-7.2575255387878,-10.9846105629861));
#1454=CARTESIAN_POINT('Ctrl Pts',(-0.000333936877802665,-7.27686719836018,
-10.961550271122));
#1455=CARTESIAN_POINT('Ctrl Pts',(-0.218608267888467,-7.25740940550789,
-10.984746099775));
#1456=CARTESIAN_POINT('Ctrl Pts',(-0.345720914987589,-7.22794039951566,
-11.0199586523914));
#1457=CARTESIAN_POINT('Ctrl Pts',(-0.432551048605404,-7.20302239349459,
-11.0502188550743));
#1458=CARTESIAN_POINT('Ctrl Pts',(-0.508783146240466,-7.1777656566661,-11.0813474342558));
#1459=CARTESIAN_POINT('Ctrl Pts',(-0.622295429027451,-7.13482371587985,
-11.1357557188745));
#1460=CARTESIAN_POINT('Ctrl Pts',(-0.722306101147815,-7.09228332019949,
-11.1939316786116));
#1461=CARTESIAN_POINT('Ctrl Pts',(-0.798887690809029,-7.06200423393257,
-11.2382713937946));
#1462=CARTESIAN_POINT('Ctrl Pts',(-0.84023014678913,-7.04639361218717,-11.2616221362637));
#1463=CARTESIAN_POINT('Ctrl Pts',(-0.880396380017059,-7.0318675374119,-11.2835848836986));
#1464=CARTESIAN_POINT('Ctrl Pts',(-0.919075889923937,-7.01881944014268,
-11.3034269769268));
#1465=CARTESIAN_POINT('Ctrl Pts',(-0.956856064856736,-7.00697361774988,
-11.3210621943051));
#1466=CARTESIAN_POINT('Ctrl Pts',(-1.04993117845746,-6.97917376939691,-11.361430880467));
#1467=CARTESIAN_POINT('Ctrl Pts',(-1.13031008279541,-6.96027051394816,-11.382342255173));
#1468=CARTESIAN_POINT('Ctrl Pts',(-1.2,-6.94394731964849,-11.3882834120262));
#1469=CARTESIAN_POINT('Ctrl Pts',(1.2,-7.01423616331738,-11.3627003651297));
#1470=CARTESIAN_POINT('Ctrl Pts',(1.13031971726583,-7.02989545928136,-11.359773858596));
#1471=CARTESIAN_POINT('Ctrl Pts',(1.02177181940898,-7.053619584477,-11.3374982302417));
#1472=CARTESIAN_POINT('Ctrl Pts',(0.884697798179681,-7.09079893401112,-11.2808529893366));
#1473=CARTESIAN_POINT('Ctrl Pts',(0.800039564561112,-7.11647790352296,-11.240146628509));
#1474=CARTESIAN_POINT('Ctrl Pts',(0.709201719913893,-7.14550038711497,-11.1941220917889));
#1475=CARTESIAN_POINT('Ctrl Pts',(0.605468712422102,-7.18012482040067,-11.1406912167961));
#1476=CARTESIAN_POINT('Ctrl Pts',(0.475549892376118,-7.21920354225601,-11.0825553279248));
#1477=CARTESIAN_POINT('Ctrl Pts',(0.355579517939064,-7.24890853346561,-11.0389124681781));
#1478=CARTESIAN_POINT('Ctrl Pts',(0.207877933242273,-7.27606124252004,-10.9988662344662));
#1479=CARTESIAN_POINT('Ctrl Pts',(-0.000306426154006853,-7.29067261223976,
-10.9768899299468));
#1480=CARTESIAN_POINT('Ctrl Pts',(-0.207788847095798,-7.2759754006278,-10.9989970984396));
#1481=CARTESIAN_POINT('Ctrl Pts',(-0.330800876522186,-7.25338341379425,
-11.0323237652146));
#1482=CARTESIAN_POINT('Ctrl Pts',(-0.415898748465341,-7.23402080228326,
-11.0607858127976));
#1483=CARTESIAN_POINT('Ctrl Pts',(-0.491423087769503,-7.21423557435432,
-11.0899576507887));
#1484=CARTESIAN_POINT('Ctrl Pts',(-0.605618294168659,-7.18015321875519,
-11.1406488908134));
#1485=CARTESIAN_POINT('Ctrl Pts',(-0.708924458817041,-7.14544977289127,
-11.1941857840679));
#1486=CARTESIAN_POINT('Ctrl Pts',(-0.788608623541977,-7.1200845070342,-11.2344223972616));
#1487=CARTESIAN_POINT('Ctrl Pts',(-0.831685170182336,-7.1068266149759,-11.2554409498035));
#1488=CARTESIAN_POINT('Ctrl Pts',(-0.873511627515134,-7.09436730573528,
-11.2750915836581));
#1489=CARTESIAN_POINT('Ctrl Pts',(-0.913708090146531,-7.08300106061814,
-11.2926666607642));
#1490=CARTESIAN_POINT('Ctrl Pts',(-0.952805369990228,-7.07252900423114,
-11.308096187543));
#1491=CARTESIAN_POINT('Ctrl Pts',(-1.04883373572526,-7.04769563634556,-11.3430745590792));
#1492=CARTESIAN_POINT('Ctrl Pts',(-1.13031971726583,-7.02989545928136,-11.359773858596));
#1493=CARTESIAN_POINT('Ctrl Pts',(-1.2,-7.01423616331738,-11.3627003651297));
#1494=CARTESIAN_POINT('Ctrl Pts',(1.2,-7.1662169074229,-11.3438210606796));
#1495=CARTESIAN_POINT('Ctrl Pts',(1.12624229625276,-7.17891303041674,-11.3458593580563));
#1496=CARTESIAN_POINT('Ctrl Pts',(1.00969968410479,-7.19641688410369,-11.3316824919769));
#1497=CARTESIAN_POINT('Ctrl Pts',(0.860765770359434,-7.21903332755586,-11.2850315703691));
#1498=CARTESIAN_POINT('Ctrl Pts',(0.769441140056019,-7.23347205610539,-11.2500106256564));
#1499=CARTESIAN_POINT('Ctrl Pts',(0.672526119660632,-7.24906255043863,-11.2095984785948));
#1500=CARTESIAN_POINT('Ctrl Pts',(0.56461686448747,-7.26662092951806,-11.161543653664));
#1501=CARTESIAN_POINT('Ctrl Pts',(0.435954279026076,-7.28522789041754,-11.1082159484857));
#1502=CARTESIAN_POINT('Ctrl Pts',(0.321625108852855,-7.29879479229914,-11.0677032727111));
#1503=CARTESIAN_POINT('Ctrl Pts',(0.185498802554491,-7.31059397039685,-11.03006114989));
#1504=CARTESIAN_POINT('Ctrl Pts',(-0.000257317244114635,-7.31664447597696,
-11.0091790003166));
#1505=CARTESIAN_POINT('Ctrl Pts',(-0.185424794422528,-7.31056036921965,
-11.0301876629276));
#1506=CARTESIAN_POINT('Ctrl Pts',(-0.298800710638886,-7.30074089645788,
-11.0615131234631));
#1507=CARTESIAN_POINT('Ctrl Pts',(-0.379075986165105,-7.29199636033179,
-11.0880092348735));
#1508=CARTESIAN_POINT('Ctrl Pts',(-0.451733882406494,-7.28286936752602,
-11.1150119755121));
#1509=CARTESIAN_POINT('Ctrl Pts',(-0.56472463789063,-7.26663019666511,-11.1615073172189));
#1510=CARTESIAN_POINT('Ctrl Pts',(-0.67229110964435,-7.24904608763977,-11.2096582330482));
#1511=CARTESIAN_POINT('Ctrl Pts',(-0.757261509784032,-7.2354078561408,-11.2449885520899));
#1512=CARTESIAN_POINT('Ctrl Pts',(-0.803601242652452,-7.2280474870469,-11.2631719473427));
#1513=CARTESIAN_POINT('Ctrl Pts',(-0.848764371883689,-7.22096291737016,
-11.2799769790941));
#1514=CARTESIAN_POINT('Ctrl Pts',(-0.892336412077225,-7.21423976787286,
-11.2947035280698));
#1515=CARTESIAN_POINT('Ctrl Pts',(-0.934717628453904,-7.20779551113564,
-11.3072972701638));
#1516=CARTESIAN_POINT('Ctrl Pts',(-1.038764583206,-7.19206253973386,-11.3352259639392));
#1517=CARTESIAN_POINT('Ctrl Pts',(-1.12624229625276,-7.17891303041674,-11.3458593580563));
#1518=CARTESIAN_POINT('Ctrl Pts',(-1.2,-7.1662169074229,-11.3438210606796));
#1519=CARTESIAN_POINT('Ctrl Pts',(1.2,-7.42102791636576,-11.4290820774068));
#1520=CARTESIAN_POINT('Ctrl Pts',(1.10631276403505,-7.42609950520326,-11.4342001034911));
#1521=CARTESIAN_POINT('Ctrl Pts',(0.96070038566283,-7.42705507181272,-11.4202889414926));
#1522=CARTESIAN_POINT('Ctrl Pts',(0.786359323145858,-7.41840753075256,-11.3688163095788));
#1523=CARTESIAN_POINT('Ctrl Pts',(0.684635651803833,-7.41110055985646,-11.3302019752867));
#1524=CARTESIAN_POINT('Ctrl Pts',(0.580821915818954,-7.40233172968599,-11.2858128066007));
#1525=CARTESIAN_POINT('Ctrl Pts',(0.472679297241538,-7.39161723917641,-11.2335593718727));
#1526=CARTESIAN_POINT('Ctrl Pts',(0.3545153639163,-7.37945130453928,-11.1762384935085));
#1527=CARTESIAN_POINT('Ctrl Pts',(0.255865026847436,-7.37002585358341,-11.1329419659011));
#1528=CARTESIAN_POINT('Ctrl Pts',(0.144488535012811,-7.36100473140147,-11.092836275289));
#1529=CARTESIAN_POINT('Ctrl Pts',(-0.000183594217201112,-7.35583905088345,
-11.0705825513081));
#1530=CARTESIAN_POINT('Ctrl Pts',(-0.144438637687179,-7.36103689835123,
-11.0929703548043));
#1531=CARTESIAN_POINT('Ctrl Pts',(-0.237208544068475,-7.36854388489825,
-11.126346725703));
#1532=CARTESIAN_POINT('Ctrl Pts',(-0.305401601085548,-7.37475055713306,
-11.1546424807097));
#1533=CARTESIAN_POINT('Ctrl Pts',(-0.369081402767053,-7.38100579742751,
-11.1835432584984));
#1534=CARTESIAN_POINT('Ctrl Pts',(-0.472731469442766,-7.39160684164678,
-11.2335170428588));
#1535=CARTESIAN_POINT('Ctrl Pts',(-0.58064558832637,-7.40234755927811,-11.2858772326349));
#1536=CARTESIAN_POINT('Ctrl Pts',(-0.671610036943741,-7.41000937338964,
-11.3246814544345));
#1537=CARTESIAN_POINT('Ctrl Pts',(-0.722715391505358,-7.41384690967431,
-11.3447118217214));
#1538=CARTESIAN_POINT('Ctrl Pts',(-0.773415565697386,-7.41730384524869,
-11.3632466327194));
#1539=CARTESIAN_POINT('Ctrl Pts',(-0.823564199126026,-7.42016592643919,
-11.3794856755808));
#1540=CARTESIAN_POINT('Ctrl Pts',(-0.873327014086438,-7.42238522744674,
-11.3933082845164));
#1541=CARTESIAN_POINT('Ctrl Pts',(-0.997039683644002,-7.42682664102133,
-11.4237821649178));
#1542=CARTESIAN_POINT('Ctrl Pts',(-1.10631276403505,-7.42609950520326,-11.4342001034911));
#1543=CARTESIAN_POINT('Ctrl Pts',(-1.2,-7.42102791636576,-11.4290820774068));
#1544=CARTESIAN_POINT('Ctrl Pts',(1.2,-7.54642913135958,-11.581686385253));
#1545=CARTESIAN_POINT('Ctrl Pts',(1.08413632923343,-7.54723523489098,-11.5840523725794));
#1546=CARTESIAN_POINT('Ctrl Pts',(0.90866003446089,-7.53825777100238,-11.5588268522004));
#1547=CARTESIAN_POINT('Ctrl Pts',(0.713824709656307,-7.51186309979061,-11.4866166607172));
#1548=CARTESIAN_POINT('Ctrl Pts',(0.605694626022093,-7.49304647177904,-11.4350238419587));
#1549=CARTESIAN_POINT('Ctrl Pts',(0.499415560762715,-7.47196380373505,-11.3772629359649));
#1550=CARTESIAN_POINT('Ctrl Pts',(0.395427496903103,-7.44810719217536,-11.3116359318986));
#1551=CARTESIAN_POINT('Ctrl Pts',(0.289579815158938,-7.4227634639176,-11.2421307297551));
#1552=CARTESIAN_POINT('Ctrl Pts',(0.205414155502701,-7.40401548817979,-11.1906538586551));
#1553=CARTESIAN_POINT('Ctrl Pts',(0.114195181407676,-7.38696122394021,-11.1438169004468));
#1554=CARTESIAN_POINT('Ctrl Pts',(-0.00013648856627388,-7.37761513269181,
-11.1181431449461));
#1555=CARTESIAN_POINT('Ctrl Pts',(-0.114158682314368,-7.38701396347481,
-11.1439694048395));
#1556=CARTESIAN_POINT('Ctrl Pts',(-0.190144243139416,-7.40120365368006,
-11.1829528979922));
#1557=CARTESIAN_POINT('Ctrl Pts',(-0.247657385053086,-7.41340891068793,
-11.2164529993082));
#1558=CARTESIAN_POINT('Ctrl Pts',(-0.302668001384988,-7.42598808506457,
-11.2509808446488));
#1559=CARTESIAN_POINT('Ctrl Pts',(-0.395445874705378,-7.44807146004687,
-11.3115904963995));
#1560=CARTESIAN_POINT('Ctrl Pts',(-0.49927235713943,-7.47200308785465,-11.3773253851462));
#1561=CARTESIAN_POINT('Ctrl Pts',(-0.592367380317536,-7.49040789692223,
-11.4278405583856));
#1562=CARTESIAN_POINT('Ctrl Pts',(-0.64618454634758,-7.50011032065414,-11.4544047484674));
#1563=CARTESIAN_POINT('Ctrl Pts',(-0.700528158435839,-7.50921481529487,
-11.4793310342779));
#1564=CARTESIAN_POINT('Ctrl Pts',(-0.755647457961331,-7.51735995603575,
-11.5016902051148));
#1565=CARTESIAN_POINT('Ctrl Pts',(-0.81155530779428,-7.52449472737716,-11.5212040743424));
#1566=CARTESIAN_POINT('Ctrl Pts',(-0.952462082507218,-7.54055835420904,
-11.5651280077437));
#1567=CARTESIAN_POINT('Ctrl Pts',(-1.08413632923343,-7.54723523489098,-11.5840523725794));
#1568=CARTESIAN_POINT('Ctrl Pts',(-1.2,-7.54642913135958,-11.581686385253));
#1569=CARTESIAN_POINT('Ctrl Pts',(1.2,-7.58480370170428,-11.6871196507563));
#1570=CARTESIAN_POINT('Ctrl Pts',(1.07075312091138,-7.58480370170428,-11.6871196507563));
#1571=CARTESIAN_POINT('Ctrl Pts',(0.877315685997475,-7.57276068723817,-11.6540317404485));
#1572=CARTESIAN_POINT('Ctrl Pts',(0.670192879556642,-7.54116574222743,-11.5672253424626));
#1573=CARTESIAN_POINT('Ctrl Pts',(0.558241903060507,-7.51904874056252,-11.5064593798022));
#1574=CARTESIAN_POINT('Ctrl Pts',(0.450514171227555,-7.4945528699878,-11.4391575285283));
#1575=CARTESIAN_POINT('Ctrl Pts',(0.349042597485055,-7.46716150072394,-11.3639003599879));
#1576=CARTESIAN_POINT('Ctrl Pts',(0.250608405996797,-7.4385743398018,-11.285357780868));
#1577=CARTESIAN_POINT('Ctrl Pts',(0.175142040582858,-7.41760225525382,-11.2277374521336));
#1578=CARTESIAN_POINT('Ctrl Pts',(0.0960188560778228,-7.39869116285893,
-11.1757796528014));
#1579=CARTESIAN_POINT('Ctrl Pts',(-0.000109378051767448,-7.38839338170917,
-11.1474867316219));
#1580=CARTESIAN_POINT('Ctrl Pts',(-0.0959939088731345,-7.39875111420133,
-11.1759443677609));
#1581=CARTESIAN_POINT('Ctrl Pts',(-0.161908277755746,-7.41449086902095,
-11.2191889887156));
#1582=CARTESIAN_POINT('Ctrl Pts',(-0.213007866718426,-7.4281120463971,-11.2566128659829));
#1583=CARTESIAN_POINT('Ctrl Pts',(-0.262809429676555,-7.44221215747238,
-11.295352602774));
#1584=CARTESIAN_POINT('Ctrl Pts',(-0.34904591320589,-7.46713862301939,-11.3638375040112));
#1585=CARTESIAN_POINT('Ctrl Pts',(-0.450391920784914,-7.49458084715866,
-11.4392343951735));
#1586=CARTESIAN_POINT('Ctrl Pts',(-0.544742459801349,-7.51599790620593,
-11.498077281297));
#1587=CARTESIAN_POINT('Ctrl Pts',(-0.600173912720248,-7.52735528243832,
-11.5292814160397));
#1588=CARTESIAN_POINT('Ctrl Pts',(-0.656693298533523,-7.53807420845082,
-11.5587314232199));
#1589=CARTESIAN_POINT('Ctrl Pts',(-0.714789782582902,-7.54777578526532,
-11.5853862864508));
#1590=CARTESIAN_POINT('Ctrl Pts',(-0.774383846134434,-7.55634008851558,
-11.6089165162443));
#1591=CARTESIAN_POINT('Ctrl Pts',(-0.925614959254478,-7.57578465079714,
-11.662340012044));
#1592=CARTESIAN_POINT('Ctrl Pts',(-1.07075312091137,-7.58480370170428,-11.6871196507563));
#1593=CARTESIAN_POINT('Ctrl Pts',(-1.2,-7.58480370170428,-11.6871196507563));
#1594=CARTESIAN_POINT('Origin',(1.2,-7.11495739131132,-11.8581297224192));
#1595=CARTESIAN_POINT('Origin',(0.875,-7.11495739131132,-11.8581297224192));
#1596=CARTESIAN_POINT('Origin',(10.25,-6.87157000986767,-12.2127599277796));
#1597=CARTESIAN_POINT('',(10.25,-6.32157000986767,-12.2127599277796));
#1598=CARTESIAN_POINT('Origin',(0.,-6.10202468738492,-10.0984515310113));
#1599=CARTESIAN_POINT('',(-0.500000007450581,-6.10202468738492,-10.0984515310113));
#1600=CARTESIAN_POINT('Origin',(0.,-6.10202468738492,-10.0984515310113));
#1601=CARTESIAN_POINT('Origin',(0.,-6.10202468738492,-10.0984515310113));
#1602=CARTESIAN_POINT('',(-0.500000007450581,-6.10202468738492,-10.0984515310113));
#1603=UNCERTAINTY_MEASURE_WITH_UNIT(LENGTH_MEASURE(0.001),#1607,
'DISTANCE_ACCURACY_VALUE',
'Maximum model space distance between geometric entities at asserted c
onnectivities');
#1604=UNCERTAINTY_MEASURE_WITH_UNIT(LENGTH_MEASURE(0.001),#1607,
'DISTANCE_ACCURACY_VALUE',
'Maximum model space distance between geometric entities at asserted c
onnectivities');
#1605=(
GEOMETRIC_REPRESENTATION_CONTEXT(3)
GLOBAL_UNCERTAINTY_ASSIGNED_CONTEXT((#1603))
GLOBAL_UNIT_ASSIGNED_CONTEXT((#1607,#1609,#1610))
REPRESENTATION_CONTEXT('','3D')
);
#1606=(
GEOMETRIC_REPRESENTATION_CONTEXT(3)
GLOBAL_UNCERTAINTY_ASSIGNED_CONTEXT((#1604))
GLOBAL_UNIT_ASSIGNED_CONTEXT((#1607,#1609,#1610))
REPRESENTATION_CONTEXT('','3D')
);
#1607=(
LENGTH_UNIT()
NAMED_UNIT(*)
SI_UNIT(.CENTI.,.METRE.)
);
#1608=(
LENGTH_UNIT()
NAMED_UNIT(*)
SI_UNIT($,.METRE.)
);
#1609=(
NAMED_UNIT(*)
PLANE_ANGLE_UNIT()
SI_UNIT($,.RADIAN.)
);
#1610=(
NAMED_UNIT(*)
SI_UNIT($,.STERADIAN.)
SOLID_ANGLE_UNIT()
);
#1611=SHAPE_DEFINITION_REPRESENTATION(#1612,#1613);
#1612=PRODUCT_DEFINITION_SHAPE('',$,#1615);
#1613=SHAPE_REPRESENTATION('',(#634),#1605);
#1614=PRODUCT_DEFINITION_CONTEXT('part definition',#1619,'design');
#1615=PRODUCT_DEFINITION('export body bilbo','export body bilbo',#1616,
#1614);
#1616=PRODUCT_DEFINITION_FORMATION('',$,#1621);
#1617=PRODUCT_RELATED_PRODUCT_CATEGORY('export body bilbo',
'export body bilbo',(#1621));
#1618=APPLICATION_PROTOCOL_DEFINITION('international standard',
'automotive_design',2009,#1619);
#1619=APPLICATION_CONTEXT(
'Core Data for Automotive Mechanical Design Process');
#1620=PRODUCT_CONTEXT('part definition',#1619,'mechanical');
#1621=PRODUCT('export body bilbo','export body bilbo',$,(#1620));
#1622=PRESENTATION_STYLE_ASSIGNMENT((#1627));
#1623=PRESENTATION_STYLE_ASSIGNMENT((#1628));
#1624=PRESENTATION_STYLE_ASSIGNMENT((#1629));
#1625=PRESENTATION_STYLE_ASSIGNMENT((#1630));
#1626=PRESENTATION_STYLE_ASSIGNMENT((#1631));
#1627=SURFACE_STYLE_USAGE(.BOTH.,#1632);
#1628=SURFACE_STYLE_USAGE(.BOTH.,#1633);
#1629=SURFACE_STYLE_USAGE(.BOTH.,#1634);
#1630=SURFACE_STYLE_USAGE(.BOTH.,#1635);
#1631=SURFACE_STYLE_USAGE(.BOTH.,#1636);
#1632=SURFACE_SIDE_STYLE('',(#1637));
#1633=SURFACE_SIDE_STYLE('',(#1638));
#1634=SURFACE_SIDE_STYLE('',(#1639));
#1635=SURFACE_SIDE_STYLE('',(#1640));
#1636=SURFACE_SIDE_STYLE('',(#1641));
#1637=SURFACE_STYLE_FILL_AREA(#1642);
#1638=SURFACE_STYLE_FILL_AREA(#1643);
#1639=SURFACE_STYLE_FILL_AREA(#1644);
#1640=SURFACE_STYLE_FILL_AREA(#1645);
#1641=SURFACE_STYLE_FILL_AREA(#1646);
#1642=FILL_AREA_STYLE('ABS (White)',(#1647));
#1643=FILL_AREA_STYLE('Paint - Enamel Glossy (Black)',(#1648));
#1644=FILL_AREA_STYLE('Polymide (Kapton)',(#1649));
#1645=FILL_AREA_STYLE('Carbon Fiber - Plain',(#1650));
#1646=FILL_AREA_STYLE('Tough 2000 (with Formlabs SLA 3D Printers)',(#1651));
#1647=FILL_AREA_STYLE_COLOUR('ABS (White)',#1652);
#1648=FILL_AREA_STYLE_COLOUR('Paint - Enamel Glossy (Black)',#1653);
#1649=FILL_AREA_STYLE_COLOUR('Polymide (Kapton)',#1654);
#1650=FILL_AREA_STYLE_COLOUR('Carbon Fiber - Plain',#1655);
#1651=FILL_AREA_STYLE_COLOUR(
'Tough 2000 (with Formlabs SLA 3D Printers)',#1656);
#1652=COLOUR_RGB('ABS (White)',0.964705882352941,0.964705882352941,0.952941176470588);
#1653=COLOUR_RGB('Paint - Enamel Glossy (Black)',0.0980392156862745,0.0980392156862745,
0.0980392156862745);
#1654=COLOUR_RGB('Polymide (Kapton)',0.784313725490196,0.556862745098039,
0.0274509803921569);
#1655=COLOUR_RGB('Carbon Fiber - Plain',0.0980392156862745,0.0980392156862745,
0.0980392156862745);
#1656=COLOUR_RGB('Tough 2000 (with Formlabs SLA 3D Printers)',0.247058823529412,
0.247058823529412,0.247058823529412);
ENDSEC;
END-ISO-10303-21;
