ISO-10303-21;
HEADER;
/* Generated by software containing ST-Developer
 * from STEP Tools, Inc. (www.steptools.com) 
 */

FILE_DESCRIPTION(
/* description */ (''),
/* implementation_level */ '2;1');

FILE_NAME(
/* name */ 'BILBO bottom frame.step',
/* time_stamp */ '2026-04-05T23:40:45+05:30',
/* author */ (''),
/* organization */ (''),
/* preprocessor_version */ 'ST-DEVELOPER v20.1',
/* originating_system */ 'Autodesk Translation Framework v14.24.0.0',
/* authorisation */ '');

FILE_SCHEMA (('AUTOMOTIVE_DESIGN { 1 0 10303 214 3 1 1 }'));
ENDSEC;

DATA;
#10=MECHANICAL_DESIGN_GEOMETRIC_PRESENTATION_REPRESENTATION('',(#13),#8864);
#11=SHAPE_REPRESENTATION_RELATIONSHIP('SRR','None',#8871,#12);
#12=ADVANCED_BREP_SHAPE_REPRESENTATION('',(#14),#8863);
#13=STYLED_ITEM('',(#8881),#14);
#14=MANIFOLD_SOLID_BREP('frame_bottom',#4855);
#15=(
BOUNDED_CURVE()
B_SPLINE_CURVE(2,(#8020,#8021,#8022,#8023,#8024),.UNSPECIFIED.,.F.,.F.)
B_SPLINE_CURVE_WITH_KNOTS((3,1,1,3),(0.241034033942931,1.19821062929589,
1.58274966670984,2.04169612986057),.UNSPECIFIED.)
CURVE()
GEOMETRIC_REPRESENTATION_ITEM()
RATIONAL_B_SPLINE_CURVE((0.995726067103896,0.988375849051399,0.990719211932807,
0.995386396748691,1.))
REPRESENTATION_ITEM('')
);
#16=SPHERICAL_SURFACE('',#5114,0.09);
#17=SPHERICAL_SURFACE('',#5119,0.09);
#18=SPHERICAL_SURFACE('',#5124,0.09);
#19=SPHERICAL_SURFACE('',#5126,0.09);
#20=ELLIPSE('',#4966,0.14142135623731,0.1);
#21=ELLIPSE('',#4967,0.141421356237309,0.1);
#22=ELLIPSE('',#4969,0.14142135623731,0.1);
#23=ELLIPSE('',#4971,0.141421356237309,0.1);
#24=ELLIPSE('',#4976,0.14142135623731,0.1);
#25=ELLIPSE('',#4977,0.14142135623731,0.1);
#26=ELLIPSE('',#4979,0.14142135623731,0.1);
#27=ELLIPSE('',#4980,0.141421356237309,0.1);
#28=ELLIPSE('',#4986,0.14142135623731,0.1);
#29=ELLIPSE('',#4987,0.141421356237309,0.1);
#30=ELLIPSE('',#4989,0.14142135623731,0.1);
#31=ELLIPSE('',#4991,0.14142135623731,0.1);
#32=ELLIPSE('',#4997,0.141421356237309,0.1);
#33=ELLIPSE('',#5000,0.141421356237309,0.1);
#34=ELLIPSE('',#5006,0.141421356237309,0.1);
#35=ELLIPSE('',#5007,0.14142135623731,0.1);
#36=ELLIPSE('',#5009,0.14142135623731,0.1);
#37=ELLIPSE('',#5011,0.14142135623731,0.1);
#38=ELLIPSE('',#5016,0.141421356237309,0.1);
#39=ELLIPSE('',#5017,0.14142135623731,0.1);
#40=ELLIPSE('',#5019,0.14142135623731,0.1);
#41=ELLIPSE('',#5020,0.141421356237309,0.1);
#42=ELLIPSE('',#5025,0.14142135623731,0.1);
#43=ELLIPSE('',#5026,0.141421356237309,0.1);
#44=ELLIPSE('',#5028,0.14142135623731,0.1);
#45=ELLIPSE('',#5030,0.141421356237309,0.1);
#46=ELLIPSE('',#5033,0.14142135623731,0.1);
#47=ELLIPSE('',#5034,0.14142135623731,0.1);
#48=ELLIPSE('',#5036,0.141421356237309,0.1);
#49=ELLIPSE('',#5037,0.14142135623731,0.1);
#50=ELLIPSE('',#5144,0.113137084989848,0.08);
#51=ELLIPSE('',#5154,0.0800005508900858,0.08);
#52=ELLIPSE('',#5260,0.103496762762315,0.08);
#53=ELLIPSE('',#5265,0.103334673681898,0.08);
#54=ELLIPSE('',#5267,0.113137084989848,0.08);
#55=ELLIPSE('',#5269,0.192805621893754,0.08);
#56=ELLIPSE('',#5270,0.193593661195302,0.08);
#57=ELLIPSE('',#5275,0.113137084989848,0.08);
#58=ELLIPSE('',#5277,0.113137084989848,0.08);
#59=ELLIPSE('',#5281,0.113137084989848,0.08);
#60=ELLIPSE('',#5287,0.103548534892526,0.08);
#61=ELLIPSE('',#5289,0.103334673681899,0.08);
#62=ELLIPSE('',#5291,0.103496762762315,0.08);
#63=ELLIPSE('',#5297,0.103496762762315,0.08);
#64=ELLIPSE('',#5299,0.113137084989849,0.08);
#65=ELLIPSE('',#5302,0.103548534892526,0.08);
#66=ELLIPSE('',#5304,0.103334673681899,0.08);
#67=ELLIPSE('',#5306,0.10349676276232,0.08);
#68=ELLIPSE('',#5307,0.410322804840783,0.08);
#69=ELLIPSE('',#5318,0.103548534892526,0.08);
#70=ELLIPSE('',#5339,0.410322804840783,0.08);
#71=ELLIPSE('',#5352,0.103496762762315,0.08);
#72=ELLIPSE('',#5354,0.103548534892526,0.08);
#73=ELLIPSE('',#5357,0.113137084989848,0.08);
#74=ELLIPSE('',#5361,0.192805621893754,0.08);
#75=ELLIPSE('',#5364,0.113137084989848,0.08);
#76=ELLIPSE('',#5367,0.113137084989848,0.08);
#77=ELLIPSE('',#5374,0.113137084989848,0.08);
#78=ELLIPSE('',#5377,0.103334673681899,0.08);
#79=ELLIPSE('',#5378,0.103548534892527,0.08);
#80=ELLIPSE('',#5380,0.103496762762315,0.08);
#81=ELLIPSE('',#5387,0.113137084989847,0.08);
#82=ELLIPSE('',#5391,0.113137084989848,0.08);
#83=ELLIPSE('',#5394,0.103334673681899,0.08);
#84=ELLIPSE('',#5395,0.103548534892527,0.08);
#85=ELLIPSE('',#5397,0.103496762762319,0.08);
#86=ELLIPSE('',#5400,0.103496762762313,0.08);
#87=ELLIPSE('',#5404,0.193593661195302,0.08);
#88=ELLIPSE('',#5408,0.103334673681899,0.08);
#89=B_SPLINE_CURVE_WITH_KNOTS('',3,(#7163,#7164,#7165,#7166,#7167,#7168,
#7169,#7170,#7171,#7172),.UNSPECIFIED.,.F.,.F.,(4,2,2,2,4),(1.37241657309193,
1.47275664451922,1.57797397295398,1.71407569830827,1.85017742366256),
 .UNSPECIFIED.);
#90=B_SPLINE_CURVE_WITH_KNOTS('',3,(#7175,#7176,#7177,#7178,#7179,#7180,
#7181,#7182,#7183,#7184),.UNSPECIFIED.,.F.,.F.,(4,2,2,2,4),(0.,0.136101725354286,
0.272203450708572,0.377420779143336,0.477760850570624),.UNSPECIFIED.);
#91=B_SPLINE_CURVE_WITH_KNOTS('',3,(#7193,#7194,#7195,#7196,#7197,#7198,
#7199,#7200,#7201,#7202),.UNSPECIFIED.,.F.,.F.,(4,2,2,2,4),(1.37241657309193,
1.47275664451922,1.57797397295398,1.71407569830827,1.85017742366256),
 .UNSPECIFIED.);
#92=B_SPLINE_CURVE_WITH_KNOTS('',3,(#7205,#7206,#7207,#7208,#7209,#7210,
#7211,#7212,#7213,#7214),.UNSPECIFIED.,.F.,.F.,(4,2,2,2,4),(0.,0.136101725354286,
0.272203450708572,0.377420779143336,0.477760850570624),.UNSPECIFIED.);
#93=B_SPLINE_CURVE_WITH_KNOTS('',3,(#7223,#7224,#7225,#7226,#7227,#7228,
#7229,#7230,#7231,#7232),.UNSPECIFIED.,.F.,.F.,(4,2,2,2,4),(1.37241657309193,
1.47275664451922,1.57797397295398,1.71407569830827,1.85017742366256),
 .UNSPECIFIED.);
#94=B_SPLINE_CURVE_WITH_KNOTS('',3,(#7235,#7236,#7237,#7238,#7239,#7240,
#7241,#7242,#7243,#7244),.UNSPECIFIED.,.F.,.F.,(4,2,2,2,4),(0.,0.136101725354286,
0.272203450708572,0.377420779143336,0.477760850570624),.UNSPECIFIED.);
#95=B_SPLINE_CURVE_WITH_KNOTS('',3,(#7269,#7270,#7271,#7272,#7273,#7274,
#7275,#7276,#7277,#7278),.UNSPECIFIED.,.F.,.F.,(4,2,2,2,4),(1.37241657309193,
1.47275664451922,1.57797397295398,1.71407569830827,1.85017742366256),
 .UNSPECIFIED.);
#96=B_SPLINE_CURVE_WITH_KNOTS('',3,(#7281,#7282,#7283,#7284,#7285,#7286,
#7287,#7288,#7289,#7290),.UNSPECIFIED.,.F.,.F.,(4,2,2,2,4),(0.,0.136101725354286,
0.272203450708572,0.377420779143336,0.477760850570624),.UNSPECIFIED.);
#97=B_SPLINE_CURVE_WITH_KNOTS('',3,(#7464,#7465,#7466,#7467,#7468,#7469,
#7470,#7471,#7472,#7473),.UNSPECIFIED.,.F.,.F.,(4,2,2,2,4),(1.37241657469644,
1.47275664578674,1.57797397386815,1.71407569876535,1.85017742366256),
 .UNSPECIFIED.);
#98=B_SPLINE_CURVE_WITH_KNOTS('',3,(#7476,#7477,#7478,#7479,#7480,#7481,
#7482,#7483,#7484,#7485),.UNSPECIFIED.,.F.,.F.,(4,2,2,2,4),(0.,0.136101724897205,
0.272203449794409,0.377420777875813,0.47776084896612),.UNSPECIFIED.);
#99=B_SPLINE_CURVE_WITH_KNOTS('',3,(#7494,#7495,#7496,#7497,#7498,#7499,
#7500,#7501,#7502,#7503),.UNSPECIFIED.,.F.,.F.,(4,2,2,2,4),(1.37241657469644,
1.47275664578674,1.57797397386815,1.71407569876535,1.85017742366256),
 .UNSPECIFIED.);
#100=B_SPLINE_CURVE_WITH_KNOTS('',3,(#7506,#7507,#7508,#7509,#7510,#7511,
#7512,#7513,#7514,#7515),.UNSPECIFIED.,.F.,.F.,(4,2,2,2,4),(0.,0.136101724897205,
0.272203449794409,0.377420777875813,0.477760848966121),.UNSPECIFIED.);
#101=B_SPLINE_CURVE_WITH_KNOTS('',3,(#7524,#7525,#7526,#7527,#7528,#7529,
#7530,#7531,#7532,#7533),.UNSPECIFIED.,.F.,.F.,(4,2,2,2,4),(1.37241657469644,
1.47275664578674,1.57797397386815,1.71407569876535,1.85017742366256),
 .UNSPECIFIED.);
#102=B_SPLINE_CURVE_WITH_KNOTS('',3,(#7536,#7537,#7538,#7539,#7540,#7541,
#7542,#7543,#7544,#7545),.UNSPECIFIED.,.F.,.F.,(4,2,2,2,4),(0.,0.136101724897205,
0.272203449794409,0.377420777875813,0.47776084896612),.UNSPECIFIED.);
#103=B_SPLINE_CURVE_WITH_KNOTS('',3,(#7554,#7555,#7556,#7557,#7558,#7559,
#7560,#7561,#7562,#7563),.UNSPECIFIED.,.F.,.F.,(4,2,2,2,4),(1.37241657469644,
1.47275664578674,1.57797397386815,1.71407569876535,1.85017742366256),
 .UNSPECIFIED.);
#104=B_SPLINE_CURVE_WITH_KNOTS('',3,(#7566,#7567,#7568,#7569,#7570,#7571,
#7572,#7573,#7574,#7575),.UNSPECIFIED.,.F.,.F.,(4,2,2,2,4),(0.,0.136101724897205,
0.272203449794409,0.377420777875813,0.47776084896612),.UNSPECIFIED.);
#105=B_SPLINE_CURVE_WITH_KNOTS('',3,(#7947,#7948,#7949,#7950,#7951,#7952,
#7953,#7954,#7955,#7956,#7957,#7958,#7959,#7960,#7961,#7962),
 .UNSPECIFIED.,.F.,.F.,(4,2,2,2,2,2,2,4),(0.,0.0143059652797437,0.0357397687850033,
0.0672256665702109,0.102108796465033,0.121912644940469,0.141626028260063,
0.142217324745746),.UNSPECIFIED.);
#106=B_SPLINE_CURVE_WITH_KNOTS('',3,(#7965,#7966,#7967,#7968),
 .UNSPECIFIED.,.F.,.F.,(4,4),(0.,0.0205415064507434),.UNSPECIFIED.);
#107=B_SPLINE_CURVE_WITH_KNOTS('',3,(#7980,#7981,#7982,#7983,#7984,#7985,
#7986,#7987,#7988,#7989,#7990,#7991,#7992,#7993,#7994,#7995,#7996,#7997,
#7998,#7999),.UNSPECIFIED.,.F.,.F.,(4,2,2,2,2,2,2,2,2,4),(-0.825453847757766,
-0.815331721443171,-0.7976625085027,-0.794013813864634,-0.792189466545601,
-0.790365119226568,-0.78981803479427,-0.789270950361972,-0.789047648296107,
-0.788894165006152),.UNSPECIFIED.);
#108=B_SPLINE_CURVE_WITH_KNOTS('',3,(#8002,#8003,#8004,#8005),
 .UNSPECIFIED.,.F.,.F.,(4,4),(1.05605375995583,1.51895788727309),
 .UNSPECIFIED.);
#109=B_SPLINE_CURVE_WITH_KNOTS('',3,(#8006,#8007,#8008,#8009),
 .UNSPECIFIED.,.F.,.F.,(4,4),(0.17088112345831,0.190621697176433),
 .UNSPECIFIED.);
#110=B_SPLINE_CURVE_WITH_KNOTS('',3,(#8039,#8040,#8041,#8042,#8043,#8044,
#8045,#8046,#8047,#8048,#8049,#8050,#8051,#8052,#8053,#8054),
 .UNSPECIFIED.,.F.,.F.,(4,2,2,2,2,2,2,4),(0.,0.0143059230558038,0.0357396815170669,
0.0672255420235167,0.102108668962727,0.121912584224984,0.141626033055956,
0.142217329588039),.UNSPECIFIED.);
#111=B_SPLINE_CURVE_WITH_KNOTS('',3,(#8057,#8058,#8059,#8060),
 .UNSPECIFIED.,.F.,.F.,(4,4),(0.,0.0205415064507453),.UNSPECIFIED.);
#112=B_SPLINE_CURVE_WITH_KNOTS('',3,(#8065,#8066,#8067,#8068),
 .UNSPECIFIED.,.F.,.F.,(4,4),(0.813301444032209,0.833842950482954),
 .UNSPECIFIED.);
#113=B_SPLINE_CURVE_WITH_KNOTS('',3,(#8089,#8090,#8091,#8092,#8093,#8094,
#8095,#8096,#8097,#8098,#8099,#8100,#8101,#8102,#8103,#8104),
 .UNSPECIFIED.,.F.,.F.,(4,2,2,2,2,2,2,4),(-0.00061553572434669,0.,0.0205215680350529,
0.0411373110155288,0.0774504122286609,0.110226981867793,0.132539380688459,
0.147431750652201),.UNSPECIFIED.);
#114=B_SPLINE_CURVE_WITH_KNOTS('',3,(#8326,#8327,#8328,#8329,#8330,#8331,
#8332,#8333,#8334,#8335,#8336,#8337,#8338,#8339,#8340,#8341,#8342,#8343,
#8344,#8345,#8346,#8347),.UNSPECIFIED.,.F.,.F.,(4,3,3,3,3,3,3,4),(0.,0.250295643572123,
0.50052047528267,0.750686802536765,1.00100426784251,1.2511855712926,1.50139971273169,
1.57079835176259),.UNSPECIFIED.);
#115=B_SPLINE_CURVE_WITH_KNOTS('',3,(#8361,#8362,#8363,#8364,#8365,#8366,
#8367,#8368,#8369,#8370,#8371,#8372),.UNSPECIFIED.,.F.,.F.,(4,2,2,2,2,4),
(-0.125629918379468,-0.0943857492115785,-0.0631371987806706,-0.0318800845944559,
0.,0.000449060922050944),.UNSPECIFIED.);
#116=B_SPLINE_CURVE_WITH_KNOTS('',3,(#8378,#8379,#8380,#8381,#8382,#8383,
#8384,#8385,#8386,#8387,#8388,#8389,#8390,#8391,#8392,#8393,#8394,#8395,
#8396,#8397,#8398,#8399),.UNSPECIFIED.,.F.,.F.,(4,3,3,3,3,3,3,4),(0.,0.250295495539604,
0.500520179259516,0.750686358557572,1.0010036758179,1.25118483130308,1.50139882475785,
1.57079742274386),.UNSPECIFIED.);
#117=B_SPLINE_CURVE_WITH_KNOTS('',3,(#8407,#8408,#8409,#8410,#8411,#8412,
#8413,#8414,#8415,#8416,#8417,#8418,#8419,#8420,#8421,#8422,#8423,#8424,
#8425,#8426,#8427,#8428),.UNSPECIFIED.,.F.,.F.,(4,3,3,3,3,3,3,4),(0.,0.250295643572124,
0.500520475282671,0.750686802536766,1.00100426784252,1.25118557129259,1.50139971273169,
1.57079835176242),.UNSPECIFIED.);
#118=B_SPLINE_CURVE_WITH_KNOTS('',3,(#8440,#8441,#8442,#8443,#8444,#8445,
#8446,#8447,#8448,#8449,#8450,#8451,#8452,#8453,#8454,#8455,#8456,#8457,
#8458,#8459,#8460,#8461),.UNSPECIFIED.,.F.,.F.,(4,3,3,3,3,3,3,4),(0.,0.250295506582669,
0.50052020134252,0.750686391677935,1.00100371998228,1.25118488650549,1.50139889099973,
1.57079749204824),.UNSPECIFIED.);
#119=B_SPLINE_CURVE_WITH_KNOTS('',3,(#8468,#8469,#8470,#8471,#8472,#8473,
#8474,#8475,#8476,#8477,#8478,#8479,#8480,#8481,#8482,#8483,#8484,#8485,
#8486,#8487,#8488,#8489),.UNSPECIFIED.,.F.,.F.,(4,3,3,3,3,3,3,4),(0.,0.250295643572124,
0.500520475282671,0.750686802536766,1.00100426784252,1.25118557129259,1.50139971273169,
1.57079835176242),.UNSPECIFIED.);
#120=B_SPLINE_CURVE_WITH_KNOTS('',3,(#8614,#8615,#8616,#8617,#8618,#8619,
#8620,#8621,#8622,#8623,#8624,#8625,#8626,#8627,#8628,#8629,#8630,#8631,
#8632,#8633,#8634,#8635),.UNSPECIFIED.,.F.,.F.,(4,3,3,3,3,3,3,4),(0.,0.250295643572124,
0.500520475282667,0.750686802536766,1.00100426784251,1.25118557129259,1.50139971273168,
1.57079835176247),.UNSPECIFIED.);
#121=B_SPLINE_CURVE_WITH_KNOTS('',3,(#8643,#8644,#8645,#8646,#8647,#8648,
#8649,#8650,#8651,#8652,#8653,#8654),.UNSPECIFIED.,.F.,.F.,(4,2,2,2,2,4),
(0.,0.0312438300719585,0.0624920413593852,0.093748816309172,0.125628554906214,
0.126077610954574),.UNSPECIFIED.);
#122=B_SPLINE_CURVE_WITH_KNOTS('',3,(#8663,#8664,#8665,#8666,#8667,#8668,
#8669,#8670,#8671,#8672,#8673,#8674,#8675,#8676,#8677,#8678,#8679,#8680,
#8681,#8682,#8683,#8684),.UNSPECIFIED.,.F.,.F.,(4,3,3,3,3,3,3,4),(0.,0.250295495539604,
0.500520179259512,0.750686358557568,1.00100367581789,1.25118483130307,1.50139882475785,
1.57079742274386),.UNSPECIFIED.);
#123=B_SPLINE_CURVE_WITH_KNOTS('',3,(#8692,#8693,#8694,#8695,#8696,#8697,
#8698,#8699,#8700,#8701,#8702,#8703,#8704,#8705,#8706,#8707,#8708,#8709,
#8710,#8711,#8712,#8713),.UNSPECIFIED.,.F.,.F.,(4,3,3,3,3,3,3,4),(0.,0.250295643572124,
0.50052047528267,0.750686802536773,1.00100426784252,1.25118557129259,1.50139971273169,
1.57079835176242),.UNSPECIFIED.);
#124=B_SPLINE_CURVE_WITH_KNOTS('',3,(#8724,#8725,#8726,#8727,#8728,#8729,
#8730,#8731,#8732,#8733,#8734,#8735,#8736,#8737,#8738,#8739,#8740,#8741,
#8742,#8743,#8744,#8745),.UNSPECIFIED.,.F.,.F.,(4,3,3,3,3,3,3,4),(0.,0.250295506582669,
0.500520201342517,0.750686391677938,1.00100371998229,1.2511848865055,1.50139889099974,
1.57079749204813),.UNSPECIFIED.);
#125=B_SPLINE_CURVE_WITH_KNOTS('',3,(#8753,#8754,#8755,#8756,#8757,#8758,
#8759,#8760,#8761,#8762,#8763,#8764,#8765,#8766,#8767,#8768,#8769,#8770,
#8771,#8772,#8773,#8774),.UNSPECIFIED.,.F.,.F.,(4,3,3,3,3,3,3,4),(0.,0.250295643572124,
0.50052047528267,0.750686802536773,1.00100426784252,1.25118557129259,1.50139971273169,
1.57079835176242),.UNSPECIFIED.);
#126=FACE_BOUND('',#605,.T.);
#127=FACE_BOUND('',#606,.T.);
#128=FACE_BOUND('',#607,.T.);
#129=FACE_BOUND('',#608,.T.);
#130=FACE_BOUND('',#609,.T.);
#131=FACE_BOUND('',#610,.T.);
#132=FACE_BOUND('',#611,.T.);
#133=FACE_BOUND('',#612,.T.);
#134=FACE_BOUND('',#613,.T.);
#135=FACE_BOUND('',#614,.T.);
#136=FACE_BOUND('',#615,.T.);
#137=FACE_BOUND('',#616,.T.);
#138=FACE_BOUND('',#617,.T.);
#139=FACE_BOUND('',#618,.T.);
#140=FACE_BOUND('',#619,.T.);
#141=FACE_BOUND('',#620,.T.);
#142=FACE_BOUND('',#621,.T.);
#143=FACE_BOUND('',#622,.T.);
#144=FACE_BOUND('',#623,.T.);
#145=FACE_BOUND('',#624,.T.);
#146=FACE_BOUND('',#625,.T.);
#147=FACE_BOUND('',#626,.T.);
#148=FACE_BOUND('',#627,.T.);
#149=FACE_BOUND('',#628,.T.);
#150=FACE_BOUND('',#629,.T.);
#151=FACE_BOUND('',#630,.T.);
#152=FACE_BOUND('',#638,.T.);
#153=FACE_BOUND('',#639,.T.);
#154=FACE_BOUND('',#640,.T.);
#155=FACE_BOUND('',#641,.T.);
#156=FACE_BOUND('',#642,.T.);
#157=FACE_BOUND('',#643,.T.);
#158=FACE_BOUND('',#644,.T.);
#159=FACE_BOUND('',#645,.T.);
#160=FACE_BOUND('',#646,.T.);
#161=FACE_BOUND('',#647,.T.);
#162=FACE_BOUND('',#648,.T.);
#163=FACE_BOUND('',#649,.T.);
#164=FACE_BOUND('',#650,.T.);
#165=FACE_BOUND('',#651,.T.);
#166=FACE_BOUND('',#652,.T.);
#167=FACE_BOUND('',#653,.T.);
#168=FACE_BOUND('',#654,.T.);
#169=FACE_BOUND('',#655,.T.);
#170=FACE_BOUND('',#656,.T.);
#171=FACE_BOUND('',#657,.T.);
#172=FACE_BOUND('',#658,.T.);
#173=FACE_BOUND('',#659,.T.);
#174=FACE_BOUND('',#660,.T.);
#175=FACE_BOUND('',#661,.T.);
#176=FACE_BOUND('',#662,.T.);
#177=FACE_BOUND('',#663,.T.);
#178=PLANE('',#4883);
#179=PLANE('',#4884);
#180=PLANE('',#4927);
#181=PLANE('',#4929);
#182=PLANE('',#4973);
#183=PLANE('',#4974);
#184=PLANE('',#4983);
#185=PLANE('',#4984);
#186=PLANE('',#4993);
#187=PLANE('',#4994);
#188=PLANE('',#5002);
#189=PLANE('',#5003);
#190=PLANE('',#5004);
#191=PLANE('',#5013);
#192=PLANE('',#5014);
#193=PLANE('',#5023);
#194=PLANE('',#5040);
#195=PLANE('',#5051);
#196=PLANE('',#5064);
#197=PLANE('',#5065);
#198=PLANE('',#5066);
#199=PLANE('',#5067);
#200=PLANE('',#5077);
#201=PLANE('',#5079);
#202=PLANE('',#5097);
#203=PLANE('',#5099);
#204=PLANE('',#5130);
#205=PLANE('',#5133);
#206=PLANE('',#5150);
#207=PLANE('',#5151);
#208=PLANE('',#5152);
#209=PLANE('',#5163);
#210=PLANE('',#5166);
#211=PLANE('',#5183);
#212=PLANE('',#5185);
#213=PLANE('',#5203);
#214=PLANE('',#5205);
#215=PLANE('',#5214);
#216=PLANE('',#5217);
#217=PLANE('',#5222);
#218=PLANE('',#5227);
#219=PLANE('',#5230);
#220=PLANE('',#5239);
#221=PLANE('',#5240);
#222=PLANE('',#5241);
#223=PLANE('',#5242);
#224=PLANE('',#5246);
#225=PLANE('',#5247);
#226=PLANE('',#5248);
#227=PLANE('',#5249);
#228=PLANE('',#5250);
#229=PLANE('',#5251);
#230=PLANE('',#5255);
#231=PLANE('',#5256);
#232=PLANE('',#5257);
#233=PLANE('',#5324);
#234=PLANE('',#5325);
#235=PLANE('',#5326);
#236=PLANE('',#5329);
#237=PLANE('',#5330);
#238=PLANE('',#5331);
#239=PLANE('',#5332);
#240=PLANE('',#5333);
#241=PLANE('',#5334);
#242=PLANE('',#5337);
#243=PLANE('',#5338);
#244=PLANE('',#5341);
#245=PLANE('',#5342);
#246=PLANE('',#5343);
#247=PLANE('',#5344);
#248=PLANE('',#5345);
#249=PLANE('',#5411);
#250=PLANE('',#5421);
#251=PLANE('',#5431);
#252=PLANE('',#5441);
#253=TOROIDAL_SURFACE('',#4872,0.836000008940697,0.236);
#254=TOROIDAL_SURFACE('',#4878,0.836000008940697,0.236);
#255=TOROIDAL_SURFACE('',#4916,0.836000008940697,0.236);
#256=TOROIDAL_SURFACE('',#4923,0.836000008940697,0.236);
#257=TOROIDAL_SURFACE('',#5041,0.599999888241291,0.1);
#258=TOROIDAL_SURFACE('',#5047,0.6,0.1);
#259=TOROIDAL_SURFACE('',#5057,0.599999888241291,0.1);
#260=TOROIDAL_SURFACE('',#5061,0.6,0.1);
#261=TOROIDAL_SURFACE('',#5068,0.38,0.3);
#262=TOROIDAL_SURFACE('',#5074,0.38,0.3);
#263=TOROIDAL_SURFACE('',#5081,0.38,0.3);
#264=TOROIDAL_SURFACE('',#5086,0.38,0.3);
#265=TOROIDAL_SURFACE('',#5088,0.38,0.3);
#266=TOROIDAL_SURFACE('',#5094,0.38,0.3);
#267=TOROIDAL_SURFACE('',#5101,0.38,0.3);
#268=TOROIDAL_SURFACE('',#5106,0.38,0.3);
#269=TOROIDAL_SURFACE('',#5136,1.79,0.09);
#270=TOROIDAL_SURFACE('',#5141,0.390000000000001,0.09);
#271=TOROIDAL_SURFACE('',#5147,1.79,0.09);
#272=TOROIDAL_SURFACE('',#5156,1.79,0.09);
#273=TOROIDAL_SURFACE('',#5161,0.390000000000001,0.09);
#274=TOROIDAL_SURFACE('',#5169,1.79,0.09);
#275=TOROIDAL_SURFACE('',#5173,0.390000000000001,0.09);
#276=TOROIDAL_SURFACE('',#5174,0.38,0.3);
#277=TOROIDAL_SURFACE('',#5180,0.38,0.3);
#278=TOROIDAL_SURFACE('',#5187,0.38,0.3);
#279=TOROIDAL_SURFACE('',#5192,0.38,0.3);
#280=TOROIDAL_SURFACE('',#5194,0.38,0.3);
#281=TOROIDAL_SURFACE('',#5200,0.38,0.3);
#282=TOROIDAL_SURFACE('',#5207,0.38,0.3);
#283=TOROIDAL_SURFACE('',#5212,0.38,0.3);
#284=TOROIDAL_SURFACE('',#5261,0.58,0.08);
#285=TOROIDAL_SURFACE('',#5271,3.08,0.08);
#286=TOROIDAL_SURFACE('',#5282,0.38,0.08);
#287=TOROIDAL_SURFACE('',#5294,0.58,0.08);
#288=TOROIDAL_SURFACE('',#5313,0.38,0.08);
#289=TOROIDAL_SURFACE('',#5348,0.58,0.08);
#290=TOROIDAL_SURFACE('',#5358,0.38,0.08);
#291=TOROIDAL_SURFACE('',#5365,3.08,0.08);
#292=TOROIDAL_SURFACE('',#5371,0.38,0.08);
#293=TOROIDAL_SURFACE('',#5383,0.58,0.08);
#294=TOROIDAL_SURFACE('',#5388,0.38,0.08);
#295=TOROIDAL_SURFACE('',#5414,0.380000004470348,0.08);
#296=TOROIDAL_SURFACE('',#5420,0.380000004470348,0.08);
#297=TOROIDAL_SURFACE('',#5424,0.380000004470348,0.08);
#298=TOROIDAL_SURFACE('',#5430,0.380000004470348,0.08);
#299=TOROIDAL_SURFACE('',#5434,0.380000004470348,0.08);
#300=TOROIDAL_SURFACE('',#5440,0.380000004470348,0.08);
#301=TOROIDAL_SURFACE('',#5446,0.380000004470348,0.08);
#302=TOROIDAL_SURFACE('',#5450,0.380000004470348,0.08);
#303=FACE_OUTER_BOUND('',#598,.T.);
#304=FACE_OUTER_BOUND('',#599,.T.);
#305=FACE_OUTER_BOUND('',#600,.T.);
#306=FACE_OUTER_BOUND('',#601,.T.);
#307=FACE_OUTER_BOUND('',#602,.T.);
#308=FACE_OUTER_BOUND('',#603,.T.);
#309=FACE_OUTER_BOUND('',#604,.T.);
#310=FACE_OUTER_BOUND('',#631,.T.);
#311=FACE_OUTER_BOUND('',#632,.T.);
#312=FACE_OUTER_BOUND('',#633,.T.);
#313=FACE_OUTER_BOUND('',#634,.T.);
#314=FACE_OUTER_BOUND('',#635,.T.);
#315=FACE_OUTER_BOUND('',#636,.T.);
#316=FACE_OUTER_BOUND('',#637,.T.);
#317=FACE_OUTER_BOUND('',#664,.T.);
#318=FACE_OUTER_BOUND('',#665,.T.);
#319=FACE_OUTER_BOUND('',#666,.T.);
#320=FACE_OUTER_BOUND('',#667,.T.);
#321=FACE_OUTER_BOUND('',#668,.T.);
#322=FACE_OUTER_BOUND('',#669,.T.);
#323=FACE_OUTER_BOUND('',#670,.T.);
#324=FACE_OUTER_BOUND('',#671,.T.);
#325=FACE_OUTER_BOUND('',#672,.T.);
#326=FACE_OUTER_BOUND('',#673,.T.);
#327=FACE_OUTER_BOUND('',#674,.T.);
#328=FACE_OUTER_BOUND('',#675,.T.);
#329=FACE_OUTER_BOUND('',#676,.T.);
#330=FACE_OUTER_BOUND('',#677,.T.);
#331=FACE_OUTER_BOUND('',#678,.T.);
#332=FACE_OUTER_BOUND('',#679,.T.);
#333=FACE_OUTER_BOUND('',#680,.T.);
#334=FACE_OUTER_BOUND('',#681,.T.);
#335=FACE_OUTER_BOUND('',#682,.T.);
#336=FACE_OUTER_BOUND('',#683,.T.);
#337=FACE_OUTER_BOUND('',#684,.T.);
#338=FACE_OUTER_BOUND('',#685,.T.);
#339=FACE_OUTER_BOUND('',#686,.T.);
#340=FACE_OUTER_BOUND('',#687,.T.);
#341=FACE_OUTER_BOUND('',#688,.T.);
#342=FACE_OUTER_BOUND('',#689,.T.);
#343=FACE_OUTER_BOUND('',#690,.T.);
#344=FACE_OUTER_BOUND('',#691,.T.);
#345=FACE_OUTER_BOUND('',#692,.T.);
#346=FACE_OUTER_BOUND('',#693,.T.);
#347=FACE_OUTER_BOUND('',#694,.T.);
#348=FACE_OUTER_BOUND('',#695,.T.);
#349=FACE_OUTER_BOUND('',#696,.T.);
#350=FACE_OUTER_BOUND('',#697,.T.);
#351=FACE_OUTER_BOUND('',#698,.T.);
#352=FACE_OUTER_BOUND('',#699,.T.);
#353=FACE_OUTER_BOUND('',#700,.T.);
#354=FACE_OUTER_BOUND('',#701,.T.);
#355=FACE_OUTER_BOUND('',#702,.T.);
#356=FACE_OUTER_BOUND('',#703,.T.);
#357=FACE_OUTER_BOUND('',#704,.T.);
#358=FACE_OUTER_BOUND('',#705,.T.);
#359=FACE_OUTER_BOUND('',#706,.T.);
#360=FACE_OUTER_BOUND('',#707,.T.);
#361=FACE_OUTER_BOUND('',#708,.T.);
#362=FACE_OUTER_BOUND('',#709,.T.);
#363=FACE_OUTER_BOUND('',#710,.T.);
#364=FACE_OUTER_BOUND('',#711,.T.);
#365=FACE_OUTER_BOUND('',#712,.T.);
#366=FACE_OUTER_BOUND('',#713,.T.);
#367=FACE_OUTER_BOUND('',#714,.T.);
#368=FACE_OUTER_BOUND('',#715,.T.);
#369=FACE_OUTER_BOUND('',#716,.T.);
#370=FACE_OUTER_BOUND('',#717,.T.);
#371=FACE_OUTER_BOUND('',#718,.T.);
#372=FACE_OUTER_BOUND('',#719,.T.);
#373=FACE_OUTER_BOUND('',#720,.T.);
#374=FACE_OUTER_BOUND('',#721,.T.);
#375=FACE_OUTER_BOUND('',#722,.T.);
#376=FACE_OUTER_BOUND('',#723,.T.);
#377=FACE_OUTER_BOUND('',#724,.T.);
#378=FACE_OUTER_BOUND('',#725,.T.);
#379=FACE_OUTER_BOUND('',#726,.T.);
#380=FACE_OUTER_BOUND('',#727,.T.);
#381=FACE_OUTER_BOUND('',#728,.T.);
#382=FACE_OUTER_BOUND('',#729,.T.);
#383=FACE_OUTER_BOUND('',#730,.T.);
#384=FACE_OUTER_BOUND('',#731,.T.);
#385=FACE_OUTER_BOUND('',#732,.T.);
#386=FACE_OUTER_BOUND('',#733,.T.);
#387=FACE_OUTER_BOUND('',#734,.T.);
#388=FACE_OUTER_BOUND('',#735,.T.);
#389=FACE_OUTER_BOUND('',#736,.T.);
#390=FACE_OUTER_BOUND('',#737,.T.);
#391=FACE_OUTER_BOUND('',#738,.T.);
#392=FACE_OUTER_BOUND('',#739,.T.);
#393=FACE_OUTER_BOUND('',#740,.T.);
#394=FACE_OUTER_BOUND('',#741,.T.);
#395=FACE_OUTER_BOUND('',#742,.T.);
#396=FACE_OUTER_BOUND('',#743,.T.);
#397=FACE_OUTER_BOUND('',#744,.T.);
#398=FACE_OUTER_BOUND('',#745,.T.);
#399=FACE_OUTER_BOUND('',#746,.T.);
#400=FACE_OUTER_BOUND('',#747,.T.);
#401=FACE_OUTER_BOUND('',#748,.T.);
#402=FACE_OUTER_BOUND('',#749,.T.);
#403=FACE_OUTER_BOUND('',#750,.T.);
#404=FACE_OUTER_BOUND('',#751,.T.);
#405=FACE_OUTER_BOUND('',#752,.T.);
#406=FACE_OUTER_BOUND('',#753,.T.);
#407=FACE_OUTER_BOUND('',#754,.T.);
#408=FACE_OUTER_BOUND('',#755,.T.);
#409=FACE_OUTER_BOUND('',#756,.T.);
#410=FACE_OUTER_BOUND('',#757,.T.);
#411=FACE_OUTER_BOUND('',#758,.T.);
#412=FACE_OUTER_BOUND('',#759,.T.);
#413=FACE_OUTER_BOUND('',#760,.T.);
#414=FACE_OUTER_BOUND('',#761,.T.);
#415=FACE_OUTER_BOUND('',#762,.T.);
#416=FACE_OUTER_BOUND('',#763,.T.);
#417=FACE_OUTER_BOUND('',#764,.T.);
#418=FACE_OUTER_BOUND('',#765,.T.);
#419=FACE_OUTER_BOUND('',#766,.T.);
#420=FACE_OUTER_BOUND('',#767,.T.);
#421=FACE_OUTER_BOUND('',#768,.T.);
#422=FACE_OUTER_BOUND('',#769,.T.);
#423=FACE_OUTER_BOUND('',#770,.T.);
#424=FACE_OUTER_BOUND('',#771,.T.);
#425=FACE_OUTER_BOUND('',#772,.T.);
#426=FACE_OUTER_BOUND('',#773,.T.);
#427=FACE_OUTER_BOUND('',#774,.T.);
#428=FACE_OUTER_BOUND('',#775,.T.);
#429=FACE_OUTER_BOUND('',#776,.T.);
#430=FACE_OUTER_BOUND('',#777,.T.);
#431=FACE_OUTER_BOUND('',#778,.T.);
#432=FACE_OUTER_BOUND('',#779,.T.);
#433=FACE_OUTER_BOUND('',#780,.T.);
#434=FACE_OUTER_BOUND('',#781,.T.);
#435=FACE_OUTER_BOUND('',#782,.T.);
#436=FACE_OUTER_BOUND('',#783,.T.);
#437=FACE_OUTER_BOUND('',#784,.T.);
#438=FACE_OUTER_BOUND('',#785,.T.);
#439=FACE_OUTER_BOUND('',#786,.T.);
#440=FACE_OUTER_BOUND('',#787,.T.);
#441=FACE_OUTER_BOUND('',#788,.T.);
#442=FACE_OUTER_BOUND('',#789,.T.);
#443=FACE_OUTER_BOUND('',#790,.T.);
#444=FACE_OUTER_BOUND('',#791,.T.);
#445=FACE_OUTER_BOUND('',#792,.T.);
#446=FACE_OUTER_BOUND('',#793,.T.);
#447=FACE_OUTER_BOUND('',#794,.T.);
#448=FACE_OUTER_BOUND('',#795,.T.);
#449=FACE_OUTER_BOUND('',#796,.T.);
#450=FACE_OUTER_BOUND('',#797,.T.);
#451=FACE_OUTER_BOUND('',#798,.T.);
#452=FACE_OUTER_BOUND('',#799,.T.);
#453=FACE_OUTER_BOUND('',#800,.T.);
#454=FACE_OUTER_BOUND('',#801,.T.);
#455=FACE_OUTER_BOUND('',#802,.T.);
#456=FACE_OUTER_BOUND('',#803,.T.);
#457=FACE_OUTER_BOUND('',#804,.T.);
#458=FACE_OUTER_BOUND('',#805,.T.);
#459=FACE_OUTER_BOUND('',#806,.T.);
#460=FACE_OUTER_BOUND('',#807,.T.);
#461=FACE_OUTER_BOUND('',#808,.T.);
#462=FACE_OUTER_BOUND('',#809,.T.);
#463=FACE_OUTER_BOUND('',#810,.T.);
#464=FACE_OUTER_BOUND('',#811,.T.);
#465=FACE_OUTER_BOUND('',#812,.T.);
#466=FACE_OUTER_BOUND('',#813,.T.);
#467=FACE_OUTER_BOUND('',#814,.T.);
#468=FACE_OUTER_BOUND('',#815,.T.);
#469=FACE_OUTER_BOUND('',#816,.T.);
#470=FACE_OUTER_BOUND('',#817,.T.);
#471=FACE_OUTER_BOUND('',#818,.T.);
#472=FACE_OUTER_BOUND('',#819,.T.);
#473=FACE_OUTER_BOUND('',#820,.T.);
#474=FACE_OUTER_BOUND('',#821,.T.);
#475=FACE_OUTER_BOUND('',#822,.T.);
#476=FACE_OUTER_BOUND('',#823,.T.);
#477=FACE_OUTER_BOUND('',#824,.T.);
#478=FACE_OUTER_BOUND('',#825,.T.);
#479=FACE_OUTER_BOUND('',#826,.T.);
#480=FACE_OUTER_BOUND('',#827,.T.);
#481=FACE_OUTER_BOUND('',#828,.T.);
#482=FACE_OUTER_BOUND('',#829,.T.);
#483=FACE_OUTER_BOUND('',#830,.T.);
#484=FACE_OUTER_BOUND('',#831,.T.);
#485=FACE_OUTER_BOUND('',#832,.T.);
#486=FACE_OUTER_BOUND('',#833,.T.);
#487=FACE_OUTER_BOUND('',#834,.T.);
#488=FACE_OUTER_BOUND('',#835,.T.);
#489=FACE_OUTER_BOUND('',#836,.T.);
#490=FACE_OUTER_BOUND('',#837,.T.);
#491=FACE_OUTER_BOUND('',#838,.T.);
#492=FACE_OUTER_BOUND('',#839,.T.);
#493=FACE_OUTER_BOUND('',#840,.T.);
#494=FACE_OUTER_BOUND('',#841,.T.);
#495=FACE_OUTER_BOUND('',#842,.T.);
#496=FACE_OUTER_BOUND('',#843,.T.);
#497=FACE_OUTER_BOUND('',#844,.T.);
#498=FACE_OUTER_BOUND('',#845,.T.);
#499=FACE_OUTER_BOUND('',#846,.T.);
#500=FACE_OUTER_BOUND('',#847,.T.);
#501=FACE_OUTER_BOUND('',#848,.T.);
#502=FACE_OUTER_BOUND('',#849,.T.);
#503=FACE_OUTER_BOUND('',#850,.T.);
#504=FACE_OUTER_BOUND('',#851,.T.);
#505=FACE_OUTER_BOUND('',#852,.T.);
#506=FACE_OUTER_BOUND('',#853,.T.);
#507=FACE_OUTER_BOUND('',#854,.T.);
#508=FACE_OUTER_BOUND('',#855,.T.);
#509=FACE_OUTER_BOUND('',#856,.T.);
#510=FACE_OUTER_BOUND('',#857,.T.);
#511=FACE_OUTER_BOUND('',#858,.T.);
#512=FACE_OUTER_BOUND('',#859,.T.);
#513=FACE_OUTER_BOUND('',#860,.T.);
#514=FACE_OUTER_BOUND('',#861,.T.);
#515=FACE_OUTER_BOUND('',#862,.T.);
#516=FACE_OUTER_BOUND('',#863,.T.);
#517=FACE_OUTER_BOUND('',#864,.T.);
#518=FACE_OUTER_BOUND('',#865,.T.);
#519=FACE_OUTER_BOUND('',#866,.T.);
#520=FACE_OUTER_BOUND('',#867,.T.);
#521=FACE_OUTER_BOUND('',#868,.T.);
#522=FACE_OUTER_BOUND('',#869,.T.);
#523=FACE_OUTER_BOUND('',#870,.T.);
#524=FACE_OUTER_BOUND('',#871,.T.);
#525=FACE_OUTER_BOUND('',#872,.T.);
#526=FACE_OUTER_BOUND('',#873,.T.);
#527=FACE_OUTER_BOUND('',#874,.T.);
#528=FACE_OUTER_BOUND('',#875,.T.);
#529=FACE_OUTER_BOUND('',#876,.T.);
#530=FACE_OUTER_BOUND('',#877,.T.);
#531=FACE_OUTER_BOUND('',#878,.T.);
#532=FACE_OUTER_BOUND('',#879,.T.);
#533=FACE_OUTER_BOUND('',#880,.T.);
#534=FACE_OUTER_BOUND('',#881,.T.);
#535=FACE_OUTER_BOUND('',#882,.T.);
#536=FACE_OUTER_BOUND('',#883,.T.);
#537=FACE_OUTER_BOUND('',#884,.T.);
#538=FACE_OUTER_BOUND('',#885,.T.);
#539=FACE_OUTER_BOUND('',#886,.T.);
#540=FACE_OUTER_BOUND('',#887,.T.);
#541=FACE_OUTER_BOUND('',#888,.T.);
#542=FACE_OUTER_BOUND('',#889,.T.);
#543=FACE_OUTER_BOUND('',#890,.T.);
#544=FACE_OUTER_BOUND('',#891,.T.);
#545=FACE_OUTER_BOUND('',#892,.T.);
#546=FACE_OUTER_BOUND('',#893,.T.);
#547=FACE_OUTER_BOUND('',#894,.T.);
#548=FACE_OUTER_BOUND('',#895,.T.);
#549=FACE_OUTER_BOUND('',#896,.T.);
#550=FACE_OUTER_BOUND('',#897,.T.);
#551=FACE_OUTER_BOUND('',#898,.T.);
#552=FACE_OUTER_BOUND('',#899,.T.);
#553=FACE_OUTER_BOUND('',#900,.T.);
#554=FACE_OUTER_BOUND('',#901,.T.);
#555=FACE_OUTER_BOUND('',#902,.T.);
#556=FACE_OUTER_BOUND('',#903,.T.);
#557=FACE_OUTER_BOUND('',#904,.T.);
#558=FACE_OUTER_BOUND('',#905,.T.);
#559=FACE_OUTER_BOUND('',#906,.T.);
#560=FACE_OUTER_BOUND('',#907,.T.);
#561=FACE_OUTER_BOUND('',#908,.T.);
#562=FACE_OUTER_BOUND('',#909,.T.);
#563=FACE_OUTER_BOUND('',#910,.T.);
#564=FACE_OUTER_BOUND('',#911,.T.);
#565=FACE_OUTER_BOUND('',#912,.T.);
#566=FACE_OUTER_BOUND('',#913,.T.);
#567=FACE_OUTER_BOUND('',#914,.T.);
#568=FACE_OUTER_BOUND('',#915,.T.);
#569=FACE_OUTER_BOUND('',#916,.T.);
#570=FACE_OUTER_BOUND('',#917,.T.);
#571=FACE_OUTER_BOUND('',#918,.T.);
#572=FACE_OUTER_BOUND('',#919,.T.);
#573=FACE_OUTER_BOUND('',#920,.T.);
#574=FACE_OUTER_BOUND('',#921,.T.);
#575=FACE_OUTER_BOUND('',#922,.T.);
#576=FACE_OUTER_BOUND('',#923,.T.);
#577=FACE_OUTER_BOUND('',#924,.T.);
#578=FACE_OUTER_BOUND('',#925,.T.);
#579=FACE_OUTER_BOUND('',#926,.T.);
#580=FACE_OUTER_BOUND('',#927,.T.);
#581=FACE_OUTER_BOUND('',#928,.T.);
#582=FACE_OUTER_BOUND('',#929,.T.);
#583=FACE_OUTER_BOUND('',#930,.T.);
#584=FACE_OUTER_BOUND('',#931,.T.);
#585=FACE_OUTER_BOUND('',#932,.T.);
#586=FACE_OUTER_BOUND('',#933,.T.);
#587=FACE_OUTER_BOUND('',#934,.T.);
#588=FACE_OUTER_BOUND('',#935,.T.);
#589=FACE_OUTER_BOUND('',#936,.T.);
#590=FACE_OUTER_BOUND('',#937,.T.);
#591=FACE_OUTER_BOUND('',#938,.T.);
#592=FACE_OUTER_BOUND('',#939,.T.);
#593=FACE_OUTER_BOUND('',#940,.T.);
#594=FACE_OUTER_BOUND('',#941,.T.);
#595=FACE_OUTER_BOUND('',#942,.T.);
#596=FACE_OUTER_BOUND('',#943,.T.);
#597=FACE_OUTER_BOUND('',#944,.T.);
#598=EDGE_LOOP('',(#3000,#3001,#3002,#3003));
#599=EDGE_LOOP('',(#3004,#3005,#3006,#3007));
#600=EDGE_LOOP('',(#3008,#3009,#3010,#3011));
#601=EDGE_LOOP('',(#3012,#3013,#3014,#3015));
#602=EDGE_LOOP('',(#3016,#3017,#3018,#3019));
#603=EDGE_LOOP('',(#3020,#3021,#3022,#3023));
#604=EDGE_LOOP('',(#3024,#3025,#3026,#3027,#3028,#3029,#3030,#3031,#3032,
#3033,#3034,#3035,#3036,#3037,#3038,#3039,#3040,#3041,#3042,#3043,#3044,
#3045,#3046,#3047,#3048,#3049,#3050,#3051,#3052,#3053,#3054,#3055,#3056,
#3057,#3058,#3059,#3060,#3061,#3062,#3063,#3064,#3065,#3066,#3067,#3068));
#605=EDGE_LOOP('',(#3069,#3070,#3071,#3072));
#606=EDGE_LOOP('',(#3073,#3074,#3075,#3076));
#607=EDGE_LOOP('',(#3077,#3078,#3079,#3080));
#608=EDGE_LOOP('',(#3081,#3082,#3083,#3084,#3085,#3086));
#609=EDGE_LOOP('',(#3087,#3088,#3089,#3090,#3091,#3092));
#610=EDGE_LOOP('',(#3093,#3094,#3095,#3096,#3097,#3098));
#611=EDGE_LOOP('',(#3099));
#612=EDGE_LOOP('',(#3100));
#613=EDGE_LOOP('',(#3101));
#614=EDGE_LOOP('',(#3102));
#615=EDGE_LOOP('',(#3103));
#616=EDGE_LOOP('',(#3104));
#617=EDGE_LOOP('',(#3105));
#618=EDGE_LOOP('',(#3106));
#619=EDGE_LOOP('',(#3107,#3108,#3109,#3110,#3111,#3112));
#620=EDGE_LOOP('',(#3113));
#621=EDGE_LOOP('',(#3114));
#622=EDGE_LOOP('',(#3115));
#623=EDGE_LOOP('',(#3116));
#624=EDGE_LOOP('',(#3117,#3118,#3119,#3120));
#625=EDGE_LOOP('',(#3121,#3122,#3123,#3124));
#626=EDGE_LOOP('',(#3125));
#627=EDGE_LOOP('',(#3126));
#628=EDGE_LOOP('',(#3127));
#629=EDGE_LOOP('',(#3128));
#630=EDGE_LOOP('',(#3129,#3130,#3131,#3132));
#631=EDGE_LOOP('',(#3133,#3134,#3135,#3136));
#632=EDGE_LOOP('',(#3137,#3138,#3139,#3140));
#633=EDGE_LOOP('',(#3141,#3142,#3143,#3144));
#634=EDGE_LOOP('',(#3145,#3146,#3147,#3148));
#635=EDGE_LOOP('',(#3149,#3150,#3151,#3152));
#636=EDGE_LOOP('',(#3153,#3154,#3155,#3156));
#637=EDGE_LOOP('',(#3157,#3158,#3159,#3160,#3161,#3162,#3163,#3164,#3165,
#3166,#3167,#3168,#3169,#3170,#3171,#3172,#3173,#3174,#3175,#3176,#3177,
#3178,#3179,#3180,#3181,#3182,#3183,#3184,#3185,#3186,#3187,#3188,#3189,
#3190,#3191,#3192,#3193,#3194,#3195,#3196,#3197,#3198,#3199));
#638=EDGE_LOOP('',(#3200,#3201,#3202,#3203));
#639=EDGE_LOOP('',(#3204,#3205,#3206,#3207));
#640=EDGE_LOOP('',(#3208,#3209,#3210,#3211));
#641=EDGE_LOOP('',(#3212,#3213,#3214,#3215,#3216,#3217));
#642=EDGE_LOOP('',(#3218,#3219,#3220,#3221,#3222,#3223));
#643=EDGE_LOOP('',(#3224,#3225,#3226,#3227,#3228,#3229));
#644=EDGE_LOOP('',(#3230,#3231,#3232,#3233,#3234,#3235));
#645=EDGE_LOOP('',(#3236));
#646=EDGE_LOOP('',(#3237));
#647=EDGE_LOOP('',(#3238));
#648=EDGE_LOOP('',(#3239));
#649=EDGE_LOOP('',(#3240));
#650=EDGE_LOOP('',(#3241));
#651=EDGE_LOOP('',(#3242));
#652=EDGE_LOOP('',(#3243));
#653=EDGE_LOOP('',(#3244));
#654=EDGE_LOOP('',(#3245));
#655=EDGE_LOOP('',(#3246));
#656=EDGE_LOOP('',(#3247));
#657=EDGE_LOOP('',(#3248,#3249,#3250,#3251));
#658=EDGE_LOOP('',(#3252,#3253,#3254,#3255));
#659=EDGE_LOOP('',(#3256));
#660=EDGE_LOOP('',(#3257));
#661=EDGE_LOOP('',(#3258));
#662=EDGE_LOOP('',(#3259));
#663=EDGE_LOOP('',(#3260,#3261,#3262,#3263));
#664=EDGE_LOOP('',(#3264,#3265,#3266,#3267));
#665=EDGE_LOOP('',(#3268,#3269,#3270,#3271));
#666=EDGE_LOOP('',(#3272,#3273,#3274,#3275));
#667=EDGE_LOOP('',(#3276,#3277,#3278,#3279));
#668=EDGE_LOOP('',(#3280,#3281,#3282,#3283));
#669=EDGE_LOOP('',(#3284,#3285,#3286,#3287));
#670=EDGE_LOOP('',(#3288,#3289,#3290,#3291));
#671=EDGE_LOOP('',(#3292,#3293,#3294,#3295));
#672=EDGE_LOOP('',(#3296,#3297,#3298,#3299));
#673=EDGE_LOOP('',(#3300,#3301,#3302,#3303));
#674=EDGE_LOOP('',(#3304,#3305,#3306,#3307));
#675=EDGE_LOOP('',(#3308,#3309,#3310,#3311));
#676=EDGE_LOOP('',(#3312,#3313,#3314,#3315));
#677=EDGE_LOOP('',(#3316,#3317,#3318,#3319));
#678=EDGE_LOOP('',(#3320,#3321,#3322,#3323));
#679=EDGE_LOOP('',(#3324,#3325,#3326,#3327));
#680=EDGE_LOOP('',(#3328,#3329,#3330,#3331));
#681=EDGE_LOOP('',(#3332,#3333,#3334,#3335));
#682=EDGE_LOOP('',(#3336,#3337,#3338,#3339));
#683=EDGE_LOOP('',(#3340,#3341,#3342,#3343));
#684=EDGE_LOOP('',(#3344,#3345,#3346,#3347));
#685=EDGE_LOOP('',(#3348,#3349,#3350,#3351));
#686=EDGE_LOOP('',(#3352,#3353,#3354,#3355));
#687=EDGE_LOOP('',(#3356,#3357,#3358,#3359));
#688=EDGE_LOOP('',(#3360,#3361,#3362,#3363));
#689=EDGE_LOOP('',(#3364,#3365,#3366,#3367));
#690=EDGE_LOOP('',(#3368,#3369,#3370,#3371));
#691=EDGE_LOOP('',(#3372,#3373,#3374,#3375));
#692=EDGE_LOOP('',(#3376,#3377,#3378,#3379));
#693=EDGE_LOOP('',(#3380,#3381,#3382,#3383));
#694=EDGE_LOOP('',(#3384,#3385,#3386,#3387));
#695=EDGE_LOOP('',(#3388,#3389,#3390,#3391));
#696=EDGE_LOOP('',(#3392,#3393,#3394,#3395));
#697=EDGE_LOOP('',(#3396,#3397,#3398,#3399));
#698=EDGE_LOOP('',(#3400,#3401,#3402,#3403));
#699=EDGE_LOOP('',(#3404,#3405,#3406,#3407));
#700=EDGE_LOOP('',(#3408,#3409,#3410,#3411));
#701=EDGE_LOOP('',(#3412,#3413,#3414,#3415));
#702=EDGE_LOOP('',(#3416,#3417,#3418,#3419));
#703=EDGE_LOOP('',(#3420,#3421,#3422,#3423));
#704=EDGE_LOOP('',(#3424,#3425,#3426,#3427));
#705=EDGE_LOOP('',(#3428,#3429,#3430,#3431));
#706=EDGE_LOOP('',(#3432,#3433,#3434,#3435));
#707=EDGE_LOOP('',(#3436,#3437,#3438,#3439));
#708=EDGE_LOOP('',(#3440,#3441,#3442,#3443));
#709=EDGE_LOOP('',(#3444,#3445,#3446,#3447));
#710=EDGE_LOOP('',(#3448,#3449,#3450,#3451));
#711=EDGE_LOOP('',(#3452,#3453,#3454,#3455));
#712=EDGE_LOOP('',(#3456,#3457,#3458,#3459));
#713=EDGE_LOOP('',(#3460,#3461,#3462,#3463));
#714=EDGE_LOOP('',(#3464,#3465,#3466,#3467));
#715=EDGE_LOOP('',(#3468,#3469,#3470,#3471));
#716=EDGE_LOOP('',(#3472,#3473,#3474,#3475));
#717=EDGE_LOOP('',(#3476,#3477,#3478,#3479));
#718=EDGE_LOOP('',(#3480,#3481,#3482,#3483));
#719=EDGE_LOOP('',(#3484,#3485,#3486,#3487));
#720=EDGE_LOOP('',(#3488,#3489,#3490,#3491));
#721=EDGE_LOOP('',(#3492,#3493,#3494,#3495));
#722=EDGE_LOOP('',(#3496,#3497,#3498,#3499));
#723=EDGE_LOOP('',(#3500,#3501,#3502,#3503));
#724=EDGE_LOOP('',(#3504,#3505,#3506,#3507));
#725=EDGE_LOOP('',(#3508,#3509,#3510,#3511,#3512,#3513));
#726=EDGE_LOOP('',(#3514,#3515,#3516,#3517));
#727=EDGE_LOOP('',(#3518,#3519,#3520,#3521));
#728=EDGE_LOOP('',(#3522,#3523,#3524,#3525));
#729=EDGE_LOOP('',(#3526,#3527,#3528,#3529));
#730=EDGE_LOOP('',(#3530,#3531,#3532));
#731=EDGE_LOOP('',(#3533,#3534,#3535));
#732=EDGE_LOOP('',(#3536,#3537,#3538,#3539));
#733=EDGE_LOOP('',(#3540,#3541,#3542,#3543));
#734=EDGE_LOOP('',(#3544,#3545,#3546,#3547));
#735=EDGE_LOOP('',(#3548,#3549,#3550,#3551));
#736=EDGE_LOOP('',(#3552,#3553,#3554,#3555));
#737=EDGE_LOOP('',(#3556,#3557,#3558,#3559));
#738=EDGE_LOOP('',(#3560,#3561,#3562));
#739=EDGE_LOOP('',(#3563,#3564,#3565));
#740=EDGE_LOOP('',(#3566,#3567,#3568,#3569));
#741=EDGE_LOOP('',(#3570,#3571,#3572,#3573));
#742=EDGE_LOOP('',(#3574,#3575,#3576,#3577));
#743=EDGE_LOOP('',(#3578,#3579,#3580,#3581));
#744=EDGE_LOOP('',(#3582,#3583,#3584,#3585));
#745=EDGE_LOOP('',(#3586,#3587,#3588));
#746=EDGE_LOOP('',(#3589,#3590,#3591,#3592));
#747=EDGE_LOOP('',(#3593,#3594,#3595));
#748=EDGE_LOOP('',(#3596,#3597,#3598,#3599));
#749=EDGE_LOOP('',(#3600,#3601,#3602));
#750=EDGE_LOOP('',(#3603,#3604,#3605));
#751=EDGE_LOOP('',(#3606,#3607,#3608,#3609));
#752=EDGE_LOOP('',(#3610,#3611,#3612,#3613));
#753=EDGE_LOOP('',(#3614,#3615,#3616,#3617));
#754=EDGE_LOOP('',(#3618,#3619,#3620,#3621));
#755=EDGE_LOOP('',(#3622,#3623,#3624,#3625));
#756=EDGE_LOOP('',(#3626,#3627,#3628,#3629));
#757=EDGE_LOOP('',(#3630,#3631,#3632,#3633));
#758=EDGE_LOOP('',(#3634,#3635,#3636,#3637,#3638));
#759=EDGE_LOOP('',(#3639,#3640,#3641,#3642));
#760=EDGE_LOOP('',(#3643,#3644,#3645,#3646));
#761=EDGE_LOOP('',(#3647,#3648,#3649,#3650,#3651,#3652));
#762=EDGE_LOOP('',(#3653,#3654,#3655,#3656));
#763=EDGE_LOOP('',(#3657,#3658,#3659,#3660,#3661));
#764=EDGE_LOOP('',(#3662,#3663,#3664,#3665));
#765=EDGE_LOOP('',(#3666,#3667,#3668,#3669));
#766=EDGE_LOOP('',(#3670,#3671,#3672,#3673,#3674,#3675));
#767=EDGE_LOOP('',(#3676,#3677,#3678,#3679));
#768=EDGE_LOOP('',(#3680,#3681,#3682,#3683));
#769=EDGE_LOOP('',(#3684,#3685,#3686,#3687,#3688));
#770=EDGE_LOOP('',(#3689,#3690,#3691,#3692,#3693,#3694));
#771=EDGE_LOOP('',(#3695,#3696,#3697,#3698));
#772=EDGE_LOOP('',(#3699,#3700,#3701,#3702));
#773=EDGE_LOOP('',(#3703,#3704,#3705,#3706));
#774=EDGE_LOOP('',(#3707,#3708,#3709,#3710));
#775=EDGE_LOOP('',(#3711,#3712,#3713,#3714));
#776=EDGE_LOOP('',(#3715,#3716,#3717,#3718,#3719));
#777=EDGE_LOOP('',(#3720,#3721,#3722,#3723));
#778=EDGE_LOOP('',(#3724,#3725,#3726,#3727));
#779=EDGE_LOOP('',(#3728,#3729,#3730,#3731));
#780=EDGE_LOOP('',(#3732,#3733,#3734));
#781=EDGE_LOOP('',(#3735,#3736,#3737));
#782=EDGE_LOOP('',(#3738,#3739,#3740,#3741));
#783=EDGE_LOOP('',(#3742,#3743,#3744,#3745));
#784=EDGE_LOOP('',(#3746,#3747,#3748,#3749));
#785=EDGE_LOOP('',(#3750,#3751,#3752,#3753));
#786=EDGE_LOOP('',(#3754,#3755,#3756,#3757));
#787=EDGE_LOOP('',(#3758,#3759,#3760,#3761));
#788=EDGE_LOOP('',(#3762,#3763,#3764));
#789=EDGE_LOOP('',(#3765,#3766,#3767));
#790=EDGE_LOOP('',(#3768,#3769,#3770,#3771));
#791=EDGE_LOOP('',(#3772,#3773,#3774,#3775));
#792=EDGE_LOOP('',(#3776,#3777,#3778,#3779));
#793=EDGE_LOOP('',(#3780,#3781,#3782));
#794=EDGE_LOOP('',(#3783,#3784,#3785,#3786));
#795=EDGE_LOOP('',(#3787,#3788,#3789,#3790));
#796=EDGE_LOOP('',(#3791,#3792,#3793,#3794));
#797=EDGE_LOOP('',(#3795,#3796,#3797,#3798));
#798=EDGE_LOOP('',(#3799,#3800,#3801,#3802));
#799=EDGE_LOOP('',(#3803,#3804,#3805,#3806));
#800=EDGE_LOOP('',(#3807,#3808,#3809,#3810));
#801=EDGE_LOOP('',(#3811,#3812,#3813,#3814));
#802=EDGE_LOOP('',(#3815,#3816,#3817,#3818));
#803=EDGE_LOOP('',(#3819,#3820,#3821,#3822));
#804=EDGE_LOOP('',(#3823,#3824,#3825,#3826));
#805=EDGE_LOOP('',(#3827,#3828,#3829,#3830));
#806=EDGE_LOOP('',(#3831,#3832,#3833,#3834));
#807=EDGE_LOOP('',(#3835,#3836,#3837,#3838));
#808=EDGE_LOOP('',(#3839,#3840,#3841,#3842));
#809=EDGE_LOOP('',(#3843,#3844,#3845,#3846));
#810=EDGE_LOOP('',(#3847,#3848,#3849,#3850));
#811=EDGE_LOOP('',(#3851,#3852,#3853,#3854));
#812=EDGE_LOOP('',(#3855,#3856,#3857,#3858));
#813=EDGE_LOOP('',(#3859,#3860,#3861,#3862));
#814=EDGE_LOOP('',(#3863,#3864,#3865,#3866));
#815=EDGE_LOOP('',(#3867,#3868,#3869,#3870));
#816=EDGE_LOOP('',(#3871,#3872,#3873,#3874));
#817=EDGE_LOOP('',(#3875,#3876,#3877,#3878));
#818=EDGE_LOOP('',(#3879,#3880,#3881,#3882));
#819=EDGE_LOOP('',(#3883,#3884,#3885,#3886));
#820=EDGE_LOOP('',(#3887,#3888,#3889,#3890));
#821=EDGE_LOOP('',(#3891,#3892,#3893,#3894));
#822=EDGE_LOOP('',(#3895,#3896,#3897,#3898));
#823=EDGE_LOOP('',(#3899,#3900,#3901,#3902));
#824=EDGE_LOOP('',(#3903,#3904,#3905,#3906));
#825=EDGE_LOOP('',(#3907,#3908,#3909,#3910));
#826=EDGE_LOOP('',(#3911,#3912,#3913,#3914));
#827=EDGE_LOOP('',(#3915,#3916,#3917,#3918));
#828=EDGE_LOOP('',(#3919,#3920,#3921,#3922));
#829=EDGE_LOOP('',(#3923,#3924,#3925,#3926));
#830=EDGE_LOOP('',(#3927,#3928,#3929,#3930));
#831=EDGE_LOOP('',(#3931,#3932,#3933,#3934));
#832=EDGE_LOOP('',(#3935,#3936,#3937,#3938));
#833=EDGE_LOOP('',(#3939,#3940,#3941,#3942));
#834=EDGE_LOOP('',(#3943,#3944,#3945,#3946));
#835=EDGE_LOOP('',(#3947,#3948,#3949,#3950));
#836=EDGE_LOOP('',(#3951,#3952,#3953,#3954));
#837=EDGE_LOOP('',(#3955,#3956,#3957,#3958));
#838=EDGE_LOOP('',(#3959,#3960,#3961,#3962));
#839=EDGE_LOOP('',(#3963,#3964,#3965,#3966));
#840=EDGE_LOOP('',(#3967,#3968,#3969,#3970));
#841=EDGE_LOOP('',(#3971,#3972,#3973,#3974));
#842=EDGE_LOOP('',(#3975,#3976,#3977,#3978));
#843=EDGE_LOOP('',(#3979,#3980,#3981,#3982));
#844=EDGE_LOOP('',(#3983,#3984,#3985,#3986));
#845=EDGE_LOOP('',(#3987,#3988,#3989,#3990));
#846=EDGE_LOOP('',(#3991,#3992,#3993,#3994));
#847=EDGE_LOOP('',(#3995,#3996,#3997,#3998));
#848=EDGE_LOOP('',(#3999,#4000,#4001,#4002,#4003));
#849=EDGE_LOOP('',(#4004,#4005,#4006,#4007));
#850=EDGE_LOOP('',(#4008,#4009,#4010,#4011));
#851=EDGE_LOOP('',(#4012,#4013,#4014,#4015));
#852=EDGE_LOOP('',(#4016,#4017,#4018,#4019));
#853=EDGE_LOOP('',(#4020,#4021,#4022,#4023));
#854=EDGE_LOOP('',(#4024,#4025,#4026,#4027));
#855=EDGE_LOOP('',(#4028,#4029,#4030,#4031));
#856=EDGE_LOOP('',(#4032,#4033,#4034,#4035));
#857=EDGE_LOOP('',(#4036,#4037,#4038,#4039,#4040));
#858=EDGE_LOOP('',(#4041,#4042,#4043,#4044));
#859=EDGE_LOOP('',(#4045,#4046,#4047,#4048));
#860=EDGE_LOOP('',(#4049,#4050,#4051,#4052));
#861=EDGE_LOOP('',(#4053,#4054,#4055,#4056));
#862=EDGE_LOOP('',(#4057,#4058,#4059,#4060));
#863=EDGE_LOOP('',(#4061,#4062,#4063,#4064));
#864=EDGE_LOOP('',(#4065,#4066,#4067,#4068));
#865=EDGE_LOOP('',(#4069,#4070,#4071,#4072));
#866=EDGE_LOOP('',(#4073,#4074,#4075,#4076));
#867=EDGE_LOOP('',(#4077,#4078,#4079,#4080));
#868=EDGE_LOOP('',(#4081,#4082,#4083,#4084));
#869=EDGE_LOOP('',(#4085,#4086,#4087,#4088));
#870=EDGE_LOOP('',(#4089,#4090,#4091,#4092));
#871=EDGE_LOOP('',(#4093,#4094,#4095,#4096,#4097,#4098));
#872=EDGE_LOOP('',(#4099,#4100,#4101,#4102));
#873=EDGE_LOOP('',(#4103,#4104,#4105,#4106));
#874=EDGE_LOOP('',(#4107,#4108,#4109,#4110));
#875=EDGE_LOOP('',(#4111,#4112,#4113,#4114));
#876=EDGE_LOOP('',(#4115,#4116,#4117,#4118,#4119));
#877=EDGE_LOOP('',(#4120,#4121,#4122,#4123));
#878=EDGE_LOOP('',(#4124,#4125,#4126,#4127));
#879=EDGE_LOOP('',(#4128,#4129,#4130,#4131));
#880=EDGE_LOOP('',(#4132,#4133,#4134,#4135));
#881=EDGE_LOOP('',(#4136,#4137,#4138,#4139));
#882=EDGE_LOOP('',(#4140,#4141,#4142,#4143));
#883=EDGE_LOOP('',(#4144,#4145,#4146,#4147));
#884=EDGE_LOOP('',(#4148,#4149,#4150,#4151));
#885=EDGE_LOOP('',(#4152,#4153,#4154,#4155));
#886=EDGE_LOOP('',(#4156,#4157,#4158,#4159));
#887=EDGE_LOOP('',(#4160,#4161,#4162,#4163));
#888=EDGE_LOOP('',(#4164,#4165,#4166,#4167));
#889=EDGE_LOOP('',(#4168,#4169,#4170,#4171));
#890=EDGE_LOOP('',(#4172,#4173,#4174,#4175));
#891=EDGE_LOOP('',(#4176,#4177,#4178,#4179));
#892=EDGE_LOOP('',(#4180,#4181,#4182,#4183));
#893=EDGE_LOOP('',(#4184,#4185,#4186,#4187));
#894=EDGE_LOOP('',(#4188,#4189,#4190,#4191));
#895=EDGE_LOOP('',(#4192,#4193,#4194,#4195));
#896=EDGE_LOOP('',(#4196,#4197,#4198,#4199));
#897=EDGE_LOOP('',(#4200,#4201,#4202,#4203));
#898=EDGE_LOOP('',(#4204,#4205,#4206,#4207));
#899=EDGE_LOOP('',(#4208,#4209,#4210,#4211));
#900=EDGE_LOOP('',(#4212,#4213,#4214,#4215));
#901=EDGE_LOOP('',(#4216,#4217,#4218,#4219));
#902=EDGE_LOOP('',(#4220,#4221,#4222,#4223,#4224));
#903=EDGE_LOOP('',(#4225,#4226,#4227,#4228));
#904=EDGE_LOOP('',(#4229,#4230,#4231,#4232));
#905=EDGE_LOOP('',(#4233,#4234,#4235,#4236));
#906=EDGE_LOOP('',(#4237,#4238,#4239,#4240));
#907=EDGE_LOOP('',(#4241,#4242,#4243,#4244));
#908=EDGE_LOOP('',(#4245,#4246,#4247,#4248));
#909=EDGE_LOOP('',(#4249,#4250,#4251,#4252));
#910=EDGE_LOOP('',(#4253,#4254,#4255,#4256));
#911=EDGE_LOOP('',(#4257,#4258,#4259,#4260));
#912=EDGE_LOOP('',(#4261,#4262,#4263,#4264,#4265));
#913=EDGE_LOOP('',(#4266,#4267,#4268,#4269));
#914=EDGE_LOOP('',(#4270,#4271,#4272,#4273));
#915=EDGE_LOOP('',(#4274,#4275,#4276,#4277));
#916=EDGE_LOOP('',(#4278,#4279,#4280,#4281));
#917=EDGE_LOOP('',(#4282,#4283,#4284,#4285));
#918=EDGE_LOOP('',(#4286,#4287,#4288,#4289));
#919=EDGE_LOOP('',(#4290,#4291,#4292,#4293));
#920=EDGE_LOOP('',(#4294,#4295,#4296,#4297));
#921=EDGE_LOOP('',(#4298,#4299,#4300,#4301));
#922=EDGE_LOOP('',(#4302,#4303,#4304,#4305));
#923=EDGE_LOOP('',(#4306,#4307,#4308,#4309));
#924=EDGE_LOOP('',(#4310,#4311,#4312,#4313));
#925=EDGE_LOOP('',(#4314,#4315,#4316,#4317));
#926=EDGE_LOOP('',(#4318,#4319,#4320,#4321));
#927=EDGE_LOOP('',(#4322,#4323,#4324,#4325));
#928=EDGE_LOOP('',(#4326,#4327,#4328,#4329));
#929=EDGE_LOOP('',(#4330,#4331,#4332,#4333));
#930=EDGE_LOOP('',(#4334,#4335,#4336,#4337));
#931=EDGE_LOOP('',(#4338,#4339,#4340,#4341));
#932=EDGE_LOOP('',(#4342,#4343,#4344,#4345));
#933=EDGE_LOOP('',(#4346,#4347,#4348,#4349));
#934=EDGE_LOOP('',(#4350,#4351,#4352,#4353));
#935=EDGE_LOOP('',(#4354,#4355,#4356,#4357));
#936=EDGE_LOOP('',(#4358,#4359,#4360,#4361));
#937=EDGE_LOOP('',(#4362,#4363,#4364,#4365));
#938=EDGE_LOOP('',(#4366,#4367,#4368,#4369));
#939=EDGE_LOOP('',(#4370,#4371,#4372,#4373));
#940=EDGE_LOOP('',(#4374,#4375,#4376,#4377));
#941=EDGE_LOOP('',(#4378,#4379,#4380,#4381));
#942=EDGE_LOOP('',(#4382,#4383,#4384,#4385));
#943=EDGE_LOOP('',(#4386,#4387,#4388,#4389));
#944=EDGE_LOOP('',(#4390,#4391,#4392,#4393));
#945=LINE('',#7011,#1309);
#946=LINE('',#7014,#1310);
#947=LINE('',#7025,#1311);
#948=LINE('',#7026,#1312);
#949=LINE('',#7032,#1313);
#950=LINE('',#7035,#1314);
#951=LINE('',#7038,#1315);
#952=LINE('',#7039,#1316);
#953=LINE('',#7043,#1317);
#954=LINE('',#7045,#1318);
#955=LINE('',#7049,#1319);
#956=LINE('',#7053,#1320);
#957=LINE('',#7055,#1321);
#958=LINE('',#7057,#1322);
#959=LINE('',#7059,#1323);
#960=LINE('',#7063,#1324);
#961=LINE('',#7065,#1325);
#962=LINE('',#7067,#1326);
#963=LINE('',#7069,#1327);
#964=LINE('',#7071,#1328);
#965=LINE('',#7073,#1329);
#966=LINE('',#7077,#1330);
#967=LINE('',#7079,#1331);
#968=LINE('',#7081,#1332);
#969=LINE('',#7083,#1333);
#970=LINE('',#7087,#1334);
#971=LINE('',#7089,#1335);
#972=LINE('',#7091,#1336);
#973=LINE('',#7095,#1337);
#974=LINE('',#7097,#1338);
#975=LINE('',#7099,#1339);
#976=LINE('',#7101,#1340);
#977=LINE('',#7103,#1341);
#978=LINE('',#7105,#1342);
#979=LINE('',#7109,#1343);
#980=LINE('',#7111,#1344);
#981=LINE('',#7113,#1345);
#982=LINE('',#7115,#1346);
#983=LINE('',#7117,#1347);
#984=LINE('',#7119,#1348);
#985=LINE('',#7123,#1349);
#986=LINE('',#7125,#1350);
#987=LINE('',#7127,#1351);
#988=LINE('',#7130,#1352);
#989=LINE('',#7133,#1353);
#990=LINE('',#7135,#1354);
#991=LINE('',#7137,#1355);
#992=LINE('',#7138,#1356);
#993=LINE('',#7141,#1357);
#994=LINE('',#7143,#1358);
#995=LINE('',#7145,#1359);
#996=LINE('',#7146,#1360);
#997=LINE('',#7149,#1361);
#998=LINE('',#7151,#1362);
#999=LINE('',#7153,#1363);
#1000=LINE('',#7154,#1364);
#1001=LINE('',#7157,#1365);
#1002=LINE('',#7161,#1366);
#1003=LINE('',#7174,#1367);
#1004=LINE('',#7187,#1368);
#1005=LINE('',#7191,#1369);
#1006=LINE('',#7204,#1370);
#1007=LINE('',#7217,#1371);
#1008=LINE('',#7221,#1372);
#1009=LINE('',#7234,#1373);
#1010=LINE('',#7263,#1374);
#1011=LINE('',#7267,#1375);
#1012=LINE('',#7280,#1376);
#1013=LINE('',#7303,#1377);
#1014=LINE('',#7306,#1378);
#1015=LINE('',#7309,#1379);
#1016=LINE('',#7311,#1380);
#1017=LINE('',#7313,#1381);
#1018=LINE('',#7314,#1382);
#1019=LINE('',#7334,#1383);
#1020=LINE('',#7335,#1384);
#1021=LINE('',#7341,#1385);
#1022=LINE('',#7343,#1386);
#1023=LINE('',#7348,#1387);
#1024=LINE('',#7350,#1388);
#1025=LINE('',#7354,#1389);
#1026=LINE('',#7358,#1390);
#1027=LINE('',#7360,#1391);
#1028=LINE('',#7362,#1392);
#1029=LINE('',#7364,#1393);
#1030=LINE('',#7366,#1394);
#1031=LINE('',#7368,#1395);
#1032=LINE('',#7372,#1396);
#1033=LINE('',#7374,#1397);
#1034=LINE('',#7376,#1398);
#1035=LINE('',#7378,#1399);
#1036=LINE('',#7380,#1400);
#1037=LINE('',#7382,#1401);
#1038=LINE('',#7386,#1402);
#1039=LINE('',#7388,#1403);
#1040=LINE('',#7390,#1404);
#1041=LINE('',#7394,#1405);
#1042=LINE('',#7396,#1406);
#1043=LINE('',#7398,#1407);
#1044=LINE('',#7400,#1408);
#1045=LINE('',#7404,#1409);
#1046=LINE('',#7406,#1410);
#1047=LINE('',#7408,#1411);
#1048=LINE('',#7410,#1412);
#1049=LINE('',#7412,#1413);
#1050=LINE('',#7414,#1414);
#1051=LINE('',#7418,#1415);
#1052=LINE('',#7420,#1416);
#1053=LINE('',#7422,#1417);
#1054=LINE('',#7424,#1418);
#1055=LINE('',#7428,#1419);
#1056=LINE('',#7431,#1420);
#1057=LINE('',#7434,#1421);
#1058=LINE('',#7436,#1422);
#1059=LINE('',#7438,#1423);
#1060=LINE('',#7439,#1424);
#1061=LINE('',#7442,#1425);
#1062=LINE('',#7444,#1426);
#1063=LINE('',#7446,#1427);
#1064=LINE('',#7447,#1428);
#1065=LINE('',#7450,#1429);
#1066=LINE('',#7454,#1430);
#1067=LINE('',#7458,#1431);
#1068=LINE('',#7462,#1432);
#1069=LINE('',#7475,#1433);
#1070=LINE('',#7488,#1434);
#1071=LINE('',#7492,#1435);
#1072=LINE('',#7505,#1436);
#1073=LINE('',#7518,#1437);
#1074=LINE('',#7522,#1438);
#1075=LINE('',#7535,#1439);
#1076=LINE('',#7548,#1440);
#1077=LINE('',#7552,#1441);
#1078=LINE('',#7565,#1442);
#1079=LINE('',#7602,#1443);
#1080=LINE('',#7604,#1444);
#1081=LINE('',#7606,#1445);
#1082=LINE('',#7607,#1446);
#1083=LINE('',#7610,#1447);
#1084=LINE('',#7612,#1448);
#1085=LINE('',#7614,#1449);
#1086=LINE('',#7615,#1450);
#1087=LINE('',#7625,#1451);
#1088=LINE('',#7627,#1452);
#1089=LINE('',#7629,#1453);
#1090=LINE('',#7631,#1454);
#1091=LINE('',#7635,#1455);
#1092=LINE('',#7640,#1456);
#1093=LINE('',#7644,#1457);
#1094=LINE('',#7647,#1458);
#1095=LINE('',#7650,#1459);
#1096=LINE('',#7652,#1460);
#1097=LINE('',#7653,#1461);
#1098=LINE('',#7656,#1462);
#1099=LINE('',#7657,#1463);
#1100=LINE('',#7662,#1464);
#1101=LINE('',#7667,#1465);
#1102=LINE('',#7671,#1466);
#1103=LINE('',#7673,#1467);
#1104=LINE('',#7676,#1468);
#1105=LINE('',#7678,#1469);
#1106=LINE('',#7679,#1470);
#1107=LINE('',#7682,#1471);
#1108=LINE('',#7683,#1472);
#1109=LINE('',#7688,#1473);
#1110=LINE('',#7692,#1474);
#1111=LINE('',#7696,#1475);
#1112=LINE('',#7699,#1476);
#1113=LINE('',#7702,#1477);
#1114=LINE('',#7704,#1478);
#1115=LINE('',#7705,#1479);
#1116=LINE('',#7708,#1480);
#1117=LINE('',#7709,#1481);
#1118=LINE('',#7713,#1482);
#1119=LINE('',#7720,#1483);
#1120=LINE('',#7723,#1484);
#1121=LINE('',#7726,#1485);
#1122=LINE('',#7728,#1486);
#1123=LINE('',#7729,#1487);
#1124=LINE('',#7732,#1488);
#1125=LINE('',#7733,#1489);
#1126=LINE('',#7736,#1490);
#1127=LINE('',#7737,#1491);
#1128=LINE('',#7741,#1492);
#1129=LINE('',#7746,#1493);
#1130=LINE('',#7750,#1494);
#1131=LINE('',#7755,#1495);
#1132=LINE('',#7762,#1496);
#1133=LINE('',#7764,#1497);
#1134=LINE('',#7770,#1498);
#1135=LINE('',#7777,#1499);
#1136=LINE('',#7784,#1500);
#1137=LINE('',#7786,#1501);
#1138=LINE('',#7796,#1502);
#1139=LINE('',#7802,#1503);
#1140=LINE('',#7805,#1504);
#1141=LINE('',#7807,#1505);
#1142=LINE('',#7808,#1506);
#1143=LINE('',#7811,#1507);
#1144=LINE('',#7821,#1508);
#1145=LINE('',#7825,#1509);
#1146=LINE('',#7838,#1510);
#1147=LINE('',#7841,#1511);
#1148=LINE('',#7856,#1512);
#1149=LINE('',#7867,#1513);
#1150=LINE('',#7870,#1514);
#1151=LINE('',#7885,#1515);
#1152=LINE('',#7893,#1516);
#1153=LINE('',#7896,#1517);
#1154=LINE('',#7900,#1518);
#1155=LINE('',#7908,#1519);
#1156=LINE('',#7911,#1520);
#1157=LINE('',#7916,#1521);
#1158=LINE('',#7924,#1522);
#1159=LINE('',#7928,#1523);
#1160=LINE('',#7929,#1524);
#1161=LINE('',#7935,#1525);
#1162=LINE('',#7944,#1526);
#1163=LINE('',#7971,#1527);
#1164=LINE('',#7976,#1528);
#1165=LINE('',#8011,#1529);
#1166=LINE('',#8012,#1530);
#1167=LINE('',#8015,#1531);
#1168=LINE('',#8016,#1532);
#1169=LINE('',#8019,#1533);
#1170=LINE('',#8036,#1534);
#1171=LINE('',#8063,#1535);
#1172=LINE('',#8070,#1536);
#1173=LINE('',#8072,#1537);
#1174=LINE('',#8073,#1538);
#1175=LINE('',#8076,#1539);
#1176=LINE('',#8080,#1540);
#1177=LINE('',#8081,#1541);
#1178=LINE('',#8113,#1542);
#1179=LINE('',#8116,#1543);
#1180=LINE('',#8131,#1544);
#1181=LINE('',#8142,#1545);
#1182=LINE('',#8145,#1546);
#1183=LINE('',#8160,#1547);
#1184=LINE('',#8167,#1548);
#1185=LINE('',#8170,#1549);
#1186=LINE('',#8172,#1550);
#1187=LINE('',#8173,#1551);
#1188=LINE('',#8179,#1552);
#1189=LINE('',#8182,#1553);
#1190=LINE('',#8184,#1554);
#1191=LINE('',#8185,#1555);
#1192=LINE('',#8191,#1556);
#1193=LINE('',#8194,#1557);
#1194=LINE('',#8196,#1558);
#1195=LINE('',#8197,#1559);
#1196=LINE('',#8202,#1560);
#1197=LINE('',#8204,#1561);
#1198=LINE('',#8205,#1562);
#1199=LINE('',#8210,#1563);
#1200=LINE('',#8213,#1564);
#1201=LINE('',#8215,#1565);
#1202=LINE('',#8217,#1566);
#1203=LINE('',#8219,#1567);
#1204=LINE('',#8223,#1568);
#1205=LINE('',#8225,#1569);
#1206=LINE('',#8227,#1570);
#1207=LINE('',#8228,#1571);
#1208=LINE('',#8232,#1572);
#1209=LINE('',#8234,#1573);
#1210=LINE('',#8236,#1574);
#1211=LINE('',#8237,#1575);
#1212=LINE('',#8239,#1576);
#1213=LINE('',#8240,#1577);
#1214=LINE('',#8243,#1578);
#1215=LINE('',#8245,#1579);
#1216=LINE('',#8246,#1580);
#1217=LINE('',#8251,#1581);
#1218=LINE('',#8255,#1582);
#1219=LINE('',#8257,#1583);
#1220=LINE('',#8258,#1584);
#1221=LINE('',#8261,#1585);
#1222=LINE('',#8263,#1586);
#1223=LINE('',#8264,#1587);
#1224=LINE('',#8267,#1588);
#1225=LINE('',#8269,#1589);
#1226=LINE('',#8270,#1590);
#1227=LINE('',#8273,#1591);
#1228=LINE('',#8275,#1592);
#1229=LINE('',#8276,#1593);
#1230=LINE('',#8279,#1594);
#1231=LINE('',#8281,#1595);
#1232=LINE('',#8282,#1596);
#1233=LINE('',#8285,#1597);
#1234=LINE('',#8287,#1598);
#1235=LINE('',#8288,#1599);
#1236=LINE('',#8293,#1600);
#1237=LINE('',#8297,#1601);
#1238=LINE('',#8299,#1602);
#1239=LINE('',#8300,#1603);
#1240=LINE('',#8303,#1604);
#1241=LINE('',#8305,#1605);
#1242=LINE('',#8306,#1606);
#1243=LINE('',#8308,#1607);
#1244=LINE('',#8309,#1608);
#1245=LINE('',#8314,#1609);
#1246=LINE('',#8322,#1610);
#1247=LINE('',#8349,#1611);
#1248=LINE('',#8354,#1612);
#1249=LINE('',#8467,#1613);
#1250=LINE('',#8492,#1614);
#1251=LINE('',#8496,#1615);
#1252=LINE('',#8502,#1616);
#1253=LINE('',#8507,#1617);
#1254=LINE('',#8511,#1618);
#1255=LINE('',#8517,#1619);
#1256=LINE('',#8520,#1620);
#1257=LINE('',#8523,#1621);
#1258=LINE('',#8527,#1622);
#1259=LINE('',#8531,#1623);
#1260=LINE('',#8534,#1624);
#1261=LINE('',#8535,#1625);
#1262=LINE('',#8538,#1626);
#1263=LINE('',#8539,#1627);
#1264=LINE('',#8542,#1628);
#1265=LINE('',#8543,#1629);
#1266=LINE('',#8547,#1630);
#1267=LINE('',#8550,#1631);
#1268=LINE('',#8551,#1632);
#1269=LINE('',#8554,#1633);
#1270=LINE('',#8555,#1634);
#1271=LINE('',#8558,#1635);
#1272=LINE('',#8559,#1636);
#1273=LINE('',#8562,#1637);
#1274=LINE('',#8563,#1638);
#1275=LINE('',#8566,#1639);
#1276=LINE('',#8567,#1640);
#1277=LINE('',#8570,#1641);
#1278=LINE('',#8571,#1642);
#1279=LINE('',#8575,#1643);
#1280=LINE('',#8578,#1644);
#1281=LINE('',#8579,#1645);
#1282=LINE('',#8585,#1646);
#1283=LINE('',#8588,#1647);
#1284=LINE('',#8589,#1648);
#1285=LINE('',#8592,#1649);
#1286=LINE('',#8593,#1650);
#1287=LINE('',#8596,#1651);
#1288=LINE('',#8597,#1652);
#1289=LINE('',#8600,#1653);
#1290=LINE('',#8601,#1654);
#1291=LINE('',#8604,#1655);
#1292=LINE('',#8605,#1656);
#1293=LINE('',#8795,#1657);
#1294=LINE('',#8796,#1658);
#1295=LINE('',#8808,#1659);
#1296=LINE('',#8809,#1660);
#1297=LINE('',#8821,#1661);
#1298=LINE('',#8822,#1662);
#1299=LINE('',#8834,#1663);
#1300=LINE('',#8835,#1664);
#1301=LINE('',#8846,#1665);
#1302=LINE('',#8848,#1666);
#1303=LINE('',#8850,#1667);
#1304=LINE('',#8852,#1668);
#1305=LINE('',#8854,#1669);
#1306=LINE('',#8856,#1670);
#1307=LINE('',#8858,#1671);
#1308=LINE('',#8860,#1672);
#1309=VECTOR('',#5465,1.);
#1310=VECTOR('',#5468,1.);
#1311=VECTOR('',#5481,1.);
#1312=VECTOR('',#5482,1.);
#1313=VECTOR('',#5491,1.);
#1314=VECTOR('',#5494,1.);
#1315=VECTOR('',#5497,1.);
#1316=VECTOR('',#5498,1.);
#1317=VECTOR('',#5501,1.);
#1318=VECTOR('',#5502,1.);
#1319=VECTOR('',#5505,0.09);
#1320=VECTOR('',#5508,1.);
#1321=VECTOR('',#5509,1.);
#1322=VECTOR('',#5510,1.);
#1323=VECTOR('',#5511,1.);
#1324=VECTOR('',#5514,1.);
#1325=VECTOR('',#5515,1.);
#1326=VECTOR('',#5516,1.);
#1327=VECTOR('',#5517,1.);
#1328=VECTOR('',#5518,1.);
#1329=VECTOR('',#5519,1.);
#1330=VECTOR('',#5522,1.);
#1331=VECTOR('',#5523,1.);
#1332=VECTOR('',#5524,1.);
#1333=VECTOR('',#5525,1.);
#1334=VECTOR('',#5528,1.);
#1335=VECTOR('',#5529,1.);
#1336=VECTOR('',#5530,1.);
#1337=VECTOR('',#5533,1.);
#1338=VECTOR('',#5534,1.);
#1339=VECTOR('',#5535,1.);
#1340=VECTOR('',#5536,1.);
#1341=VECTOR('',#5537,1.);
#1342=VECTOR('',#5538,1.);
#1343=VECTOR('',#5541,1.);
#1344=VECTOR('',#5542,1.);
#1345=VECTOR('',#5543,1.);
#1346=VECTOR('',#5544,1.);
#1347=VECTOR('',#5545,1.);
#1348=VECTOR('',#5546,1.);
#1349=VECTOR('',#5549,1.);
#1350=VECTOR('',#5550,1.);
#1351=VECTOR('',#5551,1.);
#1352=VECTOR('',#5554,1.);
#1353=VECTOR('',#5555,1.);
#1354=VECTOR('',#5556,1.);
#1355=VECTOR('',#5557,1.);
#1356=VECTOR('',#5558,1.);
#1357=VECTOR('',#5559,1.);
#1358=VECTOR('',#5560,1.);
#1359=VECTOR('',#5561,1.);
#1360=VECTOR('',#5562,1.);
#1361=VECTOR('',#5563,1.);
#1362=VECTOR('',#5564,1.);
#1363=VECTOR('',#5565,1.);
#1364=VECTOR('',#5566,1.);
#1365=VECTOR('',#5567,1.);
#1366=VECTOR('',#5570,1.);
#1367=VECTOR('',#5571,1.);
#1368=VECTOR('',#5572,1.);
#1369=VECTOR('',#5575,1.);
#1370=VECTOR('',#5576,1.);
#1371=VECTOR('',#5577,1.);
#1372=VECTOR('',#5580,1.);
#1373=VECTOR('',#5581,1.);
#1374=VECTOR('',#5598,1.);
#1375=VECTOR('',#5601,1.);
#1376=VECTOR('',#5602,1.);
#1377=VECTOR('',#5613,1.);
#1378=VECTOR('',#5616,1.);
#1379=VECTOR('',#5617,1.);
#1380=VECTOR('',#5618,1.);
#1381=VECTOR('',#5619,1.);
#1382=VECTOR('',#5620,1.);
#1383=VECTOR('',#5643,1.);
#1384=VECTOR('',#5644,1.);
#1385=VECTOR('',#5653,1.);
#1386=VECTOR('',#5656,1.);
#1387=VECTOR('',#5661,1.);
#1388=VECTOR('',#5662,1.);
#1389=VECTOR('',#5665,0.09);
#1390=VECTOR('',#5668,1.);
#1391=VECTOR('',#5669,1.);
#1392=VECTOR('',#5670,1.);
#1393=VECTOR('',#5671,1.);
#1394=VECTOR('',#5672,1.);
#1395=VECTOR('',#5673,1.);
#1396=VECTOR('',#5676,1.);
#1397=VECTOR('',#5677,1.);
#1398=VECTOR('',#5678,1.);
#1399=VECTOR('',#5679,1.);
#1400=VECTOR('',#5680,1.);
#1401=VECTOR('',#5681,1.);
#1402=VECTOR('',#5684,1.);
#1403=VECTOR('',#5685,1.);
#1404=VECTOR('',#5686,1.);
#1405=VECTOR('',#5689,1.);
#1406=VECTOR('',#5690,1.);
#1407=VECTOR('',#5691,1.);
#1408=VECTOR('',#5692,1.);
#1409=VECTOR('',#5695,1.);
#1410=VECTOR('',#5696,1.);
#1411=VECTOR('',#5697,1.);
#1412=VECTOR('',#5698,1.);
#1413=VECTOR('',#5699,1.);
#1414=VECTOR('',#5700,1.);
#1415=VECTOR('',#5703,1.);
#1416=VECTOR('',#5704,1.);
#1417=VECTOR('',#5705,1.);
#1418=VECTOR('',#5706,1.);
#1419=VECTOR('',#5709,0.09);
#1420=VECTOR('',#5712,1.);
#1421=VECTOR('',#5713,1.);
#1422=VECTOR('',#5714,1.);
#1423=VECTOR('',#5715,1.);
#1424=VECTOR('',#5716,1.);
#1425=VECTOR('',#5717,1.);
#1426=VECTOR('',#5718,1.);
#1427=VECTOR('',#5719,1.);
#1428=VECTOR('',#5720,1.);
#1429=VECTOR('',#5721,1.);
#1430=VECTOR('',#5724,1.);
#1431=VECTOR('',#5727,1.);
#1432=VECTOR('',#5730,1.);
#1433=VECTOR('',#5731,1.);
#1434=VECTOR('',#5732,1.);
#1435=VECTOR('',#5735,1.);
#1436=VECTOR('',#5736,1.);
#1437=VECTOR('',#5737,1.);
#1438=VECTOR('',#5740,1.);
#1439=VECTOR('',#5741,1.);
#1440=VECTOR('',#5742,1.);
#1441=VECTOR('',#5745,1.);
#1442=VECTOR('',#5746,1.);
#1443=VECTOR('',#5771,1.);
#1444=VECTOR('',#5772,1.);
#1445=VECTOR('',#5773,1.);
#1446=VECTOR('',#5774,1.);
#1447=VECTOR('',#5775,1.);
#1448=VECTOR('',#5776,1.);
#1449=VECTOR('',#5777,1.);
#1450=VECTOR('',#5778,1.);
#1451=VECTOR('',#5789,0.15);
#1452=VECTOR('',#5792,0.15);
#1453=VECTOR('',#5795,0.15);
#1454=VECTOR('',#5798,0.15);
#1455=VECTOR('',#5801,1.);
#1456=VECTOR('',#5808,1.);
#1457=VECTOR('',#5813,1.);
#1458=VECTOR('',#5818,1.);
#1459=VECTOR('',#5821,1.);
#1460=VECTOR('',#5822,1.);
#1461=VECTOR('',#5823,1.);
#1462=VECTOR('',#5826,1.);
#1463=VECTOR('',#5827,1.);
#1464=VECTOR('',#5832,1.);
#1465=VECTOR('',#5837,1.);
#1466=VECTOR('',#5844,1.);
#1467=VECTOR('',#5847,1.);
#1468=VECTOR('',#5850,1.);
#1469=VECTOR('',#5851,1.);
#1470=VECTOR('',#5852,1.);
#1471=VECTOR('',#5855,1.);
#1472=VECTOR('',#5856,1.);
#1473=VECTOR('',#5861,1.);
#1474=VECTOR('',#5866,1.);
#1475=VECTOR('',#5871,1.);
#1476=VECTOR('',#5876,1.);
#1477=VECTOR('',#5879,1.);
#1478=VECTOR('',#5880,1.);
#1479=VECTOR('',#5881,1.);
#1480=VECTOR('',#5884,1.);
#1481=VECTOR('',#5885,1.);
#1482=VECTOR('',#5888,1.);
#1483=VECTOR('',#5897,1.);
#1484=VECTOR('',#5902,1.);
#1485=VECTOR('',#5905,1.);
#1486=VECTOR('',#5906,1.);
#1487=VECTOR('',#5907,1.);
#1488=VECTOR('',#5910,1.);
#1489=VECTOR('',#5911,1.);
#1490=VECTOR('',#5914,1.);
#1491=VECTOR('',#5915,1.);
#1492=VECTOR('',#5920,1.);
#1493=VECTOR('',#5929,1.);
#1494=VECTOR('',#5936,1.);
#1495=VECTOR('',#5943,1.);
#1496=VECTOR('',#5956,1.);
#1497=VECTOR('',#5959,1.);
#1498=VECTOR('',#5970,1.);
#1499=VECTOR('',#5981,1.);
#1500=VECTOR('',#5994,1.);
#1501=VECTOR('',#5997,1.);
#1502=VECTOR('',#6010,1.);
#1503=VECTOR('',#6019,1.);
#1504=VECTOR('',#6022,1.);
#1505=VECTOR('',#6023,1.);
#1506=VECTOR('',#6024,1.);
#1507=VECTOR('',#6027,1.);
#1508=VECTOR('',#6044,1.);
#1509=VECTOR('',#6051,1.);
#1510=VECTOR('',#6070,1.);
#1511=VECTOR('',#6073,1.);
#1512=VECTOR('',#6098,1.);
#1513=VECTOR('',#6113,1.);
#1514=VECTOR('',#6116,1.);
#1515=VECTOR('',#6141,1.);
#1516=VECTOR('',#6150,1.);
#1517=VECTOR('',#6153,1.);
#1518=VECTOR('',#6158,1.);
#1519=VECTOR('',#6169,1.);
#1520=VECTOR('',#6172,1.);
#1521=VECTOR('',#6181,1.);
#1522=VECTOR('',#6194,1.);
#1523=VECTOR('',#6199,1.);
#1524=VECTOR('',#6200,1.);
#1525=VECTOR('',#6209,1.);
#1526=VECTOR('',#6222,0.09);
#1527=VECTOR('',#6229,1.);
#1528=VECTOR('',#6236,1.);
#1529=VECTOR('',#6243,1.);
#1530=VECTOR('',#6244,1.);
#1531=VECTOR('',#6247,1.);
#1532=VECTOR('',#6248,1.);
#1533=VECTOR('',#6251,1.);
#1534=VECTOR('',#6270,0.09);
#1535=VECTOR('',#6277,1.);
#1536=VECTOR('',#6278,1.);
#1537=VECTOR('',#6279,1.);
#1538=VECTOR('',#6280,1.);
#1539=VECTOR('',#6283,1.);
#1540=VECTOR('',#6288,1.);
#1541=VECTOR('',#6289,0.09);
#1542=VECTOR('',#6314,1.);
#1543=VECTOR('',#6317,1.);
#1544=VECTOR('',#6342,1.);
#1545=VECTOR('',#6357,1.);
#1546=VECTOR('',#6360,1.);
#1547=VECTOR('',#6385,1.);
#1548=VECTOR('',#6396,1.);
#1549=VECTOR('',#6399,1.);
#1550=VECTOR('',#6400,1.);
#1551=VECTOR('',#6401,1.);
#1552=VECTOR('',#6410,1.);
#1553=VECTOR('',#6413,1.);
#1554=VECTOR('',#6414,1.);
#1555=VECTOR('',#6415,1.);
#1556=VECTOR('',#6424,1.);
#1557=VECTOR('',#6427,1.);
#1558=VECTOR('',#6428,1.);
#1559=VECTOR('',#6429,1.);
#1560=VECTOR('',#6436,1.);
#1561=VECTOR('',#6437,1.);
#1562=VECTOR('',#6438,1.);
#1563=VECTOR('',#6445,1.);
#1564=VECTOR('',#6450,0.1625);
#1565=VECTOR('',#6453,0.1625);
#1566=VECTOR('',#6456,0.1625);
#1567=VECTOR('',#6459,0.1625);
#1568=VECTOR('',#6462,1.);
#1569=VECTOR('',#6463,1.);
#1570=VECTOR('',#6464,1.);
#1571=VECTOR('',#6465,1.);
#1572=VECTOR('',#6468,1.);
#1573=VECTOR('',#6469,1.);
#1574=VECTOR('',#6470,1.);
#1575=VECTOR('',#6471,1.);
#1576=VECTOR('',#6474,1.);
#1577=VECTOR('',#6475,1.);
#1578=VECTOR('',#6478,1.);
#1579=VECTOR('',#6479,1.);
#1580=VECTOR('',#6480,1.);
#1581=VECTOR('',#6485,1.);
#1582=VECTOR('',#6490,1.);
#1583=VECTOR('',#6491,1.);
#1584=VECTOR('',#6492,1.);
#1585=VECTOR('',#6495,1.);
#1586=VECTOR('',#6496,1.);
#1587=VECTOR('',#6497,1.);
#1588=VECTOR('',#6500,1.);
#1589=VECTOR('',#6501,1.);
#1590=VECTOR('',#6502,1.);
#1591=VECTOR('',#6505,1.);
#1592=VECTOR('',#6506,1.);
#1593=VECTOR('',#6507,1.);
#1594=VECTOR('',#6510,1.);
#1595=VECTOR('',#6511,1.);
#1596=VECTOR('',#6512,1.);
#1597=VECTOR('',#6515,1.);
#1598=VECTOR('',#6516,1.);
#1599=VECTOR('',#6517,1.);
#1600=VECTOR('',#6522,1.);
#1601=VECTOR('',#6527,1.);
#1602=VECTOR('',#6528,1.);
#1603=VECTOR('',#6529,1.);
#1604=VECTOR('',#6532,1.);
#1605=VECTOR('',#6533,1.);
#1606=VECTOR('',#6534,1.);
#1607=VECTOR('',#6537,1.);
#1608=VECTOR('',#6538,1.);
#1609=VECTOR('',#6543,1.);
#1610=VECTOR('',#6554,1.);
#1611=VECTOR('',#6559,1.);
#1612=VECTOR('',#6564,1.);
#1613=VECTOR('',#6629,1.);
#1614=VECTOR('',#6632,1.);
#1615=VECTOR('',#6637,1.);
#1616=VECTOR('',#6644,1.);
#1617=VECTOR('',#6653,1.);
#1618=VECTOR('',#6658,1.);
#1619=VECTOR('',#6667,1.);
#1620=VECTOR('',#6670,1.);
#1621=VECTOR('',#6675,1.);
#1622=VECTOR('',#6680,1.);
#1623=VECTOR('',#6685,1.);
#1624=VECTOR('',#6688,1.);
#1625=VECTOR('',#6689,1.);
#1626=VECTOR('',#6692,1.);
#1627=VECTOR('',#6693,1.);
#1628=VECTOR('',#6696,1.);
#1629=VECTOR('',#6697,1.);
#1630=VECTOR('',#6702,1.);
#1631=VECTOR('',#6705,1.);
#1632=VECTOR('',#6706,1.);
#1633=VECTOR('',#6709,1.);
#1634=VECTOR('',#6710,1.);
#1635=VECTOR('',#6713,1.);
#1636=VECTOR('',#6714,1.);
#1637=VECTOR('',#6717,1.);
#1638=VECTOR('',#6718,1.);
#1639=VECTOR('',#6721,1.);
#1640=VECTOR('',#6722,1.);
#1641=VECTOR('',#6725,1.);
#1642=VECTOR('',#6726,1.);
#1643=VECTOR('',#6731,1.);
#1644=VECTOR('',#6734,1.);
#1645=VECTOR('',#6735,1.);
#1646=VECTOR('',#6742,1.);
#1647=VECTOR('',#6745,1.);
#1648=VECTOR('',#6746,1.);
#1649=VECTOR('',#6749,1.);
#1650=VECTOR('',#6750,1.);
#1651=VECTOR('',#6753,1.);
#1652=VECTOR('',#6754,1.);
#1653=VECTOR('',#6757,1.);
#1654=VECTOR('',#6758,1.);
#1655=VECTOR('',#6761,1.);
#1656=VECTOR('',#6762,1.);
#1657=VECTOR('',#6895,1.);
#1658=VECTOR('',#6896,1.);
#1659=VECTOR('',#6917,1.);
#1660=VECTOR('',#6918,1.);
#1661=VECTOR('',#6939,1.);
#1662=VECTOR('',#6940,1.);
#1663=VECTOR('',#6961,1.);
#1664=VECTOR('',#6962,1.);
#1665=VECTOR('',#6983,0.15);
#1666=VECTOR('',#6986,0.15);
#1667=VECTOR('',#6989,0.15);
#1668=VECTOR('',#6992,0.15);
#1669=VECTOR('',#6995,0.15);
#1670=VECTOR('',#6998,0.15);
#1671=VECTOR('',#7001,0.15);
#1672=VECTOR('',#7004,0.15);
#1673=CIRCLE('',#4870,0.236);
#1674=CIRCLE('',#4871,0.236);
#1675=CIRCLE('',#4873,0.236);
#1676=CIRCLE('',#4874,0.836000008940697);
#1677=CIRCLE('',#4875,0.600000008940697);
#1678=CIRCLE('',#4877,0.236);
#1679=CIRCLE('',#4879,0.836000008940697);
#1680=CIRCLE('',#4880,0.600000008940697);
#1681=CIRCLE('',#4882,0.600000008940697);
#1682=CIRCLE('',#4885,1.79);
#1683=CIRCLE('',#4886,0.39);
#1684=CIRCLE('',#4887,0.58);
#1685=CIRCLE('',#4888,0.38);
#1686=CIRCLE('',#4889,3.08);
#1687=CIRCLE('',#4890,0.38);
#1688=CIRCLE('',#4891,0.58);
#1689=CIRCLE('',#4892,0.38);
#1690=CIRCLE('',#4893,1.79);
#1691=CIRCLE('',#4894,0.380000004470348);
#1692=CIRCLE('',#4895,0.380000004470348);
#1693=CIRCLE('',#4896,0.380000004470348);
#1694=CIRCLE('',#4897,0.15);
#1695=CIRCLE('',#4898,0.15);
#1696=CIRCLE('',#4899,0.15);
#1697=CIRCLE('',#4900,0.15);
#1698=CIRCLE('',#4901,0.15);
#1699=CIRCLE('',#4902,0.15);
#1700=CIRCLE('',#4903,0.15);
#1701=CIRCLE('',#4904,0.15);
#1702=CIRCLE('',#4905,0.380000004470348);
#1703=CIRCLE('',#4906,0.1625);
#1704=CIRCLE('',#4907,0.1625);
#1705=CIRCLE('',#4908,0.1625);
#1706=CIRCLE('',#4909,0.1625);
#1707=CIRCLE('',#4910,0.599999888241291);
#1708=CIRCLE('',#4911,0.6);
#1709=CIRCLE('',#4912,0.15);
#1710=CIRCLE('',#4913,0.15);
#1711=CIRCLE('',#4914,0.15);
#1712=CIRCLE('',#4915,0.15);
#1713=CIRCLE('',#4917,0.236);
#1714=CIRCLE('',#4918,0.600000008940697);
#1715=CIRCLE('',#4919,0.236);
#1716=CIRCLE('',#4920,0.836000008940697);
#1717=CIRCLE('',#4922,0.236);
#1718=CIRCLE('',#4924,0.236);
#1719=CIRCLE('',#4925,0.836000008940697);
#1720=CIRCLE('',#4930,1.79);
#1721=CIRCLE('',#4931,0.39);
#1722=CIRCLE('',#4932,0.58);
#1723=CIRCLE('',#4933,0.38);
#1724=CIRCLE('',#4934,3.08);
#1725=CIRCLE('',#4935,0.38);
#1726=CIRCLE('',#4936,0.58);
#1727=CIRCLE('',#4937,0.39);
#1728=CIRCLE('',#4938,1.79);
#1729=CIRCLE('',#4939,0.599999888241291);
#1730=CIRCLE('',#4940,0.6);
#1731=CIRCLE('',#4941,0.380000004470348);
#1732=CIRCLE('',#4942,0.380000004470348);
#1733=CIRCLE('',#4943,0.380000004470348);
#1734=CIRCLE('',#4944,0.380000004470348);
#1735=CIRCLE('',#4945,0.1625);
#1736=CIRCLE('',#4946,0.1625);
#1737=CIRCLE('',#4947,0.1625);
#1738=CIRCLE('',#4948,0.1625);
#1739=CIRCLE('',#4949,0.15);
#1740=CIRCLE('',#4950,0.15);
#1741=CIRCLE('',#4951,0.15);
#1742=CIRCLE('',#4952,0.15);
#1743=CIRCLE('',#4953,0.15);
#1744=CIRCLE('',#4954,0.15);
#1745=CIRCLE('',#4955,0.15);
#1746=CIRCLE('',#4956,0.15);
#1747=CIRCLE('',#4957,0.15);
#1748=CIRCLE('',#4958,0.15);
#1749=CIRCLE('',#4959,0.15);
#1750=CIRCLE('',#4960,0.15);
#1751=CIRCLE('',#4996,0.1);
#1752=CIRCLE('',#4999,0.1);
#1753=CIRCLE('',#5042,0.1);
#1754=CIRCLE('',#5043,0.499999888241291);
#1755=CIRCLE('',#5044,0.0999999999999997);
#1756=CIRCLE('',#5046,0.0999999999999996);
#1757=CIRCLE('',#5048,0.0999999999999996);
#1758=CIRCLE('',#5049,0.5);
#1759=CIRCLE('',#5053,0.499999888241291);
#1760=CIRCLE('',#5055,0.1);
#1761=CIRCLE('',#5056,0.0999999999999996);
#1762=CIRCLE('',#5058,0.0999999999999997);
#1763=CIRCLE('',#5060,0.0999999999999996);
#1764=CIRCLE('',#5062,0.5);
#1765=CIRCLE('',#5069,0.300000000000001);
#1766=CIRCLE('',#5070,0.08);
#1767=CIRCLE('',#5071,0.38);
#1768=CIRCLE('',#5073,0.300000000000001);
#1769=CIRCLE('',#5075,0.38);
#1770=CIRCLE('',#5076,0.08);
#1771=CIRCLE('',#5078,0.38);
#1772=CIRCLE('',#5080,0.38);
#1773=CIRCLE('',#5082,0.300000000000001);
#1774=CIRCLE('',#5083,0.08);
#1775=CIRCLE('',#5085,0.300000000000001);
#1776=CIRCLE('',#5087,0.08);
#1777=CIRCLE('',#5089,0.300000000000001);
#1778=CIRCLE('',#5090,0.08);
#1779=CIRCLE('',#5091,0.38);
#1780=CIRCLE('',#5093,0.300000000000001);
#1781=CIRCLE('',#5095,0.38);
#1782=CIRCLE('',#5096,0.08);
#1783=CIRCLE('',#5098,0.38);
#1784=CIRCLE('',#5100,0.38);
#1785=CIRCLE('',#5102,0.300000000000001);
#1786=CIRCLE('',#5103,0.08);
#1787=CIRCLE('',#5105,0.300000000000001);
#1788=CIRCLE('',#5107,0.08);
#1789=CIRCLE('',#5109,0.0900000000000003);
#1790=CIRCLE('',#5110,0.0900000000000016);
#1791=CIRCLE('',#5112,0.09);
#1792=CIRCLE('',#5113,0.0899999999999999);
#1793=CIRCLE('',#5115,0.0900000000000001);
#1794=CIRCLE('',#5117,0.0899999999999999);
#1795=CIRCLE('',#5118,0.0899999999999999);
#1796=CIRCLE('',#5120,0.0900000000000001);
#1797=CIRCLE('',#5122,0.09);
#1798=CIRCLE('',#5123,0.0899999999999999);
#1799=CIRCLE('',#5125,0.0900000000000001);
#1800=CIRCLE('',#5127,0.0900000000000001);
#1801=CIRCLE('',#5129,0.0900000000000003);
#1802=CIRCLE('',#5132,0.09);
#1803=CIRCLE('',#5135,0.0899999999999999);
#1804=CIRCLE('',#5137,0.0900000000000003);
#1805=CIRCLE('',#5138,1.7);
#1806=CIRCLE('',#5140,0.0900000000000002);
#1807=CIRCLE('',#5142,0.300000000000001);
#1808=CIRCLE('',#5146,0.09);
#1809=CIRCLE('',#5148,1.7);
#1810=CIRCLE('',#5155,0.0800000000000011);
#1811=CIRCLE('',#5157,0.09);
#1812=CIRCLE('',#5158,1.7);
#1813=CIRCLE('',#5160,0.0900000000000002);
#1814=CIRCLE('',#5162,0.300000000000001);
#1815=CIRCLE('',#5165,0.300000000000001);
#1816=CIRCLE('',#5168,1.7);
#1817=CIRCLE('',#5170,0.09);
#1818=CIRCLE('',#5172,0.09);
#1819=CIRCLE('',#5175,0.300000000000001);
#1820=CIRCLE('',#5176,0.08);
#1821=CIRCLE('',#5177,0.38);
#1822=CIRCLE('',#5179,0.300000000000001);
#1823=CIRCLE('',#5181,0.38);
#1824=CIRCLE('',#5182,0.08);
#1825=CIRCLE('',#5184,0.38);
#1826=CIRCLE('',#5186,0.38);
#1827=CIRCLE('',#5188,0.300000000000001);
#1828=CIRCLE('',#5189,0.08);
#1829=CIRCLE('',#5191,0.300000000000001);
#1830=CIRCLE('',#5193,0.08);
#1831=CIRCLE('',#5195,0.300000000000001);
#1832=CIRCLE('',#5196,0.08);
#1833=CIRCLE('',#5197,0.38);
#1834=CIRCLE('',#5199,0.300000000000001);
#1835=CIRCLE('',#5201,0.38);
#1836=CIRCLE('',#5202,0.08);
#1837=CIRCLE('',#5204,0.38);
#1838=CIRCLE('',#5206,0.38);
#1839=CIRCLE('',#5208,0.300000000000001);
#1840=CIRCLE('',#5209,0.08);
#1841=CIRCLE('',#5211,0.300000000000001);
#1842=CIRCLE('',#5213,0.08);
#1843=CIRCLE('',#5216,0.0800000000000001);
#1844=CIRCLE('',#5219,0.0800000000000001);
#1845=CIRCLE('',#5221,0.0800000000000001);
#1846=CIRCLE('',#5224,0.0800000000000001);
#1847=CIRCLE('',#5226,0.0800000000000001);
#1848=CIRCLE('',#5229,0.0800000000000001);
#1849=CIRCLE('',#5232,0.0800000000000001);
#1850=CIRCLE('',#5234,0.0800000000000001);
#1851=CIRCLE('',#5244,0.3);
#1852=CIRCLE('',#5245,0.3);
#1853=CIRCLE('',#5253,0.5);
#1854=CIRCLE('',#5254,0.5);
#1855=CIRCLE('',#5259,0.0799999999999999);
#1856=CIRCLE('',#5262,0.0800000000000006);
#1857=CIRCLE('',#5263,0.5);
#1858=CIRCLE('',#5272,3.);
#1859=CIRCLE('',#5273,0.08);
#1860=CIRCLE('',#5280,0.0800000000000003);
#1861=CIRCLE('',#5283,0.0799999999999994);
#1862=CIRCLE('',#5293,0.08);
#1863=CIRCLE('',#5295,0.0800000000000001);
#1864=CIRCLE('',#5312,0.0800000000000003);
#1865=CIRCLE('',#5314,0.0799999999999991);
#1866=CIRCLE('',#5315,0.3);
#1867=CIRCLE('',#5321,0.08);
#1868=CIRCLE('',#5323,3.);
#1869=CIRCLE('',#5328,0.3);
#1870=CIRCLE('',#5336,0.5);
#1871=CIRCLE('',#5340,0.08);
#1872=CIRCLE('',#5347,0.3);
#1873=CIRCLE('',#5349,0.0799999999999997);
#1874=CIRCLE('',#5350,0.0799999999999999);
#1875=CIRCLE('',#5356,0.0800000000000003);
#1876=CIRCLE('',#5359,0.0799999999999998);
#1877=CIRCLE('',#5363,0.08);
#1878=CIRCLE('',#5370,0.0800000000000003);
#1879=CIRCLE('',#5372,0.0799999999999991);
#1880=CIRCLE('',#5382,0.08);
#1881=CIRCLE('',#5384,0.0800000000000002);
#1882=CIRCLE('',#5389,0.0800000000000003);
#1883=CIRCLE('',#5413,0.0800000000000001);
#1884=CIRCLE('',#5415,0.300000004470348);
#1885=CIRCLE('',#5417,0.300000004470348);
#1886=CIRCLE('',#5419,0.0800000000000001);
#1887=CIRCLE('',#5423,0.0800000000000001);
#1888=CIRCLE('',#5425,0.300000004470348);
#1889=CIRCLE('',#5427,0.300000004470348);
#1890=CIRCLE('',#5429,0.0800000000000001);
#1891=CIRCLE('',#5433,0.0800000000000001);
#1892=CIRCLE('',#5435,0.300000004470348);
#1893=CIRCLE('',#5437,0.300000004470348);
#1894=CIRCLE('',#5439,0.0800000000000001);
#1895=CIRCLE('',#5443,0.0800000000000001);
#1896=CIRCLE('',#5445,0.0800000000000001);
#1897=CIRCLE('',#5447,0.300000004470348);
#1898=CIRCLE('',#5449,0.300000004470348);
#1899=VERTEX_POINT('',#7007);
#1900=VERTEX_POINT('',#7008);
#1901=VERTEX_POINT('',#7010);
#1902=VERTEX_POINT('',#7012);
#1903=VERTEX_POINT('',#7016);
#1904=VERTEX_POINT('',#7017);
#1905=VERTEX_POINT('',#7022);
#1906=VERTEX_POINT('',#7023);
#1907=VERTEX_POINT('',#7031);
#1908=VERTEX_POINT('',#7033);
#1909=VERTEX_POINT('',#7037);
#1910=VERTEX_POINT('',#7041);
#1911=VERTEX_POINT('',#7042);
#1912=VERTEX_POINT('',#7044);
#1913=VERTEX_POINT('',#7046);
#1914=VERTEX_POINT('',#7048);
#1915=VERTEX_POINT('',#7050);
#1916=VERTEX_POINT('',#7052);
#1917=VERTEX_POINT('',#7054);
#1918=VERTEX_POINT('',#7056);
#1919=VERTEX_POINT('',#7058);
#1920=VERTEX_POINT('',#7060);
#1921=VERTEX_POINT('',#7062);
#1922=VERTEX_POINT('',#7064);
#1923=VERTEX_POINT('',#7066);
#1924=VERTEX_POINT('',#7068);
#1925=VERTEX_POINT('',#7070);
#1926=VERTEX_POINT('',#7072);
#1927=VERTEX_POINT('',#7074);
#1928=VERTEX_POINT('',#7076);
#1929=VERTEX_POINT('',#7078);
#1930=VERTEX_POINT('',#7080);
#1931=VERTEX_POINT('',#7082);
#1932=VERTEX_POINT('',#7084);
#1933=VERTEX_POINT('',#7086);
#1934=VERTEX_POINT('',#7088);
#1935=VERTEX_POINT('',#7090);
#1936=VERTEX_POINT('',#7092);
#1937=VERTEX_POINT('',#7094);
#1938=VERTEX_POINT('',#7096);
#1939=VERTEX_POINT('',#7098);
#1940=VERTEX_POINT('',#7100);
#1941=VERTEX_POINT('',#7102);
#1942=VERTEX_POINT('',#7104);
#1943=VERTEX_POINT('',#7106);
#1944=VERTEX_POINT('',#7108);
#1945=VERTEX_POINT('',#7110);
#1946=VERTEX_POINT('',#7112);
#1947=VERTEX_POINT('',#7114);
#1948=VERTEX_POINT('',#7116);
#1949=VERTEX_POINT('',#7118);
#1950=VERTEX_POINT('',#7120);
#1951=VERTEX_POINT('',#7122);
#1952=VERTEX_POINT('',#7124);
#1953=VERTEX_POINT('',#7126);
#1954=VERTEX_POINT('',#7128);
#1955=VERTEX_POINT('',#7131);
#1956=VERTEX_POINT('',#7132);
#1957=VERTEX_POINT('',#7134);
#1958=VERTEX_POINT('',#7136);
#1959=VERTEX_POINT('',#7139);
#1960=VERTEX_POINT('',#7140);
#1961=VERTEX_POINT('',#7142);
#1962=VERTEX_POINT('',#7144);
#1963=VERTEX_POINT('',#7147);
#1964=VERTEX_POINT('',#7148);
#1965=VERTEX_POINT('',#7150);
#1966=VERTEX_POINT('',#7152);
#1967=VERTEX_POINT('',#7155);
#1968=VERTEX_POINT('',#7156);
#1969=VERTEX_POINT('',#7158);
#1970=VERTEX_POINT('',#7160);
#1971=VERTEX_POINT('',#7162);
#1972=VERTEX_POINT('',#7173);
#1973=VERTEX_POINT('',#7185);
#1974=VERTEX_POINT('',#7186);
#1975=VERTEX_POINT('',#7188);
#1976=VERTEX_POINT('',#7190);
#1977=VERTEX_POINT('',#7192);
#1978=VERTEX_POINT('',#7203);
#1979=VERTEX_POINT('',#7215);
#1980=VERTEX_POINT('',#7216);
#1981=VERTEX_POINT('',#7218);
#1982=VERTEX_POINT('',#7220);
#1983=VERTEX_POINT('',#7222);
#1984=VERTEX_POINT('',#7233);
#1985=VERTEX_POINT('',#7245);
#1986=VERTEX_POINT('',#7247);
#1987=VERTEX_POINT('',#7249);
#1988=VERTEX_POINT('',#7251);
#1989=VERTEX_POINT('',#7253);
#1990=VERTEX_POINT('',#7255);
#1991=VERTEX_POINT('',#7257);
#1992=VERTEX_POINT('',#7259);
#1993=VERTEX_POINT('',#7261);
#1994=VERTEX_POINT('',#7262);
#1995=VERTEX_POINT('',#7264);
#1996=VERTEX_POINT('',#7266);
#1997=VERTEX_POINT('',#7268);
#1998=VERTEX_POINT('',#7279);
#1999=VERTEX_POINT('',#7291);
#2000=VERTEX_POINT('',#7293);
#2001=VERTEX_POINT('',#7295);
#2002=VERTEX_POINT('',#7297);
#2003=VERTEX_POINT('',#7299);
#2004=VERTEX_POINT('',#7300);
#2005=VERTEX_POINT('',#7302);
#2006=VERTEX_POINT('',#7304);
#2007=VERTEX_POINT('',#7307);
#2008=VERTEX_POINT('',#7308);
#2009=VERTEX_POINT('',#7310);
#2010=VERTEX_POINT('',#7312);
#2011=VERTEX_POINT('',#7315);
#2012=VERTEX_POINT('',#7317);
#2013=VERTEX_POINT('',#7319);
#2014=VERTEX_POINT('',#7321);
#2015=VERTEX_POINT('',#7324);
#2016=VERTEX_POINT('',#7326);
#2017=VERTEX_POINT('',#7328);
#2018=VERTEX_POINT('',#7332);
#2019=VERTEX_POINT('',#7337);
#2020=VERTEX_POINT('',#7346);
#2021=VERTEX_POINT('',#7347);
#2022=VERTEX_POINT('',#7349);
#2023=VERTEX_POINT('',#7351);
#2024=VERTEX_POINT('',#7353);
#2025=VERTEX_POINT('',#7355);
#2026=VERTEX_POINT('',#7357);
#2027=VERTEX_POINT('',#7359);
#2028=VERTEX_POINT('',#7361);
#2029=VERTEX_POINT('',#7363);
#2030=VERTEX_POINT('',#7365);
#2031=VERTEX_POINT('',#7367);
#2032=VERTEX_POINT('',#7369);
#2033=VERTEX_POINT('',#7371);
#2034=VERTEX_POINT('',#7373);
#2035=VERTEX_POINT('',#7375);
#2036=VERTEX_POINT('',#7377);
#2037=VERTEX_POINT('',#7379);
#2038=VERTEX_POINT('',#7381);
#2039=VERTEX_POINT('',#7383);
#2040=VERTEX_POINT('',#7385);
#2041=VERTEX_POINT('',#7387);
#2042=VERTEX_POINT('',#7389);
#2043=VERTEX_POINT('',#7391);
#2044=VERTEX_POINT('',#7393);
#2045=VERTEX_POINT('',#7395);
#2046=VERTEX_POINT('',#7397);
#2047=VERTEX_POINT('',#7399);
#2048=VERTEX_POINT('',#7401);
#2049=VERTEX_POINT('',#7403);
#2050=VERTEX_POINT('',#7405);
#2051=VERTEX_POINT('',#7407);
#2052=VERTEX_POINT('',#7409);
#2053=VERTEX_POINT('',#7411);
#2054=VERTEX_POINT('',#7413);
#2055=VERTEX_POINT('',#7415);
#2056=VERTEX_POINT('',#7417);
#2057=VERTEX_POINT('',#7419);
#2058=VERTEX_POINT('',#7421);
#2059=VERTEX_POINT('',#7423);
#2060=VERTEX_POINT('',#7425);
#2061=VERTEX_POINT('',#7427);
#2062=VERTEX_POINT('',#7429);
#2063=VERTEX_POINT('',#7432);
#2064=VERTEX_POINT('',#7433);
#2065=VERTEX_POINT('',#7435);
#2066=VERTEX_POINT('',#7437);
#2067=VERTEX_POINT('',#7440);
#2068=VERTEX_POINT('',#7441);
#2069=VERTEX_POINT('',#7443);
#2070=VERTEX_POINT('',#7445);
#2071=VERTEX_POINT('',#7448);
#2072=VERTEX_POINT('',#7449);
#2073=VERTEX_POINT('',#7451);
#2074=VERTEX_POINT('',#7453);
#2075=VERTEX_POINT('',#7456);
#2076=VERTEX_POINT('',#7457);
#2077=VERTEX_POINT('',#7459);
#2078=VERTEX_POINT('',#7461);
#2079=VERTEX_POINT('',#7463);
#2080=VERTEX_POINT('',#7474);
#2081=VERTEX_POINT('',#7486);
#2082=VERTEX_POINT('',#7487);
#2083=VERTEX_POINT('',#7489);
#2084=VERTEX_POINT('',#7491);
#2085=VERTEX_POINT('',#7493);
#2086=VERTEX_POINT('',#7504);
#2087=VERTEX_POINT('',#7516);
#2088=VERTEX_POINT('',#7517);
#2089=VERTEX_POINT('',#7519);
#2090=VERTEX_POINT('',#7521);
#2091=VERTEX_POINT('',#7523);
#2092=VERTEX_POINT('',#7534);
#2093=VERTEX_POINT('',#7546);
#2094=VERTEX_POINT('',#7547);
#2095=VERTEX_POINT('',#7549);
#2096=VERTEX_POINT('',#7551);
#2097=VERTEX_POINT('',#7553);
#2098=VERTEX_POINT('',#7564);
#2099=VERTEX_POINT('',#7576);
#2100=VERTEX_POINT('',#7578);
#2101=VERTEX_POINT('',#7580);
#2102=VERTEX_POINT('',#7582);
#2103=VERTEX_POINT('',#7584);
#2104=VERTEX_POINT('',#7586);
#2105=VERTEX_POINT('',#7588);
#2106=VERTEX_POINT('',#7590);
#2107=VERTEX_POINT('',#7592);
#2108=VERTEX_POINT('',#7594);
#2109=VERTEX_POINT('',#7596);
#2110=VERTEX_POINT('',#7598);
#2111=VERTEX_POINT('',#7600);
#2112=VERTEX_POINT('',#7601);
#2113=VERTEX_POINT('',#7603);
#2114=VERTEX_POINT('',#7605);
#2115=VERTEX_POINT('',#7608);
#2116=VERTEX_POINT('',#7609);
#2117=VERTEX_POINT('',#7611);
#2118=VERTEX_POINT('',#7613);
#2119=VERTEX_POINT('',#7616);
#2120=VERTEX_POINT('',#7618);
#2121=VERTEX_POINT('',#7620);
#2122=VERTEX_POINT('',#7622);
#2123=VERTEX_POINT('',#7633);
#2124=VERTEX_POINT('',#7634);
#2125=VERTEX_POINT('',#7639);
#2126=VERTEX_POINT('',#7643);
#2127=VERTEX_POINT('',#7649);
#2128=VERTEX_POINT('',#7651);
#2129=VERTEX_POINT('',#7655);
#2130=VERTEX_POINT('',#7659);
#2131=VERTEX_POINT('',#7661);
#2132=VERTEX_POINT('',#7665);
#2133=VERTEX_POINT('',#7666);
#2134=VERTEX_POINT('',#7675);
#2135=VERTEX_POINT('',#7677);
#2136=VERTEX_POINT('',#7681);
#2137=VERTEX_POINT('',#7685);
#2138=VERTEX_POINT('',#7687);
#2139=VERTEX_POINT('',#7691);
#2140=VERTEX_POINT('',#7695);
#2141=VERTEX_POINT('',#7701);
#2142=VERTEX_POINT('',#7703);
#2143=VERTEX_POINT('',#7707);
#2144=VERTEX_POINT('',#7711);
#2145=VERTEX_POINT('',#7712);
#2146=VERTEX_POINT('',#7717);
#2147=VERTEX_POINT('',#7719);
#2148=VERTEX_POINT('',#7725);
#2149=VERTEX_POINT('',#7727);
#2150=VERTEX_POINT('',#7731);
#2151=VERTEX_POINT('',#7735);
#2152=VERTEX_POINT('',#7740);
#2153=VERTEX_POINT('',#7753);
#2154=VERTEX_POINT('',#7775);
#2155=VERTEX_POINT('',#7788);
#2156=VERTEX_POINT('',#7790);
#2157=VERTEX_POINT('',#7794);
#2158=VERTEX_POINT('',#7798);
#2159=VERTEX_POINT('',#7804);
#2160=VERTEX_POINT('',#7806);
#2161=VERTEX_POINT('',#7810);
#2162=VERTEX_POINT('',#7819);
#2163=VERTEX_POINT('',#7831);
#2164=VERTEX_POINT('',#7832);
#2165=VERTEX_POINT('',#7837);
#2166=VERTEX_POINT('',#7839);
#2167=VERTEX_POINT('',#7850);
#2168=VERTEX_POINT('',#7854);
#2169=VERTEX_POINT('',#7860);
#2170=VERTEX_POINT('',#7861);
#2171=VERTEX_POINT('',#7866);
#2172=VERTEX_POINT('',#7868);
#2173=VERTEX_POINT('',#7879);
#2174=VERTEX_POINT('',#7883);
#2175=VERTEX_POINT('',#7889);
#2176=VERTEX_POINT('',#7890);
#2177=VERTEX_POINT('',#7892);
#2178=VERTEX_POINT('',#7894);
#2179=VERTEX_POINT('',#7899);
#2180=VERTEX_POINT('',#7905);
#2181=VERTEX_POINT('',#7907);
#2182=VERTEX_POINT('',#7909);
#2183=VERTEX_POINT('',#7923);
#2184=VERTEX_POINT('',#7927);
#2185=VERTEX_POINT('',#7934);
#2186=VERTEX_POINT('',#7938);
#2187=VERTEX_POINT('',#7942);
#2188=VERTEX_POINT('',#7946);
#2189=VERTEX_POINT('',#7963);
#2190=VERTEX_POINT('',#7970);
#2191=VERTEX_POINT('',#7974);
#2192=VERTEX_POINT('',#7978);
#2193=VERTEX_POINT('',#7979);
#2194=VERTEX_POINT('',#8001);
#2195=VERTEX_POINT('',#8014);
#2196=VERTEX_POINT('',#8018);
#2197=VERTEX_POINT('',#8030);
#2198=VERTEX_POINT('',#8034);
#2199=VERTEX_POINT('',#8038);
#2200=VERTEX_POINT('',#8055);
#2201=VERTEX_POINT('',#8062);
#2202=VERTEX_POINT('',#8064);
#2203=VERTEX_POINT('',#8069);
#2204=VERTEX_POINT('',#8071);
#2205=VERTEX_POINT('',#8075);
#2206=VERTEX_POINT('',#8079);
#2207=VERTEX_POINT('',#8106);
#2208=VERTEX_POINT('',#8107);
#2209=VERTEX_POINT('',#8112);
#2210=VERTEX_POINT('',#8114);
#2211=VERTEX_POINT('',#8125);
#2212=VERTEX_POINT('',#8129);
#2213=VERTEX_POINT('',#8135);
#2214=VERTEX_POINT('',#8136);
#2215=VERTEX_POINT('',#8141);
#2216=VERTEX_POINT('',#8143);
#2217=VERTEX_POINT('',#8154);
#2218=VERTEX_POINT('',#8158);
#2219=VERTEX_POINT('',#8165);
#2220=VERTEX_POINT('',#8169);
#2221=VERTEX_POINT('',#8171);
#2222=VERTEX_POINT('',#8177);
#2223=VERTEX_POINT('',#8181);
#2224=VERTEX_POINT('',#8183);
#2225=VERTEX_POINT('',#8189);
#2226=VERTEX_POINT('',#8193);
#2227=VERTEX_POINT('',#8195);
#2228=VERTEX_POINT('',#8201);
#2229=VERTEX_POINT('',#8203);
#2230=VERTEX_POINT('',#8209);
#2231=VERTEX_POINT('',#8221);
#2232=VERTEX_POINT('',#8222);
#2233=VERTEX_POINT('',#8224);
#2234=VERTEX_POINT('',#8226);
#2235=VERTEX_POINT('',#8230);
#2236=VERTEX_POINT('',#8231);
#2237=VERTEX_POINT('',#8233);
#2238=VERTEX_POINT('',#8235);
#2239=VERTEX_POINT('',#8242);
#2240=VERTEX_POINT('',#8244);
#2241=VERTEX_POINT('',#8248);
#2242=VERTEX_POINT('',#8250);
#2243=VERTEX_POINT('',#8254);
#2244=VERTEX_POINT('',#8256);
#2245=VERTEX_POINT('',#8260);
#2246=VERTEX_POINT('',#8262);
#2247=VERTEX_POINT('',#8266);
#2248=VERTEX_POINT('',#8268);
#2249=VERTEX_POINT('',#8272);
#2250=VERTEX_POINT('',#8274);
#2251=VERTEX_POINT('',#8278);
#2252=VERTEX_POINT('',#8280);
#2253=VERTEX_POINT('',#8284);
#2254=VERTEX_POINT('',#8286);
#2255=VERTEX_POINT('',#8290);
#2256=VERTEX_POINT('',#8292);
#2257=VERTEX_POINT('',#8296);
#2258=VERTEX_POINT('',#8298);
#2259=VERTEX_POINT('',#8302);
#2260=VERTEX_POINT('',#8304);
#2261=VERTEX_POINT('',#8311);
#2262=VERTEX_POINT('',#8313);
#2263=VERTEX_POINT('',#8317);
#2264=VERTEX_POINT('',#8321);
#2265=VERTEX_POINT('',#8325);
#2266=VERTEX_POINT('',#8348);
#2267=VERTEX_POINT('',#8352);
#2268=VERTEX_POINT('',#8353);
#2269=VERTEX_POINT('',#8358);
#2270=VERTEX_POINT('',#8466);
#2271=VERTEX_POINT('',#8491);
#2272=VERTEX_POINT('',#8495);
#2273=VERTEX_POINT('',#8499);
#2274=VERTEX_POINT('',#8501);
#2275=VERTEX_POINT('',#8509);
#2276=VERTEX_POINT('',#8513);
#2277=VERTEX_POINT('',#8519);
#2278=VERTEX_POINT('',#8525);
#2279=VERTEX_POINT('',#8529);
#2280=VERTEX_POINT('',#8533);
#2281=VERTEX_POINT('',#8537);
#2282=VERTEX_POINT('',#8541);
#2283=VERTEX_POINT('',#8545);
#2284=VERTEX_POINT('',#8549);
#2285=VERTEX_POINT('',#8553);
#2286=VERTEX_POINT('',#8557);
#2287=VERTEX_POINT('',#8561);
#2288=VERTEX_POINT('',#8565);
#2289=VERTEX_POINT('',#8569);
#2290=VERTEX_POINT('',#8573);
#2291=VERTEX_POINT('',#8577);
#2292=VERTEX_POINT('',#8581);
#2293=VERTEX_POINT('',#8582);
#2294=VERTEX_POINT('',#8587);
#2295=VERTEX_POINT('',#8591);
#2296=VERTEX_POINT('',#8595);
#2297=VERTEX_POINT('',#8599);
#2298=VERTEX_POINT('',#8603);
#2299=VERTEX_POINT('',#8794);
#2300=VERTEX_POINT('',#8807);
#2301=VERTEX_POINT('',#8820);
#2302=VERTEX_POINT('',#8833);
#2303=EDGE_CURVE('',#1899,#1900,#1673,.T.);
#2304=EDGE_CURVE('',#1900,#1901,#945,.T.);
#2305=EDGE_CURVE('',#1901,#1902,#1674,.T.);
#2306=EDGE_CURVE('',#1902,#1899,#946,.T.);
#2307=EDGE_CURVE('',#1903,#1904,#1675,.T.);
#2308=EDGE_CURVE('',#1904,#1902,#1676,.T.);
#2309=EDGE_CURVE('',#1901,#1903,#1677,.T.);
#2310=EDGE_CURVE('',#1905,#1906,#1678,.T.);
#2311=EDGE_CURVE('',#1906,#1904,#947,.T.);
#2312=EDGE_CURVE('',#1903,#1905,#948,.T.);
#2313=EDGE_CURVE('',#1899,#1906,#1679,.T.);
#2314=EDGE_CURVE('',#1905,#1900,#1680,.T.);
#2315=EDGE_CURVE('',#1907,#1901,#949,.T.);
#2316=EDGE_CURVE('',#1908,#1907,#1681,.T.);
#2317=EDGE_CURVE('',#1908,#1903,#950,.T.);
#2318=EDGE_CURVE('',#1909,#1900,#951,.T.);
#2319=EDGE_CURVE('',#1907,#1909,#952,.T.);
#2320=EDGE_CURVE('',#1910,#1911,#953,.T.);
#2321=EDGE_CURVE('',#1912,#1910,#954,.T.);
#2322=EDGE_CURVE('',#1913,#1912,#1682,.T.);
#2323=EDGE_CURVE('',#1914,#1913,#955,.T.);
#2324=EDGE_CURVE('',#1915,#1914,#1683,.T.);
#2325=EDGE_CURVE('',#1916,#1915,#956,.T.);
#2326=EDGE_CURVE('',#1917,#1916,#957,.T.);
#2327=EDGE_CURVE('',#1918,#1917,#958,.T.);
#2328=EDGE_CURVE('',#1919,#1918,#959,.T.);
#2329=EDGE_CURVE('',#1920,#1919,#1684,.T.);
#2330=EDGE_CURVE('',#1921,#1920,#960,.T.);
#2331=EDGE_CURVE('',#1922,#1921,#961,.T.);
#2332=EDGE_CURVE('',#1923,#1922,#962,.T.);
#2333=EDGE_CURVE('',#1924,#1923,#963,.T.);
#2334=EDGE_CURVE('',#1925,#1924,#964,.T.);
#2335=EDGE_CURVE('',#1926,#1925,#965,.T.);
#2336=EDGE_CURVE('',#1927,#1926,#1685,.T.);
#2337=EDGE_CURVE('',#1928,#1927,#966,.T.);
#2338=EDGE_CURVE('',#1929,#1928,#967,.T.);
#2339=EDGE_CURVE('',#1930,#1929,#968,.T.);
#2340=EDGE_CURVE('',#1931,#1930,#969,.T.);
#2341=EDGE_CURVE('',#1932,#1931,#1686,.T.);
#2342=EDGE_CURVE('',#1933,#1932,#970,.T.);
#2343=EDGE_CURVE('',#1934,#1933,#971,.T.);
#2344=EDGE_CURVE('',#1935,#1934,#972,.T.);
#2345=EDGE_CURVE('',#1936,#1935,#1687,.T.);
#2346=EDGE_CURVE('',#1937,#1936,#973,.T.);
#2347=EDGE_CURVE('',#1938,#1937,#974,.T.);
#2348=EDGE_CURVE('',#1939,#1938,#975,.T.);
#2349=EDGE_CURVE('',#1940,#1939,#976,.T.);
#2350=EDGE_CURVE('',#1941,#1940,#977,.T.);
#2351=EDGE_CURVE('',#1942,#1941,#978,.T.);
#2352=EDGE_CURVE('',#1943,#1942,#1688,.T.);
#2353=EDGE_CURVE('',#1944,#1943,#979,.T.);
#2354=EDGE_CURVE('',#1945,#1944,#980,.T.);
#2355=EDGE_CURVE('',#1946,#1945,#981,.T.);
#2356=EDGE_CURVE('',#1947,#1946,#982,.T.);
#2357=EDGE_CURVE('',#1948,#1947,#983,.T.);
#2358=EDGE_CURVE('',#1949,#1948,#984,.T.);
#2359=EDGE_CURVE('',#1950,#1949,#1689,.T.);
#2360=EDGE_CURVE('',#1951,#1950,#985,.T.);
#2361=EDGE_CURVE('',#1952,#1951,#986,.T.);
#2362=EDGE_CURVE('',#1953,#1952,#987,.T.);
#2363=EDGE_CURVE('',#1954,#1953,#1690,.T.);
#2364=EDGE_CURVE('',#1911,#1954,#988,.T.);
#2365=EDGE_CURVE('',#1955,#1956,#989,.T.);
#2366=EDGE_CURVE('',#1957,#1955,#990,.T.);
#2367=EDGE_CURVE('',#1958,#1957,#991,.T.);
#2368=EDGE_CURVE('',#1956,#1958,#992,.T.);
#2369=EDGE_CURVE('',#1959,#1960,#993,.T.);
#2370=EDGE_CURVE('',#1961,#1959,#994,.T.);
#2371=EDGE_CURVE('',#1962,#1961,#995,.T.);
#2372=EDGE_CURVE('',#1960,#1962,#996,.T.);
#2373=EDGE_CURVE('',#1963,#1964,#997,.T.);
#2374=EDGE_CURVE('',#1965,#1964,#998,.T.);
#2375=EDGE_CURVE('',#1966,#1965,#999,.T.);
#2376=EDGE_CURVE('',#1963,#1966,#1000,.T.);
#2377=EDGE_CURVE('',#1967,#1968,#1001,.T.);
#2378=EDGE_CURVE('',#1969,#1967,#1691,.T.);
#2379=EDGE_CURVE('',#1970,#1969,#1002,.T.);
#2380=EDGE_CURVE('',#1971,#1970,#89,.T.);
#2381=EDGE_CURVE('',#1972,#1971,#1003,.T.);
#2382=EDGE_CURVE('',#1968,#1972,#90,.T.);
#2383=EDGE_CURVE('',#1973,#1974,#1004,.T.);
#2384=EDGE_CURVE('',#1975,#1973,#1692,.T.);
#2385=EDGE_CURVE('',#1976,#1975,#1005,.T.);
#2386=EDGE_CURVE('',#1977,#1976,#91,.T.);
#2387=EDGE_CURVE('',#1978,#1977,#1006,.T.);
#2388=EDGE_CURVE('',#1974,#1978,#92,.T.);
#2389=EDGE_CURVE('',#1979,#1980,#1007,.T.);
#2390=EDGE_CURVE('',#1981,#1979,#1693,.T.);
#2391=EDGE_CURVE('',#1982,#1981,#1008,.T.);
#2392=EDGE_CURVE('',#1983,#1982,#93,.T.);
#2393=EDGE_CURVE('',#1984,#1983,#1009,.T.);
#2394=EDGE_CURVE('',#1980,#1984,#94,.T.);
#2395=EDGE_CURVE('',#1985,#1985,#1694,.T.);
#2396=EDGE_CURVE('',#1986,#1986,#1695,.T.);
#2397=EDGE_CURVE('',#1987,#1987,#1696,.T.);
#2398=EDGE_CURVE('',#1988,#1988,#1697,.T.);
#2399=EDGE_CURVE('',#1989,#1989,#1698,.T.);
#2400=EDGE_CURVE('',#1990,#1990,#1699,.T.);
#2401=EDGE_CURVE('',#1991,#1991,#1700,.T.);
#2402=EDGE_CURVE('',#1992,#1992,#1701,.T.);
#2403=EDGE_CURVE('',#1993,#1994,#1010,.T.);
#2404=EDGE_CURVE('',#1995,#1993,#1702,.T.);
#2405=EDGE_CURVE('',#1996,#1995,#1011,.T.);
#2406=EDGE_CURVE('',#1997,#1996,#95,.T.);
#2407=EDGE_CURVE('',#1998,#1997,#1012,.T.);
#2408=EDGE_CURVE('',#1994,#1998,#96,.T.);
#2409=EDGE_CURVE('',#1999,#1999,#1703,.T.);
#2410=EDGE_CURVE('',#2000,#2000,#1704,.T.);
#2411=EDGE_CURVE('',#2001,#2001,#1705,.T.);
#2412=EDGE_CURVE('',#2002,#2002,#1706,.T.);
#2413=EDGE_CURVE('',#2003,#2004,#1707,.T.);
#2414=EDGE_CURVE('',#2005,#2003,#1013,.T.);
#2415=EDGE_CURVE('',#2006,#2005,#1708,.T.);
#2416=EDGE_CURVE('',#2004,#2006,#1014,.T.);
#2417=EDGE_CURVE('',#2007,#2008,#1015,.T.);
#2418=EDGE_CURVE('',#2009,#2007,#1016,.T.);
#2419=EDGE_CURVE('',#2010,#2009,#1017,.T.);
#2420=EDGE_CURVE('',#2008,#2010,#1018,.T.);
#2421=EDGE_CURVE('',#2011,#2011,#1709,.T.);
#2422=EDGE_CURVE('',#2012,#2012,#1710,.T.);
#2423=EDGE_CURVE('',#2013,#2013,#1711,.T.);
#2424=EDGE_CURVE('',#2014,#2014,#1712,.T.);
#2425=EDGE_CURVE('',#2015,#1909,#1713,.T.);
#2426=EDGE_CURVE('',#1909,#2016,#1714,.T.);
#2427=EDGE_CURVE('',#2016,#2017,#1715,.T.);
#2428=EDGE_CURVE('',#2017,#2015,#1716,.T.);
#2429=EDGE_CURVE('',#1908,#2018,#1717,.T.);
#2430=EDGE_CURVE('',#2018,#2017,#1019,.T.);
#2431=EDGE_CURVE('',#2016,#1908,#1020,.T.);
#2432=EDGE_CURVE('',#1907,#2019,#1718,.T.);
#2433=EDGE_CURVE('',#2019,#2018,#1719,.T.);
#2434=EDGE_CURVE('',#2015,#2019,#1021,.T.);
#2435=EDGE_CURVE('',#2016,#1905,#1022,.T.);
#2436=EDGE_CURVE('',#2020,#2021,#1023,.T.);
#2437=EDGE_CURVE('',#2022,#2020,#1024,.T.);
#2438=EDGE_CURVE('',#2023,#2022,#1720,.T.);
#2439=EDGE_CURVE('',#2024,#2023,#1025,.T.);
#2440=EDGE_CURVE('',#2025,#2024,#1721,.T.);
#2441=EDGE_CURVE('',#2026,#2025,#1026,.T.);
#2442=EDGE_CURVE('',#2027,#2026,#1027,.T.);
#2443=EDGE_CURVE('',#2028,#2027,#1028,.T.);
#2444=EDGE_CURVE('',#2029,#2028,#1029,.T.);
#2445=EDGE_CURVE('',#2030,#2029,#1030,.T.);
#2446=EDGE_CURVE('',#2031,#2030,#1031,.T.);
#2447=EDGE_CURVE('',#2032,#2031,#1722,.T.);
#2448=EDGE_CURVE('',#2033,#2032,#1032,.T.);
#2449=EDGE_CURVE('',#2034,#2033,#1033,.T.);
#2450=EDGE_CURVE('',#2035,#2034,#1034,.T.);
#2451=EDGE_CURVE('',#2036,#2035,#1035,.T.);
#2452=EDGE_CURVE('',#2037,#2036,#1036,.T.);
#2453=EDGE_CURVE('',#2038,#2037,#1037,.T.);
#2454=EDGE_CURVE('',#2039,#2038,#1723,.T.);
#2455=EDGE_CURVE('',#2040,#2039,#1038,.T.);
#2456=EDGE_CURVE('',#2041,#2040,#1039,.T.);
#2457=EDGE_CURVE('',#2042,#2041,#1040,.T.);
#2458=EDGE_CURVE('',#2043,#2042,#1724,.T.);
#2459=EDGE_CURVE('',#2044,#2043,#1041,.T.);
#2460=EDGE_CURVE('',#2045,#2044,#1042,.T.);
#2461=EDGE_CURVE('',#2046,#2045,#1043,.T.);
#2462=EDGE_CURVE('',#2047,#2046,#1044,.T.);
#2463=EDGE_CURVE('',#2048,#2047,#1725,.T.);
#2464=EDGE_CURVE('',#2049,#2048,#1045,.T.);
#2465=EDGE_CURVE('',#2050,#2049,#1046,.T.);
#2466=EDGE_CURVE('',#2051,#2050,#1047,.T.);
#2467=EDGE_CURVE('',#2052,#2051,#1048,.T.);
#2468=EDGE_CURVE('',#2053,#2052,#1049,.T.);
#2469=EDGE_CURVE('',#2054,#2053,#1050,.T.);
#2470=EDGE_CURVE('',#2055,#2054,#1726,.T.);
#2471=EDGE_CURVE('',#2056,#2055,#1051,.T.);
#2472=EDGE_CURVE('',#2057,#2056,#1052,.T.);
#2473=EDGE_CURVE('',#2058,#2057,#1053,.T.);
#2474=EDGE_CURVE('',#2059,#2058,#1054,.T.);
#2475=EDGE_CURVE('',#2060,#2059,#1727,.T.);
#2476=EDGE_CURVE('',#2061,#2060,#1055,.T.);
#2477=EDGE_CURVE('',#2062,#2061,#1728,.T.);
#2478=EDGE_CURVE('',#2021,#2062,#1056,.T.);
#2479=EDGE_CURVE('',#2063,#2064,#1057,.T.);
#2480=EDGE_CURVE('',#2065,#2063,#1058,.T.);
#2481=EDGE_CURVE('',#2066,#2065,#1059,.T.);
#2482=EDGE_CURVE('',#2064,#2066,#1060,.T.);
#2483=EDGE_CURVE('',#2067,#2068,#1061,.T.);
#2484=EDGE_CURVE('',#2069,#2067,#1062,.T.);
#2485=EDGE_CURVE('',#2070,#2069,#1063,.T.);
#2486=EDGE_CURVE('',#2068,#2070,#1064,.T.);
#2487=EDGE_CURVE('',#2071,#2072,#1065,.T.);
#2488=EDGE_CURVE('',#2073,#2071,#1729,.T.);
#2489=EDGE_CURVE('',#2074,#2073,#1066,.T.);
#2490=EDGE_CURVE('',#2072,#2074,#1730,.T.);
#2491=EDGE_CURVE('',#2075,#2076,#1067,.T.);
#2492=EDGE_CURVE('',#2077,#2075,#1731,.T.);
#2493=EDGE_CURVE('',#2078,#2077,#1068,.T.);
#2494=EDGE_CURVE('',#2079,#2078,#97,.T.);
#2495=EDGE_CURVE('',#2080,#2079,#1069,.T.);
#2496=EDGE_CURVE('',#2076,#2080,#98,.T.);
#2497=EDGE_CURVE('',#2081,#2082,#1070,.T.);
#2498=EDGE_CURVE('',#2083,#2081,#1732,.T.);
#2499=EDGE_CURVE('',#2084,#2083,#1071,.T.);
#2500=EDGE_CURVE('',#2085,#2084,#99,.T.);
#2501=EDGE_CURVE('',#2086,#2085,#1072,.T.);
#2502=EDGE_CURVE('',#2082,#2086,#100,.T.);
#2503=EDGE_CURVE('',#2087,#2088,#1073,.T.);
#2504=EDGE_CURVE('',#2089,#2087,#1733,.T.);
#2505=EDGE_CURVE('',#2090,#2089,#1074,.T.);
#2506=EDGE_CURVE('',#2091,#2090,#101,.T.);
#2507=EDGE_CURVE('',#2092,#2091,#1075,.T.);
#2508=EDGE_CURVE('',#2088,#2092,#102,.T.);
#2509=EDGE_CURVE('',#2093,#2094,#1076,.T.);
#2510=EDGE_CURVE('',#2095,#2093,#1734,.T.);
#2511=EDGE_CURVE('',#2096,#2095,#1077,.T.);
#2512=EDGE_CURVE('',#2097,#2096,#103,.T.);
#2513=EDGE_CURVE('',#2098,#2097,#1078,.T.);
#2514=EDGE_CURVE('',#2094,#2098,#104,.T.);
#2515=EDGE_CURVE('',#2099,#2099,#1735,.T.);
#2516=EDGE_CURVE('',#2100,#2100,#1736,.T.);
#2517=EDGE_CURVE('',#2101,#2101,#1737,.T.);
#2518=EDGE_CURVE('',#2102,#2102,#1738,.T.);
#2519=EDGE_CURVE('',#2103,#2103,#1739,.T.);
#2520=EDGE_CURVE('',#2104,#2104,#1740,.T.);
#2521=EDGE_CURVE('',#2105,#2105,#1741,.T.);
#2522=EDGE_CURVE('',#2106,#2106,#1742,.T.);
#2523=EDGE_CURVE('',#2107,#2107,#1743,.T.);
#2524=EDGE_CURVE('',#2108,#2108,#1744,.T.);
#2525=EDGE_CURVE('',#2109,#2109,#1745,.T.);
#2526=EDGE_CURVE('',#2110,#2110,#1746,.T.);
#2527=EDGE_CURVE('',#2111,#2112,#1079,.T.);
#2528=EDGE_CURVE('',#2113,#2111,#1080,.T.);
#2529=EDGE_CURVE('',#2114,#2113,#1081,.T.);
#2530=EDGE_CURVE('',#2112,#2114,#1082,.T.);
#2531=EDGE_CURVE('',#2115,#2116,#1083,.T.);
#2532=EDGE_CURVE('',#2117,#2115,#1084,.T.);
#2533=EDGE_CURVE('',#2118,#2117,#1085,.T.);
#2534=EDGE_CURVE('',#2116,#2118,#1086,.T.);
#2535=EDGE_CURVE('',#2119,#2119,#1747,.T.);
#2536=EDGE_CURVE('',#2120,#2120,#1748,.T.);
#2537=EDGE_CURVE('',#2121,#2121,#1749,.T.);
#2538=EDGE_CURVE('',#2122,#2122,#1750,.T.);
#2539=EDGE_CURVE('',#2122,#2014,#1087,.T.);
#2540=EDGE_CURVE('',#2121,#2013,#1088,.T.);
#2541=EDGE_CURVE('',#2120,#2012,#1089,.T.);
#2542=EDGE_CURVE('',#2119,#2011,#1090,.T.);
#2543=EDGE_CURVE('',#2123,#2124,#1091,.T.);
#2544=EDGE_CURVE('',#2124,#1955,#20,.T.);
#2545=EDGE_CURVE('',#1956,#2123,#21,.T.);
#2546=EDGE_CURVE('',#2124,#2125,#1092,.T.);
#2547=EDGE_CURVE('',#2125,#1957,#22,.T.);
#2548=EDGE_CURVE('',#2125,#2126,#1093,.T.);
#2549=EDGE_CURVE('',#2126,#1958,#23,.T.);
#2550=EDGE_CURVE('',#2126,#2123,#1094,.T.);
#2551=EDGE_CURVE('',#2127,#2124,#1095,.T.);
#2552=EDGE_CURVE('',#2128,#2127,#1096,.T.);
#2553=EDGE_CURVE('',#2128,#2125,#1097,.T.);
#2554=EDGE_CURVE('',#2129,#2123,#1098,.T.);
#2555=EDGE_CURVE('',#2127,#2129,#1099,.T.);
#2556=EDGE_CURVE('',#2009,#2130,#24,.T.);
#2557=EDGE_CURVE('',#2130,#2131,#1100,.T.);
#2558=EDGE_CURVE('',#2131,#2010,#25,.T.);
#2559=EDGE_CURVE('',#2132,#2133,#1101,.T.);
#2560=EDGE_CURVE('',#2133,#2007,#26,.T.);
#2561=EDGE_CURVE('',#2132,#2008,#27,.T.);
#2562=EDGE_CURVE('',#2133,#2130,#1102,.T.);
#2563=EDGE_CURVE('',#2131,#2132,#1103,.T.);
#2564=EDGE_CURVE('',#2134,#2133,#1104,.T.);
#2565=EDGE_CURVE('',#2135,#2134,#1105,.T.);
#2566=EDGE_CURVE('',#2135,#2130,#1106,.T.);
#2567=EDGE_CURVE('',#2136,#2132,#1107,.T.);
#2568=EDGE_CURVE('',#2134,#2136,#1108,.T.);
#2569=EDGE_CURVE('',#1960,#2137,#28,.T.);
#2570=EDGE_CURVE('',#2137,#2138,#1109,.T.);
#2571=EDGE_CURVE('',#2138,#1959,#29,.T.);
#2572=EDGE_CURVE('',#2139,#2137,#1110,.T.);
#2573=EDGE_CURVE('',#2139,#1962,#30,.T.);
#2574=EDGE_CURVE('',#2138,#2140,#1111,.T.);
#2575=EDGE_CURVE('',#2140,#1961,#31,.T.);
#2576=EDGE_CURVE('',#2140,#2139,#1112,.T.);
#2577=EDGE_CURVE('',#2141,#2138,#1113,.T.);
#2578=EDGE_CURVE('',#2142,#2141,#1114,.T.);
#2579=EDGE_CURVE('',#2142,#2140,#1115,.T.);
#2580=EDGE_CURVE('',#2143,#2137,#1116,.T.);
#2581=EDGE_CURVE('',#2141,#2143,#1117,.T.);
#2582=EDGE_CURVE('',#2144,#2145,#1118,.T.);
#2583=EDGE_CURVE('',#2145,#1963,#1751,.F.);
#2584=EDGE_CURVE('',#1966,#2144,#32,.T.);
#2585=EDGE_CURVE('',#1964,#2146,#1752,.F.);
#2586=EDGE_CURVE('',#2146,#2147,#1119,.T.);
#2587=EDGE_CURVE('',#2147,#1965,#33,.T.);
#2588=EDGE_CURVE('',#2147,#2144,#1120,.T.);
#2589=EDGE_CURVE('',#2148,#2144,#1121,.T.);
#2590=EDGE_CURVE('',#2149,#2148,#1122,.T.);
#2591=EDGE_CURVE('',#2149,#2145,#1123,.T.);
#2592=EDGE_CURVE('',#2150,#2147,#1124,.T.);
#2593=EDGE_CURVE('',#2148,#2150,#1125,.T.);
#2594=EDGE_CURVE('',#2151,#2146,#1126,.T.);
#2595=EDGE_CURVE('',#2150,#2151,#1127,.T.);
#2596=EDGE_CURVE('',#2064,#2136,#34,.T.);
#2597=EDGE_CURVE('',#2136,#2152,#1128,.T.);
#2598=EDGE_CURVE('',#2063,#2152,#35,.T.);
#2599=EDGE_CURVE('',#2066,#2134,#36,.T.);
#2600=EDGE_CURVE('',#2152,#2135,#1129,.T.);
#2601=EDGE_CURVE('',#2135,#2065,#37,.T.);
#2602=EDGE_CURVE('',#2152,#2131,#1130,.T.);
#2603=EDGE_CURVE('',#2117,#2153,#38,.T.);
#2604=EDGE_CURVE('',#2153,#2128,#1131,.T.);
#2605=EDGE_CURVE('',#2118,#2128,#39,.T.);
#2606=EDGE_CURVE('',#2116,#2127,#40,.T.);
#2607=EDGE_CURVE('',#2129,#2115,#41,.T.);
#2608=EDGE_CURVE('',#2129,#2153,#1132,.T.);
#2609=EDGE_CURVE('',#2153,#2126,#1133,.T.);
#2610=EDGE_CURVE('',#2068,#2149,#42,.T.);
#2611=EDGE_CURVE('',#2148,#2067,#43,.T.);
#2612=EDGE_CURVE('',#2070,#2151,#44,.T.);
#2613=EDGE_CURVE('',#2151,#2149,#1134,.T.);
#2614=EDGE_CURVE('',#2069,#2150,#45,.T.);
#2615=EDGE_CURVE('',#2113,#2154,#46,.T.);
#2616=EDGE_CURVE('',#2154,#2142,#1135,.T.);
#2617=EDGE_CURVE('',#2114,#2142,#47,.T.);
#2618=EDGE_CURVE('',#2112,#2141,#48,.T.);
#2619=EDGE_CURVE('',#2143,#2111,#49,.T.);
#2620=EDGE_CURVE('',#2143,#2154,#1136,.T.);
#2621=EDGE_CURVE('',#2154,#2139,#1137,.T.);
#2622=EDGE_CURVE('',#2004,#2155,#1753,.T.);
#2623=EDGE_CURVE('',#2155,#2156,#1754,.T.);
#2624=EDGE_CURVE('',#2156,#2003,#1755,.T.);
#2625=EDGE_CURVE('',#2157,#2005,#1756,.T.);
#2626=EDGE_CURVE('',#2156,#2157,#1138,.T.);
#2627=EDGE_CURVE('',#2158,#2006,#1757,.T.);
#2628=EDGE_CURVE('',#2157,#2158,#1758,.T.);
#2629=EDGE_CURVE('',#2158,#2155,#1139,.T.);
#2630=EDGE_CURVE('',#2159,#2156,#1140,.T.);
#2631=EDGE_CURVE('',#2160,#2159,#1141,.T.);
#2632=EDGE_CURVE('',#2160,#2157,#1142,.T.);
#2633=EDGE_CURVE('',#2161,#2155,#1143,.T.);
#2634=EDGE_CURVE('',#2159,#2161,#1759,.T.);
#2635=EDGE_CURVE('',#2072,#2160,#1760,.T.);
#2636=EDGE_CURVE('',#2159,#2071,#1761,.T.);
#2637=EDGE_CURVE('',#2161,#2073,#1762,.T.);
#2638=EDGE_CURVE('',#2162,#2074,#1763,.T.);
#2639=EDGE_CURVE('',#2161,#2162,#1144,.T.);
#2640=EDGE_CURVE('',#2162,#2160,#1764,.T.);
#2641=EDGE_CURVE('',#2162,#2158,#1145,.T.);
#2642=EDGE_CURVE('',#2163,#2164,#1765,.T.);
#2643=EDGE_CURVE('',#2164,#2088,#1766,.T.);
#2644=EDGE_CURVE('',#2092,#2163,#1767,.T.);
#2645=EDGE_CURVE('',#2165,#2163,#1146,.T.);
#2646=EDGE_CURVE('',#2165,#2166,#1768,.T.);
#2647=EDGE_CURVE('',#2166,#2164,#1147,.T.);
#2648=EDGE_CURVE('',#2165,#1997,#1769,.T.);
#2649=EDGE_CURVE('',#1996,#2166,#1770,.T.);
#2650=EDGE_CURVE('',#2163,#2091,#1771,.T.);
#2651=EDGE_CURVE('',#1998,#2165,#1772,.T.);
#2652=EDGE_CURVE('',#2165,#2167,#1773,.T.);
#2653=EDGE_CURVE('',#2167,#1994,#1774,.T.);
#2654=EDGE_CURVE('',#2163,#2168,#1775,.T.);
#2655=EDGE_CURVE('',#2168,#2167,#1148,.T.);
#2656=EDGE_CURVE('',#2090,#2168,#1776,.T.);
#2657=EDGE_CURVE('',#2169,#2170,#1777,.T.);
#2658=EDGE_CURVE('',#2170,#2094,#1778,.T.);
#2659=EDGE_CURVE('',#2098,#2169,#1779,.T.);
#2660=EDGE_CURVE('',#2171,#2169,#1149,.T.);
#2661=EDGE_CURVE('',#2171,#2172,#1780,.T.);
#2662=EDGE_CURVE('',#2172,#2170,#1150,.T.);
#2663=EDGE_CURVE('',#2171,#1983,#1781,.T.);
#2664=EDGE_CURVE('',#1982,#2172,#1782,.T.);
#2665=EDGE_CURVE('',#2169,#2097,#1783,.T.);
#2666=EDGE_CURVE('',#1984,#2171,#1784,.T.);
#2667=EDGE_CURVE('',#2171,#2173,#1785,.T.);
#2668=EDGE_CURVE('',#2173,#1980,#1786,.T.);
#2669=EDGE_CURVE('',#2169,#2174,#1787,.T.);
#2670=EDGE_CURVE('',#2174,#2173,#1151,.T.);
#2671=EDGE_CURVE('',#2096,#2174,#1788,.T.);
#2672=EDGE_CURVE('',#2175,#2176,#1789,.T.);
#2673=EDGE_CURVE('',#2176,#2177,#1152,.T.);
#2674=EDGE_CURVE('',#2177,#2178,#1790,.T.);
#2675=EDGE_CURVE('',#2178,#2175,#1153,.T.);
#2676=EDGE_CURVE('',#1911,#2177,#1791,.T.);
#2677=EDGE_CURVE('',#2177,#2179,#1154,.T.);
#2678=EDGE_CURVE('',#2179,#1910,#1792,.T.);
#2679=EDGE_CURVE('',#1911,#2178,#1793,.T.);
#2680=EDGE_CURVE('',#2180,#2179,#1794,.T.);
#2681=EDGE_CURVE('',#2179,#2181,#1155,.T.);
#2682=EDGE_CURVE('',#2181,#2182,#1795,.T.);
#2683=EDGE_CURVE('',#2182,#2180,#1156,.T.);
#2684=EDGE_CURVE('',#2180,#1910,#1796,.T.);
#2685=EDGE_CURVE('',#2021,#2181,#1797,.T.);
#2686=EDGE_CURVE('',#2181,#2176,#1157,.T.);
#2687=EDGE_CURVE('',#2176,#2020,#1798,.T.);
#2688=EDGE_CURVE('',#2021,#2182,#1799,.T.);
#2689=EDGE_CURVE('',#2175,#2020,#1800,.T.);
#2690=EDGE_CURVE('',#2180,#2183,#1158,.T.);
#2691=EDGE_CURVE('',#2183,#1912,#1801,.T.);
#2692=EDGE_CURVE('',#2184,#2182,#1159,.T.);
#2693=EDGE_CURVE('',#2183,#2184,#1160,.T.);
#2694=EDGE_CURVE('',#2062,#2184,#1802,.T.);
#2695=EDGE_CURVE('',#2175,#2185,#1161,.T.);
#2696=EDGE_CURVE('',#2185,#2022,#1803,.T.);
#2697=EDGE_CURVE('',#2186,#2023,#1804,.T.);
#2698=EDGE_CURVE('',#2185,#2186,#1805,.T.);
#2699=EDGE_CURVE('',#2187,#2024,#1806,.T.);
#2700=EDGE_CURVE('',#2186,#2187,#1162,.T.);
#2701=EDGE_CURVE('',#2188,#2025,#105,.T.);
#2702=EDGE_CURVE('',#2187,#2189,#1807,.T.);
#2703=EDGE_CURVE('',#2189,#2188,#106,.T.);
#2704=EDGE_CURVE('',#2188,#2190,#1163,.T.);
#2705=EDGE_CURVE('',#2026,#2190,#50,.T.);
#2706=EDGE_CURVE('',#1954,#2191,#1808,.T.);
#2707=EDGE_CURVE('',#2191,#2178,#1164,.T.);
#2708=EDGE_CURVE('',#2192,#2193,#107,.T.);
#2709=EDGE_CURVE('',#2193,#2191,#1809,.T.);
#2710=EDGE_CURVE('',#1953,#2194,#108,.T.);
#2711=EDGE_CURVE('',#2194,#2192,#109,.T.);
#2712=EDGE_CURVE('',#2185,#2191,#1165,.T.);
#2713=EDGE_CURVE('',#2193,#2186,#1166,.T.);
#2714=EDGE_CURVE('',#2195,#2192,#1167,.T.);
#2715=EDGE_CURVE('',#2187,#2195,#1168,.T.);
#2716=EDGE_CURVE('',#2196,#1952,#1169,.T.);
#2717=EDGE_CURVE('',#2194,#2196,#15,.T.);
#2718=EDGE_CURVE('',#2196,#1951,#51,.T.);
#2719=EDGE_CURVE('',#2195,#1950,#1810,.T.);
#2720=EDGE_CURVE('',#2197,#1913,#1811,.T.);
#2721=EDGE_CURVE('',#2183,#2197,#1812,.T.);
#2722=EDGE_CURVE('',#2198,#1914,#1813,.T.);
#2723=EDGE_CURVE('',#2197,#2198,#1170,.T.);
#2724=EDGE_CURVE('',#2199,#1915,#110,.T.);
#2725=EDGE_CURVE('',#2198,#2200,#1814,.T.);
#2726=EDGE_CURVE('',#2200,#2199,#111,.T.);
#2727=EDGE_CURVE('',#2201,#2200,#1171,.T.);
#2728=EDGE_CURVE('',#2202,#2201,#112,.T.);
#2729=EDGE_CURVE('',#2203,#2202,#1172,.T.);
#2730=EDGE_CURVE('',#2204,#2203,#1173,.T.);
#2731=EDGE_CURVE('',#2199,#2204,#1174,.T.);
#2732=EDGE_CURVE('',#2198,#2205,#1175,.T.);
#2733=EDGE_CURVE('',#2201,#2205,#1815,.T.);
#2734=EDGE_CURVE('',#2206,#2197,#1176,.T.);
#2735=EDGE_CURVE('',#2205,#2206,#1177,.T.);
#2736=EDGE_CURVE('',#2206,#2184,#1816,.T.);
#2737=EDGE_CURVE('',#2061,#2206,#1817,.T.);
#2738=EDGE_CURVE('',#2060,#2205,#1818,.T.);
#2739=EDGE_CURVE('',#2059,#2202,#113,.T.);
#2740=EDGE_CURVE('',#2207,#2208,#1819,.T.);
#2741=EDGE_CURVE('',#2208,#2076,#1820,.T.);
#2742=EDGE_CURVE('',#2080,#2207,#1821,.T.);
#2743=EDGE_CURVE('',#2209,#2207,#1178,.T.);
#2744=EDGE_CURVE('',#2209,#2210,#1822,.T.);
#2745=EDGE_CURVE('',#2210,#2208,#1179,.T.);
#2746=EDGE_CURVE('',#2209,#1971,#1823,.T.);
#2747=EDGE_CURVE('',#1970,#2210,#1824,.T.);
#2748=EDGE_CURVE('',#2207,#2079,#1825,.T.);
#2749=EDGE_CURVE('',#1972,#2209,#1826,.T.);
#2750=EDGE_CURVE('',#2209,#2211,#1827,.T.);
#2751=EDGE_CURVE('',#2211,#1968,#1828,.T.);
#2752=EDGE_CURVE('',#2207,#2212,#1829,.T.);
#2753=EDGE_CURVE('',#2212,#2211,#1180,.T.);
#2754=EDGE_CURVE('',#2078,#2212,#1830,.T.);
#2755=EDGE_CURVE('',#2213,#2214,#1831,.T.);
#2756=EDGE_CURVE('',#2214,#2082,#1832,.T.);
#2757=EDGE_CURVE('',#2086,#2213,#1833,.T.);
#2758=EDGE_CURVE('',#2215,#2213,#1181,.T.);
#2759=EDGE_CURVE('',#2215,#2216,#1834,.T.);
#2760=EDGE_CURVE('',#2216,#2214,#1182,.T.);
#2761=EDGE_CURVE('',#2215,#1977,#1835,.T.);
#2762=EDGE_CURVE('',#1976,#2216,#1836,.T.);
#2763=EDGE_CURVE('',#2213,#2085,#1837,.T.);
#2764=EDGE_CURVE('',#1978,#2215,#1838,.T.);
#2765=EDGE_CURVE('',#2215,#2217,#1839,.T.);
#2766=EDGE_CURVE('',#2217,#1974,#1840,.T.);
#2767=EDGE_CURVE('',#2213,#2218,#1841,.T.);
#2768=EDGE_CURVE('',#2218,#2217,#1183,.T.);
#2769=EDGE_CURVE('',#2084,#2218,#1842,.T.);
#2770=EDGE_CURVE('',#2219,#1969,#1843,.T.);
#2771=EDGE_CURVE('',#2219,#2210,#1184,.T.);
#2772=EDGE_CURVE('',#2220,#2212,#1185,.T.);
#2773=EDGE_CURVE('',#2220,#2221,#1186,.T.);
#2774=EDGE_CURVE('',#2211,#2221,#1187,.T.);
#2775=EDGE_CURVE('',#2220,#2077,#1844,.T.);
#2776=EDGE_CURVE('',#2222,#1975,#1845,.T.);
#2777=EDGE_CURVE('',#2222,#2216,#1188,.T.);
#2778=EDGE_CURVE('',#2223,#2218,#1189,.T.);
#2779=EDGE_CURVE('',#2223,#2224,#1190,.T.);
#2780=EDGE_CURVE('',#2217,#2224,#1191,.T.);
#2781=EDGE_CURVE('',#2223,#2083,#1846,.T.);
#2782=EDGE_CURVE('',#2225,#1995,#1847,.T.);
#2783=EDGE_CURVE('',#2225,#2166,#1192,.T.);
#2784=EDGE_CURVE('',#2226,#2174,#1193,.T.);
#2785=EDGE_CURVE('',#2226,#2227,#1194,.T.);
#2786=EDGE_CURVE('',#2173,#2227,#1195,.T.);
#2787=EDGE_CURVE('',#2226,#2095,#1848,.T.);
#2788=EDGE_CURVE('',#2228,#2168,#1196,.T.);
#2789=EDGE_CURVE('',#2228,#2229,#1197,.T.);
#2790=EDGE_CURVE('',#2167,#2229,#1198,.T.);
#2791=EDGE_CURVE('',#2228,#2089,#1849,.T.);
#2792=EDGE_CURVE('',#2170,#2230,#1199,.T.);
#2793=EDGE_CURVE('',#2093,#2230,#1850,.T.);
#2794=EDGE_CURVE('',#2099,#2002,#1200,.T.);
#2795=EDGE_CURVE('',#2100,#2001,#1201,.T.);
#2796=EDGE_CURVE('',#2101,#2000,#1202,.T.);
#2797=EDGE_CURVE('',#2102,#1999,#1203,.T.);
#2798=EDGE_CURVE('',#2231,#2232,#1204,.T.);
#2799=EDGE_CURVE('',#2231,#2233,#1205,.T.);
#2800=EDGE_CURVE('',#2234,#2233,#1206,.T.);
#2801=EDGE_CURVE('',#2232,#2234,#1207,.T.);
#2802=EDGE_CURVE('',#2235,#2236,#1208,.T.);
#2803=EDGE_CURVE('',#2237,#2235,#1209,.T.);
#2804=EDGE_CURVE('',#2238,#2237,#1210,.T.);
#2805=EDGE_CURVE('',#2238,#2236,#1211,.T.);
#2806=EDGE_CURVE('',#2236,#2231,#1212,.T.);
#2807=EDGE_CURVE('',#2233,#2238,#1213,.T.);
#2808=EDGE_CURVE('',#2239,#2235,#1214,.T.);
#2809=EDGE_CURVE('',#2240,#2239,#1215,.T.);
#2810=EDGE_CURVE('',#2237,#2240,#1216,.T.);
#2811=EDGE_CURVE('',#2241,#2239,#1851,.T.);
#2812=EDGE_CURVE('',#2241,#2242,#1217,.T.);
#2813=EDGE_CURVE('',#2240,#2242,#1852,.T.);
#2814=EDGE_CURVE('',#2243,#2241,#1218,.T.);
#2815=EDGE_CURVE('',#2244,#2243,#1219,.T.);
#2816=EDGE_CURVE('',#2242,#2244,#1220,.T.);
#2817=EDGE_CURVE('',#2245,#2243,#1221,.T.);
#2818=EDGE_CURVE('',#2245,#2246,#1222,.T.);
#2819=EDGE_CURVE('',#2244,#2246,#1223,.T.);
#2820=EDGE_CURVE('',#2247,#2245,#1224,.T.);
#2821=EDGE_CURVE('',#2248,#2247,#1225,.T.);
#2822=EDGE_CURVE('',#2246,#2248,#1226,.T.);
#2823=EDGE_CURVE('',#2249,#2247,#1227,.T.);
#2824=EDGE_CURVE('',#2250,#2249,#1228,.T.);
#2825=EDGE_CURVE('',#2248,#2250,#1229,.T.);
#2826=EDGE_CURVE('',#2251,#2249,#1230,.T.);
#2827=EDGE_CURVE('',#2251,#2252,#1231,.T.);
#2828=EDGE_CURVE('',#2250,#2252,#1232,.T.);
#2829=EDGE_CURVE('',#2253,#2251,#1233,.T.);
#2830=EDGE_CURVE('',#2254,#2253,#1234,.T.);
#2831=EDGE_CURVE('',#2252,#2254,#1235,.T.);
#2832=EDGE_CURVE('',#2255,#2253,#1853,.T.);
#2833=EDGE_CURVE('',#2255,#2256,#1236,.T.);
#2834=EDGE_CURVE('',#2254,#2256,#1854,.T.);
#2835=EDGE_CURVE('',#2257,#2255,#1237,.T.);
#2836=EDGE_CURVE('',#2258,#2257,#1238,.T.);
#2837=EDGE_CURVE('',#2256,#2258,#1239,.T.);
#2838=EDGE_CURVE('',#2259,#2257,#1240,.T.);
#2839=EDGE_CURVE('',#2259,#2260,#1241,.F.);
#2840=EDGE_CURVE('',#2258,#2260,#1242,.T.);
#2841=EDGE_CURVE('',#2204,#2259,#1243,.T.);
#2842=EDGE_CURVE('',#2260,#2203,#1244,.T.);
#2843=EDGE_CURVE('',#2261,#2032,#1855,.T.);
#2844=EDGE_CURVE('',#2261,#2262,#1245,.T.);
#2845=EDGE_CURVE('',#2033,#2262,#52,.T.);
#2846=EDGE_CURVE('',#2263,#2031,#1856,.T.);
#2847=EDGE_CURVE('',#2263,#2261,#1857,.T.);
#2848=EDGE_CURVE('',#2262,#2264,#1246,.T.);
#2849=EDGE_CURVE('',#2034,#2264,#53,.T.);
#2850=EDGE_CURVE('',#2265,#2036,#114,.T.);
#2851=EDGE_CURVE('',#2265,#2266,#1247,.T.);
#2852=EDGE_CURVE('',#2037,#2266,#54,.T.);
#2853=EDGE_CURVE('',#2267,#2268,#1248,.T.);
#2854=EDGE_CURVE('',#2041,#2268,#55,.T.);
#2855=EDGE_CURVE('',#2267,#2040,#56,.T.);
#2856=EDGE_CURVE('',#2269,#2234,#1858,.T.);
#2857=EDGE_CURVE('',#2043,#2234,#1859,.T.);
#2858=EDGE_CURVE('',#2269,#2042,#115,.T.);
#2859=EDGE_CURVE('',#2044,#2233,#57,.T.);
#2860=EDGE_CURVE('',#2045,#2238,#58,.T.);
#2861=EDGE_CURVE('',#2046,#2237,#116,.T.);
#2862=EDGE_CURVE('',#2242,#2048,#1860,.T.);
#2863=EDGE_CURVE('',#2049,#2244,#59,.T.);
#2864=EDGE_CURVE('',#2240,#2047,#1861,.T.);
#2865=EDGE_CURVE('',#2050,#2246,#117,.T.);
#2866=EDGE_CURVE('',#2051,#2248,#60,.T.);
#2867=EDGE_CURVE('',#2052,#2250,#61,.T.);
#2868=EDGE_CURVE('',#2053,#2252,#62,.T.);
#2869=EDGE_CURVE('',#2054,#2254,#1862,.T.);
#2870=EDGE_CURVE('',#2055,#2256,#1863,.T.);
#2871=EDGE_CURVE('',#2258,#2056,#118,.T.);
#2872=EDGE_CURVE('',#2057,#2260,#63,.T.);
#2873=EDGE_CURVE('',#2058,#2203,#64,.T.);
#2874=EDGE_CURVE('',#2190,#2270,#1249,.T.);
#2875=EDGE_CURVE('',#2027,#2270,#119,.T.);
#2876=EDGE_CURVE('',#2270,#2271,#1250,.T.);
#2877=EDGE_CURVE('',#2028,#2271,#65,.T.);
#2878=EDGE_CURVE('',#2271,#2272,#1251,.T.);
#2879=EDGE_CURVE('',#2029,#2272,#66,.T.);
#2880=EDGE_CURVE('',#2273,#2030,#67,.T.);
#2881=EDGE_CURVE('',#2272,#2274,#1252,.T.);
#2882=EDGE_CURVE('',#2274,#2273,#68,.T.);
#2883=EDGE_CURVE('',#2268,#2269,#1253,.T.);
#2884=EDGE_CURVE('',#2275,#2039,#1864,.T.);
#2885=EDGE_CURVE('',#2275,#2267,#1254,.T.);
#2886=EDGE_CURVE('',#2276,#2038,#1865,.T.);
#2887=EDGE_CURVE('',#2276,#2275,#1866,.T.);
#2888=EDGE_CURVE('',#2266,#2276,#1255,.T.);
#2889=EDGE_CURVE('',#2277,#2265,#1256,.T.);
#2890=EDGE_CURVE('',#2277,#2035,#69,.T.);
#2891=EDGE_CURVE('',#2264,#2277,#1257,.T.);
#2892=EDGE_CURVE('',#2273,#2278,#1867,.F.);
#2893=EDGE_CURVE('',#2278,#2263,#1258,.T.);
#2894=EDGE_CURVE('',#2232,#2279,#1868,.T.);
#2895=EDGE_CURVE('',#2269,#2279,#1259,.T.);
#2896=EDGE_CURVE('',#2279,#2280,#1260,.T.);
#2897=EDGE_CURVE('',#2280,#2268,#1261,.T.);
#2898=EDGE_CURVE('',#2280,#2281,#1262,.T.);
#2899=EDGE_CURVE('',#2267,#2281,#1263,.T.);
#2900=EDGE_CURVE('',#2281,#2282,#1264,.T.);
#2901=EDGE_CURVE('',#2282,#2275,#1265,.T.);
#2902=EDGE_CURVE('',#2282,#2283,#1869,.T.);
#2903=EDGE_CURVE('',#2276,#2283,#1266,.T.);
#2904=EDGE_CURVE('',#2283,#2284,#1267,.T.);
#2905=EDGE_CURVE('',#2284,#2266,#1268,.T.);
#2906=EDGE_CURVE('',#2284,#2285,#1269,.T.);
#2907=EDGE_CURVE('',#2265,#2285,#1270,.T.);
#2908=EDGE_CURVE('',#2285,#2286,#1271,.T.);
#2909=EDGE_CURVE('',#2277,#2286,#1272,.T.);
#2910=EDGE_CURVE('',#2286,#2287,#1273,.T.);
#2911=EDGE_CURVE('',#2287,#2264,#1274,.T.);
#2912=EDGE_CURVE('',#2287,#2288,#1275,.T.);
#2913=EDGE_CURVE('',#2288,#2262,#1276,.T.);
#2914=EDGE_CURVE('',#2288,#2289,#1277,.T.);
#2915=EDGE_CURVE('',#2289,#2261,#1278,.T.);
#2916=EDGE_CURVE('',#2289,#2290,#1870,.T.);
#2917=EDGE_CURVE('',#2263,#2290,#1279,.T.);
#2918=EDGE_CURVE('',#2290,#2291,#1280,.T.);
#2919=EDGE_CURVE('',#2291,#2278,#1281,.T.);
#2920=EDGE_CURVE('',#2292,#2293,#70,.T.);
#2921=EDGE_CURVE('',#2291,#2292,#1871,.F.);
#2922=EDGE_CURVE('',#2293,#2274,#1282,.T.);
#2923=EDGE_CURVE('',#2293,#2294,#1283,.T.);
#2924=EDGE_CURVE('',#2272,#2294,#1284,.T.);
#2925=EDGE_CURVE('',#2294,#2295,#1285,.T.);
#2926=EDGE_CURVE('',#2271,#2295,#1286,.T.);
#2927=EDGE_CURVE('',#2295,#2296,#1287,.T.);
#2928=EDGE_CURVE('',#2296,#2270,#1288,.T.);
#2929=EDGE_CURVE('',#2296,#2297,#1289,.T.);
#2930=EDGE_CURVE('',#2190,#2297,#1290,.T.);
#2931=EDGE_CURVE('',#2298,#2189,#1291,.T.);
#2932=EDGE_CURVE('',#2297,#2298,#1292,.T.);
#2933=EDGE_CURVE('',#2298,#2195,#1872,.T.);
#2934=EDGE_CURVE('',#2290,#1943,#1873,.T.);
#2935=EDGE_CURVE('',#2289,#1942,#1874,.T.);
#2936=EDGE_CURVE('',#2288,#1941,#71,.T.);
#2937=EDGE_CURVE('',#2285,#1938,#120,.T.);
#2938=EDGE_CURVE('',#1939,#2286,#72,.T.);
#2939=EDGE_CURVE('',#2283,#1936,#1875,.T.);
#2940=EDGE_CURVE('',#1937,#2284,#73,.T.);
#2941=EDGE_CURVE('',#2282,#1935,#1876,.T.);
#2942=EDGE_CURVE('',#2279,#1932,#121,.T.);
#2943=EDGE_CURVE('',#1933,#2280,#74,.T.);
#2944=EDGE_CURVE('',#1931,#2232,#1877,.T.);
#2945=EDGE_CURVE('',#2231,#1930,#75,.T.);
#2946=EDGE_CURVE('',#2236,#1929,#76,.T.);
#2947=EDGE_CURVE('',#2235,#1928,#122,.T.);
#2948=EDGE_CURVE('',#2239,#1927,#1878,.T.);
#2949=EDGE_CURVE('',#2241,#1926,#1879,.T.);
#2950=EDGE_CURVE('',#2243,#1925,#77,.T.);
#2951=EDGE_CURVE('',#2245,#1924,#123,.T.);
#2952=EDGE_CURVE('',#2249,#1922,#78,.T.);
#2953=EDGE_CURVE('',#1923,#2247,#79,.T.);
#2954=EDGE_CURVE('',#2251,#1921,#80,.T.);
#2955=EDGE_CURVE('',#2253,#1920,#1880,.T.);
#2956=EDGE_CURVE('',#2255,#1919,#1881,.T.);
#2957=EDGE_CURVE('',#2257,#1918,#124,.T.);
#2958=EDGE_CURVE('',#1916,#2204,#81,.T.);
#2959=EDGE_CURVE('',#2298,#1949,#1882,.T.);
#2960=EDGE_CURVE('',#2297,#1948,#82,.T.);
#2961=EDGE_CURVE('',#2296,#1947,#125,.T.);
#2962=EDGE_CURVE('',#2294,#1945,#83,.T.);
#2963=EDGE_CURVE('',#1946,#2295,#84,.T.);
#2964=EDGE_CURVE('',#1944,#2292,#85,.T.);
#2965=EDGE_CURVE('',#1917,#2259,#86,.T.);
#2966=EDGE_CURVE('',#1934,#2281,#87,.T.);
#2967=EDGE_CURVE('',#1940,#2287,#88,.T.);
#2968=EDGE_CURVE('',#2299,#2219,#1293,.T.);
#2969=EDGE_CURVE('',#2208,#2299,#1294,.T.);
#2970=EDGE_CURVE('',#1967,#2221,#1883,.T.);
#2971=EDGE_CURVE('',#2221,#2219,#1884,.T.);
#2972=EDGE_CURVE('',#2299,#2220,#1885,.T.);
#2973=EDGE_CURVE('',#2075,#2299,#1886,.T.);
#2974=EDGE_CURVE('',#2300,#2222,#1295,.T.);
#2975=EDGE_CURVE('',#2214,#2300,#1296,.T.);
#2976=EDGE_CURVE('',#1973,#2224,#1887,.T.);
#2977=EDGE_CURVE('',#2224,#2222,#1888,.T.);
#2978=EDGE_CURVE('',#2300,#2223,#1889,.T.);
#2979=EDGE_CURVE('',#2081,#2300,#1890,.T.);
#2980=EDGE_CURVE('',#2301,#2225,#1297,.T.);
#2981=EDGE_CURVE('',#2164,#2301,#1298,.T.);
#2982=EDGE_CURVE('',#1993,#2229,#1891,.T.);
#2983=EDGE_CURVE('',#2229,#2225,#1892,.T.);
#2984=EDGE_CURVE('',#2301,#2228,#1893,.T.);
#2985=EDGE_CURVE('',#2087,#2301,#1894,.T.);
#2986=EDGE_CURVE('',#2302,#2172,#1299,.T.);
#2987=EDGE_CURVE('',#2230,#2302,#1300,.T.);
#2988=EDGE_CURVE('',#1979,#2227,#1895,.T.);
#2989=EDGE_CURVE('',#2302,#1981,#1896,.T.);
#2990=EDGE_CURVE('',#2227,#2302,#1897,.T.);
#2991=EDGE_CURVE('',#2230,#2226,#1898,.T.);
#2992=EDGE_CURVE('',#1992,#2103,#1301,.T.);
#2993=EDGE_CURVE('',#1991,#2104,#1302,.T.);
#2994=EDGE_CURVE('',#1990,#2105,#1303,.T.);
#2995=EDGE_CURVE('',#1989,#2106,#1304,.T.);
#2996=EDGE_CURVE('',#1988,#2107,#1305,.T.);
#2997=EDGE_CURVE('',#1987,#2108,#1306,.T.);
#2998=EDGE_CURVE('',#1986,#2109,#1307,.T.);
#2999=EDGE_CURVE('',#1985,#2110,#1308,.T.);
#3000=ORIENTED_EDGE('',*,*,#2303,.T.);
#3001=ORIENTED_EDGE('',*,*,#2304,.T.);
#3002=ORIENTED_EDGE('',*,*,#2305,.T.);
#3003=ORIENTED_EDGE('',*,*,#2306,.T.);
#3004=ORIENTED_EDGE('',*,*,#2307,.T.);
#3005=ORIENTED_EDGE('',*,*,#2308,.T.);
#3006=ORIENTED_EDGE('',*,*,#2305,.F.);
#3007=ORIENTED_EDGE('',*,*,#2309,.T.);
#3008=ORIENTED_EDGE('',*,*,#2310,.T.);
#3009=ORIENTED_EDGE('',*,*,#2311,.T.);
#3010=ORIENTED_EDGE('',*,*,#2307,.F.);
#3011=ORIENTED_EDGE('',*,*,#2312,.T.);
#3012=ORIENTED_EDGE('',*,*,#2303,.F.);
#3013=ORIENTED_EDGE('',*,*,#2313,.T.);
#3014=ORIENTED_EDGE('',*,*,#2310,.F.);
#3015=ORIENTED_EDGE('',*,*,#2314,.T.);
#3016=ORIENTED_EDGE('',*,*,#2309,.F.);
#3017=ORIENTED_EDGE('',*,*,#2315,.F.);
#3018=ORIENTED_EDGE('',*,*,#2316,.F.);
#3019=ORIENTED_EDGE('',*,*,#2317,.T.);
#3020=ORIENTED_EDGE('',*,*,#2304,.F.);
#3021=ORIENTED_EDGE('',*,*,#2318,.F.);
#3022=ORIENTED_EDGE('',*,*,#2319,.F.);
#3023=ORIENTED_EDGE('',*,*,#2315,.T.);
#3024=ORIENTED_EDGE('',*,*,#2320,.F.);
#3025=ORIENTED_EDGE('',*,*,#2321,.F.);
#3026=ORIENTED_EDGE('',*,*,#2322,.F.);
#3027=ORIENTED_EDGE('',*,*,#2323,.F.);
#3028=ORIENTED_EDGE('',*,*,#2324,.F.);
#3029=ORIENTED_EDGE('',*,*,#2325,.F.);
#3030=ORIENTED_EDGE('',*,*,#2326,.F.);
#3031=ORIENTED_EDGE('',*,*,#2327,.F.);
#3032=ORIENTED_EDGE('',*,*,#2328,.F.);
#3033=ORIENTED_EDGE('',*,*,#2329,.F.);
#3034=ORIENTED_EDGE('',*,*,#2330,.F.);
#3035=ORIENTED_EDGE('',*,*,#2331,.F.);
#3036=ORIENTED_EDGE('',*,*,#2332,.F.);
#3037=ORIENTED_EDGE('',*,*,#2333,.F.);
#3038=ORIENTED_EDGE('',*,*,#2334,.F.);
#3039=ORIENTED_EDGE('',*,*,#2335,.F.);
#3040=ORIENTED_EDGE('',*,*,#2336,.F.);
#3041=ORIENTED_EDGE('',*,*,#2337,.F.);
#3042=ORIENTED_EDGE('',*,*,#2338,.F.);
#3043=ORIENTED_EDGE('',*,*,#2339,.F.);
#3044=ORIENTED_EDGE('',*,*,#2340,.F.);
#3045=ORIENTED_EDGE('',*,*,#2341,.F.);
#3046=ORIENTED_EDGE('',*,*,#2342,.F.);
#3047=ORIENTED_EDGE('',*,*,#2343,.F.);
#3048=ORIENTED_EDGE('',*,*,#2344,.F.);
#3049=ORIENTED_EDGE('',*,*,#2345,.F.);
#3050=ORIENTED_EDGE('',*,*,#2346,.F.);
#3051=ORIENTED_EDGE('',*,*,#2347,.F.);
#3052=ORIENTED_EDGE('',*,*,#2348,.F.);
#3053=ORIENTED_EDGE('',*,*,#2349,.F.);
#3054=ORIENTED_EDGE('',*,*,#2350,.F.);
#3055=ORIENTED_EDGE('',*,*,#2351,.F.);
#3056=ORIENTED_EDGE('',*,*,#2352,.F.);
#3057=ORIENTED_EDGE('',*,*,#2353,.F.);
#3058=ORIENTED_EDGE('',*,*,#2354,.F.);
#3059=ORIENTED_EDGE('',*,*,#2355,.F.);
#3060=ORIENTED_EDGE('',*,*,#2356,.F.);
#3061=ORIENTED_EDGE('',*,*,#2357,.F.);
#3062=ORIENTED_EDGE('',*,*,#2358,.F.);
#3063=ORIENTED_EDGE('',*,*,#2359,.F.);
#3064=ORIENTED_EDGE('',*,*,#2360,.F.);
#3065=ORIENTED_EDGE('',*,*,#2361,.F.);
#3066=ORIENTED_EDGE('',*,*,#2362,.F.);
#3067=ORIENTED_EDGE('',*,*,#2363,.F.);
#3068=ORIENTED_EDGE('',*,*,#2364,.F.);
#3069=ORIENTED_EDGE('',*,*,#2365,.F.);
#3070=ORIENTED_EDGE('',*,*,#2366,.F.);
#3071=ORIENTED_EDGE('',*,*,#2367,.F.);
#3072=ORIENTED_EDGE('',*,*,#2368,.F.);
#3073=ORIENTED_EDGE('',*,*,#2369,.F.);
#3074=ORIENTED_EDGE('',*,*,#2370,.F.);
#3075=ORIENTED_EDGE('',*,*,#2371,.F.);
#3076=ORIENTED_EDGE('',*,*,#2372,.F.);
#3077=ORIENTED_EDGE('',*,*,#2373,.T.);
#3078=ORIENTED_EDGE('',*,*,#2374,.F.);
#3079=ORIENTED_EDGE('',*,*,#2375,.F.);
#3080=ORIENTED_EDGE('',*,*,#2376,.F.);
#3081=ORIENTED_EDGE('',*,*,#2377,.F.);
#3082=ORIENTED_EDGE('',*,*,#2378,.F.);
#3083=ORIENTED_EDGE('',*,*,#2379,.F.);
#3084=ORIENTED_EDGE('',*,*,#2380,.F.);
#3085=ORIENTED_EDGE('',*,*,#2381,.F.);
#3086=ORIENTED_EDGE('',*,*,#2382,.F.);
#3087=ORIENTED_EDGE('',*,*,#2383,.F.);
#3088=ORIENTED_EDGE('',*,*,#2384,.F.);
#3089=ORIENTED_EDGE('',*,*,#2385,.F.);
#3090=ORIENTED_EDGE('',*,*,#2386,.F.);
#3091=ORIENTED_EDGE('',*,*,#2387,.F.);
#3092=ORIENTED_EDGE('',*,*,#2388,.F.);
#3093=ORIENTED_EDGE('',*,*,#2389,.F.);
#3094=ORIENTED_EDGE('',*,*,#2390,.F.);
#3095=ORIENTED_EDGE('',*,*,#2391,.F.);
#3096=ORIENTED_EDGE('',*,*,#2392,.F.);
#3097=ORIENTED_EDGE('',*,*,#2393,.F.);
#3098=ORIENTED_EDGE('',*,*,#2394,.F.);
#3099=ORIENTED_EDGE('',*,*,#2395,.T.);
#3100=ORIENTED_EDGE('',*,*,#2396,.T.);
#3101=ORIENTED_EDGE('',*,*,#2397,.T.);
#3102=ORIENTED_EDGE('',*,*,#2398,.T.);
#3103=ORIENTED_EDGE('',*,*,#2399,.T.);
#3104=ORIENTED_EDGE('',*,*,#2400,.T.);
#3105=ORIENTED_EDGE('',*,*,#2401,.T.);
#3106=ORIENTED_EDGE('',*,*,#2402,.T.);
#3107=ORIENTED_EDGE('',*,*,#2403,.F.);
#3108=ORIENTED_EDGE('',*,*,#2404,.F.);
#3109=ORIENTED_EDGE('',*,*,#2405,.F.);
#3110=ORIENTED_EDGE('',*,*,#2406,.F.);
#3111=ORIENTED_EDGE('',*,*,#2407,.F.);
#3112=ORIENTED_EDGE('',*,*,#2408,.F.);
#3113=ORIENTED_EDGE('',*,*,#2409,.T.);
#3114=ORIENTED_EDGE('',*,*,#2410,.T.);
#3115=ORIENTED_EDGE('',*,*,#2411,.T.);
#3116=ORIENTED_EDGE('',*,*,#2412,.T.);
#3117=ORIENTED_EDGE('',*,*,#2413,.F.);
#3118=ORIENTED_EDGE('',*,*,#2414,.F.);
#3119=ORIENTED_EDGE('',*,*,#2415,.F.);
#3120=ORIENTED_EDGE('',*,*,#2416,.F.);
#3121=ORIENTED_EDGE('',*,*,#2417,.F.);
#3122=ORIENTED_EDGE('',*,*,#2418,.F.);
#3123=ORIENTED_EDGE('',*,*,#2419,.F.);
#3124=ORIENTED_EDGE('',*,*,#2420,.F.);
#3125=ORIENTED_EDGE('',*,*,#2421,.T.);
#3126=ORIENTED_EDGE('',*,*,#2422,.T.);
#3127=ORIENTED_EDGE('',*,*,#2423,.T.);
#3128=ORIENTED_EDGE('',*,*,#2424,.T.);
#3129=ORIENTED_EDGE('',*,*,#2306,.F.);
#3130=ORIENTED_EDGE('',*,*,#2308,.F.);
#3131=ORIENTED_EDGE('',*,*,#2311,.F.);
#3132=ORIENTED_EDGE('',*,*,#2313,.F.);
#3133=ORIENTED_EDGE('',*,*,#2425,.T.);
#3134=ORIENTED_EDGE('',*,*,#2426,.T.);
#3135=ORIENTED_EDGE('',*,*,#2427,.T.);
#3136=ORIENTED_EDGE('',*,*,#2428,.T.);
#3137=ORIENTED_EDGE('',*,*,#2429,.T.);
#3138=ORIENTED_EDGE('',*,*,#2430,.T.);
#3139=ORIENTED_EDGE('',*,*,#2427,.F.);
#3140=ORIENTED_EDGE('',*,*,#2431,.T.);
#3141=ORIENTED_EDGE('',*,*,#2432,.T.);
#3142=ORIENTED_EDGE('',*,*,#2433,.T.);
#3143=ORIENTED_EDGE('',*,*,#2429,.F.);
#3144=ORIENTED_EDGE('',*,*,#2316,.T.);
#3145=ORIENTED_EDGE('',*,*,#2425,.F.);
#3146=ORIENTED_EDGE('',*,*,#2434,.T.);
#3147=ORIENTED_EDGE('',*,*,#2432,.F.);
#3148=ORIENTED_EDGE('',*,*,#2319,.T.);
#3149=ORIENTED_EDGE('',*,*,#2312,.F.);
#3150=ORIENTED_EDGE('',*,*,#2317,.F.);
#3151=ORIENTED_EDGE('',*,*,#2431,.F.);
#3152=ORIENTED_EDGE('',*,*,#2435,.T.);
#3153=ORIENTED_EDGE('',*,*,#2314,.F.);
#3154=ORIENTED_EDGE('',*,*,#2435,.F.);
#3155=ORIENTED_EDGE('',*,*,#2426,.F.);
#3156=ORIENTED_EDGE('',*,*,#2318,.T.);
#3157=ORIENTED_EDGE('',*,*,#2436,.F.);
#3158=ORIENTED_EDGE('',*,*,#2437,.F.);
#3159=ORIENTED_EDGE('',*,*,#2438,.F.);
#3160=ORIENTED_EDGE('',*,*,#2439,.F.);
#3161=ORIENTED_EDGE('',*,*,#2440,.F.);
#3162=ORIENTED_EDGE('',*,*,#2441,.F.);
#3163=ORIENTED_EDGE('',*,*,#2442,.F.);
#3164=ORIENTED_EDGE('',*,*,#2443,.F.);
#3165=ORIENTED_EDGE('',*,*,#2444,.F.);
#3166=ORIENTED_EDGE('',*,*,#2445,.F.);
#3167=ORIENTED_EDGE('',*,*,#2446,.F.);
#3168=ORIENTED_EDGE('',*,*,#2447,.F.);
#3169=ORIENTED_EDGE('',*,*,#2448,.F.);
#3170=ORIENTED_EDGE('',*,*,#2449,.F.);
#3171=ORIENTED_EDGE('',*,*,#2450,.F.);
#3172=ORIENTED_EDGE('',*,*,#2451,.F.);
#3173=ORIENTED_EDGE('',*,*,#2452,.F.);
#3174=ORIENTED_EDGE('',*,*,#2453,.F.);
#3175=ORIENTED_EDGE('',*,*,#2454,.F.);
#3176=ORIENTED_EDGE('',*,*,#2455,.F.);
#3177=ORIENTED_EDGE('',*,*,#2456,.F.);
#3178=ORIENTED_EDGE('',*,*,#2457,.F.);
#3179=ORIENTED_EDGE('',*,*,#2458,.F.);
#3180=ORIENTED_EDGE('',*,*,#2459,.F.);
#3181=ORIENTED_EDGE('',*,*,#2460,.F.);
#3182=ORIENTED_EDGE('',*,*,#2461,.F.);
#3183=ORIENTED_EDGE('',*,*,#2462,.F.);
#3184=ORIENTED_EDGE('',*,*,#2463,.F.);
#3185=ORIENTED_EDGE('',*,*,#2464,.F.);
#3186=ORIENTED_EDGE('',*,*,#2465,.F.);
#3187=ORIENTED_EDGE('',*,*,#2466,.F.);
#3188=ORIENTED_EDGE('',*,*,#2467,.F.);
#3189=ORIENTED_EDGE('',*,*,#2468,.F.);
#3190=ORIENTED_EDGE('',*,*,#2469,.F.);
#3191=ORIENTED_EDGE('',*,*,#2470,.F.);
#3192=ORIENTED_EDGE('',*,*,#2471,.F.);
#3193=ORIENTED_EDGE('',*,*,#2472,.F.);
#3194=ORIENTED_EDGE('',*,*,#2473,.F.);
#3195=ORIENTED_EDGE('',*,*,#2474,.F.);
#3196=ORIENTED_EDGE('',*,*,#2475,.F.);
#3197=ORIENTED_EDGE('',*,*,#2476,.F.);
#3198=ORIENTED_EDGE('',*,*,#2477,.F.);
#3199=ORIENTED_EDGE('',*,*,#2478,.F.);
#3200=ORIENTED_EDGE('',*,*,#2479,.F.);
#3201=ORIENTED_EDGE('',*,*,#2480,.F.);
#3202=ORIENTED_EDGE('',*,*,#2481,.F.);
#3203=ORIENTED_EDGE('',*,*,#2482,.F.);
#3204=ORIENTED_EDGE('',*,*,#2483,.F.);
#3205=ORIENTED_EDGE('',*,*,#2484,.F.);
#3206=ORIENTED_EDGE('',*,*,#2485,.F.);
#3207=ORIENTED_EDGE('',*,*,#2486,.F.);
#3208=ORIENTED_EDGE('',*,*,#2487,.F.);
#3209=ORIENTED_EDGE('',*,*,#2488,.F.);
#3210=ORIENTED_EDGE('',*,*,#2489,.F.);
#3211=ORIENTED_EDGE('',*,*,#2490,.F.);
#3212=ORIENTED_EDGE('',*,*,#2491,.F.);
#3213=ORIENTED_EDGE('',*,*,#2492,.F.);
#3214=ORIENTED_EDGE('',*,*,#2493,.F.);
#3215=ORIENTED_EDGE('',*,*,#2494,.F.);
#3216=ORIENTED_EDGE('',*,*,#2495,.F.);
#3217=ORIENTED_EDGE('',*,*,#2496,.F.);
#3218=ORIENTED_EDGE('',*,*,#2497,.F.);
#3219=ORIENTED_EDGE('',*,*,#2498,.F.);
#3220=ORIENTED_EDGE('',*,*,#2499,.F.);
#3221=ORIENTED_EDGE('',*,*,#2500,.F.);
#3222=ORIENTED_EDGE('',*,*,#2501,.F.);
#3223=ORIENTED_EDGE('',*,*,#2502,.F.);
#3224=ORIENTED_EDGE('',*,*,#2503,.F.);
#3225=ORIENTED_EDGE('',*,*,#2504,.F.);
#3226=ORIENTED_EDGE('',*,*,#2505,.F.);
#3227=ORIENTED_EDGE('',*,*,#2506,.F.);
#3228=ORIENTED_EDGE('',*,*,#2507,.F.);
#3229=ORIENTED_EDGE('',*,*,#2508,.F.);
#3230=ORIENTED_EDGE('',*,*,#2509,.F.);
#3231=ORIENTED_EDGE('',*,*,#2510,.F.);
#3232=ORIENTED_EDGE('',*,*,#2511,.F.);
#3233=ORIENTED_EDGE('',*,*,#2512,.F.);
#3234=ORIENTED_EDGE('',*,*,#2513,.F.);
#3235=ORIENTED_EDGE('',*,*,#2514,.F.);
#3236=ORIENTED_EDGE('',*,*,#2515,.T.);
#3237=ORIENTED_EDGE('',*,*,#2516,.T.);
#3238=ORIENTED_EDGE('',*,*,#2517,.T.);
#3239=ORIENTED_EDGE('',*,*,#2518,.T.);
#3240=ORIENTED_EDGE('',*,*,#2519,.T.);
#3241=ORIENTED_EDGE('',*,*,#2520,.T.);
#3242=ORIENTED_EDGE('',*,*,#2521,.T.);
#3243=ORIENTED_EDGE('',*,*,#2522,.T.);
#3244=ORIENTED_EDGE('',*,*,#2523,.T.);
#3245=ORIENTED_EDGE('',*,*,#2524,.T.);
#3246=ORIENTED_EDGE('',*,*,#2525,.T.);
#3247=ORIENTED_EDGE('',*,*,#2526,.T.);
#3248=ORIENTED_EDGE('',*,*,#2527,.F.);
#3249=ORIENTED_EDGE('',*,*,#2528,.F.);
#3250=ORIENTED_EDGE('',*,*,#2529,.F.);
#3251=ORIENTED_EDGE('',*,*,#2530,.F.);
#3252=ORIENTED_EDGE('',*,*,#2531,.F.);
#3253=ORIENTED_EDGE('',*,*,#2532,.F.);
#3254=ORIENTED_EDGE('',*,*,#2533,.F.);
#3255=ORIENTED_EDGE('',*,*,#2534,.F.);
#3256=ORIENTED_EDGE('',*,*,#2535,.T.);
#3257=ORIENTED_EDGE('',*,*,#2536,.T.);
#3258=ORIENTED_EDGE('',*,*,#2537,.T.);
#3259=ORIENTED_EDGE('',*,*,#2538,.T.);
#3260=ORIENTED_EDGE('',*,*,#2428,.F.);
#3261=ORIENTED_EDGE('',*,*,#2430,.F.);
#3262=ORIENTED_EDGE('',*,*,#2433,.F.);
#3263=ORIENTED_EDGE('',*,*,#2434,.F.);
#3264=ORIENTED_EDGE('',*,*,#2538,.F.);
#3265=ORIENTED_EDGE('',*,*,#2539,.T.);
#3266=ORIENTED_EDGE('',*,*,#2424,.F.);
#3267=ORIENTED_EDGE('',*,*,#2539,.F.);
#3268=ORIENTED_EDGE('',*,*,#2537,.F.);
#3269=ORIENTED_EDGE('',*,*,#2540,.T.);
#3270=ORIENTED_EDGE('',*,*,#2423,.F.);
#3271=ORIENTED_EDGE('',*,*,#2540,.F.);
#3272=ORIENTED_EDGE('',*,*,#2536,.F.);
#3273=ORIENTED_EDGE('',*,*,#2541,.T.);
#3274=ORIENTED_EDGE('',*,*,#2422,.F.);
#3275=ORIENTED_EDGE('',*,*,#2541,.F.);
#3276=ORIENTED_EDGE('',*,*,#2535,.F.);
#3277=ORIENTED_EDGE('',*,*,#2542,.T.);
#3278=ORIENTED_EDGE('',*,*,#2421,.F.);
#3279=ORIENTED_EDGE('',*,*,#2542,.F.);
#3280=ORIENTED_EDGE('',*,*,#2543,.T.);
#3281=ORIENTED_EDGE('',*,*,#2544,.T.);
#3282=ORIENTED_EDGE('',*,*,#2365,.T.);
#3283=ORIENTED_EDGE('',*,*,#2545,.T.);
#3284=ORIENTED_EDGE('',*,*,#2366,.T.);
#3285=ORIENTED_EDGE('',*,*,#2544,.F.);
#3286=ORIENTED_EDGE('',*,*,#2546,.T.);
#3287=ORIENTED_EDGE('',*,*,#2547,.T.);
#3288=ORIENTED_EDGE('',*,*,#2367,.T.);
#3289=ORIENTED_EDGE('',*,*,#2547,.F.);
#3290=ORIENTED_EDGE('',*,*,#2548,.T.);
#3291=ORIENTED_EDGE('',*,*,#2549,.T.);
#3292=ORIENTED_EDGE('',*,*,#2368,.T.);
#3293=ORIENTED_EDGE('',*,*,#2549,.F.);
#3294=ORIENTED_EDGE('',*,*,#2550,.T.);
#3295=ORIENTED_EDGE('',*,*,#2545,.F.);
#3296=ORIENTED_EDGE('',*,*,#2546,.F.);
#3297=ORIENTED_EDGE('',*,*,#2551,.F.);
#3298=ORIENTED_EDGE('',*,*,#2552,.F.);
#3299=ORIENTED_EDGE('',*,*,#2553,.T.);
#3300=ORIENTED_EDGE('',*,*,#2543,.F.);
#3301=ORIENTED_EDGE('',*,*,#2554,.F.);
#3302=ORIENTED_EDGE('',*,*,#2555,.F.);
#3303=ORIENTED_EDGE('',*,*,#2551,.T.);
#3304=ORIENTED_EDGE('',*,*,#2419,.T.);
#3305=ORIENTED_EDGE('',*,*,#2556,.T.);
#3306=ORIENTED_EDGE('',*,*,#2557,.T.);
#3307=ORIENTED_EDGE('',*,*,#2558,.T.);
#3308=ORIENTED_EDGE('',*,*,#2559,.T.);
#3309=ORIENTED_EDGE('',*,*,#2560,.T.);
#3310=ORIENTED_EDGE('',*,*,#2417,.T.);
#3311=ORIENTED_EDGE('',*,*,#2561,.F.);
#3312=ORIENTED_EDGE('',*,*,#2418,.T.);
#3313=ORIENTED_EDGE('',*,*,#2560,.F.);
#3314=ORIENTED_EDGE('',*,*,#2562,.T.);
#3315=ORIENTED_EDGE('',*,*,#2556,.F.);
#3316=ORIENTED_EDGE('',*,*,#2420,.T.);
#3317=ORIENTED_EDGE('',*,*,#2558,.F.);
#3318=ORIENTED_EDGE('',*,*,#2563,.T.);
#3319=ORIENTED_EDGE('',*,*,#2561,.T.);
#3320=ORIENTED_EDGE('',*,*,#2562,.F.);
#3321=ORIENTED_EDGE('',*,*,#2564,.F.);
#3322=ORIENTED_EDGE('',*,*,#2565,.F.);
#3323=ORIENTED_EDGE('',*,*,#2566,.T.);
#3324=ORIENTED_EDGE('',*,*,#2559,.F.);
#3325=ORIENTED_EDGE('',*,*,#2567,.F.);
#3326=ORIENTED_EDGE('',*,*,#2568,.F.);
#3327=ORIENTED_EDGE('',*,*,#2564,.T.);
#3328=ORIENTED_EDGE('',*,*,#2369,.T.);
#3329=ORIENTED_EDGE('',*,*,#2569,.T.);
#3330=ORIENTED_EDGE('',*,*,#2570,.T.);
#3331=ORIENTED_EDGE('',*,*,#2571,.T.);
#3332=ORIENTED_EDGE('',*,*,#2572,.T.);
#3333=ORIENTED_EDGE('',*,*,#2569,.F.);
#3334=ORIENTED_EDGE('',*,*,#2372,.T.);
#3335=ORIENTED_EDGE('',*,*,#2573,.F.);
#3336=ORIENTED_EDGE('',*,*,#2370,.T.);
#3337=ORIENTED_EDGE('',*,*,#2571,.F.);
#3338=ORIENTED_EDGE('',*,*,#2574,.T.);
#3339=ORIENTED_EDGE('',*,*,#2575,.T.);
#3340=ORIENTED_EDGE('',*,*,#2371,.T.);
#3341=ORIENTED_EDGE('',*,*,#2575,.F.);
#3342=ORIENTED_EDGE('',*,*,#2576,.T.);
#3343=ORIENTED_EDGE('',*,*,#2573,.T.);
#3344=ORIENTED_EDGE('',*,*,#2574,.F.);
#3345=ORIENTED_EDGE('',*,*,#2577,.F.);
#3346=ORIENTED_EDGE('',*,*,#2578,.F.);
#3347=ORIENTED_EDGE('',*,*,#2579,.T.);
#3348=ORIENTED_EDGE('',*,*,#2570,.F.);
#3349=ORIENTED_EDGE('',*,*,#2580,.F.);
#3350=ORIENTED_EDGE('',*,*,#2581,.F.);
#3351=ORIENTED_EDGE('',*,*,#2577,.T.);
#3352=ORIENTED_EDGE('',*,*,#2582,.T.);
#3353=ORIENTED_EDGE('',*,*,#2583,.T.);
#3354=ORIENTED_EDGE('',*,*,#2376,.T.);
#3355=ORIENTED_EDGE('',*,*,#2584,.T.);
#3356=ORIENTED_EDGE('',*,*,#2374,.T.);
#3357=ORIENTED_EDGE('',*,*,#2585,.T.);
#3358=ORIENTED_EDGE('',*,*,#2586,.T.);
#3359=ORIENTED_EDGE('',*,*,#2587,.T.);
#3360=ORIENTED_EDGE('',*,*,#2375,.T.);
#3361=ORIENTED_EDGE('',*,*,#2587,.F.);
#3362=ORIENTED_EDGE('',*,*,#2588,.T.);
#3363=ORIENTED_EDGE('',*,*,#2584,.F.);
#3364=ORIENTED_EDGE('',*,*,#2582,.F.);
#3365=ORIENTED_EDGE('',*,*,#2589,.F.);
#3366=ORIENTED_EDGE('',*,*,#2590,.F.);
#3367=ORIENTED_EDGE('',*,*,#2591,.T.);
#3368=ORIENTED_EDGE('',*,*,#2588,.F.);
#3369=ORIENTED_EDGE('',*,*,#2592,.F.);
#3370=ORIENTED_EDGE('',*,*,#2593,.F.);
#3371=ORIENTED_EDGE('',*,*,#2589,.T.);
#3372=ORIENTED_EDGE('',*,*,#2586,.F.);
#3373=ORIENTED_EDGE('',*,*,#2594,.F.);
#3374=ORIENTED_EDGE('',*,*,#2595,.F.);
#3375=ORIENTED_EDGE('',*,*,#2592,.T.);
#3376=ORIENTED_EDGE('',*,*,#2479,.T.);
#3377=ORIENTED_EDGE('',*,*,#2596,.T.);
#3378=ORIENTED_EDGE('',*,*,#2597,.T.);
#3379=ORIENTED_EDGE('',*,*,#2598,.F.);
#3380=ORIENTED_EDGE('',*,*,#2482,.T.);
#3381=ORIENTED_EDGE('',*,*,#2599,.T.);
#3382=ORIENTED_EDGE('',*,*,#2568,.T.);
#3383=ORIENTED_EDGE('',*,*,#2596,.F.);
#3384=ORIENTED_EDGE('',*,*,#2600,.T.);
#3385=ORIENTED_EDGE('',*,*,#2601,.T.);
#3386=ORIENTED_EDGE('',*,*,#2480,.T.);
#3387=ORIENTED_EDGE('',*,*,#2598,.T.);
#3388=ORIENTED_EDGE('',*,*,#2481,.T.);
#3389=ORIENTED_EDGE('',*,*,#2601,.F.);
#3390=ORIENTED_EDGE('',*,*,#2565,.T.);
#3391=ORIENTED_EDGE('',*,*,#2599,.F.);
#3392=ORIENTED_EDGE('',*,*,#2557,.F.);
#3393=ORIENTED_EDGE('',*,*,#2566,.F.);
#3394=ORIENTED_EDGE('',*,*,#2600,.F.);
#3395=ORIENTED_EDGE('',*,*,#2602,.T.);
#3396=ORIENTED_EDGE('',*,*,#2563,.F.);
#3397=ORIENTED_EDGE('',*,*,#2602,.F.);
#3398=ORIENTED_EDGE('',*,*,#2597,.F.);
#3399=ORIENTED_EDGE('',*,*,#2567,.T.);
#3400=ORIENTED_EDGE('',*,*,#2533,.T.);
#3401=ORIENTED_EDGE('',*,*,#2603,.T.);
#3402=ORIENTED_EDGE('',*,*,#2604,.T.);
#3403=ORIENTED_EDGE('',*,*,#2605,.F.);
#3404=ORIENTED_EDGE('',*,*,#2531,.T.);
#3405=ORIENTED_EDGE('',*,*,#2606,.T.);
#3406=ORIENTED_EDGE('',*,*,#2555,.T.);
#3407=ORIENTED_EDGE('',*,*,#2607,.T.);
#3408=ORIENTED_EDGE('',*,*,#2552,.T.);
#3409=ORIENTED_EDGE('',*,*,#2606,.F.);
#3410=ORIENTED_EDGE('',*,*,#2534,.T.);
#3411=ORIENTED_EDGE('',*,*,#2605,.T.);
#3412=ORIENTED_EDGE('',*,*,#2532,.T.);
#3413=ORIENTED_EDGE('',*,*,#2607,.F.);
#3414=ORIENTED_EDGE('',*,*,#2608,.T.);
#3415=ORIENTED_EDGE('',*,*,#2603,.F.);
#3416=ORIENTED_EDGE('',*,*,#2550,.F.);
#3417=ORIENTED_EDGE('',*,*,#2609,.F.);
#3418=ORIENTED_EDGE('',*,*,#2608,.F.);
#3419=ORIENTED_EDGE('',*,*,#2554,.T.);
#3420=ORIENTED_EDGE('',*,*,#2483,.T.);
#3421=ORIENTED_EDGE('',*,*,#2610,.T.);
#3422=ORIENTED_EDGE('',*,*,#2590,.T.);
#3423=ORIENTED_EDGE('',*,*,#2611,.T.);
#3424=ORIENTED_EDGE('',*,*,#2486,.T.);
#3425=ORIENTED_EDGE('',*,*,#2612,.T.);
#3426=ORIENTED_EDGE('',*,*,#2613,.T.);
#3427=ORIENTED_EDGE('',*,*,#2610,.F.);
#3428=ORIENTED_EDGE('',*,*,#2485,.T.);
#3429=ORIENTED_EDGE('',*,*,#2614,.T.);
#3430=ORIENTED_EDGE('',*,*,#2595,.T.);
#3431=ORIENTED_EDGE('',*,*,#2612,.F.);
#3432=ORIENTED_EDGE('',*,*,#2593,.T.);
#3433=ORIENTED_EDGE('',*,*,#2614,.F.);
#3434=ORIENTED_EDGE('',*,*,#2484,.T.);
#3435=ORIENTED_EDGE('',*,*,#2611,.F.);
#3436=ORIENTED_EDGE('',*,*,#2529,.T.);
#3437=ORIENTED_EDGE('',*,*,#2615,.T.);
#3438=ORIENTED_EDGE('',*,*,#2616,.T.);
#3439=ORIENTED_EDGE('',*,*,#2617,.F.);
#3440=ORIENTED_EDGE('',*,*,#2527,.T.);
#3441=ORIENTED_EDGE('',*,*,#2618,.T.);
#3442=ORIENTED_EDGE('',*,*,#2581,.T.);
#3443=ORIENTED_EDGE('',*,*,#2619,.T.);
#3444=ORIENTED_EDGE('',*,*,#2578,.T.);
#3445=ORIENTED_EDGE('',*,*,#2618,.F.);
#3446=ORIENTED_EDGE('',*,*,#2530,.T.);
#3447=ORIENTED_EDGE('',*,*,#2617,.T.);
#3448=ORIENTED_EDGE('',*,*,#2528,.T.);
#3449=ORIENTED_EDGE('',*,*,#2619,.F.);
#3450=ORIENTED_EDGE('',*,*,#2620,.T.);
#3451=ORIENTED_EDGE('',*,*,#2615,.F.);
#3452=ORIENTED_EDGE('',*,*,#2572,.F.);
#3453=ORIENTED_EDGE('',*,*,#2621,.F.);
#3454=ORIENTED_EDGE('',*,*,#2620,.F.);
#3455=ORIENTED_EDGE('',*,*,#2580,.T.);
#3456=ORIENTED_EDGE('',*,*,#2622,.T.);
#3457=ORIENTED_EDGE('',*,*,#2623,.T.);
#3458=ORIENTED_EDGE('',*,*,#2624,.T.);
#3459=ORIENTED_EDGE('',*,*,#2413,.T.);
#3460=ORIENTED_EDGE('',*,*,#2625,.T.);
#3461=ORIENTED_EDGE('',*,*,#2414,.T.);
#3462=ORIENTED_EDGE('',*,*,#2624,.F.);
#3463=ORIENTED_EDGE('',*,*,#2626,.T.);
#3464=ORIENTED_EDGE('',*,*,#2627,.T.);
#3465=ORIENTED_EDGE('',*,*,#2415,.T.);
#3466=ORIENTED_EDGE('',*,*,#2625,.F.);
#3467=ORIENTED_EDGE('',*,*,#2628,.T.);
#3468=ORIENTED_EDGE('',*,*,#2622,.F.);
#3469=ORIENTED_EDGE('',*,*,#2416,.T.);
#3470=ORIENTED_EDGE('',*,*,#2627,.F.);
#3471=ORIENTED_EDGE('',*,*,#2629,.T.);
#3472=ORIENTED_EDGE('',*,*,#2626,.F.);
#3473=ORIENTED_EDGE('',*,*,#2630,.F.);
#3474=ORIENTED_EDGE('',*,*,#2631,.F.);
#3475=ORIENTED_EDGE('',*,*,#2632,.T.);
#3476=ORIENTED_EDGE('',*,*,#2623,.F.);
#3477=ORIENTED_EDGE('',*,*,#2633,.F.);
#3478=ORIENTED_EDGE('',*,*,#2634,.F.);
#3479=ORIENTED_EDGE('',*,*,#2630,.T.);
#3480=ORIENTED_EDGE('',*,*,#2635,.T.);
#3481=ORIENTED_EDGE('',*,*,#2631,.T.);
#3482=ORIENTED_EDGE('',*,*,#2636,.T.);
#3483=ORIENTED_EDGE('',*,*,#2487,.T.);
#3484=ORIENTED_EDGE('',*,*,#2637,.T.);
#3485=ORIENTED_EDGE('',*,*,#2488,.T.);
#3486=ORIENTED_EDGE('',*,*,#2636,.F.);
#3487=ORIENTED_EDGE('',*,*,#2634,.T.);
#3488=ORIENTED_EDGE('',*,*,#2638,.T.);
#3489=ORIENTED_EDGE('',*,*,#2489,.T.);
#3490=ORIENTED_EDGE('',*,*,#2637,.F.);
#3491=ORIENTED_EDGE('',*,*,#2639,.T.);
#3492=ORIENTED_EDGE('',*,*,#2635,.F.);
#3493=ORIENTED_EDGE('',*,*,#2490,.T.);
#3494=ORIENTED_EDGE('',*,*,#2638,.F.);
#3495=ORIENTED_EDGE('',*,*,#2640,.T.);
#3496=ORIENTED_EDGE('',*,*,#2628,.F.);
#3497=ORIENTED_EDGE('',*,*,#2632,.F.);
#3498=ORIENTED_EDGE('',*,*,#2640,.F.);
#3499=ORIENTED_EDGE('',*,*,#2641,.T.);
#3500=ORIENTED_EDGE('',*,*,#2629,.F.);
#3501=ORIENTED_EDGE('',*,*,#2641,.F.);
#3502=ORIENTED_EDGE('',*,*,#2639,.F.);
#3503=ORIENTED_EDGE('',*,*,#2633,.T.);
#3504=ORIENTED_EDGE('',*,*,#2576,.F.);
#3505=ORIENTED_EDGE('',*,*,#2579,.F.);
#3506=ORIENTED_EDGE('',*,*,#2616,.F.);
#3507=ORIENTED_EDGE('',*,*,#2621,.T.);
#3508=ORIENTED_EDGE('',*,*,#2613,.F.);
#3509=ORIENTED_EDGE('',*,*,#2594,.T.);
#3510=ORIENTED_EDGE('',*,*,#2585,.F.);
#3511=ORIENTED_EDGE('',*,*,#2373,.F.);
#3512=ORIENTED_EDGE('',*,*,#2583,.F.);
#3513=ORIENTED_EDGE('',*,*,#2591,.F.);
#3514=ORIENTED_EDGE('',*,*,#2548,.F.);
#3515=ORIENTED_EDGE('',*,*,#2553,.F.);
#3516=ORIENTED_EDGE('',*,*,#2604,.F.);
#3517=ORIENTED_EDGE('',*,*,#2609,.T.);
#3518=ORIENTED_EDGE('',*,*,#2642,.T.);
#3519=ORIENTED_EDGE('',*,*,#2643,.T.);
#3520=ORIENTED_EDGE('',*,*,#2508,.T.);
#3521=ORIENTED_EDGE('',*,*,#2644,.T.);
#3522=ORIENTED_EDGE('',*,*,#2642,.F.);
#3523=ORIENTED_EDGE('',*,*,#2645,.F.);
#3524=ORIENTED_EDGE('',*,*,#2646,.T.);
#3525=ORIENTED_EDGE('',*,*,#2647,.T.);
#3526=ORIENTED_EDGE('',*,*,#2646,.F.);
#3527=ORIENTED_EDGE('',*,*,#2648,.T.);
#3528=ORIENTED_EDGE('',*,*,#2406,.T.);
#3529=ORIENTED_EDGE('',*,*,#2649,.T.);
#3530=ORIENTED_EDGE('',*,*,#2644,.F.);
#3531=ORIENTED_EDGE('',*,*,#2507,.T.);
#3532=ORIENTED_EDGE('',*,*,#2650,.F.);
#3533=ORIENTED_EDGE('',*,*,#2648,.F.);
#3534=ORIENTED_EDGE('',*,*,#2651,.F.);
#3535=ORIENTED_EDGE('',*,*,#2407,.T.);
#3536=ORIENTED_EDGE('',*,*,#2652,.T.);
#3537=ORIENTED_EDGE('',*,*,#2653,.T.);
#3538=ORIENTED_EDGE('',*,*,#2408,.T.);
#3539=ORIENTED_EDGE('',*,*,#2651,.T.);
#3540=ORIENTED_EDGE('',*,*,#2654,.T.);
#3541=ORIENTED_EDGE('',*,*,#2655,.T.);
#3542=ORIENTED_EDGE('',*,*,#2652,.F.);
#3543=ORIENTED_EDGE('',*,*,#2645,.T.);
#3544=ORIENTED_EDGE('',*,*,#2506,.T.);
#3545=ORIENTED_EDGE('',*,*,#2656,.T.);
#3546=ORIENTED_EDGE('',*,*,#2654,.F.);
#3547=ORIENTED_EDGE('',*,*,#2650,.T.);
#3548=ORIENTED_EDGE('',*,*,#2657,.T.);
#3549=ORIENTED_EDGE('',*,*,#2658,.T.);
#3550=ORIENTED_EDGE('',*,*,#2514,.T.);
#3551=ORIENTED_EDGE('',*,*,#2659,.T.);
#3552=ORIENTED_EDGE('',*,*,#2657,.F.);
#3553=ORIENTED_EDGE('',*,*,#2660,.F.);
#3554=ORIENTED_EDGE('',*,*,#2661,.T.);
#3555=ORIENTED_EDGE('',*,*,#2662,.T.);
#3556=ORIENTED_EDGE('',*,*,#2661,.F.);
#3557=ORIENTED_EDGE('',*,*,#2663,.T.);
#3558=ORIENTED_EDGE('',*,*,#2392,.T.);
#3559=ORIENTED_EDGE('',*,*,#2664,.T.);
#3560=ORIENTED_EDGE('',*,*,#2659,.F.);
#3561=ORIENTED_EDGE('',*,*,#2513,.T.);
#3562=ORIENTED_EDGE('',*,*,#2665,.F.);
#3563=ORIENTED_EDGE('',*,*,#2663,.F.);
#3564=ORIENTED_EDGE('',*,*,#2666,.F.);
#3565=ORIENTED_EDGE('',*,*,#2393,.T.);
#3566=ORIENTED_EDGE('',*,*,#2667,.T.);
#3567=ORIENTED_EDGE('',*,*,#2668,.T.);
#3568=ORIENTED_EDGE('',*,*,#2394,.T.);
#3569=ORIENTED_EDGE('',*,*,#2666,.T.);
#3570=ORIENTED_EDGE('',*,*,#2669,.T.);
#3571=ORIENTED_EDGE('',*,*,#2670,.T.);
#3572=ORIENTED_EDGE('',*,*,#2667,.F.);
#3573=ORIENTED_EDGE('',*,*,#2660,.T.);
#3574=ORIENTED_EDGE('',*,*,#2512,.T.);
#3575=ORIENTED_EDGE('',*,*,#2671,.T.);
#3576=ORIENTED_EDGE('',*,*,#2669,.F.);
#3577=ORIENTED_EDGE('',*,*,#2665,.T.);
#3578=ORIENTED_EDGE('',*,*,#2672,.T.);
#3579=ORIENTED_EDGE('',*,*,#2673,.T.);
#3580=ORIENTED_EDGE('',*,*,#2674,.T.);
#3581=ORIENTED_EDGE('',*,*,#2675,.T.);
#3582=ORIENTED_EDGE('',*,*,#2676,.T.);
#3583=ORIENTED_EDGE('',*,*,#2677,.T.);
#3584=ORIENTED_EDGE('',*,*,#2678,.T.);
#3585=ORIENTED_EDGE('',*,*,#2320,.T.);
#3586=ORIENTED_EDGE('',*,*,#2676,.F.);
#3587=ORIENTED_EDGE('',*,*,#2679,.T.);
#3588=ORIENTED_EDGE('',*,*,#2674,.F.);
#3589=ORIENTED_EDGE('',*,*,#2680,.T.);
#3590=ORIENTED_EDGE('',*,*,#2681,.T.);
#3591=ORIENTED_EDGE('',*,*,#2682,.T.);
#3592=ORIENTED_EDGE('',*,*,#2683,.T.);
#3593=ORIENTED_EDGE('',*,*,#2680,.F.);
#3594=ORIENTED_EDGE('',*,*,#2684,.T.);
#3595=ORIENTED_EDGE('',*,*,#2678,.F.);
#3596=ORIENTED_EDGE('',*,*,#2685,.T.);
#3597=ORIENTED_EDGE('',*,*,#2686,.T.);
#3598=ORIENTED_EDGE('',*,*,#2687,.T.);
#3599=ORIENTED_EDGE('',*,*,#2436,.T.);
#3600=ORIENTED_EDGE('',*,*,#2685,.F.);
#3601=ORIENTED_EDGE('',*,*,#2688,.T.);
#3602=ORIENTED_EDGE('',*,*,#2682,.F.);
#3603=ORIENTED_EDGE('',*,*,#2672,.F.);
#3604=ORIENTED_EDGE('',*,*,#2689,.T.);
#3605=ORIENTED_EDGE('',*,*,#2687,.F.);
#3606=ORIENTED_EDGE('',*,*,#2684,.F.);
#3607=ORIENTED_EDGE('',*,*,#2690,.T.);
#3608=ORIENTED_EDGE('',*,*,#2691,.T.);
#3609=ORIENTED_EDGE('',*,*,#2321,.T.);
#3610=ORIENTED_EDGE('',*,*,#2683,.F.);
#3611=ORIENTED_EDGE('',*,*,#2692,.F.);
#3612=ORIENTED_EDGE('',*,*,#2693,.F.);
#3613=ORIENTED_EDGE('',*,*,#2690,.F.);
#3614=ORIENTED_EDGE('',*,*,#2688,.F.);
#3615=ORIENTED_EDGE('',*,*,#2478,.T.);
#3616=ORIENTED_EDGE('',*,*,#2694,.T.);
#3617=ORIENTED_EDGE('',*,*,#2692,.T.);
#3618=ORIENTED_EDGE('',*,*,#2673,.F.);
#3619=ORIENTED_EDGE('',*,*,#2686,.F.);
#3620=ORIENTED_EDGE('',*,*,#2681,.F.);
#3621=ORIENTED_EDGE('',*,*,#2677,.F.);
#3622=ORIENTED_EDGE('',*,*,#2689,.F.);
#3623=ORIENTED_EDGE('',*,*,#2695,.T.);
#3624=ORIENTED_EDGE('',*,*,#2696,.T.);
#3625=ORIENTED_EDGE('',*,*,#2437,.T.);
#3626=ORIENTED_EDGE('',*,*,#2697,.T.);
#3627=ORIENTED_EDGE('',*,*,#2438,.T.);
#3628=ORIENTED_EDGE('',*,*,#2696,.F.);
#3629=ORIENTED_EDGE('',*,*,#2698,.T.);
#3630=ORIENTED_EDGE('',*,*,#2699,.T.);
#3631=ORIENTED_EDGE('',*,*,#2439,.T.);
#3632=ORIENTED_EDGE('',*,*,#2697,.F.);
#3633=ORIENTED_EDGE('',*,*,#2700,.T.);
#3634=ORIENTED_EDGE('',*,*,#2701,.T.);
#3635=ORIENTED_EDGE('',*,*,#2440,.T.);
#3636=ORIENTED_EDGE('',*,*,#2699,.F.);
#3637=ORIENTED_EDGE('',*,*,#2702,.T.);
#3638=ORIENTED_EDGE('',*,*,#2703,.T.);
#3639=ORIENTED_EDGE('',*,*,#2701,.F.);
#3640=ORIENTED_EDGE('',*,*,#2704,.T.);
#3641=ORIENTED_EDGE('',*,*,#2705,.F.);
#3642=ORIENTED_EDGE('',*,*,#2441,.T.);
#3643=ORIENTED_EDGE('',*,*,#2679,.F.);
#3644=ORIENTED_EDGE('',*,*,#2364,.T.);
#3645=ORIENTED_EDGE('',*,*,#2706,.T.);
#3646=ORIENTED_EDGE('',*,*,#2707,.T.);
#3647=ORIENTED_EDGE('',*,*,#2708,.T.);
#3648=ORIENTED_EDGE('',*,*,#2709,.T.);
#3649=ORIENTED_EDGE('',*,*,#2706,.F.);
#3650=ORIENTED_EDGE('',*,*,#2363,.T.);
#3651=ORIENTED_EDGE('',*,*,#2710,.T.);
#3652=ORIENTED_EDGE('',*,*,#2711,.T.);
#3653=ORIENTED_EDGE('',*,*,#2698,.F.);
#3654=ORIENTED_EDGE('',*,*,#2712,.T.);
#3655=ORIENTED_EDGE('',*,*,#2709,.F.);
#3656=ORIENTED_EDGE('',*,*,#2713,.T.);
#3657=ORIENTED_EDGE('',*,*,#2700,.F.);
#3658=ORIENTED_EDGE('',*,*,#2713,.F.);
#3659=ORIENTED_EDGE('',*,*,#2708,.F.);
#3660=ORIENTED_EDGE('',*,*,#2714,.F.);
#3661=ORIENTED_EDGE('',*,*,#2715,.F.);
#3662=ORIENTED_EDGE('',*,*,#2710,.F.);
#3663=ORIENTED_EDGE('',*,*,#2362,.T.);
#3664=ORIENTED_EDGE('',*,*,#2716,.F.);
#3665=ORIENTED_EDGE('',*,*,#2717,.F.);
#3666=ORIENTED_EDGE('',*,*,#2675,.F.);
#3667=ORIENTED_EDGE('',*,*,#2707,.F.);
#3668=ORIENTED_EDGE('',*,*,#2712,.F.);
#3669=ORIENTED_EDGE('',*,*,#2695,.F.);
#3670=ORIENTED_EDGE('',*,*,#2711,.F.);
#3671=ORIENTED_EDGE('',*,*,#2717,.T.);
#3672=ORIENTED_EDGE('',*,*,#2718,.T.);
#3673=ORIENTED_EDGE('',*,*,#2360,.T.);
#3674=ORIENTED_EDGE('',*,*,#2719,.F.);
#3675=ORIENTED_EDGE('',*,*,#2714,.T.);
#3676=ORIENTED_EDGE('',*,*,#2720,.T.);
#3677=ORIENTED_EDGE('',*,*,#2322,.T.);
#3678=ORIENTED_EDGE('',*,*,#2691,.F.);
#3679=ORIENTED_EDGE('',*,*,#2721,.T.);
#3680=ORIENTED_EDGE('',*,*,#2722,.T.);
#3681=ORIENTED_EDGE('',*,*,#2323,.T.);
#3682=ORIENTED_EDGE('',*,*,#2720,.F.);
#3683=ORIENTED_EDGE('',*,*,#2723,.T.);
#3684=ORIENTED_EDGE('',*,*,#2724,.T.);
#3685=ORIENTED_EDGE('',*,*,#2324,.T.);
#3686=ORIENTED_EDGE('',*,*,#2722,.F.);
#3687=ORIENTED_EDGE('',*,*,#2725,.T.);
#3688=ORIENTED_EDGE('',*,*,#2726,.T.);
#3689=ORIENTED_EDGE('',*,*,#2726,.F.);
#3690=ORIENTED_EDGE('',*,*,#2727,.F.);
#3691=ORIENTED_EDGE('',*,*,#2728,.F.);
#3692=ORIENTED_EDGE('',*,*,#2729,.F.);
#3693=ORIENTED_EDGE('',*,*,#2730,.F.);
#3694=ORIENTED_EDGE('',*,*,#2731,.F.);
#3695=ORIENTED_EDGE('',*,*,#2725,.F.);
#3696=ORIENTED_EDGE('',*,*,#2732,.T.);
#3697=ORIENTED_EDGE('',*,*,#2733,.F.);
#3698=ORIENTED_EDGE('',*,*,#2727,.T.);
#3699=ORIENTED_EDGE('',*,*,#2723,.F.);
#3700=ORIENTED_EDGE('',*,*,#2734,.F.);
#3701=ORIENTED_EDGE('',*,*,#2735,.F.);
#3702=ORIENTED_EDGE('',*,*,#2732,.F.);
#3703=ORIENTED_EDGE('',*,*,#2721,.F.);
#3704=ORIENTED_EDGE('',*,*,#2693,.T.);
#3705=ORIENTED_EDGE('',*,*,#2736,.F.);
#3706=ORIENTED_EDGE('',*,*,#2734,.T.);
#3707=ORIENTED_EDGE('',*,*,#2737,.T.);
#3708=ORIENTED_EDGE('',*,*,#2736,.T.);
#3709=ORIENTED_EDGE('',*,*,#2694,.F.);
#3710=ORIENTED_EDGE('',*,*,#2477,.T.);
#3711=ORIENTED_EDGE('',*,*,#2738,.T.);
#3712=ORIENTED_EDGE('',*,*,#2735,.T.);
#3713=ORIENTED_EDGE('',*,*,#2737,.F.);
#3714=ORIENTED_EDGE('',*,*,#2476,.T.);
#3715=ORIENTED_EDGE('',*,*,#2728,.T.);
#3716=ORIENTED_EDGE('',*,*,#2733,.T.);
#3717=ORIENTED_EDGE('',*,*,#2738,.F.);
#3718=ORIENTED_EDGE('',*,*,#2475,.T.);
#3719=ORIENTED_EDGE('',*,*,#2739,.T.);
#3720=ORIENTED_EDGE('',*,*,#2740,.T.);
#3721=ORIENTED_EDGE('',*,*,#2741,.T.);
#3722=ORIENTED_EDGE('',*,*,#2496,.T.);
#3723=ORIENTED_EDGE('',*,*,#2742,.T.);
#3724=ORIENTED_EDGE('',*,*,#2740,.F.);
#3725=ORIENTED_EDGE('',*,*,#2743,.F.);
#3726=ORIENTED_EDGE('',*,*,#2744,.T.);
#3727=ORIENTED_EDGE('',*,*,#2745,.T.);
#3728=ORIENTED_EDGE('',*,*,#2744,.F.);
#3729=ORIENTED_EDGE('',*,*,#2746,.T.);
#3730=ORIENTED_EDGE('',*,*,#2380,.T.);
#3731=ORIENTED_EDGE('',*,*,#2747,.T.);
#3732=ORIENTED_EDGE('',*,*,#2742,.F.);
#3733=ORIENTED_EDGE('',*,*,#2495,.T.);
#3734=ORIENTED_EDGE('',*,*,#2748,.F.);
#3735=ORIENTED_EDGE('',*,*,#2746,.F.);
#3736=ORIENTED_EDGE('',*,*,#2749,.F.);
#3737=ORIENTED_EDGE('',*,*,#2381,.T.);
#3738=ORIENTED_EDGE('',*,*,#2750,.T.);
#3739=ORIENTED_EDGE('',*,*,#2751,.T.);
#3740=ORIENTED_EDGE('',*,*,#2382,.T.);
#3741=ORIENTED_EDGE('',*,*,#2749,.T.);
#3742=ORIENTED_EDGE('',*,*,#2752,.T.);
#3743=ORIENTED_EDGE('',*,*,#2753,.T.);
#3744=ORIENTED_EDGE('',*,*,#2750,.F.);
#3745=ORIENTED_EDGE('',*,*,#2743,.T.);
#3746=ORIENTED_EDGE('',*,*,#2494,.T.);
#3747=ORIENTED_EDGE('',*,*,#2754,.T.);
#3748=ORIENTED_EDGE('',*,*,#2752,.F.);
#3749=ORIENTED_EDGE('',*,*,#2748,.T.);
#3750=ORIENTED_EDGE('',*,*,#2755,.T.);
#3751=ORIENTED_EDGE('',*,*,#2756,.T.);
#3752=ORIENTED_EDGE('',*,*,#2502,.T.);
#3753=ORIENTED_EDGE('',*,*,#2757,.T.);
#3754=ORIENTED_EDGE('',*,*,#2755,.F.);
#3755=ORIENTED_EDGE('',*,*,#2758,.F.);
#3756=ORIENTED_EDGE('',*,*,#2759,.T.);
#3757=ORIENTED_EDGE('',*,*,#2760,.T.);
#3758=ORIENTED_EDGE('',*,*,#2759,.F.);
#3759=ORIENTED_EDGE('',*,*,#2761,.T.);
#3760=ORIENTED_EDGE('',*,*,#2386,.T.);
#3761=ORIENTED_EDGE('',*,*,#2762,.T.);
#3762=ORIENTED_EDGE('',*,*,#2757,.F.);
#3763=ORIENTED_EDGE('',*,*,#2501,.T.);
#3764=ORIENTED_EDGE('',*,*,#2763,.F.);
#3765=ORIENTED_EDGE('',*,*,#2761,.F.);
#3766=ORIENTED_EDGE('',*,*,#2764,.F.);
#3767=ORIENTED_EDGE('',*,*,#2387,.T.);
#3768=ORIENTED_EDGE('',*,*,#2765,.T.);
#3769=ORIENTED_EDGE('',*,*,#2766,.T.);
#3770=ORIENTED_EDGE('',*,*,#2388,.T.);
#3771=ORIENTED_EDGE('',*,*,#2764,.T.);
#3772=ORIENTED_EDGE('',*,*,#2767,.T.);
#3773=ORIENTED_EDGE('',*,*,#2768,.T.);
#3774=ORIENTED_EDGE('',*,*,#2765,.F.);
#3775=ORIENTED_EDGE('',*,*,#2758,.T.);
#3776=ORIENTED_EDGE('',*,*,#2500,.T.);
#3777=ORIENTED_EDGE('',*,*,#2769,.T.);
#3778=ORIENTED_EDGE('',*,*,#2767,.F.);
#3779=ORIENTED_EDGE('',*,*,#2763,.T.);
#3780=ORIENTED_EDGE('',*,*,#2718,.F.);
#3781=ORIENTED_EDGE('',*,*,#2716,.T.);
#3782=ORIENTED_EDGE('',*,*,#2361,.T.);
#3783=ORIENTED_EDGE('',*,*,#2747,.F.);
#3784=ORIENTED_EDGE('',*,*,#2379,.T.);
#3785=ORIENTED_EDGE('',*,*,#2770,.F.);
#3786=ORIENTED_EDGE('',*,*,#2771,.T.);
#3787=ORIENTED_EDGE('',*,*,#2753,.F.);
#3788=ORIENTED_EDGE('',*,*,#2772,.F.);
#3789=ORIENTED_EDGE('',*,*,#2773,.T.);
#3790=ORIENTED_EDGE('',*,*,#2774,.F.);
#3791=ORIENTED_EDGE('',*,*,#2754,.F.);
#3792=ORIENTED_EDGE('',*,*,#2493,.T.);
#3793=ORIENTED_EDGE('',*,*,#2775,.F.);
#3794=ORIENTED_EDGE('',*,*,#2772,.T.);
#3795=ORIENTED_EDGE('',*,*,#2762,.F.);
#3796=ORIENTED_EDGE('',*,*,#2385,.T.);
#3797=ORIENTED_EDGE('',*,*,#2776,.F.);
#3798=ORIENTED_EDGE('',*,*,#2777,.T.);
#3799=ORIENTED_EDGE('',*,*,#2768,.F.);
#3800=ORIENTED_EDGE('',*,*,#2778,.F.);
#3801=ORIENTED_EDGE('',*,*,#2779,.T.);
#3802=ORIENTED_EDGE('',*,*,#2780,.F.);
#3803=ORIENTED_EDGE('',*,*,#2769,.F.);
#3804=ORIENTED_EDGE('',*,*,#2499,.T.);
#3805=ORIENTED_EDGE('',*,*,#2781,.F.);
#3806=ORIENTED_EDGE('',*,*,#2778,.T.);
#3807=ORIENTED_EDGE('',*,*,#2649,.F.);
#3808=ORIENTED_EDGE('',*,*,#2405,.T.);
#3809=ORIENTED_EDGE('',*,*,#2782,.F.);
#3810=ORIENTED_EDGE('',*,*,#2783,.T.);
#3811=ORIENTED_EDGE('',*,*,#2670,.F.);
#3812=ORIENTED_EDGE('',*,*,#2784,.F.);
#3813=ORIENTED_EDGE('',*,*,#2785,.T.);
#3814=ORIENTED_EDGE('',*,*,#2786,.F.);
#3815=ORIENTED_EDGE('',*,*,#2671,.F.);
#3816=ORIENTED_EDGE('',*,*,#2511,.T.);
#3817=ORIENTED_EDGE('',*,*,#2787,.F.);
#3818=ORIENTED_EDGE('',*,*,#2784,.T.);
#3819=ORIENTED_EDGE('',*,*,#2655,.F.);
#3820=ORIENTED_EDGE('',*,*,#2788,.F.);
#3821=ORIENTED_EDGE('',*,*,#2789,.T.);
#3822=ORIENTED_EDGE('',*,*,#2790,.F.);
#3823=ORIENTED_EDGE('',*,*,#2656,.F.);
#3824=ORIENTED_EDGE('',*,*,#2505,.T.);
#3825=ORIENTED_EDGE('',*,*,#2791,.F.);
#3826=ORIENTED_EDGE('',*,*,#2788,.T.);
#3827=ORIENTED_EDGE('',*,*,#2658,.F.);
#3828=ORIENTED_EDGE('',*,*,#2792,.T.);
#3829=ORIENTED_EDGE('',*,*,#2793,.F.);
#3830=ORIENTED_EDGE('',*,*,#2509,.T.);
#3831=ORIENTED_EDGE('',*,*,#2515,.F.);
#3832=ORIENTED_EDGE('',*,*,#2794,.T.);
#3833=ORIENTED_EDGE('',*,*,#2412,.F.);
#3834=ORIENTED_EDGE('',*,*,#2794,.F.);
#3835=ORIENTED_EDGE('',*,*,#2516,.F.);
#3836=ORIENTED_EDGE('',*,*,#2795,.T.);
#3837=ORIENTED_EDGE('',*,*,#2411,.F.);
#3838=ORIENTED_EDGE('',*,*,#2795,.F.);
#3839=ORIENTED_EDGE('',*,*,#2517,.F.);
#3840=ORIENTED_EDGE('',*,*,#2796,.T.);
#3841=ORIENTED_EDGE('',*,*,#2410,.F.);
#3842=ORIENTED_EDGE('',*,*,#2796,.F.);
#3843=ORIENTED_EDGE('',*,*,#2518,.F.);
#3844=ORIENTED_EDGE('',*,*,#2797,.T.);
#3845=ORIENTED_EDGE('',*,*,#2409,.F.);
#3846=ORIENTED_EDGE('',*,*,#2797,.F.);
#3847=ORIENTED_EDGE('',*,*,#2798,.F.);
#3848=ORIENTED_EDGE('',*,*,#2799,.T.);
#3849=ORIENTED_EDGE('',*,*,#2800,.F.);
#3850=ORIENTED_EDGE('',*,*,#2801,.F.);
#3851=ORIENTED_EDGE('',*,*,#2802,.F.);
#3852=ORIENTED_EDGE('',*,*,#2803,.F.);
#3853=ORIENTED_EDGE('',*,*,#2804,.F.);
#3854=ORIENTED_EDGE('',*,*,#2805,.T.);
#3855=ORIENTED_EDGE('',*,*,#2806,.F.);
#3856=ORIENTED_EDGE('',*,*,#2805,.F.);
#3857=ORIENTED_EDGE('',*,*,#2807,.F.);
#3858=ORIENTED_EDGE('',*,*,#2799,.F.);
#3859=ORIENTED_EDGE('',*,*,#2808,.F.);
#3860=ORIENTED_EDGE('',*,*,#2809,.F.);
#3861=ORIENTED_EDGE('',*,*,#2810,.F.);
#3862=ORIENTED_EDGE('',*,*,#2803,.T.);
#3863=ORIENTED_EDGE('',*,*,#2811,.F.);
#3864=ORIENTED_EDGE('',*,*,#2812,.T.);
#3865=ORIENTED_EDGE('',*,*,#2813,.F.);
#3866=ORIENTED_EDGE('',*,*,#2809,.T.);
#3867=ORIENTED_EDGE('',*,*,#2814,.F.);
#3868=ORIENTED_EDGE('',*,*,#2815,.F.);
#3869=ORIENTED_EDGE('',*,*,#2816,.F.);
#3870=ORIENTED_EDGE('',*,*,#2812,.F.);
#3871=ORIENTED_EDGE('',*,*,#2817,.F.);
#3872=ORIENTED_EDGE('',*,*,#2818,.T.);
#3873=ORIENTED_EDGE('',*,*,#2819,.F.);
#3874=ORIENTED_EDGE('',*,*,#2815,.T.);
#3875=ORIENTED_EDGE('',*,*,#2820,.F.);
#3876=ORIENTED_EDGE('',*,*,#2821,.F.);
#3877=ORIENTED_EDGE('',*,*,#2822,.F.);
#3878=ORIENTED_EDGE('',*,*,#2818,.F.);
#3879=ORIENTED_EDGE('',*,*,#2823,.F.);
#3880=ORIENTED_EDGE('',*,*,#2824,.F.);
#3881=ORIENTED_EDGE('',*,*,#2825,.F.);
#3882=ORIENTED_EDGE('',*,*,#2821,.T.);
#3883=ORIENTED_EDGE('',*,*,#2826,.F.);
#3884=ORIENTED_EDGE('',*,*,#2827,.T.);
#3885=ORIENTED_EDGE('',*,*,#2828,.F.);
#3886=ORIENTED_EDGE('',*,*,#2824,.T.);
#3887=ORIENTED_EDGE('',*,*,#2829,.F.);
#3888=ORIENTED_EDGE('',*,*,#2830,.F.);
#3889=ORIENTED_EDGE('',*,*,#2831,.F.);
#3890=ORIENTED_EDGE('',*,*,#2827,.F.);
#3891=ORIENTED_EDGE('',*,*,#2832,.F.);
#3892=ORIENTED_EDGE('',*,*,#2833,.T.);
#3893=ORIENTED_EDGE('',*,*,#2834,.F.);
#3894=ORIENTED_EDGE('',*,*,#2830,.T.);
#3895=ORIENTED_EDGE('',*,*,#2835,.F.);
#3896=ORIENTED_EDGE('',*,*,#2836,.F.);
#3897=ORIENTED_EDGE('',*,*,#2837,.F.);
#3898=ORIENTED_EDGE('',*,*,#2833,.F.);
#3899=ORIENTED_EDGE('',*,*,#2838,.F.);
#3900=ORIENTED_EDGE('',*,*,#2839,.T.);
#3901=ORIENTED_EDGE('',*,*,#2840,.F.);
#3902=ORIENTED_EDGE('',*,*,#2836,.T.);
#3903=ORIENTED_EDGE('',*,*,#2841,.F.);
#3904=ORIENTED_EDGE('',*,*,#2730,.T.);
#3905=ORIENTED_EDGE('',*,*,#2842,.F.);
#3906=ORIENTED_EDGE('',*,*,#2839,.F.);
#3907=ORIENTED_EDGE('',*,*,#2448,.T.);
#3908=ORIENTED_EDGE('',*,*,#2843,.F.);
#3909=ORIENTED_EDGE('',*,*,#2844,.T.);
#3910=ORIENTED_EDGE('',*,*,#2845,.F.);
#3911=ORIENTED_EDGE('',*,*,#2843,.T.);
#3912=ORIENTED_EDGE('',*,*,#2447,.T.);
#3913=ORIENTED_EDGE('',*,*,#2846,.F.);
#3914=ORIENTED_EDGE('',*,*,#2847,.T.);
#3915=ORIENTED_EDGE('',*,*,#2848,.T.);
#3916=ORIENTED_EDGE('',*,*,#2849,.F.);
#3917=ORIENTED_EDGE('',*,*,#2449,.T.);
#3918=ORIENTED_EDGE('',*,*,#2845,.T.);
#3919=ORIENTED_EDGE('',*,*,#2850,.F.);
#3920=ORIENTED_EDGE('',*,*,#2851,.T.);
#3921=ORIENTED_EDGE('',*,*,#2852,.F.);
#3922=ORIENTED_EDGE('',*,*,#2452,.T.);
#3923=ORIENTED_EDGE('',*,*,#2853,.T.);
#3924=ORIENTED_EDGE('',*,*,#2854,.F.);
#3925=ORIENTED_EDGE('',*,*,#2456,.T.);
#3926=ORIENTED_EDGE('',*,*,#2855,.F.);
#3927=ORIENTED_EDGE('',*,*,#2856,.T.);
#3928=ORIENTED_EDGE('',*,*,#2857,.F.);
#3929=ORIENTED_EDGE('',*,*,#2458,.T.);
#3930=ORIENTED_EDGE('',*,*,#2858,.F.);
#3931=ORIENTED_EDGE('',*,*,#2459,.T.);
#3932=ORIENTED_EDGE('',*,*,#2857,.T.);
#3933=ORIENTED_EDGE('',*,*,#2800,.T.);
#3934=ORIENTED_EDGE('',*,*,#2859,.F.);
#3935=ORIENTED_EDGE('',*,*,#2807,.T.);
#3936=ORIENTED_EDGE('',*,*,#2860,.F.);
#3937=ORIENTED_EDGE('',*,*,#2460,.T.);
#3938=ORIENTED_EDGE('',*,*,#2859,.T.);
#3939=ORIENTED_EDGE('',*,*,#2804,.T.);
#3940=ORIENTED_EDGE('',*,*,#2861,.F.);
#3941=ORIENTED_EDGE('',*,*,#2461,.T.);
#3942=ORIENTED_EDGE('',*,*,#2860,.T.);
#3943=ORIENTED_EDGE('',*,*,#2464,.T.);
#3944=ORIENTED_EDGE('',*,*,#2862,.F.);
#3945=ORIENTED_EDGE('',*,*,#2816,.T.);
#3946=ORIENTED_EDGE('',*,*,#2863,.F.);
#3947=ORIENTED_EDGE('',*,*,#2862,.T.);
#3948=ORIENTED_EDGE('',*,*,#2463,.T.);
#3949=ORIENTED_EDGE('',*,*,#2864,.F.);
#3950=ORIENTED_EDGE('',*,*,#2813,.T.);
#3951=ORIENTED_EDGE('',*,*,#2861,.T.);
#3952=ORIENTED_EDGE('',*,*,#2810,.T.);
#3953=ORIENTED_EDGE('',*,*,#2864,.T.);
#3954=ORIENTED_EDGE('',*,*,#2462,.T.);
#3955=ORIENTED_EDGE('',*,*,#2819,.T.);
#3956=ORIENTED_EDGE('',*,*,#2865,.F.);
#3957=ORIENTED_EDGE('',*,*,#2465,.T.);
#3958=ORIENTED_EDGE('',*,*,#2863,.T.);
#3959=ORIENTED_EDGE('',*,*,#2865,.T.);
#3960=ORIENTED_EDGE('',*,*,#2822,.T.);
#3961=ORIENTED_EDGE('',*,*,#2866,.F.);
#3962=ORIENTED_EDGE('',*,*,#2466,.T.);
#3963=ORIENTED_EDGE('',*,*,#2825,.T.);
#3964=ORIENTED_EDGE('',*,*,#2867,.F.);
#3965=ORIENTED_EDGE('',*,*,#2467,.T.);
#3966=ORIENTED_EDGE('',*,*,#2866,.T.);
#3967=ORIENTED_EDGE('',*,*,#2828,.T.);
#3968=ORIENTED_EDGE('',*,*,#2868,.F.);
#3969=ORIENTED_EDGE('',*,*,#2468,.T.);
#3970=ORIENTED_EDGE('',*,*,#2867,.T.);
#3971=ORIENTED_EDGE('',*,*,#2831,.T.);
#3972=ORIENTED_EDGE('',*,*,#2869,.F.);
#3973=ORIENTED_EDGE('',*,*,#2469,.T.);
#3974=ORIENTED_EDGE('',*,*,#2868,.T.);
#3975=ORIENTED_EDGE('',*,*,#2869,.T.);
#3976=ORIENTED_EDGE('',*,*,#2834,.T.);
#3977=ORIENTED_EDGE('',*,*,#2870,.F.);
#3978=ORIENTED_EDGE('',*,*,#2470,.T.);
#3979=ORIENTED_EDGE('',*,*,#2871,.F.);
#3980=ORIENTED_EDGE('',*,*,#2840,.T.);
#3981=ORIENTED_EDGE('',*,*,#2872,.F.);
#3982=ORIENTED_EDGE('',*,*,#2472,.T.);
#3983=ORIENTED_EDGE('',*,*,#2842,.T.);
#3984=ORIENTED_EDGE('',*,*,#2873,.F.);
#3985=ORIENTED_EDGE('',*,*,#2473,.T.);
#3986=ORIENTED_EDGE('',*,*,#2872,.T.);
#3987=ORIENTED_EDGE('',*,*,#2874,.T.);
#3988=ORIENTED_EDGE('',*,*,#2875,.F.);
#3989=ORIENTED_EDGE('',*,*,#2442,.T.);
#3990=ORIENTED_EDGE('',*,*,#2705,.T.);
#3991=ORIENTED_EDGE('',*,*,#2875,.T.);
#3992=ORIENTED_EDGE('',*,*,#2876,.T.);
#3993=ORIENTED_EDGE('',*,*,#2877,.F.);
#3994=ORIENTED_EDGE('',*,*,#2443,.T.);
#3995=ORIENTED_EDGE('',*,*,#2878,.T.);
#3996=ORIENTED_EDGE('',*,*,#2879,.F.);
#3997=ORIENTED_EDGE('',*,*,#2444,.T.);
#3998=ORIENTED_EDGE('',*,*,#2877,.T.);
#3999=ORIENTED_EDGE('',*,*,#2880,.T.);
#4000=ORIENTED_EDGE('',*,*,#2445,.T.);
#4001=ORIENTED_EDGE('',*,*,#2879,.T.);
#4002=ORIENTED_EDGE('',*,*,#2881,.T.);
#4003=ORIENTED_EDGE('',*,*,#2882,.T.);
#4004=ORIENTED_EDGE('',*,*,#2739,.F.);
#4005=ORIENTED_EDGE('',*,*,#2474,.T.);
#4006=ORIENTED_EDGE('',*,*,#2873,.T.);
#4007=ORIENTED_EDGE('',*,*,#2729,.T.);
#4008=ORIENTED_EDGE('',*,*,#2871,.T.);
#4009=ORIENTED_EDGE('',*,*,#2471,.T.);
#4010=ORIENTED_EDGE('',*,*,#2870,.T.);
#4011=ORIENTED_EDGE('',*,*,#2837,.T.);
#4012=ORIENTED_EDGE('',*,*,#2883,.T.);
#4013=ORIENTED_EDGE('',*,*,#2858,.T.);
#4014=ORIENTED_EDGE('',*,*,#2457,.T.);
#4015=ORIENTED_EDGE('',*,*,#2854,.T.);
#4016=ORIENTED_EDGE('',*,*,#2455,.T.);
#4017=ORIENTED_EDGE('',*,*,#2884,.F.);
#4018=ORIENTED_EDGE('',*,*,#2885,.T.);
#4019=ORIENTED_EDGE('',*,*,#2855,.T.);
#4020=ORIENTED_EDGE('',*,*,#2884,.T.);
#4021=ORIENTED_EDGE('',*,*,#2454,.T.);
#4022=ORIENTED_EDGE('',*,*,#2886,.F.);
#4023=ORIENTED_EDGE('',*,*,#2887,.T.);
#4024=ORIENTED_EDGE('',*,*,#2888,.T.);
#4025=ORIENTED_EDGE('',*,*,#2886,.T.);
#4026=ORIENTED_EDGE('',*,*,#2453,.T.);
#4027=ORIENTED_EDGE('',*,*,#2852,.T.);
#4028=ORIENTED_EDGE('',*,*,#2889,.T.);
#4029=ORIENTED_EDGE('',*,*,#2850,.T.);
#4030=ORIENTED_EDGE('',*,*,#2451,.T.);
#4031=ORIENTED_EDGE('',*,*,#2890,.F.);
#4032=ORIENTED_EDGE('',*,*,#2891,.T.);
#4033=ORIENTED_EDGE('',*,*,#2890,.T.);
#4034=ORIENTED_EDGE('',*,*,#2450,.T.);
#4035=ORIENTED_EDGE('',*,*,#2849,.T.);
#4036=ORIENTED_EDGE('',*,*,#2880,.F.);
#4037=ORIENTED_EDGE('',*,*,#2892,.T.);
#4038=ORIENTED_EDGE('',*,*,#2893,.T.);
#4039=ORIENTED_EDGE('',*,*,#2846,.T.);
#4040=ORIENTED_EDGE('',*,*,#2446,.T.);
#4041=ORIENTED_EDGE('',*,*,#2894,.F.);
#4042=ORIENTED_EDGE('',*,*,#2801,.T.);
#4043=ORIENTED_EDGE('',*,*,#2856,.F.);
#4044=ORIENTED_EDGE('',*,*,#2895,.T.);
#4045=ORIENTED_EDGE('',*,*,#2896,.F.);
#4046=ORIENTED_EDGE('',*,*,#2895,.F.);
#4047=ORIENTED_EDGE('',*,*,#2883,.F.);
#4048=ORIENTED_EDGE('',*,*,#2897,.F.);
#4049=ORIENTED_EDGE('',*,*,#2898,.F.);
#4050=ORIENTED_EDGE('',*,*,#2897,.T.);
#4051=ORIENTED_EDGE('',*,*,#2853,.F.);
#4052=ORIENTED_EDGE('',*,*,#2899,.T.);
#4053=ORIENTED_EDGE('',*,*,#2900,.F.);
#4054=ORIENTED_EDGE('',*,*,#2899,.F.);
#4055=ORIENTED_EDGE('',*,*,#2885,.F.);
#4056=ORIENTED_EDGE('',*,*,#2901,.F.);
#4057=ORIENTED_EDGE('',*,*,#2902,.F.);
#4058=ORIENTED_EDGE('',*,*,#2901,.T.);
#4059=ORIENTED_EDGE('',*,*,#2887,.F.);
#4060=ORIENTED_EDGE('',*,*,#2903,.T.);
#4061=ORIENTED_EDGE('',*,*,#2904,.F.);
#4062=ORIENTED_EDGE('',*,*,#2903,.F.);
#4063=ORIENTED_EDGE('',*,*,#2888,.F.);
#4064=ORIENTED_EDGE('',*,*,#2905,.F.);
#4065=ORIENTED_EDGE('',*,*,#2906,.F.);
#4066=ORIENTED_EDGE('',*,*,#2905,.T.);
#4067=ORIENTED_EDGE('',*,*,#2851,.F.);
#4068=ORIENTED_EDGE('',*,*,#2907,.T.);
#4069=ORIENTED_EDGE('',*,*,#2908,.F.);
#4070=ORIENTED_EDGE('',*,*,#2907,.F.);
#4071=ORIENTED_EDGE('',*,*,#2889,.F.);
#4072=ORIENTED_EDGE('',*,*,#2909,.T.);
#4073=ORIENTED_EDGE('',*,*,#2910,.F.);
#4074=ORIENTED_EDGE('',*,*,#2909,.F.);
#4075=ORIENTED_EDGE('',*,*,#2891,.F.);
#4076=ORIENTED_EDGE('',*,*,#2911,.F.);
#4077=ORIENTED_EDGE('',*,*,#2912,.F.);
#4078=ORIENTED_EDGE('',*,*,#2911,.T.);
#4079=ORIENTED_EDGE('',*,*,#2848,.F.);
#4080=ORIENTED_EDGE('',*,*,#2913,.F.);
#4081=ORIENTED_EDGE('',*,*,#2914,.F.);
#4082=ORIENTED_EDGE('',*,*,#2913,.T.);
#4083=ORIENTED_EDGE('',*,*,#2844,.F.);
#4084=ORIENTED_EDGE('',*,*,#2915,.F.);
#4085=ORIENTED_EDGE('',*,*,#2916,.F.);
#4086=ORIENTED_EDGE('',*,*,#2915,.T.);
#4087=ORIENTED_EDGE('',*,*,#2847,.F.);
#4088=ORIENTED_EDGE('',*,*,#2917,.T.);
#4089=ORIENTED_EDGE('',*,*,#2918,.F.);
#4090=ORIENTED_EDGE('',*,*,#2917,.F.);
#4091=ORIENTED_EDGE('',*,*,#2893,.F.);
#4092=ORIENTED_EDGE('',*,*,#2919,.F.);
#4093=ORIENTED_EDGE('',*,*,#2920,.F.);
#4094=ORIENTED_EDGE('',*,*,#2921,.F.);
#4095=ORIENTED_EDGE('',*,*,#2919,.T.);
#4096=ORIENTED_EDGE('',*,*,#2892,.F.);
#4097=ORIENTED_EDGE('',*,*,#2882,.F.);
#4098=ORIENTED_EDGE('',*,*,#2922,.F.);
#4099=ORIENTED_EDGE('',*,*,#2923,.F.);
#4100=ORIENTED_EDGE('',*,*,#2922,.T.);
#4101=ORIENTED_EDGE('',*,*,#2881,.F.);
#4102=ORIENTED_EDGE('',*,*,#2924,.T.);
#4103=ORIENTED_EDGE('',*,*,#2925,.F.);
#4104=ORIENTED_EDGE('',*,*,#2924,.F.);
#4105=ORIENTED_EDGE('',*,*,#2878,.F.);
#4106=ORIENTED_EDGE('',*,*,#2926,.T.);
#4107=ORIENTED_EDGE('',*,*,#2927,.F.);
#4108=ORIENTED_EDGE('',*,*,#2926,.F.);
#4109=ORIENTED_EDGE('',*,*,#2876,.F.);
#4110=ORIENTED_EDGE('',*,*,#2928,.F.);
#4111=ORIENTED_EDGE('',*,*,#2929,.F.);
#4112=ORIENTED_EDGE('',*,*,#2928,.T.);
#4113=ORIENTED_EDGE('',*,*,#2874,.F.);
#4114=ORIENTED_EDGE('',*,*,#2930,.T.);
#4115=ORIENTED_EDGE('',*,*,#2703,.F.);
#4116=ORIENTED_EDGE('',*,*,#2931,.F.);
#4117=ORIENTED_EDGE('',*,*,#2932,.F.);
#4118=ORIENTED_EDGE('',*,*,#2930,.F.);
#4119=ORIENTED_EDGE('',*,*,#2704,.F.);
#4120=ORIENTED_EDGE('',*,*,#2702,.F.);
#4121=ORIENTED_EDGE('',*,*,#2715,.T.);
#4122=ORIENTED_EDGE('',*,*,#2933,.F.);
#4123=ORIENTED_EDGE('',*,*,#2931,.T.);
#4124=ORIENTED_EDGE('',*,*,#2934,.T.);
#4125=ORIENTED_EDGE('',*,*,#2352,.T.);
#4126=ORIENTED_EDGE('',*,*,#2935,.F.);
#4127=ORIENTED_EDGE('',*,*,#2916,.T.);
#4128=ORIENTED_EDGE('',*,*,#2914,.T.);
#4129=ORIENTED_EDGE('',*,*,#2935,.T.);
#4130=ORIENTED_EDGE('',*,*,#2351,.T.);
#4131=ORIENTED_EDGE('',*,*,#2936,.F.);
#4132=ORIENTED_EDGE('',*,*,#2348,.T.);
#4133=ORIENTED_EDGE('',*,*,#2937,.F.);
#4134=ORIENTED_EDGE('',*,*,#2908,.T.);
#4135=ORIENTED_EDGE('',*,*,#2938,.F.);
#4136=ORIENTED_EDGE('',*,*,#2346,.T.);
#4137=ORIENTED_EDGE('',*,*,#2939,.F.);
#4138=ORIENTED_EDGE('',*,*,#2904,.T.);
#4139=ORIENTED_EDGE('',*,*,#2940,.F.);
#4140=ORIENTED_EDGE('',*,*,#2939,.T.);
#4141=ORIENTED_EDGE('',*,*,#2345,.T.);
#4142=ORIENTED_EDGE('',*,*,#2941,.F.);
#4143=ORIENTED_EDGE('',*,*,#2902,.T.);
#4144=ORIENTED_EDGE('',*,*,#2342,.T.);
#4145=ORIENTED_EDGE('',*,*,#2942,.F.);
#4146=ORIENTED_EDGE('',*,*,#2896,.T.);
#4147=ORIENTED_EDGE('',*,*,#2943,.F.);
#4148=ORIENTED_EDGE('',*,*,#2798,.T.);
#4149=ORIENTED_EDGE('',*,*,#2944,.F.);
#4150=ORIENTED_EDGE('',*,*,#2340,.T.);
#4151=ORIENTED_EDGE('',*,*,#2945,.F.);
#4152=ORIENTED_EDGE('',*,*,#2341,.T.);
#4153=ORIENTED_EDGE('',*,*,#2944,.T.);
#4154=ORIENTED_EDGE('',*,*,#2894,.T.);
#4155=ORIENTED_EDGE('',*,*,#2942,.T.);
#4156=ORIENTED_EDGE('',*,*,#2339,.T.);
#4157=ORIENTED_EDGE('',*,*,#2946,.F.);
#4158=ORIENTED_EDGE('',*,*,#2806,.T.);
#4159=ORIENTED_EDGE('',*,*,#2945,.T.);
#4160=ORIENTED_EDGE('',*,*,#2338,.T.);
#4161=ORIENTED_EDGE('',*,*,#2947,.F.);
#4162=ORIENTED_EDGE('',*,*,#2802,.T.);
#4163=ORIENTED_EDGE('',*,*,#2946,.T.);
#4164=ORIENTED_EDGE('',*,*,#2947,.T.);
#4165=ORIENTED_EDGE('',*,*,#2337,.T.);
#4166=ORIENTED_EDGE('',*,*,#2948,.F.);
#4167=ORIENTED_EDGE('',*,*,#2808,.T.);
#4168=ORIENTED_EDGE('',*,*,#2948,.T.);
#4169=ORIENTED_EDGE('',*,*,#2336,.T.);
#4170=ORIENTED_EDGE('',*,*,#2949,.F.);
#4171=ORIENTED_EDGE('',*,*,#2811,.T.);
#4172=ORIENTED_EDGE('',*,*,#2814,.T.);
#4173=ORIENTED_EDGE('',*,*,#2949,.T.);
#4174=ORIENTED_EDGE('',*,*,#2335,.T.);
#4175=ORIENTED_EDGE('',*,*,#2950,.F.);
#4176=ORIENTED_EDGE('',*,*,#2334,.T.);
#4177=ORIENTED_EDGE('',*,*,#2951,.F.);
#4178=ORIENTED_EDGE('',*,*,#2817,.T.);
#4179=ORIENTED_EDGE('',*,*,#2950,.T.);
#4180=ORIENTED_EDGE('',*,*,#2332,.T.);
#4181=ORIENTED_EDGE('',*,*,#2952,.F.);
#4182=ORIENTED_EDGE('',*,*,#2823,.T.);
#4183=ORIENTED_EDGE('',*,*,#2953,.F.);
#4184=ORIENTED_EDGE('',*,*,#2331,.T.);
#4185=ORIENTED_EDGE('',*,*,#2954,.F.);
#4186=ORIENTED_EDGE('',*,*,#2826,.T.);
#4187=ORIENTED_EDGE('',*,*,#2952,.T.);
#4188=ORIENTED_EDGE('',*,*,#2330,.T.);
#4189=ORIENTED_EDGE('',*,*,#2955,.F.);
#4190=ORIENTED_EDGE('',*,*,#2829,.T.);
#4191=ORIENTED_EDGE('',*,*,#2954,.T.);
#4192=ORIENTED_EDGE('',*,*,#2955,.T.);
#4193=ORIENTED_EDGE('',*,*,#2329,.T.);
#4194=ORIENTED_EDGE('',*,*,#2956,.F.);
#4195=ORIENTED_EDGE('',*,*,#2832,.T.);
#4196=ORIENTED_EDGE('',*,*,#2957,.F.);
#4197=ORIENTED_EDGE('',*,*,#2835,.T.);
#4198=ORIENTED_EDGE('',*,*,#2956,.T.);
#4199=ORIENTED_EDGE('',*,*,#2328,.T.);
#4200=ORIENTED_EDGE('',*,*,#2724,.F.);
#4201=ORIENTED_EDGE('',*,*,#2731,.T.);
#4202=ORIENTED_EDGE('',*,*,#2958,.F.);
#4203=ORIENTED_EDGE('',*,*,#2325,.T.);
#4204=ORIENTED_EDGE('',*,*,#2719,.T.);
#4205=ORIENTED_EDGE('',*,*,#2359,.T.);
#4206=ORIENTED_EDGE('',*,*,#2959,.F.);
#4207=ORIENTED_EDGE('',*,*,#2933,.T.);
#4208=ORIENTED_EDGE('',*,*,#2932,.T.);
#4209=ORIENTED_EDGE('',*,*,#2959,.T.);
#4210=ORIENTED_EDGE('',*,*,#2358,.T.);
#4211=ORIENTED_EDGE('',*,*,#2960,.F.);
#4212=ORIENTED_EDGE('',*,*,#2357,.T.);
#4213=ORIENTED_EDGE('',*,*,#2961,.F.);
#4214=ORIENTED_EDGE('',*,*,#2929,.T.);
#4215=ORIENTED_EDGE('',*,*,#2960,.T.);
#4216=ORIENTED_EDGE('',*,*,#2355,.T.);
#4217=ORIENTED_EDGE('',*,*,#2962,.F.);
#4218=ORIENTED_EDGE('',*,*,#2925,.T.);
#4219=ORIENTED_EDGE('',*,*,#2963,.F.);
#4220=ORIENTED_EDGE('',*,*,#2964,.T.);
#4221=ORIENTED_EDGE('',*,*,#2920,.T.);
#4222=ORIENTED_EDGE('',*,*,#2923,.T.);
#4223=ORIENTED_EDGE('',*,*,#2962,.T.);
#4224=ORIENTED_EDGE('',*,*,#2354,.T.);
#4225=ORIENTED_EDGE('',*,*,#2961,.T.);
#4226=ORIENTED_EDGE('',*,*,#2356,.T.);
#4227=ORIENTED_EDGE('',*,*,#2963,.T.);
#4228=ORIENTED_EDGE('',*,*,#2927,.T.);
#4229=ORIENTED_EDGE('',*,*,#2326,.T.);
#4230=ORIENTED_EDGE('',*,*,#2958,.T.);
#4231=ORIENTED_EDGE('',*,*,#2841,.T.);
#4232=ORIENTED_EDGE('',*,*,#2965,.F.);
#4233=ORIENTED_EDGE('',*,*,#2957,.T.);
#4234=ORIENTED_EDGE('',*,*,#2327,.T.);
#4235=ORIENTED_EDGE('',*,*,#2965,.T.);
#4236=ORIENTED_EDGE('',*,*,#2838,.T.);
#4237=ORIENTED_EDGE('',*,*,#2951,.T.);
#4238=ORIENTED_EDGE('',*,*,#2333,.T.);
#4239=ORIENTED_EDGE('',*,*,#2953,.T.);
#4240=ORIENTED_EDGE('',*,*,#2820,.T.);
#4241=ORIENTED_EDGE('',*,*,#2343,.T.);
#4242=ORIENTED_EDGE('',*,*,#2943,.T.);
#4243=ORIENTED_EDGE('',*,*,#2898,.T.);
#4244=ORIENTED_EDGE('',*,*,#2966,.F.);
#4245=ORIENTED_EDGE('',*,*,#2900,.T.);
#4246=ORIENTED_EDGE('',*,*,#2941,.T.);
#4247=ORIENTED_EDGE('',*,*,#2344,.T.);
#4248=ORIENTED_EDGE('',*,*,#2966,.T.);
#4249=ORIENTED_EDGE('',*,*,#2937,.T.);
#4250=ORIENTED_EDGE('',*,*,#2347,.T.);
#4251=ORIENTED_EDGE('',*,*,#2940,.T.);
#4252=ORIENTED_EDGE('',*,*,#2906,.T.);
#4253=ORIENTED_EDGE('',*,*,#2349,.T.);
#4254=ORIENTED_EDGE('',*,*,#2938,.T.);
#4255=ORIENTED_EDGE('',*,*,#2910,.T.);
#4256=ORIENTED_EDGE('',*,*,#2967,.F.);
#4257=ORIENTED_EDGE('',*,*,#2350,.T.);
#4258=ORIENTED_EDGE('',*,*,#2967,.T.);
#4259=ORIENTED_EDGE('',*,*,#2912,.T.);
#4260=ORIENTED_EDGE('',*,*,#2936,.T.);
#4261=ORIENTED_EDGE('',*,*,#2964,.F.);
#4262=ORIENTED_EDGE('',*,*,#2353,.T.);
#4263=ORIENTED_EDGE('',*,*,#2934,.F.);
#4264=ORIENTED_EDGE('',*,*,#2918,.T.);
#4265=ORIENTED_EDGE('',*,*,#2921,.T.);
#4266=ORIENTED_EDGE('',*,*,#2745,.F.);
#4267=ORIENTED_EDGE('',*,*,#2771,.F.);
#4268=ORIENTED_EDGE('',*,*,#2968,.F.);
#4269=ORIENTED_EDGE('',*,*,#2969,.F.);
#4270=ORIENTED_EDGE('',*,*,#2751,.F.);
#4271=ORIENTED_EDGE('',*,*,#2774,.T.);
#4272=ORIENTED_EDGE('',*,*,#2970,.F.);
#4273=ORIENTED_EDGE('',*,*,#2377,.T.);
#4274=ORIENTED_EDGE('',*,*,#2970,.T.);
#4275=ORIENTED_EDGE('',*,*,#2971,.T.);
#4276=ORIENTED_EDGE('',*,*,#2770,.T.);
#4277=ORIENTED_EDGE('',*,*,#2378,.T.);
#4278=ORIENTED_EDGE('',*,*,#2972,.F.);
#4279=ORIENTED_EDGE('',*,*,#2968,.T.);
#4280=ORIENTED_EDGE('',*,*,#2971,.F.);
#4281=ORIENTED_EDGE('',*,*,#2773,.F.);
#4282=ORIENTED_EDGE('',*,*,#2741,.F.);
#4283=ORIENTED_EDGE('',*,*,#2969,.T.);
#4284=ORIENTED_EDGE('',*,*,#2973,.F.);
#4285=ORIENTED_EDGE('',*,*,#2491,.T.);
#4286=ORIENTED_EDGE('',*,*,#2973,.T.);
#4287=ORIENTED_EDGE('',*,*,#2972,.T.);
#4288=ORIENTED_EDGE('',*,*,#2775,.T.);
#4289=ORIENTED_EDGE('',*,*,#2492,.T.);
#4290=ORIENTED_EDGE('',*,*,#2760,.F.);
#4291=ORIENTED_EDGE('',*,*,#2777,.F.);
#4292=ORIENTED_EDGE('',*,*,#2974,.F.);
#4293=ORIENTED_EDGE('',*,*,#2975,.F.);
#4294=ORIENTED_EDGE('',*,*,#2766,.F.);
#4295=ORIENTED_EDGE('',*,*,#2780,.T.);
#4296=ORIENTED_EDGE('',*,*,#2976,.F.);
#4297=ORIENTED_EDGE('',*,*,#2383,.T.);
#4298=ORIENTED_EDGE('',*,*,#2976,.T.);
#4299=ORIENTED_EDGE('',*,*,#2977,.T.);
#4300=ORIENTED_EDGE('',*,*,#2776,.T.);
#4301=ORIENTED_EDGE('',*,*,#2384,.T.);
#4302=ORIENTED_EDGE('',*,*,#2978,.F.);
#4303=ORIENTED_EDGE('',*,*,#2974,.T.);
#4304=ORIENTED_EDGE('',*,*,#2977,.F.);
#4305=ORIENTED_EDGE('',*,*,#2779,.F.);
#4306=ORIENTED_EDGE('',*,*,#2756,.F.);
#4307=ORIENTED_EDGE('',*,*,#2975,.T.);
#4308=ORIENTED_EDGE('',*,*,#2979,.F.);
#4309=ORIENTED_EDGE('',*,*,#2497,.T.);
#4310=ORIENTED_EDGE('',*,*,#2979,.T.);
#4311=ORIENTED_EDGE('',*,*,#2978,.T.);
#4312=ORIENTED_EDGE('',*,*,#2781,.T.);
#4313=ORIENTED_EDGE('',*,*,#2498,.T.);
#4314=ORIENTED_EDGE('',*,*,#2647,.F.);
#4315=ORIENTED_EDGE('',*,*,#2783,.F.);
#4316=ORIENTED_EDGE('',*,*,#2980,.F.);
#4317=ORIENTED_EDGE('',*,*,#2981,.F.);
#4318=ORIENTED_EDGE('',*,*,#2653,.F.);
#4319=ORIENTED_EDGE('',*,*,#2790,.T.);
#4320=ORIENTED_EDGE('',*,*,#2982,.F.);
#4321=ORIENTED_EDGE('',*,*,#2403,.T.);
#4322=ORIENTED_EDGE('',*,*,#2982,.T.);
#4323=ORIENTED_EDGE('',*,*,#2983,.T.);
#4324=ORIENTED_EDGE('',*,*,#2782,.T.);
#4325=ORIENTED_EDGE('',*,*,#2404,.T.);
#4326=ORIENTED_EDGE('',*,*,#2984,.F.);
#4327=ORIENTED_EDGE('',*,*,#2980,.T.);
#4328=ORIENTED_EDGE('',*,*,#2983,.F.);
#4329=ORIENTED_EDGE('',*,*,#2789,.F.);
#4330=ORIENTED_EDGE('',*,*,#2643,.F.);
#4331=ORIENTED_EDGE('',*,*,#2981,.T.);
#4332=ORIENTED_EDGE('',*,*,#2985,.F.);
#4333=ORIENTED_EDGE('',*,*,#2503,.T.);
#4334=ORIENTED_EDGE('',*,*,#2985,.T.);
#4335=ORIENTED_EDGE('',*,*,#2984,.T.);
#4336=ORIENTED_EDGE('',*,*,#2791,.T.);
#4337=ORIENTED_EDGE('',*,*,#2504,.T.);
#4338=ORIENTED_EDGE('',*,*,#2662,.F.);
#4339=ORIENTED_EDGE('',*,*,#2986,.F.);
#4340=ORIENTED_EDGE('',*,*,#2987,.F.);
#4341=ORIENTED_EDGE('',*,*,#2792,.F.);
#4342=ORIENTED_EDGE('',*,*,#2668,.F.);
#4343=ORIENTED_EDGE('',*,*,#2786,.T.);
#4344=ORIENTED_EDGE('',*,*,#2988,.F.);
#4345=ORIENTED_EDGE('',*,*,#2389,.T.);
#4346=ORIENTED_EDGE('',*,*,#2664,.F.);
#4347=ORIENTED_EDGE('',*,*,#2391,.T.);
#4348=ORIENTED_EDGE('',*,*,#2989,.F.);
#4349=ORIENTED_EDGE('',*,*,#2986,.T.);
#4350=ORIENTED_EDGE('',*,*,#2988,.T.);
#4351=ORIENTED_EDGE('',*,*,#2990,.T.);
#4352=ORIENTED_EDGE('',*,*,#2989,.T.);
#4353=ORIENTED_EDGE('',*,*,#2390,.T.);
#4354=ORIENTED_EDGE('',*,*,#2991,.F.);
#4355=ORIENTED_EDGE('',*,*,#2987,.T.);
#4356=ORIENTED_EDGE('',*,*,#2990,.F.);
#4357=ORIENTED_EDGE('',*,*,#2785,.F.);
#4358=ORIENTED_EDGE('',*,*,#2793,.T.);
#4359=ORIENTED_EDGE('',*,*,#2991,.T.);
#4360=ORIENTED_EDGE('',*,*,#2787,.T.);
#4361=ORIENTED_EDGE('',*,*,#2510,.T.);
#4362=ORIENTED_EDGE('',*,*,#2402,.F.);
#4363=ORIENTED_EDGE('',*,*,#2992,.T.);
#4364=ORIENTED_EDGE('',*,*,#2519,.F.);
#4365=ORIENTED_EDGE('',*,*,#2992,.F.);
#4366=ORIENTED_EDGE('',*,*,#2401,.F.);
#4367=ORIENTED_EDGE('',*,*,#2993,.T.);
#4368=ORIENTED_EDGE('',*,*,#2520,.F.);
#4369=ORIENTED_EDGE('',*,*,#2993,.F.);
#4370=ORIENTED_EDGE('',*,*,#2400,.F.);
#4371=ORIENTED_EDGE('',*,*,#2994,.T.);
#4372=ORIENTED_EDGE('',*,*,#2521,.F.);
#4373=ORIENTED_EDGE('',*,*,#2994,.F.);
#4374=ORIENTED_EDGE('',*,*,#2399,.F.);
#4375=ORIENTED_EDGE('',*,*,#2995,.T.);
#4376=ORIENTED_EDGE('',*,*,#2522,.F.);
#4377=ORIENTED_EDGE('',*,*,#2995,.F.);
#4378=ORIENTED_EDGE('',*,*,#2398,.F.);
#4379=ORIENTED_EDGE('',*,*,#2996,.T.);
#4380=ORIENTED_EDGE('',*,*,#2523,.F.);
#4381=ORIENTED_EDGE('',*,*,#2996,.F.);
#4382=ORIENTED_EDGE('',*,*,#2397,.F.);
#4383=ORIENTED_EDGE('',*,*,#2997,.T.);
#4384=ORIENTED_EDGE('',*,*,#2524,.F.);
#4385=ORIENTED_EDGE('',*,*,#2997,.F.);
#4386=ORIENTED_EDGE('',*,*,#2396,.F.);
#4387=ORIENTED_EDGE('',*,*,#2998,.T.);
#4388=ORIENTED_EDGE('',*,*,#2525,.F.);
#4389=ORIENTED_EDGE('',*,*,#2998,.F.);
#4390=ORIENTED_EDGE('',*,*,#2395,.F.);
#4391=ORIENTED_EDGE('',*,*,#2999,.T.);
#4392=ORIENTED_EDGE('',*,*,#2526,.F.);
#4393=ORIENTED_EDGE('',*,*,#2999,.F.);
#4394=CYLINDRICAL_SURFACE('',#4869,0.236);
#4395=CYLINDRICAL_SURFACE('',#4876,0.236);
#4396=CYLINDRICAL_SURFACE('',#4881,0.600000008940697);
#4397=CYLINDRICAL_SURFACE('',#4921,0.236);
#4398=CYLINDRICAL_SURFACE('',#4926,0.236);
#4399=CYLINDRICAL_SURFACE('',#4928,0.600000008940697);
#4400=CYLINDRICAL_SURFACE('',#4961,0.15);
#4401=CYLINDRICAL_SURFACE('',#4962,0.15);
#4402=CYLINDRICAL_SURFACE('',#4963,0.15);
#4403=CYLINDRICAL_SURFACE('',#4964,0.15);
#4404=CYLINDRICAL_SURFACE('',#4965,0.1);
#4405=CYLINDRICAL_SURFACE('',#4968,0.1);
#4406=CYLINDRICAL_SURFACE('',#4970,0.1);
#4407=CYLINDRICAL_SURFACE('',#4972,0.1);
#4408=CYLINDRICAL_SURFACE('',#4975,0.1);
#4409=CYLINDRICAL_SURFACE('',#4978,0.1);
#4410=CYLINDRICAL_SURFACE('',#4981,0.1);
#4411=CYLINDRICAL_SURFACE('',#4982,0.1);
#4412=CYLINDRICAL_SURFACE('',#4985,0.1);
#4413=CYLINDRICAL_SURFACE('',#4988,0.1);
#4414=CYLINDRICAL_SURFACE('',#4990,0.1);
#4415=CYLINDRICAL_SURFACE('',#4992,0.1);
#4416=CYLINDRICAL_SURFACE('',#4995,0.1);
#4417=CYLINDRICAL_SURFACE('',#4998,0.1);
#4418=CYLINDRICAL_SURFACE('',#5001,0.1);
#4419=CYLINDRICAL_SURFACE('',#5005,0.1);
#4420=CYLINDRICAL_SURFACE('',#5008,0.1);
#4421=CYLINDRICAL_SURFACE('',#5010,0.1);
#4422=CYLINDRICAL_SURFACE('',#5012,0.1);
#4423=CYLINDRICAL_SURFACE('',#5015,0.1);
#4424=CYLINDRICAL_SURFACE('',#5018,0.1);
#4425=CYLINDRICAL_SURFACE('',#5021,0.1);
#4426=CYLINDRICAL_SURFACE('',#5022,0.1);
#4427=CYLINDRICAL_SURFACE('',#5024,0.1);
#4428=CYLINDRICAL_SURFACE('',#5027,0.1);
#4429=CYLINDRICAL_SURFACE('',#5029,0.1);
#4430=CYLINDRICAL_SURFACE('',#5031,0.1);
#4431=CYLINDRICAL_SURFACE('',#5032,0.1);
#4432=CYLINDRICAL_SURFACE('',#5035,0.1);
#4433=CYLINDRICAL_SURFACE('',#5038,0.1);
#4434=CYLINDRICAL_SURFACE('',#5039,0.1);
#4435=CYLINDRICAL_SURFACE('',#5045,0.1);
#4436=CYLINDRICAL_SURFACE('',#5050,0.1);
#4437=CYLINDRICAL_SURFACE('',#5052,0.499999888241291);
#4438=CYLINDRICAL_SURFACE('',#5054,0.1);
#4439=CYLINDRICAL_SURFACE('',#5059,0.1);
#4440=CYLINDRICAL_SURFACE('',#5063,0.5);
#4441=CYLINDRICAL_SURFACE('',#5072,0.3);
#4442=CYLINDRICAL_SURFACE('',#5084,0.3);
#4443=CYLINDRICAL_SURFACE('',#5092,0.3);
#4444=CYLINDRICAL_SURFACE('',#5104,0.3);
#4445=CYLINDRICAL_SURFACE('',#5108,0.09);
#4446=CYLINDRICAL_SURFACE('',#5111,0.09);
#4447=CYLINDRICAL_SURFACE('',#5116,0.09);
#4448=CYLINDRICAL_SURFACE('',#5121,0.09);
#4449=CYLINDRICAL_SURFACE('',#5128,0.09);
#4450=CYLINDRICAL_SURFACE('',#5131,0.09);
#4451=CYLINDRICAL_SURFACE('',#5134,0.09);
#4452=CYLINDRICAL_SURFACE('',#5139,0.0900000000000002);
#4453=CYLINDRICAL_SURFACE('',#5143,0.08);
#4454=CYLINDRICAL_SURFACE('',#5145,0.09);
#4455=CYLINDRICAL_SURFACE('',#5149,1.7);
#4456=CYLINDRICAL_SURFACE('',#5153,0.08);
#4457=CYLINDRICAL_SURFACE('',#5159,0.0900000000000002);
#4458=CYLINDRICAL_SURFACE('',#5164,0.3);
#4459=CYLINDRICAL_SURFACE('',#5167,1.7);
#4460=CYLINDRICAL_SURFACE('',#5171,0.09);
#4461=CYLINDRICAL_SURFACE('',#5178,0.3);
#4462=CYLINDRICAL_SURFACE('',#5190,0.3);
#4463=CYLINDRICAL_SURFACE('',#5198,0.3);
#4464=CYLINDRICAL_SURFACE('',#5210,0.3);
#4465=CYLINDRICAL_SURFACE('',#5215,0.08);
#4466=CYLINDRICAL_SURFACE('',#5218,0.08);
#4467=CYLINDRICAL_SURFACE('',#5220,0.08);
#4468=CYLINDRICAL_SURFACE('',#5223,0.08);
#4469=CYLINDRICAL_SURFACE('',#5225,0.08);
#4470=CYLINDRICAL_SURFACE('',#5228,0.08);
#4471=CYLINDRICAL_SURFACE('',#5231,0.08);
#4472=CYLINDRICAL_SURFACE('',#5233,0.08);
#4473=CYLINDRICAL_SURFACE('',#5235,0.1625);
#4474=CYLINDRICAL_SURFACE('',#5236,0.1625);
#4475=CYLINDRICAL_SURFACE('',#5237,0.1625);
#4476=CYLINDRICAL_SURFACE('',#5238,0.1625);
#4477=CYLINDRICAL_SURFACE('',#5243,0.3);
#4478=CYLINDRICAL_SURFACE('',#5252,0.5);
#4479=CYLINDRICAL_SURFACE('',#5258,0.08);
#4480=CYLINDRICAL_SURFACE('',#5264,0.08);
#4481=CYLINDRICAL_SURFACE('',#5266,0.08);
#4482=CYLINDRICAL_SURFACE('',#5268,0.08);
#4483=CYLINDRICAL_SURFACE('',#5274,0.08);
#4484=CYLINDRICAL_SURFACE('',#5276,0.08);
#4485=CYLINDRICAL_SURFACE('',#5278,0.08);
#4486=CYLINDRICAL_SURFACE('',#5279,0.08);
#4487=CYLINDRICAL_SURFACE('',#5284,0.08);
#4488=CYLINDRICAL_SURFACE('',#5285,0.08);
#4489=CYLINDRICAL_SURFACE('',#5286,0.08);
#4490=CYLINDRICAL_SURFACE('',#5288,0.08);
#4491=CYLINDRICAL_SURFACE('',#5290,0.08);
#4492=CYLINDRICAL_SURFACE('',#5292,0.08);
#4493=CYLINDRICAL_SURFACE('',#5296,0.08);
#4494=CYLINDRICAL_SURFACE('',#5298,0.08);
#4495=CYLINDRICAL_SURFACE('',#5300,0.08);
#4496=CYLINDRICAL_SURFACE('',#5301,0.08);
#4497=CYLINDRICAL_SURFACE('',#5303,0.08);
#4498=CYLINDRICAL_SURFACE('',#5305,0.08);
#4499=CYLINDRICAL_SURFACE('',#5308,0.08);
#4500=CYLINDRICAL_SURFACE('',#5309,0.08);
#4501=CYLINDRICAL_SURFACE('',#5310,0.08);
#4502=CYLINDRICAL_SURFACE('',#5311,0.08);
#4503=CYLINDRICAL_SURFACE('',#5316,0.08);
#4504=CYLINDRICAL_SURFACE('',#5317,0.08);
#4505=CYLINDRICAL_SURFACE('',#5319,0.08);
#4506=CYLINDRICAL_SURFACE('',#5320,0.08);
#4507=CYLINDRICAL_SURFACE('',#5322,3.);
#4508=CYLINDRICAL_SURFACE('',#5327,0.3);
#4509=CYLINDRICAL_SURFACE('',#5335,0.5);
#4510=CYLINDRICAL_SURFACE('',#5346,0.3);
#4511=CYLINDRICAL_SURFACE('',#5351,0.08);
#4512=CYLINDRICAL_SURFACE('',#5353,0.08);
#4513=CYLINDRICAL_SURFACE('',#5355,0.08);
#4514=CYLINDRICAL_SURFACE('',#5360,0.08);
#4515=CYLINDRICAL_SURFACE('',#5362,0.08);
#4516=CYLINDRICAL_SURFACE('',#5366,0.08);
#4517=CYLINDRICAL_SURFACE('',#5368,0.08);
#4518=CYLINDRICAL_SURFACE('',#5369,0.08);
#4519=CYLINDRICAL_SURFACE('',#5373,0.08);
#4520=CYLINDRICAL_SURFACE('',#5375,0.08);
#4521=CYLINDRICAL_SURFACE('',#5376,0.08);
#4522=CYLINDRICAL_SURFACE('',#5379,0.08);
#4523=CYLINDRICAL_SURFACE('',#5381,0.08);
#4524=CYLINDRICAL_SURFACE('',#5385,0.08);
#4525=CYLINDRICAL_SURFACE('',#5386,0.08);
#4526=CYLINDRICAL_SURFACE('',#5390,0.08);
#4527=CYLINDRICAL_SURFACE('',#5392,0.08);
#4528=CYLINDRICAL_SURFACE('',#5393,0.08);
#4529=CYLINDRICAL_SURFACE('',#5396,0.08);
#4530=CYLINDRICAL_SURFACE('',#5398,0.08);
#4531=CYLINDRICAL_SURFACE('',#5399,0.08);
#4532=CYLINDRICAL_SURFACE('',#5401,0.08);
#4533=CYLINDRICAL_SURFACE('',#5402,0.08);
#4534=CYLINDRICAL_SURFACE('',#5403,0.08);
#4535=CYLINDRICAL_SURFACE('',#5405,0.08);
#4536=CYLINDRICAL_SURFACE('',#5406,0.08);
#4537=CYLINDRICAL_SURFACE('',#5407,0.08);
#4538=CYLINDRICAL_SURFACE('',#5409,0.08);
#4539=CYLINDRICAL_SURFACE('',#5410,0.08);
#4540=CYLINDRICAL_SURFACE('',#5412,0.08);
#4541=CYLINDRICAL_SURFACE('',#5416,0.300000004470348);
#4542=CYLINDRICAL_SURFACE('',#5418,0.08);
#4543=CYLINDRICAL_SURFACE('',#5422,0.08);
#4544=CYLINDRICAL_SURFACE('',#5426,0.300000004470348);
#4545=CYLINDRICAL_SURFACE('',#5428,0.08);
#4546=CYLINDRICAL_SURFACE('',#5432,0.08);
#4547=CYLINDRICAL_SURFACE('',#5436,0.300000004470348);
#4548=CYLINDRICAL_SURFACE('',#5438,0.08);
#4549=CYLINDRICAL_SURFACE('',#5442,0.08);
#4550=CYLINDRICAL_SURFACE('',#5444,0.08);
#4551=CYLINDRICAL_SURFACE('',#5448,0.300000004470348);
#4552=CYLINDRICAL_SURFACE('',#5451,0.15);
#4553=CYLINDRICAL_SURFACE('',#5452,0.15);
#4554=CYLINDRICAL_SURFACE('',#5453,0.15);
#4555=CYLINDRICAL_SURFACE('',#5454,0.15);
#4556=CYLINDRICAL_SURFACE('',#5455,0.15);
#4557=CYLINDRICAL_SURFACE('',#5456,0.15);
#4558=CYLINDRICAL_SURFACE('',#5457,0.15);
#4559=CYLINDRICAL_SURFACE('',#5458,0.15);
#4560=ADVANCED_FACE('',(#303),#4394,.T.);
#4561=ADVANCED_FACE('',(#304),#253,.T.);
#4562=ADVANCED_FACE('',(#305),#4395,.T.);
#4563=ADVANCED_FACE('',(#306),#254,.T.);
#4564=ADVANCED_FACE('',(#307),#4396,.F.);
#4565=ADVANCED_FACE('',(#308),#178,.F.);
#4566=ADVANCED_FACE('',(#309,#126,#127,#128,#129,#130,#131,#132,#133,#134,
#135,#136,#137,#138,#139,#140,#141,#142,#143,#144,#145,#146,#147,#148,#149,
#150,#151),#179,.F.);
#4567=ADVANCED_FACE('',(#310),#255,.T.);
#4568=ADVANCED_FACE('',(#311),#4397,.T.);
#4569=ADVANCED_FACE('',(#312),#256,.T.);
#4570=ADVANCED_FACE('',(#313),#4398,.T.);
#4571=ADVANCED_FACE('',(#314),#180,.F.);
#4572=ADVANCED_FACE('',(#315),#4399,.F.);
#4573=ADVANCED_FACE('',(#316,#152,#153,#154,#155,#156,#157,#158,#159,#160,
#161,#162,#163,#164,#165,#166,#167,#168,#169,#170,#171,#172,#173,#174,#175,
#176,#177),#181,.T.);
#4574=ADVANCED_FACE('',(#317),#4400,.F.);
#4575=ADVANCED_FACE('',(#318),#4401,.F.);
#4576=ADVANCED_FACE('',(#319),#4402,.F.);
#4577=ADVANCED_FACE('',(#320),#4403,.F.);
#4578=ADVANCED_FACE('',(#321),#4404,.T.);
#4579=ADVANCED_FACE('',(#322),#4405,.T.);
#4580=ADVANCED_FACE('',(#323),#4406,.T.);
#4581=ADVANCED_FACE('',(#324),#4407,.T.);
#4582=ADVANCED_FACE('',(#325),#182,.F.);
#4583=ADVANCED_FACE('',(#326),#183,.F.);
#4584=ADVANCED_FACE('',(#327),#4408,.T.);
#4585=ADVANCED_FACE('',(#328),#4409,.T.);
#4586=ADVANCED_FACE('',(#329),#4410,.T.);
#4587=ADVANCED_FACE('',(#330),#4411,.T.);
#4588=ADVANCED_FACE('',(#331),#184,.F.);
#4589=ADVANCED_FACE('',(#332),#185,.F.);
#4590=ADVANCED_FACE('',(#333),#4412,.T.);
#4591=ADVANCED_FACE('',(#334),#4413,.T.);
#4592=ADVANCED_FACE('',(#335),#4414,.T.);
#4593=ADVANCED_FACE('',(#336),#4415,.T.);
#4594=ADVANCED_FACE('',(#337),#186,.F.);
#4595=ADVANCED_FACE('',(#338),#187,.F.);
#4596=ADVANCED_FACE('',(#339),#4416,.T.);
#4597=ADVANCED_FACE('',(#340),#4417,.T.);
#4598=ADVANCED_FACE('',(#341),#4418,.T.);
#4599=ADVANCED_FACE('',(#342),#188,.F.);
#4600=ADVANCED_FACE('',(#343),#189,.F.);
#4601=ADVANCED_FACE('',(#344),#190,.F.);
#4602=ADVANCED_FACE('',(#345),#4419,.T.);
#4603=ADVANCED_FACE('',(#346),#4420,.T.);
#4604=ADVANCED_FACE('',(#347),#4421,.T.);
#4605=ADVANCED_FACE('',(#348),#4422,.T.);
#4606=ADVANCED_FACE('',(#349),#191,.F.);
#4607=ADVANCED_FACE('',(#350),#192,.F.);
#4608=ADVANCED_FACE('',(#351),#4423,.T.);
#4609=ADVANCED_FACE('',(#352),#4424,.T.);
#4610=ADVANCED_FACE('',(#353),#4425,.T.);
#4611=ADVANCED_FACE('',(#354),#4426,.T.);
#4612=ADVANCED_FACE('',(#355),#193,.F.);
#4613=ADVANCED_FACE('',(#356),#4427,.T.);
#4614=ADVANCED_FACE('',(#357),#4428,.T.);
#4615=ADVANCED_FACE('',(#358),#4429,.T.);
#4616=ADVANCED_FACE('',(#359),#4430,.T.);
#4617=ADVANCED_FACE('',(#360),#4431,.T.);
#4618=ADVANCED_FACE('',(#361),#4432,.T.);
#4619=ADVANCED_FACE('',(#362),#4433,.T.);
#4620=ADVANCED_FACE('',(#363),#4434,.T.);
#4621=ADVANCED_FACE('',(#364),#194,.F.);
#4622=ADVANCED_FACE('',(#365),#257,.T.);
#4623=ADVANCED_FACE('',(#366),#4435,.T.);
#4624=ADVANCED_FACE('',(#367),#258,.T.);
#4625=ADVANCED_FACE('',(#368),#4436,.T.);
#4626=ADVANCED_FACE('',(#369),#195,.F.);
#4627=ADVANCED_FACE('',(#370),#4437,.F.);
#4628=ADVANCED_FACE('',(#371),#4438,.T.);
#4629=ADVANCED_FACE('',(#372),#259,.T.);
#4630=ADVANCED_FACE('',(#373),#4439,.T.);
#4631=ADVANCED_FACE('',(#374),#260,.T.);
#4632=ADVANCED_FACE('',(#375),#4440,.F.);
#4633=ADVANCED_FACE('',(#376),#196,.F.);
#4634=ADVANCED_FACE('',(#377),#197,.F.);
#4635=ADVANCED_FACE('',(#378),#198,.F.);
#4636=ADVANCED_FACE('',(#379),#199,.F.);
#4637=ADVANCED_FACE('',(#380),#261,.F.);
#4638=ADVANCED_FACE('',(#381),#4441,.F.);
#4639=ADVANCED_FACE('',(#382),#262,.F.);
#4640=ADVANCED_FACE('',(#383),#200,.T.);
#4641=ADVANCED_FACE('',(#384),#201,.T.);
#4642=ADVANCED_FACE('',(#385),#263,.F.);
#4643=ADVANCED_FACE('',(#386),#4442,.F.);
#4644=ADVANCED_FACE('',(#387),#264,.F.);
#4645=ADVANCED_FACE('',(#388),#265,.F.);
#4646=ADVANCED_FACE('',(#389),#4443,.F.);
#4647=ADVANCED_FACE('',(#390),#266,.F.);
#4648=ADVANCED_FACE('',(#391),#202,.T.);
#4649=ADVANCED_FACE('',(#392),#203,.T.);
#4650=ADVANCED_FACE('',(#393),#267,.F.);
#4651=ADVANCED_FACE('',(#394),#4444,.F.);
#4652=ADVANCED_FACE('',(#395),#268,.F.);
#4653=ADVANCED_FACE('',(#396),#4445,.T.);
#4654=ADVANCED_FACE('',(#397),#4446,.T.);
#4655=ADVANCED_FACE('',(#398),#16,.T.);
#4656=ADVANCED_FACE('',(#399),#4447,.T.);
#4657=ADVANCED_FACE('',(#400),#17,.T.);
#4658=ADVANCED_FACE('',(#401),#4448,.T.);
#4659=ADVANCED_FACE('',(#402),#18,.T.);
#4660=ADVANCED_FACE('',(#403),#19,.T.);
#4661=ADVANCED_FACE('',(#404),#4449,.T.);
#4662=ADVANCED_FACE('',(#405),#204,.T.);
#4663=ADVANCED_FACE('',(#406),#4450,.T.);
#4664=ADVANCED_FACE('',(#407),#205,.F.);
#4665=ADVANCED_FACE('',(#408),#4451,.T.);
#4666=ADVANCED_FACE('',(#409),#269,.T.);
#4667=ADVANCED_FACE('',(#410),#4452,.T.);
#4668=ADVANCED_FACE('',(#411),#270,.T.);
#4669=ADVANCED_FACE('',(#412),#4453,.T.);
#4670=ADVANCED_FACE('',(#413),#4454,.T.);
#4671=ADVANCED_FACE('',(#414),#271,.T.);
#4672=ADVANCED_FACE('',(#415),#4455,.F.);
#4673=ADVANCED_FACE('',(#416),#206,.F.);
#4674=ADVANCED_FACE('',(#417),#207,.T.);
#4675=ADVANCED_FACE('',(#418),#208,.T.);
#4676=ADVANCED_FACE('',(#419),#4456,.T.);
#4677=ADVANCED_FACE('',(#420),#272,.T.);
#4678=ADVANCED_FACE('',(#421),#4457,.T.);
#4679=ADVANCED_FACE('',(#422),#273,.T.);
#4680=ADVANCED_FACE('',(#423),#209,.F.);
#4681=ADVANCED_FACE('',(#424),#4458,.F.);
#4682=ADVANCED_FACE('',(#425),#210,.F.);
#4683=ADVANCED_FACE('',(#426),#4459,.F.);
#4684=ADVANCED_FACE('',(#427),#274,.T.);
#4685=ADVANCED_FACE('',(#428),#4460,.T.);
#4686=ADVANCED_FACE('',(#429),#275,.T.);
#4687=ADVANCED_FACE('',(#430),#276,.F.);
#4688=ADVANCED_FACE('',(#431),#4461,.F.);
#4689=ADVANCED_FACE('',(#432),#277,.F.);
#4690=ADVANCED_FACE('',(#433),#211,.T.);
#4691=ADVANCED_FACE('',(#434),#212,.T.);
#4692=ADVANCED_FACE('',(#435),#278,.F.);
#4693=ADVANCED_FACE('',(#436),#4462,.F.);
#4694=ADVANCED_FACE('',(#437),#279,.F.);
#4695=ADVANCED_FACE('',(#438),#280,.F.);
#4696=ADVANCED_FACE('',(#439),#4463,.F.);
#4697=ADVANCED_FACE('',(#440),#281,.F.);
#4698=ADVANCED_FACE('',(#441),#213,.T.);
#4699=ADVANCED_FACE('',(#442),#214,.T.);
#4700=ADVANCED_FACE('',(#443),#282,.F.);
#4701=ADVANCED_FACE('',(#444),#4464,.F.);
#4702=ADVANCED_FACE('',(#445),#283,.F.);
#4703=ADVANCED_FACE('',(#446),#215,.T.);
#4704=ADVANCED_FACE('',(#447),#4465,.T.);
#4705=ADVANCED_FACE('',(#448),#216,.F.);
#4706=ADVANCED_FACE('',(#449),#4466,.T.);
#4707=ADVANCED_FACE('',(#450),#4467,.T.);
#4708=ADVANCED_FACE('',(#451),#217,.F.);
#4709=ADVANCED_FACE('',(#452),#4468,.T.);
#4710=ADVANCED_FACE('',(#453),#4469,.T.);
#4711=ADVANCED_FACE('',(#454),#218,.F.);
#4712=ADVANCED_FACE('',(#455),#4470,.T.);
#4713=ADVANCED_FACE('',(#456),#219,.F.);
#4714=ADVANCED_FACE('',(#457),#4471,.T.);
#4715=ADVANCED_FACE('',(#458),#4472,.T.);
#4716=ADVANCED_FACE('',(#459),#4473,.F.);
#4717=ADVANCED_FACE('',(#460),#4474,.F.);
#4718=ADVANCED_FACE('',(#461),#4475,.F.);
#4719=ADVANCED_FACE('',(#462),#4476,.F.);
#4720=ADVANCED_FACE('',(#463),#220,.T.);
#4721=ADVANCED_FACE('',(#464),#221,.T.);
#4722=ADVANCED_FACE('',(#465),#222,.F.);
#4723=ADVANCED_FACE('',(#466),#223,.F.);
#4724=ADVANCED_FACE('',(#467),#4477,.F.);
#4725=ADVANCED_FACE('',(#468),#224,.F.);
#4726=ADVANCED_FACE('',(#469),#225,.F.);
#4727=ADVANCED_FACE('',(#470),#226,.F.);
#4728=ADVANCED_FACE('',(#471),#227,.F.);
#4729=ADVANCED_FACE('',(#472),#228,.F.);
#4730=ADVANCED_FACE('',(#473),#229,.F.);
#4731=ADVANCED_FACE('',(#474),#4478,.F.);
#4732=ADVANCED_FACE('',(#475),#230,.T.);
#4733=ADVANCED_FACE('',(#476),#231,.T.);
#4734=ADVANCED_FACE('',(#477),#232,.T.);
#4735=ADVANCED_FACE('',(#478),#4479,.T.);
#4736=ADVANCED_FACE('',(#479),#284,.T.);
#4737=ADVANCED_FACE('',(#480),#4480,.T.);
#4738=ADVANCED_FACE('',(#481),#4481,.T.);
#4739=ADVANCED_FACE('',(#482),#4482,.T.);
#4740=ADVANCED_FACE('',(#483),#285,.T.);
#4741=ADVANCED_FACE('',(#484),#4483,.T.);
#4742=ADVANCED_FACE('',(#485),#4484,.T.);
#4743=ADVANCED_FACE('',(#486),#4485,.T.);
#4744=ADVANCED_FACE('',(#487),#4486,.T.);
#4745=ADVANCED_FACE('',(#488),#286,.T.);
#4746=ADVANCED_FACE('',(#489),#4487,.T.);
#4747=ADVANCED_FACE('',(#490),#4488,.T.);
#4748=ADVANCED_FACE('',(#491),#4489,.T.);
#4749=ADVANCED_FACE('',(#492),#4490,.T.);
#4750=ADVANCED_FACE('',(#493),#4491,.T.);
#4751=ADVANCED_FACE('',(#494),#4492,.T.);
#4752=ADVANCED_FACE('',(#495),#287,.T.);
#4753=ADVANCED_FACE('',(#496),#4493,.T.);
#4754=ADVANCED_FACE('',(#497),#4494,.T.);
#4755=ADVANCED_FACE('',(#498),#4495,.T.);
#4756=ADVANCED_FACE('',(#499),#4496,.T.);
#4757=ADVANCED_FACE('',(#500),#4497,.T.);
#4758=ADVANCED_FACE('',(#501),#4498,.T.);
#4759=ADVANCED_FACE('',(#502),#4499,.T.);
#4760=ADVANCED_FACE('',(#503),#4500,.T.);
#4761=ADVANCED_FACE('',(#504),#4501,.T.);
#4762=ADVANCED_FACE('',(#505),#4502,.T.);
#4763=ADVANCED_FACE('',(#506),#288,.T.);
#4764=ADVANCED_FACE('',(#507),#4503,.T.);
#4765=ADVANCED_FACE('',(#508),#4504,.T.);
#4766=ADVANCED_FACE('',(#509),#4505,.T.);
#4767=ADVANCED_FACE('',(#510),#4506,.T.);
#4768=ADVANCED_FACE('',(#511),#4507,.F.);
#4769=ADVANCED_FACE('',(#512),#233,.F.);
#4770=ADVANCED_FACE('',(#513),#234,.F.);
#4771=ADVANCED_FACE('',(#514),#235,.F.);
#4772=ADVANCED_FACE('',(#515),#4508,.F.);
#4773=ADVANCED_FACE('',(#516),#236,.F.);
#4774=ADVANCED_FACE('',(#517),#237,.T.);
#4775=ADVANCED_FACE('',(#518),#238,.T.);
#4776=ADVANCED_FACE('',(#519),#239,.T.);
#4777=ADVANCED_FACE('',(#520),#240,.T.);
#4778=ADVANCED_FACE('',(#521),#241,.T.);
#4779=ADVANCED_FACE('',(#522),#4509,.F.);
#4780=ADVANCED_FACE('',(#523),#242,.F.);
#4781=ADVANCED_FACE('',(#524),#243,.F.);
#4782=ADVANCED_FACE('',(#525),#244,.F.);
#4783=ADVANCED_FACE('',(#526),#245,.F.);
#4784=ADVANCED_FACE('',(#527),#246,.F.);
#4785=ADVANCED_FACE('',(#528),#247,.F.);
#4786=ADVANCED_FACE('',(#529),#248,.F.);
#4787=ADVANCED_FACE('',(#530),#4510,.F.);
#4788=ADVANCED_FACE('',(#531),#289,.T.);
#4789=ADVANCED_FACE('',(#532),#4511,.T.);
#4790=ADVANCED_FACE('',(#533),#4512,.T.);
#4791=ADVANCED_FACE('',(#534),#4513,.T.);
#4792=ADVANCED_FACE('',(#535),#290,.T.);
#4793=ADVANCED_FACE('',(#536),#4514,.T.);
#4794=ADVANCED_FACE('',(#537),#4515,.T.);
#4795=ADVANCED_FACE('',(#538),#291,.T.);
#4796=ADVANCED_FACE('',(#539),#4516,.T.);
#4797=ADVANCED_FACE('',(#540),#4517,.T.);
#4798=ADVANCED_FACE('',(#541),#4518,.T.);
#4799=ADVANCED_FACE('',(#542),#292,.T.);
#4800=ADVANCED_FACE('',(#543),#4519,.T.);
#4801=ADVANCED_FACE('',(#544),#4520,.T.);
#4802=ADVANCED_FACE('',(#545),#4521,.T.);
#4803=ADVANCED_FACE('',(#546),#4522,.T.);
#4804=ADVANCED_FACE('',(#547),#4523,.T.);
#4805=ADVANCED_FACE('',(#548),#293,.T.);
#4806=ADVANCED_FACE('',(#549),#4524,.T.);
#4807=ADVANCED_FACE('',(#550),#4525,.T.);
#4808=ADVANCED_FACE('',(#551),#294,.T.);
#4809=ADVANCED_FACE('',(#552),#4526,.T.);
#4810=ADVANCED_FACE('',(#553),#4527,.T.);
#4811=ADVANCED_FACE('',(#554),#4528,.T.);
#4812=ADVANCED_FACE('',(#555),#4529,.T.);
#4813=ADVANCED_FACE('',(#556),#4530,.T.);
#4814=ADVANCED_FACE('',(#557),#4531,.T.);
#4815=ADVANCED_FACE('',(#558),#4532,.T.);
#4816=ADVANCED_FACE('',(#559),#4533,.T.);
#4817=ADVANCED_FACE('',(#560),#4534,.T.);
#4818=ADVANCED_FACE('',(#561),#4535,.T.);
#4819=ADVANCED_FACE('',(#562),#4536,.T.);
#4820=ADVANCED_FACE('',(#563),#4537,.T.);
#4821=ADVANCED_FACE('',(#564),#4538,.T.);
#4822=ADVANCED_FACE('',(#565),#4539,.T.);
#4823=ADVANCED_FACE('',(#566),#249,.F.);
#4824=ADVANCED_FACE('',(#567),#4540,.T.);
#4825=ADVANCED_FACE('',(#568),#295,.T.);
#4826=ADVANCED_FACE('',(#569),#4541,.F.);
#4827=ADVANCED_FACE('',(#570),#4542,.T.);
#4828=ADVANCED_FACE('',(#571),#296,.T.);
#4829=ADVANCED_FACE('',(#572),#250,.F.);
#4830=ADVANCED_FACE('',(#573),#4543,.T.);
#4831=ADVANCED_FACE('',(#574),#297,.T.);
#4832=ADVANCED_FACE('',(#575),#4544,.F.);
#4833=ADVANCED_FACE('',(#576),#4545,.T.);
#4834=ADVANCED_FACE('',(#577),#298,.T.);
#4835=ADVANCED_FACE('',(#578),#251,.F.);
#4836=ADVANCED_FACE('',(#579),#4546,.T.);
#4837=ADVANCED_FACE('',(#580),#299,.T.);
#4838=ADVANCED_FACE('',(#581),#4547,.F.);
#4839=ADVANCED_FACE('',(#582),#4548,.T.);
#4840=ADVANCED_FACE('',(#583),#300,.T.);
#4841=ADVANCED_FACE('',(#584),#252,.F.);
#4842=ADVANCED_FACE('',(#585),#4549,.T.);
#4843=ADVANCED_FACE('',(#586),#4550,.T.);
#4844=ADVANCED_FACE('',(#587),#301,.T.);
#4845=ADVANCED_FACE('',(#588),#4551,.F.);
#4846=ADVANCED_FACE('',(#589),#302,.T.);
#4847=ADVANCED_FACE('',(#590),#4552,.F.);
#4848=ADVANCED_FACE('',(#591),#4553,.F.);
#4849=ADVANCED_FACE('',(#592),#4554,.F.);
#4850=ADVANCED_FACE('',(#593),#4555,.F.);
#4851=ADVANCED_FACE('',(#594),#4556,.F.);
#4852=ADVANCED_FACE('',(#595),#4557,.F.);
#4853=ADVANCED_FACE('',(#596),#4558,.F.);
#4854=ADVANCED_FACE('',(#597),#4559,.F.);
#4855=CLOSED_SHELL('',(#4560,#4561,#4562,#4563,#4564,#4565,#4566,#4567,
#4568,#4569,#4570,#4571,#4572,#4573,#4574,#4575,#4576,#4577,#4578,#4579,
#4580,#4581,#4582,#4583,#4584,#4585,#4586,#4587,#4588,#4589,#4590,#4591,
#4592,#4593,#4594,#4595,#4596,#4597,#4598,#4599,#4600,#4601,#4602,#4603,
#4604,#4605,#4606,#4607,#4608,#4609,#4610,#4611,#4612,#4613,#4614,#4615,
#4616,#4617,#4618,#4619,#4620,#4621,#4622,#4623,#4624,#4625,#4626,#4627,
#4628,#4629,#4630,#4631,#4632,#4633,#4634,#4635,#4636,#4637,#4638,#4639,
#4640,#4641,#4642,#4643,#4644,#4645,#4646,#4647,#4648,#4649,#4650,#4651,
#4652,#4653,#4654,#4655,#4656,#4657,#4658,#4659,#4660,#4661,#4662,#4663,
#4664,#4665,#4666,#4667,#4668,#4669,#4670,#4671,#4672,#4673,#4674,#4675,
#4676,#4677,#4678,#4679,#4680,#4681,#4682,#4683,#4684,#4685,#4686,#4687,
#4688,#4689,#4690,#4691,#4692,#4693,#4694,#4695,#4696,#4697,#4698,#4699,
#4700,#4701,#4702,#4703,#4704,#4705,#4706,#4707,#4708,#4709,#4710,#4711,
#4712,#4713,#4714,#4715,#4716,#4717,#4718,#4719,#4720,#4721,#4722,#4723,
#4724,#4725,#4726,#4727,#4728,#4729,#4730,#4731,#4732,#4733,#4734,#4735,
#4736,#4737,#4738,#4739,#4740,#4741,#4742,#4743,#4744,#4745,#4746,#4747,
#4748,#4749,#4750,#4751,#4752,#4753,#4754,#4755,#4756,#4757,#4758,#4759,
#4760,#4761,#4762,#4763,#4764,#4765,#4766,#4767,#4768,#4769,#4770,#4771,
#4772,#4773,#4774,#4775,#4776,#4777,#4778,#4779,#4780,#4781,#4782,#4783,
#4784,#4785,#4786,#4787,#4788,#4789,#4790,#4791,#4792,#4793,#4794,#4795,
#4796,#4797,#4798,#4799,#4800,#4801,#4802,#4803,#4804,#4805,#4806,#4807,
#4808,#4809,#4810,#4811,#4812,#4813,#4814,#4815,#4816,#4817,#4818,#4819,
#4820,#4821,#4822,#4823,#4824,#4825,#4826,#4827,#4828,#4829,#4830,#4831,
#4832,#4833,#4834,#4835,#4836,#4837,#4838,#4839,#4840,#4841,#4842,#4843,
#4844,#4845,#4846,#4847,#4848,#4849,#4850,#4851,#4852,#4853,#4854));
#4856=DERIVED_UNIT_ELEMENT(#4858,1.);
#4857=DERIVED_UNIT_ELEMENT(#8866,-3.);
#4858=(
MASS_UNIT()
NAMED_UNIT(*)
SI_UNIT(.KILO.,.GRAM.)
);
#4859=DERIVED_UNIT((#4856,#4857));
#4860=MEASURE_REPRESENTATION_ITEM('density measure',
POSITIVE_RATIO_MEASURE(1060.),#4859);
#4861=PROPERTY_DEFINITION_REPRESENTATION(#4866,#4863);
#4862=PROPERTY_DEFINITION_REPRESENTATION(#4867,#4864);
#4863=REPRESENTATION('material name',(#4865),#8863);
#4864=REPRESENTATION('density',(#4860),#8863);
#4865=DESCRIPTIVE_REPRESENTATION_ITEM('ABS Plastic','ABS Plastic');
#4866=PROPERTY_DEFINITION('material property','material name',#8873);
#4867=PROPERTY_DEFINITION('material property','density of part',#8873);
#4868=AXIS2_PLACEMENT_3D('',#7005,#5459,#5460);
#4869=AXIS2_PLACEMENT_3D('',#7006,#5461,#5462);
#4870=AXIS2_PLACEMENT_3D('',#7009,#5463,#5464);
#4871=AXIS2_PLACEMENT_3D('',#7013,#5466,#5467);
#4872=AXIS2_PLACEMENT_3D('',#7015,#5469,#5470);
#4873=AXIS2_PLACEMENT_3D('',#7018,#5471,#5472);
#4874=AXIS2_PLACEMENT_3D('',#7019,#5473,#5474);
#4875=AXIS2_PLACEMENT_3D('',#7020,#5475,#5476);
#4876=AXIS2_PLACEMENT_3D('',#7021,#5477,#5478);
#4877=AXIS2_PLACEMENT_3D('',#7024,#5479,#5480);
#4878=AXIS2_PLACEMENT_3D('',#7027,#5483,#5484);
#4879=AXIS2_PLACEMENT_3D('',#7028,#5485,#5486);
#4880=AXIS2_PLACEMENT_3D('',#7029,#5487,#5488);
#4881=AXIS2_PLACEMENT_3D('',#7030,#5489,#5490);
#4882=AXIS2_PLACEMENT_3D('',#7034,#5492,#5493);
#4883=AXIS2_PLACEMENT_3D('',#7036,#5495,#5496);
#4884=AXIS2_PLACEMENT_3D('',#7040,#5499,#5500);
#4885=AXIS2_PLACEMENT_3D('',#7047,#5503,#5504);
#4886=AXIS2_PLACEMENT_3D('',#7051,#5506,#5507);
#4887=AXIS2_PLACEMENT_3D('',#7061,#5512,#5513);
#4888=AXIS2_PLACEMENT_3D('',#7075,#5520,#5521);
#4889=AXIS2_PLACEMENT_3D('',#7085,#5526,#5527);
#4890=AXIS2_PLACEMENT_3D('',#7093,#5531,#5532);
#4891=AXIS2_PLACEMENT_3D('',#7107,#5539,#5540);
#4892=AXIS2_PLACEMENT_3D('',#7121,#5547,#5548);
#4893=AXIS2_PLACEMENT_3D('',#7129,#5552,#5553);
#4894=AXIS2_PLACEMENT_3D('',#7159,#5568,#5569);
#4895=AXIS2_PLACEMENT_3D('',#7189,#5573,#5574);
#4896=AXIS2_PLACEMENT_3D('',#7219,#5578,#5579);
#4897=AXIS2_PLACEMENT_3D('',#7246,#5582,#5583);
#4898=AXIS2_PLACEMENT_3D('',#7248,#5584,#5585);
#4899=AXIS2_PLACEMENT_3D('',#7250,#5586,#5587);
#4900=AXIS2_PLACEMENT_3D('',#7252,#5588,#5589);
#4901=AXIS2_PLACEMENT_3D('',#7254,#5590,#5591);
#4902=AXIS2_PLACEMENT_3D('',#7256,#5592,#5593);
#4903=AXIS2_PLACEMENT_3D('',#7258,#5594,#5595);
#4904=AXIS2_PLACEMENT_3D('',#7260,#5596,#5597);
#4905=AXIS2_PLACEMENT_3D('',#7265,#5599,#5600);
#4906=AXIS2_PLACEMENT_3D('',#7292,#5603,#5604);
#4907=AXIS2_PLACEMENT_3D('',#7294,#5605,#5606);
#4908=AXIS2_PLACEMENT_3D('',#7296,#5607,#5608);
#4909=AXIS2_PLACEMENT_3D('',#7298,#5609,#5610);
#4910=AXIS2_PLACEMENT_3D('',#7301,#5611,#5612);
#4911=AXIS2_PLACEMENT_3D('',#7305,#5614,#5615);
#4912=AXIS2_PLACEMENT_3D('',#7316,#5621,#5622);
#4913=AXIS2_PLACEMENT_3D('',#7318,#5623,#5624);
#4914=AXIS2_PLACEMENT_3D('',#7320,#5625,#5626);
#4915=AXIS2_PLACEMENT_3D('',#7322,#5627,#5628);
#4916=AXIS2_PLACEMENT_3D('',#7323,#5629,#5630);
#4917=AXIS2_PLACEMENT_3D('',#7325,#5631,#5632);
#4918=AXIS2_PLACEMENT_3D('',#7327,#5633,#5634);
#4919=AXIS2_PLACEMENT_3D('',#7329,#5635,#5636);
#4920=AXIS2_PLACEMENT_3D('',#7330,#5637,#5638);
#4921=AXIS2_PLACEMENT_3D('',#7331,#5639,#5640);
#4922=AXIS2_PLACEMENT_3D('',#7333,#5641,#5642);
#4923=AXIS2_PLACEMENT_3D('',#7336,#5645,#5646);
#4924=AXIS2_PLACEMENT_3D('',#7338,#5647,#5648);
#4925=AXIS2_PLACEMENT_3D('',#7339,#5649,#5650);
#4926=AXIS2_PLACEMENT_3D('',#7340,#5651,#5652);
#4927=AXIS2_PLACEMENT_3D('',#7342,#5654,#5655);
#4928=AXIS2_PLACEMENT_3D('',#7344,#5657,#5658);
#4929=AXIS2_PLACEMENT_3D('',#7345,#5659,#5660);
#4930=AXIS2_PLACEMENT_3D('',#7352,#5663,#5664);
#4931=AXIS2_PLACEMENT_3D('',#7356,#5666,#5667);
#4932=AXIS2_PLACEMENT_3D('',#7370,#5674,#5675);
#4933=AXIS2_PLACEMENT_3D('',#7384,#5682,#5683);
#4934=AXIS2_PLACEMENT_3D('',#7392,#5687,#5688);
#4935=AXIS2_PLACEMENT_3D('',#7402,#5693,#5694);
#4936=AXIS2_PLACEMENT_3D('',#7416,#5701,#5702);
#4937=AXIS2_PLACEMENT_3D('',#7426,#5707,#5708);
#4938=AXIS2_PLACEMENT_3D('',#7430,#5710,#5711);
#4939=AXIS2_PLACEMENT_3D('',#7452,#5722,#5723);
#4940=AXIS2_PLACEMENT_3D('',#7455,#5725,#5726);
#4941=AXIS2_PLACEMENT_3D('',#7460,#5728,#5729);
#4942=AXIS2_PLACEMENT_3D('',#7490,#5733,#5734);
#4943=AXIS2_PLACEMENT_3D('',#7520,#5738,#5739);
#4944=AXIS2_PLACEMENT_3D('',#7550,#5743,#5744);
#4945=AXIS2_PLACEMENT_3D('',#7577,#5747,#5748);
#4946=AXIS2_PLACEMENT_3D('',#7579,#5749,#5750);
#4947=AXIS2_PLACEMENT_3D('',#7581,#5751,#5752);
#4948=AXIS2_PLACEMENT_3D('',#7583,#5753,#5754);
#4949=AXIS2_PLACEMENT_3D('',#7585,#5755,#5756);
#4950=AXIS2_PLACEMENT_3D('',#7587,#5757,#5758);
#4951=AXIS2_PLACEMENT_3D('',#7589,#5759,#5760);
#4952=AXIS2_PLACEMENT_3D('',#7591,#5761,#5762);
#4953=AXIS2_PLACEMENT_3D('',#7593,#5763,#5764);
#4954=AXIS2_PLACEMENT_3D('',#7595,#5765,#5766);
#4955=AXIS2_PLACEMENT_3D('',#7597,#5767,#5768);
#4956=AXIS2_PLACEMENT_3D('',#7599,#5769,#5770);
#4957=AXIS2_PLACEMENT_3D('',#7617,#5779,#5780);
#4958=AXIS2_PLACEMENT_3D('',#7619,#5781,#5782);
#4959=AXIS2_PLACEMENT_3D('',#7621,#5783,#5784);
#4960=AXIS2_PLACEMENT_3D('',#7623,#5785,#5786);
#4961=AXIS2_PLACEMENT_3D('',#7624,#5787,#5788);
#4962=AXIS2_PLACEMENT_3D('',#7626,#5790,#5791);
#4963=AXIS2_PLACEMENT_3D('',#7628,#5793,#5794);
#4964=AXIS2_PLACEMENT_3D('',#7630,#5796,#5797);
#4965=AXIS2_PLACEMENT_3D('',#7632,#5799,#5800);
#4966=AXIS2_PLACEMENT_3D('',#7636,#5802,#5803);
#4967=AXIS2_PLACEMENT_3D('',#7637,#5804,#5805);
#4968=AXIS2_PLACEMENT_3D('',#7638,#5806,#5807);
#4969=AXIS2_PLACEMENT_3D('',#7641,#5809,#5810);
#4970=AXIS2_PLACEMENT_3D('',#7642,#5811,#5812);
#4971=AXIS2_PLACEMENT_3D('',#7645,#5814,#5815);
#4972=AXIS2_PLACEMENT_3D('',#7646,#5816,#5817);
#4973=AXIS2_PLACEMENT_3D('',#7648,#5819,#5820);
#4974=AXIS2_PLACEMENT_3D('',#7654,#5824,#5825);
#4975=AXIS2_PLACEMENT_3D('',#7658,#5828,#5829);
#4976=AXIS2_PLACEMENT_3D('',#7660,#5830,#5831);
#4977=AXIS2_PLACEMENT_3D('',#7663,#5833,#5834);
#4978=AXIS2_PLACEMENT_3D('',#7664,#5835,#5836);
#4979=AXIS2_PLACEMENT_3D('',#7668,#5838,#5839);
#4980=AXIS2_PLACEMENT_3D('',#7669,#5840,#5841);
#4981=AXIS2_PLACEMENT_3D('',#7670,#5842,#5843);
#4982=AXIS2_PLACEMENT_3D('',#7672,#5845,#5846);
#4983=AXIS2_PLACEMENT_3D('',#7674,#5848,#5849);
#4984=AXIS2_PLACEMENT_3D('',#7680,#5853,#5854);
#4985=AXIS2_PLACEMENT_3D('',#7684,#5857,#5858);
#4986=AXIS2_PLACEMENT_3D('',#7686,#5859,#5860);
#4987=AXIS2_PLACEMENT_3D('',#7689,#5862,#5863);
#4988=AXIS2_PLACEMENT_3D('',#7690,#5864,#5865);
#4989=AXIS2_PLACEMENT_3D('',#7693,#5867,#5868);
#4990=AXIS2_PLACEMENT_3D('',#7694,#5869,#5870);
#4991=AXIS2_PLACEMENT_3D('',#7697,#5872,#5873);
#4992=AXIS2_PLACEMENT_3D('',#7698,#5874,#5875);
#4993=AXIS2_PLACEMENT_3D('',#7700,#5877,#5878);
#4994=AXIS2_PLACEMENT_3D('',#7706,#5882,#5883);
#4995=AXIS2_PLACEMENT_3D('',#7710,#5886,#5887);
#4996=AXIS2_PLACEMENT_3D('',#7714,#5889,#5890);
#4997=AXIS2_PLACEMENT_3D('',#7715,#5891,#5892);
#4998=AXIS2_PLACEMENT_3D('',#7716,#5893,#5894);
#4999=AXIS2_PLACEMENT_3D('',#7718,#5895,#5896);
#5000=AXIS2_PLACEMENT_3D('',#7721,#5898,#5899);
#5001=AXIS2_PLACEMENT_3D('',#7722,#5900,#5901);
#5002=AXIS2_PLACEMENT_3D('',#7724,#5903,#5904);
#5003=AXIS2_PLACEMENT_3D('',#7730,#5908,#5909);
#5004=AXIS2_PLACEMENT_3D('',#7734,#5912,#5913);
#5005=AXIS2_PLACEMENT_3D('',#7738,#5916,#5917);
#5006=AXIS2_PLACEMENT_3D('',#7739,#5918,#5919);
#5007=AXIS2_PLACEMENT_3D('',#7742,#5921,#5922);
#5008=AXIS2_PLACEMENT_3D('',#7743,#5923,#5924);
#5009=AXIS2_PLACEMENT_3D('',#7744,#5925,#5926);
#5010=AXIS2_PLACEMENT_3D('',#7745,#5927,#5928);
#5011=AXIS2_PLACEMENT_3D('',#7747,#5930,#5931);
#5012=AXIS2_PLACEMENT_3D('',#7748,#5932,#5933);
#5013=AXIS2_PLACEMENT_3D('',#7749,#5934,#5935);
#5014=AXIS2_PLACEMENT_3D('',#7751,#5937,#5938);
#5015=AXIS2_PLACEMENT_3D('',#7752,#5939,#5940);
#5016=AXIS2_PLACEMENT_3D('',#7754,#5941,#5942);
#5017=AXIS2_PLACEMENT_3D('',#7756,#5944,#5945);
#5018=AXIS2_PLACEMENT_3D('',#7757,#5946,#5947);
#5019=AXIS2_PLACEMENT_3D('',#7758,#5948,#5949);
#5020=AXIS2_PLACEMENT_3D('',#7759,#5950,#5951);
#5021=AXIS2_PLACEMENT_3D('',#7760,#5952,#5953);
#5022=AXIS2_PLACEMENT_3D('',#7761,#5954,#5955);
#5023=AXIS2_PLACEMENT_3D('',#7763,#5957,#5958);
#5024=AXIS2_PLACEMENT_3D('',#7765,#5960,#5961);
#5025=AXIS2_PLACEMENT_3D('',#7766,#5962,#5963);
#5026=AXIS2_PLACEMENT_3D('',#7767,#5964,#5965);
#5027=AXIS2_PLACEMENT_3D('',#7768,#5966,#5967);
#5028=AXIS2_PLACEMENT_3D('',#7769,#5968,#5969);
#5029=AXIS2_PLACEMENT_3D('',#7771,#5971,#5972);
#5030=AXIS2_PLACEMENT_3D('',#7772,#5973,#5974);
#5031=AXIS2_PLACEMENT_3D('',#7773,#5975,#5976);
#5032=AXIS2_PLACEMENT_3D('',#7774,#5977,#5978);
#5033=AXIS2_PLACEMENT_3D('',#7776,#5979,#5980);
#5034=AXIS2_PLACEMENT_3D('',#7778,#5982,#5983);
#5035=AXIS2_PLACEMENT_3D('',#7779,#5984,#5985);
#5036=AXIS2_PLACEMENT_3D('',#7780,#5986,#5987);
#5037=AXIS2_PLACEMENT_3D('',#7781,#5988,#5989);
#5038=AXIS2_PLACEMENT_3D('',#7782,#5990,#5991);
#5039=AXIS2_PLACEMENT_3D('',#7783,#5992,#5993);
#5040=AXIS2_PLACEMENT_3D('',#7785,#5995,#5996);
#5041=AXIS2_PLACEMENT_3D('',#7787,#5998,#5999);
#5042=AXIS2_PLACEMENT_3D('',#7789,#6000,#6001);
#5043=AXIS2_PLACEMENT_3D('',#7791,#6002,#6003);
#5044=AXIS2_PLACEMENT_3D('',#7792,#6004,#6005);
#5045=AXIS2_PLACEMENT_3D('',#7793,#6006,#6007);
#5046=AXIS2_PLACEMENT_3D('',#7795,#6008,#6009);
#5047=AXIS2_PLACEMENT_3D('',#7797,#6011,#6012);
#5048=AXIS2_PLACEMENT_3D('',#7799,#6013,#6014);
#5049=AXIS2_PLACEMENT_3D('',#7800,#6015,#6016);
#5050=AXIS2_PLACEMENT_3D('',#7801,#6017,#6018);
#5051=AXIS2_PLACEMENT_3D('',#7803,#6020,#6021);
#5052=AXIS2_PLACEMENT_3D('',#7809,#6025,#6026);
#5053=AXIS2_PLACEMENT_3D('',#7812,#6028,#6029);
#5054=AXIS2_PLACEMENT_3D('',#7813,#6030,#6031);
#5055=AXIS2_PLACEMENT_3D('',#7814,#6032,#6033);
#5056=AXIS2_PLACEMENT_3D('',#7815,#6034,#6035);
#5057=AXIS2_PLACEMENT_3D('',#7816,#6036,#6037);
#5058=AXIS2_PLACEMENT_3D('',#7817,#6038,#6039);
#5059=AXIS2_PLACEMENT_3D('',#7818,#6040,#6041);
#5060=AXIS2_PLACEMENT_3D('',#7820,#6042,#6043);
#5061=AXIS2_PLACEMENT_3D('',#7822,#6045,#6046);
#5062=AXIS2_PLACEMENT_3D('',#7823,#6047,#6048);
#5063=AXIS2_PLACEMENT_3D('',#7824,#6049,#6050);
#5064=AXIS2_PLACEMENT_3D('',#7826,#6052,#6053);
#5065=AXIS2_PLACEMENT_3D('',#7827,#6054,#6055);
#5066=AXIS2_PLACEMENT_3D('',#7828,#6056,#6057);
#5067=AXIS2_PLACEMENT_3D('',#7829,#6058,#6059);
#5068=AXIS2_PLACEMENT_3D('',#7830,#6060,#6061);
#5069=AXIS2_PLACEMENT_3D('',#7833,#6062,#6063);
#5070=AXIS2_PLACEMENT_3D('',#7834,#6064,#6065);
#5071=AXIS2_PLACEMENT_3D('',#7835,#6066,#6067);
#5072=AXIS2_PLACEMENT_3D('',#7836,#6068,#6069);
#5073=AXIS2_PLACEMENT_3D('',#7840,#6071,#6072);
#5074=AXIS2_PLACEMENT_3D('',#7842,#6074,#6075);
#5075=AXIS2_PLACEMENT_3D('',#7843,#6076,#6077);
#5076=AXIS2_PLACEMENT_3D('',#7844,#6078,#6079);
#5077=AXIS2_PLACEMENT_3D('',#7845,#6080,#6081);
#5078=AXIS2_PLACEMENT_3D('',#7846,#6082,#6083);
#5079=AXIS2_PLACEMENT_3D('',#7847,#6084,#6085);
#5080=AXIS2_PLACEMENT_3D('',#7848,#6086,#6087);
#5081=AXIS2_PLACEMENT_3D('',#7849,#6088,#6089);
#5082=AXIS2_PLACEMENT_3D('',#7851,#6090,#6091);
#5083=AXIS2_PLACEMENT_3D('',#7852,#6092,#6093);
#5084=AXIS2_PLACEMENT_3D('',#7853,#6094,#6095);
#5085=AXIS2_PLACEMENT_3D('',#7855,#6096,#6097);
#5086=AXIS2_PLACEMENT_3D('',#7857,#6099,#6100);
#5087=AXIS2_PLACEMENT_3D('',#7858,#6101,#6102);
#5088=AXIS2_PLACEMENT_3D('',#7859,#6103,#6104);
#5089=AXIS2_PLACEMENT_3D('',#7862,#6105,#6106);
#5090=AXIS2_PLACEMENT_3D('',#7863,#6107,#6108);
#5091=AXIS2_PLACEMENT_3D('',#7864,#6109,#6110);
#5092=AXIS2_PLACEMENT_3D('',#7865,#6111,#6112);
#5093=AXIS2_PLACEMENT_3D('',#7869,#6114,#6115);
#5094=AXIS2_PLACEMENT_3D('',#7871,#6117,#6118);
#5095=AXIS2_PLACEMENT_3D('',#7872,#6119,#6120);
#5096=AXIS2_PLACEMENT_3D('',#7873,#6121,#6122);
#5097=AXIS2_PLACEMENT_3D('',#7874,#6123,#6124);
#5098=AXIS2_PLACEMENT_3D('',#7875,#6125,#6126);
#5099=AXIS2_PLACEMENT_3D('',#7876,#6127,#6128);
#5100=AXIS2_PLACEMENT_3D('',#7877,#6129,#6130);
#5101=AXIS2_PLACEMENT_3D('',#7878,#6131,#6132);
#5102=AXIS2_PLACEMENT_3D('',#7880,#6133,#6134);
#5103=AXIS2_PLACEMENT_3D('',#7881,#6135,#6136);
#5104=AXIS2_PLACEMENT_3D('',#7882,#6137,#6138);
#5105=AXIS2_PLACEMENT_3D('',#7884,#6139,#6140);
#5106=AXIS2_PLACEMENT_3D('',#7886,#6142,#6143);
#5107=AXIS2_PLACEMENT_3D('',#7887,#6144,#6145);
#5108=AXIS2_PLACEMENT_3D('',#7888,#6146,#6147);
#5109=AXIS2_PLACEMENT_3D('',#7891,#6148,#6149);
#5110=AXIS2_PLACEMENT_3D('',#7895,#6151,#6152);
#5111=AXIS2_PLACEMENT_3D('',#7897,#6154,#6155);
#5112=AXIS2_PLACEMENT_3D('',#7898,#6156,#6157);
#5113=AXIS2_PLACEMENT_3D('',#7901,#6159,#6160);
#5114=AXIS2_PLACEMENT_3D('',#7902,#6161,#6162);
#5115=AXIS2_PLACEMENT_3D('',#7903,#6163,#6164);
#5116=AXIS2_PLACEMENT_3D('',#7904,#6165,#6166);
#5117=AXIS2_PLACEMENT_3D('',#7906,#6167,#6168);
#5118=AXIS2_PLACEMENT_3D('',#7910,#6170,#6171);
#5119=AXIS2_PLACEMENT_3D('',#7912,#6173,#6174);
#5120=AXIS2_PLACEMENT_3D('',#7913,#6175,#6176);
#5121=AXIS2_PLACEMENT_3D('',#7914,#6177,#6178);
#5122=AXIS2_PLACEMENT_3D('',#7915,#6179,#6180);
#5123=AXIS2_PLACEMENT_3D('',#7917,#6182,#6183);
#5124=AXIS2_PLACEMENT_3D('',#7918,#6184,#6185);
#5125=AXIS2_PLACEMENT_3D('',#7919,#6186,#6187);
#5126=AXIS2_PLACEMENT_3D('',#7920,#6188,#6189);
#5127=AXIS2_PLACEMENT_3D('',#7921,#6190,#6191);
#5128=AXIS2_PLACEMENT_3D('',#7922,#6192,#6193);
#5129=AXIS2_PLACEMENT_3D('',#7925,#6195,#6196);
#5130=AXIS2_PLACEMENT_3D('',#7926,#6197,#6198);
#5131=AXIS2_PLACEMENT_3D('',#7930,#6201,#6202);
#5132=AXIS2_PLACEMENT_3D('',#7931,#6203,#6204);
#5133=AXIS2_PLACEMENT_3D('',#7932,#6205,#6206);
#5134=AXIS2_PLACEMENT_3D('',#7933,#6207,#6208);
#5135=AXIS2_PLACEMENT_3D('',#7936,#6210,#6211);
#5136=AXIS2_PLACEMENT_3D('',#7937,#6212,#6213);
#5137=AXIS2_PLACEMENT_3D('',#7939,#6214,#6215);
#5138=AXIS2_PLACEMENT_3D('',#7940,#6216,#6217);
#5139=AXIS2_PLACEMENT_3D('',#7941,#6218,#6219);
#5140=AXIS2_PLACEMENT_3D('',#7943,#6220,#6221);
#5141=AXIS2_PLACEMENT_3D('',#7945,#6223,#6224);
#5142=AXIS2_PLACEMENT_3D('',#7964,#6225,#6226);
#5143=AXIS2_PLACEMENT_3D('',#7969,#6227,#6228);
#5144=AXIS2_PLACEMENT_3D('',#7972,#6230,#6231);
#5145=AXIS2_PLACEMENT_3D('',#7973,#6232,#6233);
#5146=AXIS2_PLACEMENT_3D('',#7975,#6234,#6235);
#5147=AXIS2_PLACEMENT_3D('',#7977,#6237,#6238);
#5148=AXIS2_PLACEMENT_3D('',#8000,#6239,#6240);
#5149=AXIS2_PLACEMENT_3D('',#8010,#6241,#6242);
#5150=AXIS2_PLACEMENT_3D('',#8013,#6245,#6246);
#5151=AXIS2_PLACEMENT_3D('',#8017,#6249,#6250);
#5152=AXIS2_PLACEMENT_3D('',#8025,#6252,#6253);
#5153=AXIS2_PLACEMENT_3D('',#8026,#6254,#6255);
#5154=AXIS2_PLACEMENT_3D('',#8027,#6256,#6257);
#5155=AXIS2_PLACEMENT_3D('',#8028,#6258,#6259);
#5156=AXIS2_PLACEMENT_3D('',#8029,#6260,#6261);
#5157=AXIS2_PLACEMENT_3D('',#8031,#6262,#6263);
#5158=AXIS2_PLACEMENT_3D('',#8032,#6264,#6265);
#5159=AXIS2_PLACEMENT_3D('',#8033,#6266,#6267);
#5160=AXIS2_PLACEMENT_3D('',#8035,#6268,#6269);
#5161=AXIS2_PLACEMENT_3D('',#8037,#6271,#6272);
#5162=AXIS2_PLACEMENT_3D('',#8056,#6273,#6274);
#5163=AXIS2_PLACEMENT_3D('',#8061,#6275,#6276);
#5164=AXIS2_PLACEMENT_3D('',#8074,#6281,#6282);
#5165=AXIS2_PLACEMENT_3D('',#8077,#6284,#6285);
#5166=AXIS2_PLACEMENT_3D('',#8078,#6286,#6287);
#5167=AXIS2_PLACEMENT_3D('',#8082,#6290,#6291);
#5168=AXIS2_PLACEMENT_3D('',#8083,#6292,#6293);
#5169=AXIS2_PLACEMENT_3D('',#8084,#6294,#6295);
#5170=AXIS2_PLACEMENT_3D('',#8085,#6296,#6297);
#5171=AXIS2_PLACEMENT_3D('',#8086,#6298,#6299);
#5172=AXIS2_PLACEMENT_3D('',#8087,#6300,#6301);
#5173=AXIS2_PLACEMENT_3D('',#8088,#6302,#6303);
#5174=AXIS2_PLACEMENT_3D('',#8105,#6304,#6305);
#5175=AXIS2_PLACEMENT_3D('',#8108,#6306,#6307);
#5176=AXIS2_PLACEMENT_3D('',#8109,#6308,#6309);
#5177=AXIS2_PLACEMENT_3D('',#8110,#6310,#6311);
#5178=AXIS2_PLACEMENT_3D('',#8111,#6312,#6313);
#5179=AXIS2_PLACEMENT_3D('',#8115,#6315,#6316);
#5180=AXIS2_PLACEMENT_3D('',#8117,#6318,#6319);
#5181=AXIS2_PLACEMENT_3D('',#8118,#6320,#6321);
#5182=AXIS2_PLACEMENT_3D('',#8119,#6322,#6323);
#5183=AXIS2_PLACEMENT_3D('',#8120,#6324,#6325);
#5184=AXIS2_PLACEMENT_3D('',#8121,#6326,#6327);
#5185=AXIS2_PLACEMENT_3D('',#8122,#6328,#6329);
#5186=AXIS2_PLACEMENT_3D('',#8123,#6330,#6331);
#5187=AXIS2_PLACEMENT_3D('',#8124,#6332,#6333);
#5188=AXIS2_PLACEMENT_3D('',#8126,#6334,#6335);
#5189=AXIS2_PLACEMENT_3D('',#8127,#6336,#6337);
#5190=AXIS2_PLACEMENT_3D('',#8128,#6338,#6339);
#5191=AXIS2_PLACEMENT_3D('',#8130,#6340,#6341);
#5192=AXIS2_PLACEMENT_3D('',#8132,#6343,#6344);
#5193=AXIS2_PLACEMENT_3D('',#8133,#6345,#6346);
#5194=AXIS2_PLACEMENT_3D('',#8134,#6347,#6348);
#5195=AXIS2_PLACEMENT_3D('',#8137,#6349,#6350);
#5196=AXIS2_PLACEMENT_3D('',#8138,#6351,#6352);
#5197=AXIS2_PLACEMENT_3D('',#8139,#6353,#6354);
#5198=AXIS2_PLACEMENT_3D('',#8140,#6355,#6356);
#5199=AXIS2_PLACEMENT_3D('',#8144,#6358,#6359);
#5200=AXIS2_PLACEMENT_3D('',#8146,#6361,#6362);
#5201=AXIS2_PLACEMENT_3D('',#8147,#6363,#6364);
#5202=AXIS2_PLACEMENT_3D('',#8148,#6365,#6366);
#5203=AXIS2_PLACEMENT_3D('',#8149,#6367,#6368);
#5204=AXIS2_PLACEMENT_3D('',#8150,#6369,#6370);
#5205=AXIS2_PLACEMENT_3D('',#8151,#6371,#6372);
#5206=AXIS2_PLACEMENT_3D('',#8152,#6373,#6374);
#5207=AXIS2_PLACEMENT_3D('',#8153,#6375,#6376);
#5208=AXIS2_PLACEMENT_3D('',#8155,#6377,#6378);
#5209=AXIS2_PLACEMENT_3D('',#8156,#6379,#6380);
#5210=AXIS2_PLACEMENT_3D('',#8157,#6381,#6382);
#5211=AXIS2_PLACEMENT_3D('',#8159,#6383,#6384);
#5212=AXIS2_PLACEMENT_3D('',#8161,#6386,#6387);
#5213=AXIS2_PLACEMENT_3D('',#8162,#6388,#6389);
#5214=AXIS2_PLACEMENT_3D('',#8163,#6390,#6391);
#5215=AXIS2_PLACEMENT_3D('',#8164,#6392,#6393);
#5216=AXIS2_PLACEMENT_3D('',#8166,#6394,#6395);
#5217=AXIS2_PLACEMENT_3D('',#8168,#6397,#6398);
#5218=AXIS2_PLACEMENT_3D('',#8174,#6402,#6403);
#5219=AXIS2_PLACEMENT_3D('',#8175,#6404,#6405);
#5220=AXIS2_PLACEMENT_3D('',#8176,#6406,#6407);
#5221=AXIS2_PLACEMENT_3D('',#8178,#6408,#6409);
#5222=AXIS2_PLACEMENT_3D('',#8180,#6411,#6412);
#5223=AXIS2_PLACEMENT_3D('',#8186,#6416,#6417);
#5224=AXIS2_PLACEMENT_3D('',#8187,#6418,#6419);
#5225=AXIS2_PLACEMENT_3D('',#8188,#6420,#6421);
#5226=AXIS2_PLACEMENT_3D('',#8190,#6422,#6423);
#5227=AXIS2_PLACEMENT_3D('',#8192,#6425,#6426);
#5228=AXIS2_PLACEMENT_3D('',#8198,#6430,#6431);
#5229=AXIS2_PLACEMENT_3D('',#8199,#6432,#6433);
#5230=AXIS2_PLACEMENT_3D('',#8200,#6434,#6435);
#5231=AXIS2_PLACEMENT_3D('',#8206,#6439,#6440);
#5232=AXIS2_PLACEMENT_3D('',#8207,#6441,#6442);
#5233=AXIS2_PLACEMENT_3D('',#8208,#6443,#6444);
#5234=AXIS2_PLACEMENT_3D('',#8211,#6446,#6447);
#5235=AXIS2_PLACEMENT_3D('',#8212,#6448,#6449);
#5236=AXIS2_PLACEMENT_3D('',#8214,#6451,#6452);
#5237=AXIS2_PLACEMENT_3D('',#8216,#6454,#6455);
#5238=AXIS2_PLACEMENT_3D('',#8218,#6457,#6458);
#5239=AXIS2_PLACEMENT_3D('',#8220,#6460,#6461);
#5240=AXIS2_PLACEMENT_3D('',#8229,#6466,#6467);
#5241=AXIS2_PLACEMENT_3D('',#8238,#6472,#6473);
#5242=AXIS2_PLACEMENT_3D('',#8241,#6476,#6477);
#5243=AXIS2_PLACEMENT_3D('',#8247,#6481,#6482);
#5244=AXIS2_PLACEMENT_3D('',#8249,#6483,#6484);
#5245=AXIS2_PLACEMENT_3D('',#8252,#6486,#6487);
#5246=AXIS2_PLACEMENT_3D('',#8253,#6488,#6489);
#5247=AXIS2_PLACEMENT_3D('',#8259,#6493,#6494);
#5248=AXIS2_PLACEMENT_3D('',#8265,#6498,#6499);
#5249=AXIS2_PLACEMENT_3D('',#8271,#6503,#6504);
#5250=AXIS2_PLACEMENT_3D('',#8277,#6508,#6509);
#5251=AXIS2_PLACEMENT_3D('',#8283,#6513,#6514);
#5252=AXIS2_PLACEMENT_3D('',#8289,#6518,#6519);
#5253=AXIS2_PLACEMENT_3D('',#8291,#6520,#6521);
#5254=AXIS2_PLACEMENT_3D('',#8294,#6523,#6524);
#5255=AXIS2_PLACEMENT_3D('',#8295,#6525,#6526);
#5256=AXIS2_PLACEMENT_3D('',#8301,#6530,#6531);
#5257=AXIS2_PLACEMENT_3D('',#8307,#6535,#6536);
#5258=AXIS2_PLACEMENT_3D('',#8310,#6539,#6540);
#5259=AXIS2_PLACEMENT_3D('',#8312,#6541,#6542);
#5260=AXIS2_PLACEMENT_3D('',#8315,#6544,#6545);
#5261=AXIS2_PLACEMENT_3D('',#8316,#6546,#6547);
#5262=AXIS2_PLACEMENT_3D('',#8318,#6548,#6549);
#5263=AXIS2_PLACEMENT_3D('',#8319,#6550,#6551);
#5264=AXIS2_PLACEMENT_3D('',#8320,#6552,#6553);
#5265=AXIS2_PLACEMENT_3D('',#8323,#6555,#6556);
#5266=AXIS2_PLACEMENT_3D('',#8324,#6557,#6558);
#5267=AXIS2_PLACEMENT_3D('',#8350,#6560,#6561);
#5268=AXIS2_PLACEMENT_3D('',#8351,#6562,#6563);
#5269=AXIS2_PLACEMENT_3D('',#8355,#6565,#6566);
#5270=AXIS2_PLACEMENT_3D('',#8356,#6567,#6568);
#5271=AXIS2_PLACEMENT_3D('',#8357,#6569,#6570);
#5272=AXIS2_PLACEMENT_3D('',#8359,#6571,#6572);
#5273=AXIS2_PLACEMENT_3D('',#8360,#6573,#6574);
#5274=AXIS2_PLACEMENT_3D('',#8373,#6575,#6576);
#5275=AXIS2_PLACEMENT_3D('',#8374,#6577,#6578);
#5276=AXIS2_PLACEMENT_3D('',#8375,#6579,#6580);
#5277=AXIS2_PLACEMENT_3D('',#8376,#6581,#6582);
#5278=AXIS2_PLACEMENT_3D('',#8377,#6583,#6584);
#5279=AXIS2_PLACEMENT_3D('',#8400,#6585,#6586);
#5280=AXIS2_PLACEMENT_3D('',#8401,#6587,#6588);
#5281=AXIS2_PLACEMENT_3D('',#8402,#6589,#6590);
#5282=AXIS2_PLACEMENT_3D('',#8403,#6591,#6592);
#5283=AXIS2_PLACEMENT_3D('',#8404,#6593,#6594);
#5284=AXIS2_PLACEMENT_3D('',#8405,#6595,#6596);
#5285=AXIS2_PLACEMENT_3D('',#8406,#6597,#6598);
#5286=AXIS2_PLACEMENT_3D('',#8429,#6599,#6600);
#5287=AXIS2_PLACEMENT_3D('',#8430,#6601,#6602);
#5288=AXIS2_PLACEMENT_3D('',#8431,#6603,#6604);
#5289=AXIS2_PLACEMENT_3D('',#8432,#6605,#6606);
#5290=AXIS2_PLACEMENT_3D('',#8433,#6607,#6608);
#5291=AXIS2_PLACEMENT_3D('',#8434,#6609,#6610);
#5292=AXIS2_PLACEMENT_3D('',#8435,#6611,#6612);
#5293=AXIS2_PLACEMENT_3D('',#8436,#6613,#6614);
#5294=AXIS2_PLACEMENT_3D('',#8437,#6615,#6616);
#5295=AXIS2_PLACEMENT_3D('',#8438,#6617,#6618);
#5296=AXIS2_PLACEMENT_3D('',#8439,#6619,#6620);
#5297=AXIS2_PLACEMENT_3D('',#8462,#6621,#6622);
#5298=AXIS2_PLACEMENT_3D('',#8463,#6623,#6624);
#5299=AXIS2_PLACEMENT_3D('',#8464,#6625,#6626);
#5300=AXIS2_PLACEMENT_3D('',#8465,#6627,#6628);
#5301=AXIS2_PLACEMENT_3D('',#8490,#6630,#6631);
#5302=AXIS2_PLACEMENT_3D('',#8493,#6633,#6634);
#5303=AXIS2_PLACEMENT_3D('',#8494,#6635,#6636);
#5304=AXIS2_PLACEMENT_3D('',#8497,#6638,#6639);
#5305=AXIS2_PLACEMENT_3D('',#8498,#6640,#6641);
#5306=AXIS2_PLACEMENT_3D('',#8500,#6642,#6643);
#5307=AXIS2_PLACEMENT_3D('',#8503,#6645,#6646);
#5308=AXIS2_PLACEMENT_3D('',#8504,#6647,#6648);
#5309=AXIS2_PLACEMENT_3D('',#8505,#6649,#6650);
#5310=AXIS2_PLACEMENT_3D('',#8506,#6651,#6652);
#5311=AXIS2_PLACEMENT_3D('',#8508,#6654,#6655);
#5312=AXIS2_PLACEMENT_3D('',#8510,#6656,#6657);
#5313=AXIS2_PLACEMENT_3D('',#8512,#6659,#6660);
#5314=AXIS2_PLACEMENT_3D('',#8514,#6661,#6662);
#5315=AXIS2_PLACEMENT_3D('',#8515,#6663,#6664);
#5316=AXIS2_PLACEMENT_3D('',#8516,#6665,#6666);
#5317=AXIS2_PLACEMENT_3D('',#8518,#6668,#6669);
#5318=AXIS2_PLACEMENT_3D('',#8521,#6671,#6672);
#5319=AXIS2_PLACEMENT_3D('',#8522,#6673,#6674);
#5320=AXIS2_PLACEMENT_3D('',#8524,#6676,#6677);
#5321=AXIS2_PLACEMENT_3D('',#8526,#6678,#6679);
#5322=AXIS2_PLACEMENT_3D('',#8528,#6681,#6682);
#5323=AXIS2_PLACEMENT_3D('',#8530,#6683,#6684);
#5324=AXIS2_PLACEMENT_3D('',#8532,#6686,#6687);
#5325=AXIS2_PLACEMENT_3D('',#8536,#6690,#6691);
#5326=AXIS2_PLACEMENT_3D('',#8540,#6694,#6695);
#5327=AXIS2_PLACEMENT_3D('',#8544,#6698,#6699);
#5328=AXIS2_PLACEMENT_3D('',#8546,#6700,#6701);
#5329=AXIS2_PLACEMENT_3D('',#8548,#6703,#6704);
#5330=AXIS2_PLACEMENT_3D('',#8552,#6707,#6708);
#5331=AXIS2_PLACEMENT_3D('',#8556,#6711,#6712);
#5332=AXIS2_PLACEMENT_3D('',#8560,#6715,#6716);
#5333=AXIS2_PLACEMENT_3D('',#8564,#6719,#6720);
#5334=AXIS2_PLACEMENT_3D('',#8568,#6723,#6724);
#5335=AXIS2_PLACEMENT_3D('',#8572,#6727,#6728);
#5336=AXIS2_PLACEMENT_3D('',#8574,#6729,#6730);
#5337=AXIS2_PLACEMENT_3D('',#8576,#6732,#6733);
#5338=AXIS2_PLACEMENT_3D('',#8580,#6736,#6737);
#5339=AXIS2_PLACEMENT_3D('',#8583,#6738,#6739);
#5340=AXIS2_PLACEMENT_3D('',#8584,#6740,#6741);
#5341=AXIS2_PLACEMENT_3D('',#8586,#6743,#6744);
#5342=AXIS2_PLACEMENT_3D('',#8590,#6747,#6748);
#5343=AXIS2_PLACEMENT_3D('',#8594,#6751,#6752);
#5344=AXIS2_PLACEMENT_3D('',#8598,#6755,#6756);
#5345=AXIS2_PLACEMENT_3D('',#8602,#6759,#6760);
#5346=AXIS2_PLACEMENT_3D('',#8606,#6763,#6764);
#5347=AXIS2_PLACEMENT_3D('',#8607,#6765,#6766);
#5348=AXIS2_PLACEMENT_3D('',#8608,#6767,#6768);
#5349=AXIS2_PLACEMENT_3D('',#8609,#6769,#6770);
#5350=AXIS2_PLACEMENT_3D('',#8610,#6771,#6772);
#5351=AXIS2_PLACEMENT_3D('',#8611,#6773,#6774);
#5352=AXIS2_PLACEMENT_3D('',#8612,#6775,#6776);
#5353=AXIS2_PLACEMENT_3D('',#8613,#6777,#6778);
#5354=AXIS2_PLACEMENT_3D('',#8636,#6779,#6780);
#5355=AXIS2_PLACEMENT_3D('',#8637,#6781,#6782);
#5356=AXIS2_PLACEMENT_3D('',#8638,#6783,#6784);
#5357=AXIS2_PLACEMENT_3D('',#8639,#6785,#6786);
#5358=AXIS2_PLACEMENT_3D('',#8640,#6787,#6788);
#5359=AXIS2_PLACEMENT_3D('',#8641,#6789,#6790);
#5360=AXIS2_PLACEMENT_3D('',#8642,#6791,#6792);
#5361=AXIS2_PLACEMENT_3D('',#8655,#6793,#6794);
#5362=AXIS2_PLACEMENT_3D('',#8656,#6795,#6796);
#5363=AXIS2_PLACEMENT_3D('',#8657,#6797,#6798);
#5364=AXIS2_PLACEMENT_3D('',#8658,#6799,#6800);
#5365=AXIS2_PLACEMENT_3D('',#8659,#6801,#6802);
#5366=AXIS2_PLACEMENT_3D('',#8660,#6803,#6804);
#5367=AXIS2_PLACEMENT_3D('',#8661,#6805,#6806);
#5368=AXIS2_PLACEMENT_3D('',#8662,#6807,#6808);
#5369=AXIS2_PLACEMENT_3D('',#8685,#6809,#6810);
#5370=AXIS2_PLACEMENT_3D('',#8686,#6811,#6812);
#5371=AXIS2_PLACEMENT_3D('',#8687,#6813,#6814);
#5372=AXIS2_PLACEMENT_3D('',#8688,#6815,#6816);
#5373=AXIS2_PLACEMENT_3D('',#8689,#6817,#6818);
#5374=AXIS2_PLACEMENT_3D('',#8690,#6819,#6820);
#5375=AXIS2_PLACEMENT_3D('',#8691,#6821,#6822);
#5376=AXIS2_PLACEMENT_3D('',#8714,#6823,#6824);
#5377=AXIS2_PLACEMENT_3D('',#8715,#6825,#6826);
#5378=AXIS2_PLACEMENT_3D('',#8716,#6827,#6828);
#5379=AXIS2_PLACEMENT_3D('',#8717,#6829,#6830);
#5380=AXIS2_PLACEMENT_3D('',#8718,#6831,#6832);
#5381=AXIS2_PLACEMENT_3D('',#8719,#6833,#6834);
#5382=AXIS2_PLACEMENT_3D('',#8720,#6835,#6836);
#5383=AXIS2_PLACEMENT_3D('',#8721,#6837,#6838);
#5384=AXIS2_PLACEMENT_3D('',#8722,#6839,#6840);
#5385=AXIS2_PLACEMENT_3D('',#8723,#6841,#6842);
#5386=AXIS2_PLACEMENT_3D('',#8746,#6843,#6844);
#5387=AXIS2_PLACEMENT_3D('',#8747,#6845,#6846);
#5388=AXIS2_PLACEMENT_3D('',#8748,#6847,#6848);
#5389=AXIS2_PLACEMENT_3D('',#8749,#6849,#6850);
#5390=AXIS2_PLACEMENT_3D('',#8750,#6851,#6852);
#5391=AXIS2_PLACEMENT_3D('',#8751,#6853,#6854);
#5392=AXIS2_PLACEMENT_3D('',#8752,#6855,#6856);
#5393=AXIS2_PLACEMENT_3D('',#8775,#6857,#6858);
#5394=AXIS2_PLACEMENT_3D('',#8776,#6859,#6860);
#5395=AXIS2_PLACEMENT_3D('',#8777,#6861,#6862);
#5396=AXIS2_PLACEMENT_3D('',#8778,#6863,#6864);
#5397=AXIS2_PLACEMENT_3D('',#8779,#6865,#6866);
#5398=AXIS2_PLACEMENT_3D('',#8780,#6867,#6868);
#5399=AXIS2_PLACEMENT_3D('',#8781,#6869,#6870);
#5400=AXIS2_PLACEMENT_3D('',#8782,#6871,#6872);
#5401=AXIS2_PLACEMENT_3D('',#8783,#6873,#6874);
#5402=AXIS2_PLACEMENT_3D('',#8784,#6875,#6876);
#5403=AXIS2_PLACEMENT_3D('',#8785,#6877,#6878);
#5404=AXIS2_PLACEMENT_3D('',#8786,#6879,#6880);
#5405=AXIS2_PLACEMENT_3D('',#8787,#6881,#6882);
#5406=AXIS2_PLACEMENT_3D('',#8788,#6883,#6884);
#5407=AXIS2_PLACEMENT_3D('',#8789,#6885,#6886);
#5408=AXIS2_PLACEMENT_3D('',#8790,#6887,#6888);
#5409=AXIS2_PLACEMENT_3D('',#8791,#6889,#6890);
#5410=AXIS2_PLACEMENT_3D('',#8792,#6891,#6892);
#5411=AXIS2_PLACEMENT_3D('',#8793,#6893,#6894);
#5412=AXIS2_PLACEMENT_3D('',#8797,#6897,#6898);
#5413=AXIS2_PLACEMENT_3D('',#8798,#6899,#6900);
#5414=AXIS2_PLACEMENT_3D('',#8799,#6901,#6902);
#5415=AXIS2_PLACEMENT_3D('',#8800,#6903,#6904);
#5416=AXIS2_PLACEMENT_3D('',#8801,#6905,#6906);
#5417=AXIS2_PLACEMENT_3D('',#8802,#6907,#6908);
#5418=AXIS2_PLACEMENT_3D('',#8803,#6909,#6910);
#5419=AXIS2_PLACEMENT_3D('',#8804,#6911,#6912);
#5420=AXIS2_PLACEMENT_3D('',#8805,#6913,#6914);
#5421=AXIS2_PLACEMENT_3D('',#8806,#6915,#6916);
#5422=AXIS2_PLACEMENT_3D('',#8810,#6919,#6920);
#5423=AXIS2_PLACEMENT_3D('',#8811,#6921,#6922);
#5424=AXIS2_PLACEMENT_3D('',#8812,#6923,#6924);
#5425=AXIS2_PLACEMENT_3D('',#8813,#6925,#6926);
#5426=AXIS2_PLACEMENT_3D('',#8814,#6927,#6928);
#5427=AXIS2_PLACEMENT_3D('',#8815,#6929,#6930);
#5428=AXIS2_PLACEMENT_3D('',#8816,#6931,#6932);
#5429=AXIS2_PLACEMENT_3D('',#8817,#6933,#6934);
#5430=AXIS2_PLACEMENT_3D('',#8818,#6935,#6936);
#5431=AXIS2_PLACEMENT_3D('',#8819,#6937,#6938);
#5432=AXIS2_PLACEMENT_3D('',#8823,#6941,#6942);
#5433=AXIS2_PLACEMENT_3D('',#8824,#6943,#6944);
#5434=AXIS2_PLACEMENT_3D('',#8825,#6945,#6946);
#5435=AXIS2_PLACEMENT_3D('',#8826,#6947,#6948);
#5436=AXIS2_PLACEMENT_3D('',#8827,#6949,#6950);
#5437=AXIS2_PLACEMENT_3D('',#8828,#6951,#6952);
#5438=AXIS2_PLACEMENT_3D('',#8829,#6953,#6954);
#5439=AXIS2_PLACEMENT_3D('',#8830,#6955,#6956);
#5440=AXIS2_PLACEMENT_3D('',#8831,#6957,#6958);
#5441=AXIS2_PLACEMENT_3D('',#8832,#6959,#6960);
#5442=AXIS2_PLACEMENT_3D('',#8836,#6963,#6964);
#5443=AXIS2_PLACEMENT_3D('',#8837,#6965,#6966);
#5444=AXIS2_PLACEMENT_3D('',#8838,#6967,#6968);
#5445=AXIS2_PLACEMENT_3D('',#8839,#6969,#6970);
#5446=AXIS2_PLACEMENT_3D('',#8840,#6971,#6972);
#5447=AXIS2_PLACEMENT_3D('',#8841,#6973,#6974);
#5448=AXIS2_PLACEMENT_3D('',#8842,#6975,#6976);
#5449=AXIS2_PLACEMENT_3D('',#8843,#6977,#6978);
#5450=AXIS2_PLACEMENT_3D('',#8844,#6979,#6980);
#5451=AXIS2_PLACEMENT_3D('',#8845,#6981,#6982);
#5452=AXIS2_PLACEMENT_3D('',#8847,#6984,#6985);
#5453=AXIS2_PLACEMENT_3D('',#8849,#6987,#6988);
#5454=AXIS2_PLACEMENT_3D('',#8851,#6990,#6991);
#5455=AXIS2_PLACEMENT_3D('',#8853,#6993,#6994);
#5456=AXIS2_PLACEMENT_3D('',#8855,#6996,#6997);
#5457=AXIS2_PLACEMENT_3D('',#8857,#6999,#7000);
#5458=AXIS2_PLACEMENT_3D('',#8859,#7002,#7003);
#5459=DIRECTION('axis',(0.,0.,1.));
#5460=DIRECTION('refdir',(1.,0.,0.));
#5461=DIRECTION('center_axis',(1.,0.,0.));
#5462=DIRECTION('ref_axis',(0.,0.707106781186548,-0.707106781186548));
#5463=DIRECTION('center_axis',(1.,0.,0.));
#5464=DIRECTION('ref_axis',(0.,0.,-1.));
#5465=DIRECTION('',(1.,0.,0.));
#5466=DIRECTION('center_axis',(-1.,0.,0.));
#5467=DIRECTION('ref_axis',(0.,1.,0.));
#5468=DIRECTION('',(-1.,0.,0.));
#5469=DIRECTION('center_axis',(0.,0.,1.));
#5470=DIRECTION('ref_axis',(1.,0.,0.));
#5471=DIRECTION('center_axis',(1.,0.,0.));
#5472=DIRECTION('ref_axis',(0.,-1.,0.));
#5473=DIRECTION('center_axis',(0.,0.,-1.));
#5474=DIRECTION('ref_axis',(1.,-6.12323399573677E-17,0.));
#5475=DIRECTION('center_axis',(0.,0.,1.));
#5476=DIRECTION('ref_axis',(1.,-6.12323399573677E-17,0.));
#5477=DIRECTION('center_axis',(-1.,0.,0.));
#5478=DIRECTION('ref_axis',(0.,-0.707106781186548,-0.707106781186548));
#5479=DIRECTION('center_axis',(1.,0.,0.));
#5480=DIRECTION('ref_axis',(0.,-1.,0.));
#5481=DIRECTION('',(1.,0.,0.));
#5482=DIRECTION('',(-1.,0.,0.));
#5483=DIRECTION('center_axis',(0.,0.,1.));
#5484=DIRECTION('ref_axis',(-1.,-1.22464679914735E-16,0.));
#5485=DIRECTION('center_axis',(0.,0.,-1.));
#5486=DIRECTION('ref_axis',(-1.,6.12323399573677E-17,0.));
#5487=DIRECTION('center_axis',(0.,0.,1.));
#5488=DIRECTION('ref_axis',(-1.,6.12323399573677E-17,0.));
#5489=DIRECTION('center_axis',(0.,0.,-1.));
#5490=DIRECTION('ref_axis',(0.,-1.,0.));
#5491=DIRECTION('',(0.,0.,-1.));
#5492=DIRECTION('center_axis',(0.,0.,-1.));
#5493=DIRECTION('ref_axis',(1.,-6.12323399573677E-17,0.));
#5494=DIRECTION('',(0.,0.,-1.));
#5495=DIRECTION('center_axis',(0.,-1.,0.));
#5496=DIRECTION('ref_axis',(-1.,0.,0.));
#5497=DIRECTION('',(0.,0.,-1.));
#5498=DIRECTION('',(-1.,0.,0.));
#5499=DIRECTION('center_axis',(0.,0.,1.));
#5500=DIRECTION('ref_axis',(-1.,1.22464679914735E-16,0.));
#5501=DIRECTION('',(-1.22464679914735E-16,-1.,0.));
#5502=DIRECTION('',(-1.,1.22464679914735E-16,0.));
#5503=DIRECTION('center_axis',(0.,0.,-1.));
#5504=DIRECTION('ref_axis',(0.,1.,0.));
#5505=DIRECTION('',(-0.999993113921346,-0.00371107934297793,0.));
#5506=DIRECTION('center_axis',(0.,0.,-1.));
#5507=DIRECTION('ref_axis',(-0.00371107934297262,0.999993113921346,0.));
#5508=DIRECTION('',(0.703145605485054,-0.711045889860182,0.));
#5509=DIRECTION('',(-0.711045889860182,-0.703145605485054,0.));
#5510=DIRECTION('',(-0.828283413127963,0.56030936770421,0.));
#5511=DIRECTION('',(-0.830421438876755,0.557135740958934,0.));
#5512=DIRECTION('center_axis',(0.,0.,-1.));
#5513=DIRECTION('ref_axis',(0.00191331262610224,-0.999998169615722,0.));
#5514=DIRECTION('',(-0.828283413127963,-0.56030936770421,0.));
#5515=DIRECTION('',(-0.711045889860181,0.703145605485054,0.));
#5516=DIRECTION('',(-0.830421438876755,-0.557135740958934,0.));
#5517=DIRECTION('',(-0.707489857755633,0.706723496972412,0.));
#5518=DIRECTION('',(-0.711045889860181,0.703145605485054,0.));
#5519=DIRECTION('',(0.703145605485054,0.711045889860181,0.));
#5520=DIRECTION('center_axis',(0.,0.,-1.));
#5521=DIRECTION('ref_axis',(-0.923520306025503,-0.383549533122596,0.));
#5522=DIRECTION('',(-0.999993113921346,0.00371107934297809,0.));
#5523=DIRECTION('',(-1.,1.22464679914735E-16,0.));
#5524=DIRECTION('',(1.22464679914735E-16,1.,0.));
#5525=DIRECTION('',(1.,-1.22464679914735E-16,0.));
#5526=DIRECTION('center_axis',(0.,0.,-1.));
#5527=DIRECTION('ref_axis',(-0.0229828744630786,0.999735858855435,0.));
#5528=DIRECTION('',(1.,-1.22464679914735E-16,0.));
#5529=DIRECTION('',(-0.655673392623842,-0.755044635902502,0.));
#5530=DIRECTION('',(0.999993113921346,0.00371107934297793,0.));
#5531=DIRECTION('center_axis',(0.,0.,-1.));
#5532=DIRECTION('ref_axis',(-0.923520306025503,0.383549533122596,0.));
#5533=DIRECTION('',(-0.703145605485054,0.711045889860182,0.));
#5534=DIRECTION('',(0.711045889860182,0.703145605485054,0.));
#5535=DIRECTION('',(0.707489857755633,0.706723496972412,0.));
#5536=DIRECTION('',(0.830421438876755,-0.557135740958934,0.));
#5537=DIRECTION('',(0.711045889860182,0.703145605485054,0.));
#5538=DIRECTION('',(0.828283413127963,-0.56030936770421,0.));
#5539=DIRECTION('center_axis',(0.,0.,-1.));
#5540=DIRECTION('ref_axis',(-5.83810845474031E-14,1.,0.));
#5541=DIRECTION('',(0.828283413127899,0.560309367704306,0.));
#5542=DIRECTION('',(0.711045889860181,-0.703145605485054,0.));
#5543=DIRECTION('',(0.830421438876755,0.557135740958934,0.));
#5544=DIRECTION('',(0.707489857755633,-0.706723496972412,0.));
#5545=DIRECTION('',(0.711045889860181,-0.703145605485054,0.));
#5546=DIRECTION('',(-0.703145605485054,-0.711045889860181,0.));
#5547=DIRECTION('center_axis',(0.,0.,-1.));
#5548=DIRECTION('ref_axis',(0.923520306025503,0.383549533122596,0.));
#5549=DIRECTION('',(0.999993113921346,-0.00371107934297817,0.));
#5550=DIRECTION('',(0.,1.,0.));
#5551=DIRECTION('',(1.,0.,0.));
#5552=DIRECTION('center_axis',(0.,0.,-1.));
#5553=DIRECTION('ref_axis',(0.,-1.,0.));
#5554=DIRECTION('',(1.,-1.22464679914735E-16,0.));
#5555=DIRECTION('',(-1.,0.,0.));
#5556=DIRECTION('',(0.,-1.,0.));
#5557=DIRECTION('',(1.,0.,0.));
#5558=DIRECTION('',(0.,1.,0.));
#5559=DIRECTION('',(-1.,0.,0.));
#5560=DIRECTION('',(0.,-1.,0.));
#5561=DIRECTION('',(1.,0.,0.));
#5562=DIRECTION('',(0.,1.,0.));
#5563=DIRECTION('',(0.,-1.,0.));
#5564=DIRECTION('',(-1.,0.,0.));
#5565=DIRECTION('',(0.,-1.,0.));
#5566=DIRECTION('',(1.,0.,0.));
#5567=DIRECTION('',(-1.,1.22464679914735E-16,0.));
#5568=DIRECTION('center_axis',(0.,0.,-1.));
#5569=DIRECTION('ref_axis',(1.,-1.22464679914735E-16,0.));
#5570=DIRECTION('',(1.,-1.22464679914735E-16,0.));
#5571=DIRECTION('',(0.,1.,0.));
#5572=DIRECTION('',(-1.,1.22464679914735E-16,0.));
#5573=DIRECTION('center_axis',(0.,0.,-1.));
#5574=DIRECTION('ref_axis',(1.,-1.22464679914735E-16,0.));
#5575=DIRECTION('',(1.,-1.22464679914735E-16,0.));
#5576=DIRECTION('',(0.,1.,0.));
#5577=DIRECTION('',(-1.,1.22464679914735E-16,0.));
#5578=DIRECTION('center_axis',(0.,0.,-1.));
#5579=DIRECTION('ref_axis',(1.,-1.22464679914735E-16,0.));
#5580=DIRECTION('',(1.,-1.22464679914735E-16,0.));
#5581=DIRECTION('',(0.,1.,0.));
#5582=DIRECTION('center_axis',(0.,0.,1.));
#5583=DIRECTION('ref_axis',(1.,0.,0.));
#5584=DIRECTION('center_axis',(0.,0.,1.));
#5585=DIRECTION('ref_axis',(1.,0.,0.));
#5586=DIRECTION('center_axis',(0.,0.,1.));
#5587=DIRECTION('ref_axis',(1.,0.,0.));
#5588=DIRECTION('center_axis',(0.,0.,1.));
#5589=DIRECTION('ref_axis',(1.,0.,0.));
#5590=DIRECTION('center_axis',(0.,0.,1.));
#5591=DIRECTION('ref_axis',(1.,0.,0.));
#5592=DIRECTION('center_axis',(0.,0.,1.));
#5593=DIRECTION('ref_axis',(1.,0.,0.));
#5594=DIRECTION('center_axis',(0.,0.,1.));
#5595=DIRECTION('ref_axis',(1.,0.,0.));
#5596=DIRECTION('center_axis',(0.,0.,1.));
#5597=DIRECTION('ref_axis',(1.,0.,0.));
#5598=DIRECTION('',(-1.,1.22464679914735E-16,0.));
#5599=DIRECTION('center_axis',(0.,0.,-1.));
#5600=DIRECTION('ref_axis',(1.,-1.22464679914735E-16,0.));
#5601=DIRECTION('',(1.,-1.22464679914735E-16,0.));
#5602=DIRECTION('',(0.,1.,0.));
#5603=DIRECTION('center_axis',(0.,0.,1.));
#5604=DIRECTION('ref_axis',(-1.,0.,0.));
#5605=DIRECTION('center_axis',(0.,0.,1.));
#5606=DIRECTION('ref_axis',(-1.,0.,0.));
#5607=DIRECTION('center_axis',(0.,0.,1.));
#5608=DIRECTION('ref_axis',(-1.,0.,0.));
#5609=DIRECTION('center_axis',(0.,0.,1.));
#5610=DIRECTION('ref_axis',(-1.,0.,0.));
#5611=DIRECTION('center_axis',(0.,0.,-1.));
#5612=DIRECTION('ref_axis',(7.10542894578813E-15,-1.,0.));
#5613=DIRECTION('',(0.,-1.,0.));
#5614=DIRECTION('center_axis',(0.,0.,-1.));
#5615=DIRECTION('ref_axis',(0.,1.,0.));
#5616=DIRECTION('',(0.,1.,0.));
#5617=DIRECTION('',(0.,1.,0.));
#5618=DIRECTION('',(-1.,0.,0.));
#5619=DIRECTION('',(0.,-1.,0.));
#5620=DIRECTION('',(1.,0.,0.));
#5621=DIRECTION('center_axis',(0.,0.,1.));
#5622=DIRECTION('ref_axis',(0.,-1.,0.));
#5623=DIRECTION('center_axis',(0.,0.,1.));
#5624=DIRECTION('ref_axis',(0.,-1.,0.));
#5625=DIRECTION('center_axis',(0.,0.,1.));
#5626=DIRECTION('ref_axis',(0.,-1.,0.));
#5627=DIRECTION('center_axis',(0.,0.,1.));
#5628=DIRECTION('ref_axis',(0.,-1.,0.));
#5629=DIRECTION('center_axis',(0.,0.,-1.));
#5630=DIRECTION('ref_axis',(-1.,0.,0.));
#5631=DIRECTION('center_axis',(-1.,0.,0.));
#5632=DIRECTION('ref_axis',(0.,0.,1.));
#5633=DIRECTION('center_axis',(0.,0.,-1.));
#5634=DIRECTION('ref_axis',(-1.,6.12323399573677E-17,0.));
#5635=DIRECTION('center_axis',(-1.,0.,0.));
#5636=DIRECTION('ref_axis',(0.,-1.,0.));
#5637=DIRECTION('center_axis',(0.,0.,1.));
#5638=DIRECTION('ref_axis',(-1.,6.12323399573677E-17,0.));
#5639=DIRECTION('center_axis',(1.,0.,0.));
#5640=DIRECTION('ref_axis',(0.,-0.707106781186548,0.707106781186548));
#5641=DIRECTION('center_axis',(-1.,0.,0.));
#5642=DIRECTION('ref_axis',(0.,-1.,0.));
#5643=DIRECTION('',(-1.,0.,0.));
#5644=DIRECTION('',(1.,0.,0.));
#5645=DIRECTION('center_axis',(0.,0.,-1.));
#5646=DIRECTION('ref_axis',(1.,-1.22464679914735E-16,0.));
#5647=DIRECTION('center_axis',(1.,0.,0.));
#5648=DIRECTION('ref_axis',(0.,1.,0.));
#5649=DIRECTION('center_axis',(0.,0.,1.));
#5650=DIRECTION('ref_axis',(1.,-6.12323399573677E-17,0.));
#5651=DIRECTION('center_axis',(-1.,0.,0.));
#5652=DIRECTION('ref_axis',(0.,0.707106781186548,0.707106781186548));
#5653=DIRECTION('',(1.,0.,0.));
#5654=DIRECTION('center_axis',(0.,1.,0.));
#5655=DIRECTION('ref_axis',(1.,0.,0.));
#5656=DIRECTION('',(0.,0.,-1.));
#5657=DIRECTION('center_axis',(0.,0.,-1.));
#5658=DIRECTION('ref_axis',(0.,1.,0.));
#5659=DIRECTION('center_axis',(0.,0.,1.));
#5660=DIRECTION('ref_axis',(-1.,1.22464679914735E-16,0.));
#5661=DIRECTION('',(1.22464679914735E-16,1.,0.));
#5662=DIRECTION('',(-1.,1.22464679914735E-16,0.));
#5663=DIRECTION('center_axis',(0.,0.,1.));
#5664=DIRECTION('ref_axis',(0.,-1.,0.));
#5665=DIRECTION('',(-0.999993113921346,0.00371107934297817,0.));
#5666=DIRECTION('center_axis',(0.,0.,1.));
#5667=DIRECTION('ref_axis',(-0.00371107934300222,-0.999993113921346,0.));
#5668=DIRECTION('',(0.703145605485054,0.711045889860181,0.));
#5669=DIRECTION('',(-0.711045889860181,0.703145605485054,0.));
#5670=DIRECTION('',(-0.707489857755633,0.706723496972412,0.));
#5671=DIRECTION('',(-0.830421438876755,-0.557135740958934,0.));
#5672=DIRECTION('',(-0.711045889860181,0.703145605485054,0.));
#5673=DIRECTION('',(-0.828283413127899,-0.560309367704306,0.));
#5674=DIRECTION('center_axis',(0.,0.,1.));
#5675=DIRECTION('ref_axis',(-5.83810845474031E-14,1.,0.));
#5676=DIRECTION('',(-0.828283413127963,0.56030936770421,0.));
#5677=DIRECTION('',(-0.711045889860182,-0.703145605485054,0.));
#5678=DIRECTION('',(-0.830421438876755,0.557135740958934,0.));
#5679=DIRECTION('',(-0.707489857755633,-0.706723496972412,0.));
#5680=DIRECTION('',(-0.711045889860182,-0.703145605485054,0.));
#5681=DIRECTION('',(0.703145605485054,-0.711045889860182,0.));
#5682=DIRECTION('center_axis',(0.,0.,1.));
#5683=DIRECTION('ref_axis',(-0.923520306025503,0.383549533122596,0.));
#5684=DIRECTION('',(-0.999993113921346,-0.00371107934297793,0.));
#5685=DIRECTION('',(0.655673392623842,0.755044635902502,0.));
#5686=DIRECTION('',(-1.,1.22464679914735E-16,0.));
#5687=DIRECTION('center_axis',(0.,0.,1.));
#5688=DIRECTION('ref_axis',(-0.0229828744630786,0.999735858855435,0.));
#5689=DIRECTION('',(-1.,1.22464679914735E-16,0.));
#5690=DIRECTION('',(-1.22464679914735E-16,-1.,0.));
#5691=DIRECTION('',(1.,-1.22464679914735E-16,0.));
#5692=DIRECTION('',(0.999993113921346,-0.00371107934297809,0.));
#5693=DIRECTION('center_axis',(0.,0.,1.));
#5694=DIRECTION('ref_axis',(-0.923520306025503,-0.383549533122596,0.));
#5695=DIRECTION('',(-0.703145605485054,-0.711045889860181,0.));
#5696=DIRECTION('',(0.711045889860181,-0.703145605485054,0.));
#5697=DIRECTION('',(0.707489857755633,-0.706723496972412,0.));
#5698=DIRECTION('',(0.830421438876755,0.557135740958934,0.));
#5699=DIRECTION('',(0.711045889860181,-0.703145605485054,0.));
#5700=DIRECTION('',(0.828283413127963,0.56030936770421,0.));
#5701=DIRECTION('center_axis',(0.,0.,1.));
#5702=DIRECTION('ref_axis',(0.00191331262610224,-0.999998169615722,0.));
#5703=DIRECTION('',(0.830421438876755,-0.557135740958934,0.));
#5704=DIRECTION('',(0.828283413127963,-0.56030936770421,0.));
#5705=DIRECTION('',(0.711045889860182,0.703145605485054,0.));
#5706=DIRECTION('',(-0.703145605485054,0.711045889860182,0.));
#5707=DIRECTION('center_axis',(0.,0.,1.));
#5708=DIRECTION('ref_axis',(-0.00371107934298173,0.999993113921346,0.));
#5709=DIRECTION('',(0.999993113921346,0.00371107934297793,0.));
#5710=DIRECTION('center_axis',(0.,0.,1.));
#5711=DIRECTION('ref_axis',(0.,1.,0.));
#5712=DIRECTION('',(1.,-1.22464679914735E-16,0.));
#5713=DIRECTION('',(-1.,0.,0.));
#5714=DIRECTION('',(0.,1.,0.));
#5715=DIRECTION('',(1.,0.,0.));
#5716=DIRECTION('',(0.,-1.,0.));
#5717=DIRECTION('',(-1.,0.,0.));
#5718=DIRECTION('',(0.,1.,0.));
#5719=DIRECTION('',(1.,0.,0.));
#5720=DIRECTION('',(0.,-1.,0.));
#5721=DIRECTION('',(0.,1.,0.));
#5722=DIRECTION('center_axis',(0.,0.,1.));
#5723=DIRECTION('ref_axis',(7.10542894578813E-15,-1.,0.));
#5724=DIRECTION('',(0.,-1.,0.));
#5725=DIRECTION('center_axis',(0.,0.,1.));
#5726=DIRECTION('ref_axis',(0.,1.,0.));
#5727=DIRECTION('',(-1.,1.22464679914735E-16,0.));
#5728=DIRECTION('center_axis',(0.,0.,1.));
#5729=DIRECTION('ref_axis',(1.,-1.22464679914735E-16,0.));
#5730=DIRECTION('',(1.,-1.22464679914735E-16,0.));
#5731=DIRECTION('',(0.,-1.,0.));
#5732=DIRECTION('',(-1.,1.22464679914735E-16,0.));
#5733=DIRECTION('center_axis',(0.,0.,1.));
#5734=DIRECTION('ref_axis',(1.,-1.22464679914735E-16,0.));
#5735=DIRECTION('',(1.,-1.22464679914735E-16,0.));
#5736=DIRECTION('',(0.,-1.,0.));
#5737=DIRECTION('',(-1.,1.22464679914735E-16,0.));
#5738=DIRECTION('center_axis',(0.,0.,1.));
#5739=DIRECTION('ref_axis',(1.,-1.22464679914735E-16,0.));
#5740=DIRECTION('',(1.,-1.22464679914735E-16,0.));
#5741=DIRECTION('',(0.,-1.,0.));
#5742=DIRECTION('',(-1.,1.22464679914735E-16,0.));
#5743=DIRECTION('center_axis',(0.,0.,1.));
#5744=DIRECTION('ref_axis',(1.,-1.22464679914735E-16,0.));
#5745=DIRECTION('',(1.,-1.22464679914735E-16,0.));
#5746=DIRECTION('',(0.,-1.,0.));
#5747=DIRECTION('center_axis',(0.,0.,-1.));
#5748=DIRECTION('ref_axis',(-1.,0.,0.));
#5749=DIRECTION('center_axis',(0.,0.,-1.));
#5750=DIRECTION('ref_axis',(-1.,0.,0.));
#5751=DIRECTION('center_axis',(0.,0.,-1.));
#5752=DIRECTION('ref_axis',(-1.,0.,0.));
#5753=DIRECTION('center_axis',(0.,0.,-1.));
#5754=DIRECTION('ref_axis',(-1.,0.,0.));
#5755=DIRECTION('center_axis',(0.,0.,-1.));
#5756=DIRECTION('ref_axis',(1.,0.,0.));
#5757=DIRECTION('center_axis',(0.,0.,-1.));
#5758=DIRECTION('ref_axis',(1.,0.,0.));
#5759=DIRECTION('center_axis',(0.,0.,-1.));
#5760=DIRECTION('ref_axis',(1.,0.,0.));
#5761=DIRECTION('center_axis',(0.,0.,-1.));
#5762=DIRECTION('ref_axis',(1.,0.,0.));
#5763=DIRECTION('center_axis',(0.,0.,-1.));
#5764=DIRECTION('ref_axis',(1.,0.,0.));
#5765=DIRECTION('center_axis',(0.,0.,-1.));
#5766=DIRECTION('ref_axis',(1.,0.,0.));
#5767=DIRECTION('center_axis',(0.,0.,-1.));
#5768=DIRECTION('ref_axis',(1.,0.,0.));
#5769=DIRECTION('center_axis',(0.,0.,-1.));
#5770=DIRECTION('ref_axis',(1.,0.,0.));
#5771=DIRECTION('',(1.,0.,0.));
#5772=DIRECTION('',(0.,-1.,0.));
#5773=DIRECTION('',(-1.,0.,0.));
#5774=DIRECTION('',(0.,1.,0.));
#5775=DIRECTION('',(1.,0.,0.));
#5776=DIRECTION('',(0.,-1.,0.));
#5777=DIRECTION('',(-1.,0.,0.));
#5778=DIRECTION('',(0.,1.,0.));
#5779=DIRECTION('center_axis',(0.,0.,-1.));
#5780=DIRECTION('ref_axis',(0.,-1.,0.));
#5781=DIRECTION('center_axis',(0.,0.,-1.));
#5782=DIRECTION('ref_axis',(0.,-1.,0.));
#5783=DIRECTION('center_axis',(0.,0.,-1.));
#5784=DIRECTION('ref_axis',(0.,-1.,0.));
#5785=DIRECTION('center_axis',(0.,0.,-1.));
#5786=DIRECTION('ref_axis',(0.,-1.,0.));
#5787=DIRECTION('center_axis',(0.,0.,-1.));
#5788=DIRECTION('ref_axis',(0.,-1.,0.));
#5789=DIRECTION('',(0.,0.,-1.));
#5790=DIRECTION('center_axis',(0.,0.,-1.));
#5791=DIRECTION('ref_axis',(0.,-1.,0.));
#5792=DIRECTION('',(0.,0.,-1.));
#5793=DIRECTION('center_axis',(0.,0.,-1.));
#5794=DIRECTION('ref_axis',(0.,-1.,0.));
#5795=DIRECTION('',(0.,0.,-1.));
#5796=DIRECTION('center_axis',(0.,0.,-1.));
#5797=DIRECTION('ref_axis',(0.,-1.,0.));
#5798=DIRECTION('',(0.,0.,-1.));
#5799=DIRECTION('center_axis',(1.,0.,0.));
#5800=DIRECTION('ref_axis',(0.,0.707106781186548,-0.707106781186547));
#5801=DIRECTION('',(1.,0.,0.));
#5802=DIRECTION('center_axis',(-0.707106781186548,-0.707106781186548,0.));
#5803=DIRECTION('ref_axis',(-0.707106781186548,0.707106781186548,0.));
#5804=DIRECTION('center_axis',(0.707106781186549,-0.707106781186546,0.));
#5805=DIRECTION('ref_axis',(-0.707106781186546,-0.707106781186549,0.));
#5806=DIRECTION('center_axis',(0.,1.,0.));
#5807=DIRECTION('ref_axis',(-0.70710678118655,0.,-0.707106781186546));
#5808=DIRECTION('',(0.,1.,0.));
#5809=DIRECTION('center_axis',(0.707106781186548,-0.707106781186548,0.));
#5810=DIRECTION('ref_axis',(-0.707106781186547,-0.707106781186547,0.));
#5811=DIRECTION('center_axis',(-1.,0.,0.));
#5812=DIRECTION('ref_axis',(0.,-0.707106781186548,-0.707106781186547));
#5813=DIRECTION('',(-1.,0.,0.));
#5814=DIRECTION('center_axis',(0.707106781186549,0.707106781186546,0.));
#5815=DIRECTION('ref_axis',(0.707106781186546,-0.707106781186549,0.));
#5816=DIRECTION('center_axis',(0.,-1.,0.));
#5817=DIRECTION('ref_axis',(0.707106781186546,0.,-0.707106781186549));
#5818=DIRECTION('',(0.,-1.,0.));
#5819=DIRECTION('center_axis',(1.,0.,0.));
#5820=DIRECTION('ref_axis',(0.,-1.,0.));
#5821=DIRECTION('',(0.,0.,-1.));
#5822=DIRECTION('',(0.,-1.,0.));
#5823=DIRECTION('',(0.,0.,-1.));
#5824=DIRECTION('center_axis',(0.,-1.,0.));
#5825=DIRECTION('ref_axis',(-1.,0.,0.));
#5826=DIRECTION('',(0.,0.,-1.));
#5827=DIRECTION('',(-1.,0.,0.));
#5828=DIRECTION('center_axis',(0.,1.,0.));
#5829=DIRECTION('ref_axis',(-0.70710678118655,0.,-0.707106781186546));
#5830=DIRECTION('center_axis',(0.707106781186548,0.707106781186548,0.));
#5831=DIRECTION('ref_axis',(0.707106781186547,-0.707106781186547,0.));
#5832=DIRECTION('',(0.,1.,0.));
#5833=DIRECTION('center_axis',(0.707106781186548,-0.707106781186548,0.));
#5834=DIRECTION('ref_axis',(-0.707106781186547,-0.707106781186547,0.));
#5835=DIRECTION('center_axis',(0.,-1.,0.));
#5836=DIRECTION('ref_axis',(0.707106781186546,0.,-0.707106781186549));
#5837=DIRECTION('',(0.,-1.,0.));
#5838=DIRECTION('center_axis',(-0.707106781186549,0.707106781186546,0.));
#5839=DIRECTION('ref_axis',(0.707106781186546,0.707106781186549,0.));
#5840=DIRECTION('center_axis',(0.707106781186549,0.707106781186546,0.));
#5841=DIRECTION('ref_axis',(0.707106781186546,-0.707106781186549,0.));
#5842=DIRECTION('center_axis',(1.,0.,0.));
#5843=DIRECTION('ref_axis',(0.,0.707106781186548,-0.707106781186547));
#5844=DIRECTION('',(1.,0.,0.));
#5845=DIRECTION('center_axis',(-1.,0.,0.));
#5846=DIRECTION('ref_axis',(0.,-0.707106781186548,-0.707106781186547));
#5847=DIRECTION('',(-1.,0.,0.));
#5848=DIRECTION('center_axis',(0.,-1.,0.));
#5849=DIRECTION('ref_axis',(-1.,0.,0.));
#5850=DIRECTION('',(0.,0.,-1.));
#5851=DIRECTION('',(-1.,0.,0.));
#5852=DIRECTION('',(0.,0.,-1.));
#5853=DIRECTION('center_axis',(-1.,0.,0.));
#5854=DIRECTION('ref_axis',(0.,1.,0.));
#5855=DIRECTION('',(0.,0.,-1.));
#5856=DIRECTION('',(0.,1.,0.));
#5857=DIRECTION('center_axis',(1.,0.,0.));
#5858=DIRECTION('ref_axis',(0.,0.707106781186548,-0.707106781186547));
#5859=DIRECTION('center_axis',(0.707106781186548,-0.707106781186548,0.));
#5860=DIRECTION('ref_axis',(-0.707106781186548,-0.707106781186548,0.));
#5861=DIRECTION('',(1.,0.,0.));
#5862=DIRECTION('center_axis',(-0.707106781186549,-0.707106781186546,0.));
#5863=DIRECTION('ref_axis',(-0.707106781186546,0.707106781186549,0.));
#5864=DIRECTION('center_axis',(0.,-1.,0.));
#5865=DIRECTION('ref_axis',(0.70710678118655,0.,-0.707106781186546));
#5866=DIRECTION('',(0.,-1.,0.));
#5867=DIRECTION('center_axis',(0.707106781186548,0.707106781186548,0.));
#5868=DIRECTION('ref_axis',(0.707106781186548,-0.707106781186548,0.));
#5869=DIRECTION('center_axis',(0.,1.,0.));
#5870=DIRECTION('ref_axis',(-0.707106781186546,0.,-0.707106781186549));
#5871=DIRECTION('',(0.,1.,0.));
#5872=DIRECTION('center_axis',(0.707106781186549,-0.707106781186546,0.));
#5873=DIRECTION('ref_axis',(-0.707106781186546,-0.707106781186549,0.));
#5874=DIRECTION('center_axis',(-1.,0.,0.));
#5875=DIRECTION('ref_axis',(0.,-0.707106781186548,-0.707106781186547));
#5876=DIRECTION('',(-1.,0.,0.));
#5877=DIRECTION('center_axis',(1.,0.,0.));
#5878=DIRECTION('ref_axis',(0.,-1.,0.));
#5879=DIRECTION('',(0.,0.,-1.));
#5880=DIRECTION('',(0.,-1.,0.));
#5881=DIRECTION('',(0.,0.,-1.));
#5882=DIRECTION('center_axis',(0.,-1.,0.));
#5883=DIRECTION('ref_axis',(-1.,0.,0.));
#5884=DIRECTION('',(0.,0.,-1.));
#5885=DIRECTION('',(-1.,0.,0.));
#5886=DIRECTION('center_axis',(-1.,0.,0.));
#5887=DIRECTION('ref_axis',(0.,-0.707106781186548,-0.707106781186547));
#5888=DIRECTION('',(-1.,0.,0.));
#5889=DIRECTION('center_axis',(-1.,0.,0.));
#5890=DIRECTION('ref_axis',(0.,-0.707106781186548,-0.707106781186547));
#5891=DIRECTION('center_axis',(-0.707106781186549,0.707106781186546,0.));
#5892=DIRECTION('ref_axis',(0.707106781186546,0.707106781186549,0.));
#5893=DIRECTION('center_axis',(1.,0.,0.));
#5894=DIRECTION('ref_axis',(0.,0.707106781186548,-0.707106781186547));
#5895=DIRECTION('center_axis',(-1.,0.,0.));
#5896=DIRECTION('ref_axis',(0.,0.707106781186548,-0.707106781186547));
#5897=DIRECTION('',(1.,0.,0.));
#5898=DIRECTION('center_axis',(-0.707106781186549,-0.707106781186546,0.));
#5899=DIRECTION('ref_axis',(-0.707106781186546,0.707106781186549,0.));
#5900=DIRECTION('center_axis',(0.,1.,0.));
#5901=DIRECTION('ref_axis',(-0.707106781186546,0.,-0.707106781186549));
#5902=DIRECTION('',(0.,1.,0.));
#5903=DIRECTION('center_axis',(0.,1.,0.));
#5904=DIRECTION('ref_axis',(1.,0.,0.));
#5905=DIRECTION('',(0.,0.,-1.));
#5906=DIRECTION('',(1.,0.,0.));
#5907=DIRECTION('',(0.,0.,-1.));
#5908=DIRECTION('center_axis',(1.,0.,0.));
#5909=DIRECTION('ref_axis',(0.,-1.,0.));
#5910=DIRECTION('',(0.,0.,-1.));
#5911=DIRECTION('',(0.,-1.,0.));
#5912=DIRECTION('center_axis',(0.,-1.,0.));
#5913=DIRECTION('ref_axis',(-1.,0.,0.));
#5914=DIRECTION('',(0.,0.,-1.));
#5915=DIRECTION('',(-1.,0.,0.));
#5916=DIRECTION('center_axis',(1.,0.,0.));
#5917=DIRECTION('ref_axis',(0.,-0.707106781186548,0.707106781186547));
#5918=DIRECTION('center_axis',(0.707106781186549,0.707106781186546,0.));
#5919=DIRECTION('ref_axis',(-0.707106781186546,0.707106781186549,0.));
#5920=DIRECTION('',(1.,0.,0.));
#5921=DIRECTION('center_axis',(0.707106781186548,-0.707106781186548,0.));
#5922=DIRECTION('ref_axis',(0.707106781186547,0.707106781186547,0.));
#5923=DIRECTION('center_axis',(0.,1.,0.));
#5924=DIRECTION('ref_axis',(0.707106781186546,0.,0.707106781186549));
#5925=DIRECTION('center_axis',(-0.707106781186549,0.707106781186546,0.));
#5926=DIRECTION('ref_axis',(-0.707106781186546,-0.707106781186549,0.));
#5927=DIRECTION('center_axis',(0.,-1.,0.));
#5928=DIRECTION('ref_axis',(-0.70710678118655,0.,0.707106781186546));
#5929=DIRECTION('',(0.,-1.,0.));
#5930=DIRECTION('center_axis',(0.707106781186548,0.707106781186548,0.));
#5931=DIRECTION('ref_axis',(-0.707106781186547,0.707106781186547,0.));
#5932=DIRECTION('center_axis',(-1.,0.,0.));
#5933=DIRECTION('ref_axis',(0.,0.707106781186548,0.707106781186547));
#5934=DIRECTION('center_axis',(1.,0.,0.));
#5935=DIRECTION('ref_axis',(0.,-1.,0.));
#5936=DIRECTION('',(0.,0.,-1.));
#5937=DIRECTION('center_axis',(0.,1.,0.));
#5938=DIRECTION('ref_axis',(1.,0.,0.));
#5939=DIRECTION('center_axis',(1.,0.,0.));
#5940=DIRECTION('ref_axis',(0.,-0.707106781186548,0.707106781186547));
#5941=DIRECTION('center_axis',(0.707106781186549,0.707106781186546,0.));
#5942=DIRECTION('ref_axis',(-0.707106781186546,0.707106781186549,0.));
#5943=DIRECTION('',(1.,0.,0.));
#5944=DIRECTION('center_axis',(0.707106781186548,-0.707106781186548,0.));
#5945=DIRECTION('ref_axis',(0.707106781186547,0.707106781186547,0.));
#5946=DIRECTION('center_axis',(-1.,0.,0.));
#5947=DIRECTION('ref_axis',(0.,0.707106781186548,0.707106781186547));
#5948=DIRECTION('center_axis',(-0.707106781186548,-0.707106781186548,0.));
#5949=DIRECTION('ref_axis',(0.707106781186548,-0.707106781186548,0.));
#5950=DIRECTION('center_axis',(0.707106781186549,-0.707106781186546,0.));
#5951=DIRECTION('ref_axis',(0.707106781186546,0.707106781186549,0.));
#5952=DIRECTION('center_axis',(0.,-1.,0.));
#5953=DIRECTION('ref_axis',(-0.70710678118655,0.,0.707106781186546));
#5954=DIRECTION('center_axis',(0.,1.,0.));
#5955=DIRECTION('ref_axis',(0.707106781186546,0.,0.707106781186549));
#5956=DIRECTION('',(0.,1.,0.));
#5957=DIRECTION('center_axis',(-1.,0.,0.));
#5958=DIRECTION('ref_axis',(0.,1.,0.));
#5959=DIRECTION('',(0.,0.,-1.));
#5960=DIRECTION('center_axis',(1.,0.,0.));
#5961=DIRECTION('ref_axis',(0.,-0.707106781186548,0.707106781186547));
#5962=DIRECTION('center_axis',(0.707106781186548,0.707106781186548,0.));
#5963=DIRECTION('ref_axis',(-0.707106781186548,0.707106781186548,0.));
#5964=DIRECTION('center_axis',(-0.707106781186549,0.707106781186546,0.));
#5965=DIRECTION('ref_axis',(-0.707106781186546,-0.707106781186549,0.));
#5966=DIRECTION('center_axis',(0.,1.,0.));
#5967=DIRECTION('ref_axis',(0.70710678118655,0.,0.707106781186546));
#5968=DIRECTION('center_axis',(-0.707106781186548,0.707106781186548,0.));
#5969=DIRECTION('ref_axis',(-0.707106781186547,-0.707106781186547,0.));
#5970=DIRECTION('',(0.,1.,0.));
#5971=DIRECTION('center_axis',(-1.,0.,0.));
#5972=DIRECTION('ref_axis',(0.,0.707106781186548,0.707106781186547));
#5973=DIRECTION('center_axis',(-0.707106781186549,-0.707106781186546,0.));
#5974=DIRECTION('ref_axis',(0.707106781186546,-0.707106781186549,0.));
#5975=DIRECTION('center_axis',(0.,-1.,0.));
#5976=DIRECTION('ref_axis',(-0.707106781186546,0.,0.707106781186549));
#5977=DIRECTION('center_axis',(1.,0.,0.));
#5978=DIRECTION('ref_axis',(0.,-0.707106781186548,0.707106781186547));
#5979=DIRECTION('center_axis',(0.707106781186548,0.707106781186548,0.));
#5980=DIRECTION('ref_axis',(-0.707106781186548,0.707106781186548,0.));
#5981=DIRECTION('',(1.,0.,0.));
#5982=DIRECTION('center_axis',(0.707106781186549,-0.707106781186546,0.));
#5983=DIRECTION('ref_axis',(0.707106781186546,0.707106781186549,0.));
#5984=DIRECTION('center_axis',(-1.,0.,0.));
#5985=DIRECTION('ref_axis',(0.,0.707106781186548,0.707106781186547));
#5986=DIRECTION('center_axis',(-0.707106781186549,-0.707106781186546,0.));
#5987=DIRECTION('ref_axis',(0.707106781186546,-0.707106781186549,0.));
#5988=DIRECTION('center_axis',(0.707106781186548,-0.707106781186548,0.));
#5989=DIRECTION('ref_axis',(0.707106781186548,0.707106781186548,0.));
#5990=DIRECTION('center_axis',(0.,-1.,0.));
#5991=DIRECTION('ref_axis',(-0.707106781186546,0.,0.707106781186549));
#5992=DIRECTION('center_axis',(0.,1.,0.));
#5993=DIRECTION('ref_axis',(0.70710678118655,0.,0.707106781186546));
#5994=DIRECTION('',(0.,1.,0.));
#5995=DIRECTION('center_axis',(-1.,0.,0.));
#5996=DIRECTION('ref_axis',(0.,1.,0.));
#5997=DIRECTION('',(0.,0.,-1.));
#5998=DIRECTION('center_axis',(0.,0.,1.));
#5999=DIRECTION('ref_axis',(7.61295909859319E-15,-1.,0.));
#6000=DIRECTION('center_axis',(-2.98023161704465E-8,-1.,0.));
#6001=DIRECTION('ref_axis',(0.,0.,-1.));
#6002=DIRECTION('center_axis',(0.,0.,1.));
#6003=DIRECTION('ref_axis',(7.10542894578813E-15,-1.,0.));
#6004=DIRECTION('center_axis',(2.98023283828997E-8,-1.,0.));
#6005=DIRECTION('ref_axis',(-1.,-2.98023283828997E-8,0.));
#6006=DIRECTION('center_axis',(0.,1.,0.));
#6007=DIRECTION('ref_axis',(-0.70710678118654,0.,-0.707106781186555));
#6008=DIRECTION('center_axis',(0.,-1.,0.));
#6009=DIRECTION('ref_axis',(-1.,0.,0.));
#6010=DIRECTION('',(0.,1.,0.));
#6011=DIRECTION('center_axis',(0.,0.,1.));
#6012=DIRECTION('ref_axis',(1.,0.,0.));
#6013=DIRECTION('center_axis',(0.,1.,0.));
#6014=DIRECTION('ref_axis',(1.,0.,0.));
#6015=DIRECTION('center_axis',(0.,0.,1.));
#6016=DIRECTION('ref_axis',(0.,1.,0.));
#6017=DIRECTION('center_axis',(0.,-1.,0.));
#6018=DIRECTION('ref_axis',(0.707106781186546,0.,-0.707106781186549));
#6019=DIRECTION('',(0.,-1.,0.));
#6020=DIRECTION('center_axis',(1.,0.,0.));
#6021=DIRECTION('ref_axis',(0.,-1.,0.));
#6022=DIRECTION('',(0.,0.,-1.));
#6023=DIRECTION('',(0.,-1.,0.));
#6024=DIRECTION('',(0.,0.,-1.));
#6025=DIRECTION('center_axis',(0.,0.,-1.));
#6026=DIRECTION('ref_axis',(7.2891243774731E-15,-1.,0.));
#6027=DIRECTION('',(0.,0.,-1.));
#6028=DIRECTION('center_axis',(0.,0.,-1.));
#6029=DIRECTION('ref_axis',(7.10542894578813E-15,-1.,0.));
#6030=DIRECTION('center_axis',(0.,-1.,0.));
#6031=DIRECTION('ref_axis',(-0.70710678118654,0.,0.707106781186555));
#6032=DIRECTION('center_axis',(0.,-1.,0.));
#6033=DIRECTION('ref_axis',(0.,0.,1.));
#6034=DIRECTION('center_axis',(0.,1.,0.));
#6035=DIRECTION('ref_axis',(-1.,0.,0.));
#6036=DIRECTION('center_axis',(0.,0.,-1.));
#6037=DIRECTION('ref_axis',(7.61295909859319E-15,-1.,0.));
#6038=DIRECTION('center_axis',(-2.98023161704465E-8,-1.,0.));
#6039=DIRECTION('ref_axis',(1.,-2.98023161704465E-8,0.));
#6040=DIRECTION('center_axis',(0.,1.,0.));
#6041=DIRECTION('ref_axis',(0.707106781186546,0.,0.707106781186549));
#6042=DIRECTION('center_axis',(0.,-1.,0.));
#6043=DIRECTION('ref_axis',(1.,0.,0.));
#6044=DIRECTION('',(0.,1.,0.));
#6045=DIRECTION('center_axis',(0.,0.,-1.));
#6046=DIRECTION('ref_axis',(-1.,0.,0.));
#6047=DIRECTION('center_axis',(0.,0.,-1.));
#6048=DIRECTION('ref_axis',(0.,1.,0.));
#6049=DIRECTION('center_axis',(0.,0.,-1.));
#6050=DIRECTION('ref_axis',(-1.,0.,0.));
#6051=DIRECTION('',(0.,0.,-1.));
#6052=DIRECTION('center_axis',(-1.,0.,0.));
#6053=DIRECTION('ref_axis',(0.,1.,0.));
#6054=DIRECTION('center_axis',(0.,1.,0.));
#6055=DIRECTION('ref_axis',(1.,0.,0.));
#6056=DIRECTION('center_axis',(-1.,0.,0.));
#6057=DIRECTION('ref_axis',(0.,1.,0.));
#6058=DIRECTION('center_axis',(0.,1.,0.));
#6059=DIRECTION('ref_axis',(1.,0.,0.));
#6060=DIRECTION('center_axis',(1.,0.,0.));
#6061=DIRECTION('ref_axis',(0.,0.,-1.));
#6062=DIRECTION('center_axis',(0.,0.,-1.));
#6063=DIRECTION('ref_axis',(-0.999999999999999,-2.98023213514871E-8,0.));
#6064=DIRECTION('center_axis',(-1.,0.,0.));
#6065=DIRECTION('ref_axis',(0.,-0.707106781186547,0.707106781186547));
#6066=DIRECTION('center_axis',(1.,0.,0.));
#6067=DIRECTION('ref_axis',(0.,-0.707106781186548,0.707106781186548));
#6068=DIRECTION('center_axis',(0.,0.,-1.));
#6069=DIRECTION('ref_axis',(-0.707106781186549,0.707106781186546,0.));
#6070=DIRECTION('',(0.,0.,1.));
#6071=DIRECTION('center_axis',(0.,0.,-1.));
#6072=DIRECTION('ref_axis',(-0.999999999999999,-2.98023220916358E-8,0.));
#6073=DIRECTION('',(0.,0.,1.));
#6074=DIRECTION('center_axis',(1.,0.,0.));
#6075=DIRECTION('ref_axis',(0.,0.,-1.));
#6076=DIRECTION('center_axis',(1.,0.,0.));
#6077=DIRECTION('ref_axis',(0.,-0.707106781186548,-0.707106781186547));
#6078=DIRECTION('center_axis',(-1.,0.,0.));
#6079=DIRECTION('ref_axis',(0.,-0.707106781186548,-0.707106781186547));
#6080=DIRECTION('center_axis',(1.,0.,0.));
#6081=DIRECTION('ref_axis',(0.,0.,-1.));
#6082=DIRECTION('center_axis',(1.,0.,0.));
#6083=DIRECTION('ref_axis',(0.,0.707106781186548,0.707106781186548));
#6084=DIRECTION('center_axis',(1.,0.,0.));
#6085=DIRECTION('ref_axis',(0.,0.,-1.));
#6086=DIRECTION('center_axis',(1.,0.,0.));
#6087=DIRECTION('ref_axis',(0.,0.707106781186548,-0.707106781186547));
#6088=DIRECTION('center_axis',(1.,0.,0.));
#6089=DIRECTION('ref_axis',(0.,0.,-1.));
#6090=DIRECTION('center_axis',(0.,0.,1.));
#6091=DIRECTION('ref_axis',(-1.,0.,0.));
#6092=DIRECTION('center_axis',(-1.,0.,0.));
#6093=DIRECTION('ref_axis',(0.,0.707106781186548,-0.707106781186547));
#6094=DIRECTION('center_axis',(0.,0.,1.));
#6095=DIRECTION('ref_axis',(-0.707106781186548,-0.707106781186547,0.));
#6096=DIRECTION('center_axis',(0.,0.,1.));
#6097=DIRECTION('ref_axis',(-1.,0.,0.));
#6098=DIRECTION('',(0.,0.,-1.));
#6099=DIRECTION('center_axis',(1.,0.,0.));
#6100=DIRECTION('ref_axis',(0.,0.,-1.));
#6101=DIRECTION('center_axis',(-1.,0.,0.));
#6102=DIRECTION('ref_axis',(0.,0.707106781186548,0.707106781186548));
#6103=DIRECTION('center_axis',(1.,0.,0.));
#6104=DIRECTION('ref_axis',(0.,0.,-1.));
#6105=DIRECTION('center_axis',(-1.85037176285397E-16,1.8503717077086E-16,
-1.));
#6106=DIRECTION('ref_axis',(-0.999999999999999,-2.98023235719331E-8,1.85037170770859E-16));
#6107=DIRECTION('center_axis',(-1.,0.,0.));
#6108=DIRECTION('ref_axis',(0.,-0.707106781186546,0.707106781186549));
#6109=DIRECTION('center_axis',(1.,0.,0.));
#6110=DIRECTION('ref_axis',(0.,-0.707106781186546,0.707106781186549));
#6111=DIRECTION('center_axis',(0.,0.,-1.));
#6112=DIRECTION('ref_axis',(-0.707106781186549,0.707106781186546,0.));
#6113=DIRECTION('',(0.,0.,1.));
#6114=DIRECTION('center_axis',(9.25185853854295E-17,0.,-1.));
#6115=DIRECTION('ref_axis',(-0.999999999999999,-2.98023220916358E-8,-9.25185853854294E-17));
#6116=DIRECTION('',(0.,0.,1.));
#6117=DIRECTION('center_axis',(1.,0.,0.));
#6118=DIRECTION('ref_axis',(0.,0.,-1.));
#6119=DIRECTION('center_axis',(1.,0.,0.));
#6120=DIRECTION('ref_axis',(0.,-0.707106781186546,-0.707106781186549));
#6121=DIRECTION('center_axis',(-1.,0.,0.));
#6122=DIRECTION('ref_axis',(0.,-0.707106781186546,-0.707106781186549));
#6123=DIRECTION('center_axis',(1.,0.,0.));
#6124=DIRECTION('ref_axis',(0.,0.,-1.));
#6125=DIRECTION('center_axis',(1.,0.,0.));
#6126=DIRECTION('ref_axis',(0.,0.707106781186546,0.707106781186549));
#6127=DIRECTION('center_axis',(1.,0.,0.));
#6128=DIRECTION('ref_axis',(0.,0.,-1.));
#6129=DIRECTION('center_axis',(1.,0.,0.));
#6130=DIRECTION('ref_axis',(0.,0.707106781186546,-0.707106781186549));
#6131=DIRECTION('center_axis',(1.,0.,0.));
#6132=DIRECTION('ref_axis',(0.,0.,-1.));
#6133=DIRECTION('center_axis',(0.,9.25185853854296E-17,1.));
#6134=DIRECTION('ref_axis',(-1.,0.,0.));
#6135=DIRECTION('center_axis',(-1.,0.,0.));
#6136=DIRECTION('ref_axis',(0.,0.707106781186546,-0.707106781186549));
#6137=DIRECTION('center_axis',(0.,0.,1.));
#6138=DIRECTION('ref_axis',(-0.70710678118655,-0.707106781186545,0.));
#6139=DIRECTION('center_axis',(0.,0.,1.));
#6140=DIRECTION('ref_axis',(-1.,0.,0.));
#6141=DIRECTION('',(0.,0.,-1.));
#6142=DIRECTION('center_axis',(1.,0.,0.));
#6143=DIRECTION('ref_axis',(0.,0.,-1.));
#6144=DIRECTION('center_axis',(-1.,0.,0.));
#6145=DIRECTION('ref_axis',(0.,0.707106781186546,0.707106781186549));
#6146=DIRECTION('center_axis',(0.,0.,-1.));
#6147=DIRECTION('ref_axis',(-0.707106781186561,-0.707106781186534,0.));
#6148=DIRECTION('center_axis',(0.,0.,-1.));
#6149=DIRECTION('ref_axis',(0.,-1.,0.));
#6150=DIRECTION('',(0.,0.,-1.));
#6151=DIRECTION('center_axis',(0.,0.,1.));
#6152=DIRECTION('ref_axis',(-1.,0.,0.));
#6153=DIRECTION('',(0.,0.,1.));
#6154=DIRECTION('center_axis',(1.22464679914735E-16,1.,0.));
#6155=DIRECTION('ref_axis',(-0.707106781186547,0.,-0.707106781186548));
#6156=DIRECTION('center_axis',(0.,1.,-4.93432455388958E-15));
#6157=DIRECTION('ref_axis',(0.,-4.93432455388958E-15,-1.));
#6158=DIRECTION('',(1.22464679914735E-16,1.,0.));
#6159=DIRECTION('center_axis',(0.,-1.,0.));
#6160=DIRECTION('ref_axis',(-1.,0.,0.));
#6161=DIRECTION('center_axis',(0.408248290463871,0.408248290463856,-0.816496580927726));
#6162=DIRECTION('ref_axis',(-0.577350269189637,-0.577350269189618,-0.577350269189623));
#6163=DIRECTION('center_axis',(-1.,1.22464679914735E-16,0.));
#6164=DIRECTION('ref_axis',(0.,-0.707106781186548,-0.707106781186547));
#6165=DIRECTION('center_axis',(0.,0.,1.));
#6166=DIRECTION('ref_axis',(-0.707106781186547,0.707106781186547,0.));
#6167=DIRECTION('center_axis',(0.,0.,1.));
#6168=DIRECTION('ref_axis',(0.,1.,0.));
#6169=DIRECTION('',(0.,0.,1.));
#6170=DIRECTION('center_axis',(0.,0.,-1.));
#6171=DIRECTION('ref_axis',(-1.,0.,0.));
#6172=DIRECTION('',(0.,0.,-1.));
#6173=DIRECTION('center_axis',(-0.816496580927726,-0.408248290463863,0.408248290463863));
#6174=DIRECTION('ref_axis',(-0.57735026918962,0.57735026918963,-0.577350269189627));
#6175=DIRECTION('center_axis',(-1.,1.22464679914735E-16,0.));
#6176=DIRECTION('ref_axis',(0.,0.707106781186548,-0.707106781186547));
#6177=DIRECTION('center_axis',(-1.22464679914735E-16,-1.,0.));
#6178=DIRECTION('ref_axis',(-0.707106781186547,0.,0.707106781186548));
#6179=DIRECTION('center_axis',(0.,-1.,0.));
#6180=DIRECTION('ref_axis',(0.,0.,1.));
#6181=DIRECTION('',(-1.22464679914735E-16,-1.,0.));
#6182=DIRECTION('center_axis',(0.,1.,4.93432455388959E-15));
#6183=DIRECTION('ref_axis',(-1.,0.,0.));
#6184=DIRECTION('center_axis',(-0.816496580927727,-0.408248290463863,-0.408248290463861));
#6185=DIRECTION('ref_axis',(-0.577350269189621,0.577350269189631,0.577350269189626));
#6186=DIRECTION('center_axis',(-1.,1.22464679914735E-16,0.));
#6187=DIRECTION('ref_axis',(0.,0.707106781186547,0.707106781186547));
#6188=DIRECTION('center_axis',(0.408248290463853,-0.816496580927731,-0.408248290463863));
#6189=DIRECTION('ref_axis',(-0.577350269189621,-0.577350269189626,0.57735026918963));
#6190=DIRECTION('center_axis',(-1.,1.22464679914735E-16,0.));
#6191=DIRECTION('ref_axis',(0.,-0.707106781186547,0.707106781186547));
#6192=DIRECTION('center_axis',(1.,-1.22464679914735E-16,0.));
#6193=DIRECTION('ref_axis',(0.,0.707106781186547,-0.707106781186548));
#6194=DIRECTION('',(1.,-1.22464679914735E-16,0.));
#6195=DIRECTION('center_axis',(-1.,0.,0.));
#6196=DIRECTION('ref_axis',(0.,1.,0.));
#6197=DIRECTION('center_axis',(1.22464679914735E-16,1.,0.));
#6198=DIRECTION('ref_axis',(-1.,1.22464679914735E-16,0.));
#6199=DIRECTION('',(-1.,1.22464679914735E-16,0.));
#6200=DIRECTION('',(0.,0.,1.));
#6201=DIRECTION('center_axis',(1.,-1.22464679914735E-16,0.));
#6202=DIRECTION('ref_axis',(0.,0.707106781186547,0.707106781186548));
#6203=DIRECTION('center_axis',(-1.,0.,0.));
#6204=DIRECTION('ref_axis',(0.,0.,1.));
#6205=DIRECTION('center_axis',(1.,-1.22464679914735E-16,0.));
#6206=DIRECTION('ref_axis',(0.,0.,1.));
#6207=DIRECTION('center_axis',(1.,-1.22464679914735E-16,0.));
#6208=DIRECTION('ref_axis',(0.,-0.707106781186547,0.707106781186548));
#6209=DIRECTION('',(1.,-1.22464679914735E-16,0.));
#6210=DIRECTION('center_axis',(-1.,0.,0.));
#6211=DIRECTION('ref_axis',(0.,-1.,0.));
#6212=DIRECTION('center_axis',(0.,0.,1.));
#6213=DIRECTION('ref_axis',(0.,-1.,0.));
#6214=DIRECTION('center_axis',(-0.999972455780221,0.00742210757636028,0.));
#6215=DIRECTION('ref_axis',(-0.00742210757636028,-0.99997245578022,0.));
#6216=DIRECTION('center_axis',(0.,0.,-1.));
#6217=DIRECTION('ref_axis',(0.,-1.,0.));
#6218=DIRECTION('center_axis',(-0.999993113921346,0.00371107934297817,0.));
#6219=DIRECTION('ref_axis',(-0.0037110793429878,-0.999993113921346,0.));
#6220=DIRECTION('center_axis',(-0.999993113921346,0.00371107934308648,-9.8685811514852E-14));
#6221=DIRECTION('ref_axis',(-0.00371107934308648,-0.999993113921346,0.));
#6222=DIRECTION('',(0.999993113921346,-0.00371107934297817,0.));
#6223=DIRECTION('center_axis',(0.,0.,1.));
#6224=DIRECTION('ref_axis',(-0.00371107934300137,-0.999993113921346,0.));
#6225=DIRECTION('center_axis',(0.,0.,-1.));
#6226=DIRECTION('ref_axis',(-0.00371107934300358,-0.999993113921346,0.));
#6227=DIRECTION('center_axis',(-0.703145605485054,-0.711045889860181,0.));
#6228=DIRECTION('ref_axis',(-0.502785370454958,0.497199025800003,0.707106781186546));
#6229=DIRECTION('',(-0.703145605485054,-0.711045889860181,0.));
#6230=DIRECTION('center_axis',(0.00558634465495544,-0.99998439625496,-1.09780152406929E-14));
#6231=DIRECTION('ref_axis',(0.999984396254959,0.00558634465495544,1.0978015240693E-14));
#6232=DIRECTION('center_axis',(1.,-1.22464679914735E-16,0.));
#6233=DIRECTION('ref_axis',(0.,-0.707106781186547,-0.707106781186548));
#6234=DIRECTION('center_axis',(-1.,0.,0.));
#6235=DIRECTION('ref_axis',(0.,0.,-1.));
#6236=DIRECTION('',(-1.,1.22464679914735E-16,0.));
#6237=DIRECTION('center_axis',(0.,0.,-1.));
#6238=DIRECTION('ref_axis',(0.,-1.,0.));
#6239=DIRECTION('center_axis',(0.,0.,1.));
#6240=DIRECTION('ref_axis',(0.,-1.,0.));
#6241=DIRECTION('center_axis',(0.,0.,1.));
#6242=DIRECTION('ref_axis',(0.526938834910349,0.849903208761635,0.));
#6243=DIRECTION('',(0.,0.,-1.));
#6244=DIRECTION('',(0.,0.,1.));
#6245=DIRECTION('center_axis',(0.00371107934297817,0.999993113921346,0.));
#6246=DIRECTION('ref_axis',(0.999993113921346,-0.00371107934297817,0.));
#6247=DIRECTION('',(-0.999993113921346,0.00371107934297817,0.));
#6248=DIRECTION('',(0.,0.,-1.));
#6249=DIRECTION('center_axis',(-1.22464679914735E-16,-1.,0.));
#6250=DIRECTION('ref_axis',(1.,-1.22464679914735E-16,0.));
#6251=DIRECTION('',(0.,0.,-1.));
#6252=DIRECTION('center_axis',(-1.22464679914735E-16,-1.,0.));
#6253=DIRECTION('ref_axis',(1.,-1.22464679914735E-16,0.));
#6254=DIRECTION('center_axis',(-0.999993113921346,0.00371107934297817,0.));
#6255=DIRECTION('ref_axis',(-0.0026241293689446,-0.707101911993633,-0.70710678118655));
#6256=DIRECTION('center_axis',(1.,0.,0.));
#6257=DIRECTION('ref_axis',(0.,-1.,-3.90310094370264E-15));
#6258=DIRECTION('center_axis',(0.999993113921346,-0.00371107934297184,0.));
#6259=DIRECTION('ref_axis',(-0.00371107934297184,-0.999993113921346,0.));
#6260=DIRECTION('center_axis',(0.,0.,-1.));
#6261=DIRECTION('ref_axis',(0.,1.,0.));
#6262=DIRECTION('center_axis',(-0.99997245578022,-0.00742210757645899,-3.66230876561315E-17));
#6263=DIRECTION('ref_axis',(-0.00742210757645899,0.99997245578022,1.5419764230905E-16));
#6264=DIRECTION('center_axis',(0.,0.,1.));
#6265=DIRECTION('ref_axis',(0.,1.,0.));
#6266=DIRECTION('center_axis',(-0.999993113921346,-0.00371107934297793,
0.));
#6267=DIRECTION('ref_axis',(-0.00371107934297793,0.999993113921346,0.));
#6268=DIRECTION('center_axis',(-0.999993113921346,-0.00371107934295819,
-1.97371623029704E-14));
#6269=DIRECTION('ref_axis',(-0.00371107934295819,0.999993113921346,0.));
#6270=DIRECTION('',(0.999993113921346,0.00371107934297793,0.));
#6271=DIRECTION('center_axis',(0.,0.,-1.));
#6272=DIRECTION('ref_axis',(-0.00371107934297176,0.999993113921346,0.));
#6273=DIRECTION('center_axis',(0.,0.,1.));
#6274=DIRECTION('ref_axis',(-0.00371107934297397,0.999993113921346,0.));
#6275=DIRECTION('center_axis',(0.711045889860182,0.703145605485054,0.));
#6276=DIRECTION('ref_axis',(0.703145605485054,-0.711045889860182,0.));
#6277=DIRECTION('',(0.,0.,-1.));
#6278=DIRECTION('',(0.703145605485054,-0.711045889860182,0.));
#6279=DIRECTION('',(0.,0.,1.));
#6280=DIRECTION('',(-0.703145605485054,0.711045889860182,0.));
#6281=DIRECTION('center_axis',(0.,0.,-1.));
#6282=DIRECTION('ref_axis',(0.923520306025503,-0.383549533122595,0.));
#6283=DIRECTION('',(0.,0.,1.));
#6284=DIRECTION('center_axis',(0.,0.,-1.));
#6285=DIRECTION('ref_axis',(-0.00371107934298286,0.999993113921346,0.));
#6286=DIRECTION('center_axis',(0.00371107934297793,-0.999993113921346,0.));
#6287=DIRECTION('ref_axis',(-0.999993113921346,-0.00371107934297793,0.));
#6288=DIRECTION('',(0.,0.,-1.));
#6289=DIRECTION('',(-0.999993113921346,-0.00371107934297793,0.));
#6290=DIRECTION('center_axis',(0.,0.,-1.));
#6291=DIRECTION('ref_axis',(0.526938834910348,-0.849903208761636,0.));
#6292=DIRECTION('center_axis',(0.,0.,-1.));
#6293=DIRECTION('ref_axis',(0.,1.,0.));
#6294=DIRECTION('center_axis',(0.,0.,1.));
#6295=DIRECTION('ref_axis',(0.,1.,0.));
#6296=DIRECTION('center_axis',(-0.99997245578022,-0.00742210757645899,3.66230876561315E-17));
#6297=DIRECTION('ref_axis',(0.,4.93432455388959E-15,1.));
#6298=DIRECTION('center_axis',(-0.999993113921346,-0.00371107934297793,
0.));
#6299=DIRECTION('ref_axis',(0.,0.,1.));
#6300=DIRECTION('center_axis',(-0.999993113921346,-0.00371107934299768,
-2.96057434544556E-14));
#6301=DIRECTION('ref_axis',(-2.96059473233375E-14,0.,1.));
#6302=DIRECTION('center_axis',(0.,0.,1.));
#6303=DIRECTION('ref_axis',(-0.00371107934298102,0.999993113921346,0.));
#6304=DIRECTION('center_axis',(1.,0.,0.));
#6305=DIRECTION('ref_axis',(0.,0.,-1.));
#6306=DIRECTION('center_axis',(-1.85037176285397E-16,1.8503717077086E-16,
-1.));
#6307=DIRECTION('ref_axis',(-0.999999999999999,-2.98023235719331E-8,1.85037170770859E-16));
#6308=DIRECTION('center_axis',(-1.,0.,0.));
#6309=DIRECTION('ref_axis',(0.,-0.707106781186546,0.707106781186549));
#6310=DIRECTION('center_axis',(1.,0.,0.));
#6311=DIRECTION('ref_axis',(0.,-0.707106781186546,0.707106781186549));
#6312=DIRECTION('center_axis',(0.,0.,-1.));
#6313=DIRECTION('ref_axis',(-0.707106781186549,0.707106781186546,0.));
#6314=DIRECTION('',(0.,0.,1.));
#6315=DIRECTION('center_axis',(9.25185853854295E-17,0.,-1.));
#6316=DIRECTION('ref_axis',(-0.999999999999999,-2.98023220916358E-8,-9.25185853854294E-17));
#6317=DIRECTION('',(0.,0.,1.));
#6318=DIRECTION('center_axis',(1.,0.,0.));
#6319=DIRECTION('ref_axis',(0.,0.,-1.));
#6320=DIRECTION('center_axis',(1.,0.,0.));
#6321=DIRECTION('ref_axis',(0.,-0.707106781186546,-0.707106781186549));
#6322=DIRECTION('center_axis',(-1.,0.,0.));
#6323=DIRECTION('ref_axis',(0.,-0.707106781186546,-0.707106781186549));
#6324=DIRECTION('center_axis',(1.,0.,0.));
#6325=DIRECTION('ref_axis',(0.,0.,-1.));
#6326=DIRECTION('center_axis',(1.,0.,0.));
#6327=DIRECTION('ref_axis',(0.,0.707106781186546,0.707106781186549));
#6328=DIRECTION('center_axis',(1.,0.,0.));
#6329=DIRECTION('ref_axis',(0.,0.,-1.));
#6330=DIRECTION('center_axis',(1.,0.,0.));
#6331=DIRECTION('ref_axis',(0.,0.707106781186546,-0.707106781186549));
#6332=DIRECTION('center_axis',(1.,0.,0.));
#6333=DIRECTION('ref_axis',(0.,0.,-1.));
#6334=DIRECTION('center_axis',(0.,9.25185853854296E-17,1.));
#6335=DIRECTION('ref_axis',(-1.,0.,0.));
#6336=DIRECTION('center_axis',(-1.,0.,0.));
#6337=DIRECTION('ref_axis',(0.,0.707106781186546,-0.707106781186549));
#6338=DIRECTION('center_axis',(0.,0.,1.));
#6339=DIRECTION('ref_axis',(-0.70710678118655,-0.707106781186545,0.));
#6340=DIRECTION('center_axis',(0.,0.,1.));
#6341=DIRECTION('ref_axis',(-1.,0.,0.));
#6342=DIRECTION('',(0.,0.,-1.));
#6343=DIRECTION('center_axis',(1.,0.,0.));
#6344=DIRECTION('ref_axis',(0.,0.,-1.));
#6345=DIRECTION('center_axis',(-1.,0.,0.));
#6346=DIRECTION('ref_axis',(0.,0.707106781186546,0.707106781186549));
#6347=DIRECTION('center_axis',(1.,0.,0.));
#6348=DIRECTION('ref_axis',(0.,0.,-1.));
#6349=DIRECTION('center_axis',(0.,0.,-1.));
#6350=DIRECTION('ref_axis',(-0.999999999999999,-2.98023213514871E-8,0.));
#6351=DIRECTION('center_axis',(-1.,0.,0.));
#6352=DIRECTION('ref_axis',(0.,-0.707106781186548,0.707106781186548));
#6353=DIRECTION('center_axis',(1.,0.,0.));
#6354=DIRECTION('ref_axis',(0.,-0.707106781186548,0.707106781186548));
#6355=DIRECTION('center_axis',(0.,0.,-1.));
#6356=DIRECTION('ref_axis',(-0.707106781186549,0.707106781186546,0.));
#6357=DIRECTION('',(0.,0.,1.));
#6358=DIRECTION('center_axis',(0.,0.,-1.));
#6359=DIRECTION('ref_axis',(-0.999999999999999,-2.98023220916358E-8,0.));
#6360=DIRECTION('',(0.,0.,1.));
#6361=DIRECTION('center_axis',(1.,0.,0.));
#6362=DIRECTION('ref_axis',(0.,0.,-1.));
#6363=DIRECTION('center_axis',(1.,0.,0.));
#6364=DIRECTION('ref_axis',(0.,-0.707106781186548,-0.707106781186547));
#6365=DIRECTION('center_axis',(-1.,0.,0.));
#6366=DIRECTION('ref_axis',(0.,-0.707106781186548,-0.707106781186547));
#6367=DIRECTION('center_axis',(1.,0.,0.));
#6368=DIRECTION('ref_axis',(0.,0.,-1.));
#6369=DIRECTION('center_axis',(1.,0.,0.));
#6370=DIRECTION('ref_axis',(0.,0.707106781186548,0.707106781186548));
#6371=DIRECTION('center_axis',(1.,0.,0.));
#6372=DIRECTION('ref_axis',(0.,0.,-1.));
#6373=DIRECTION('center_axis',(1.,0.,0.));
#6374=DIRECTION('ref_axis',(0.,0.707106781186548,-0.707106781186547));
#6375=DIRECTION('center_axis',(1.,0.,0.));
#6376=DIRECTION('ref_axis',(0.,0.,-1.));
#6377=DIRECTION('center_axis',(0.,0.,1.));
#6378=DIRECTION('ref_axis',(-1.,0.,0.));
#6379=DIRECTION('center_axis',(-1.,0.,0.));
#6380=DIRECTION('ref_axis',(0.,0.707106781186548,-0.707106781186547));
#6381=DIRECTION('center_axis',(0.,0.,1.));
#6382=DIRECTION('ref_axis',(-0.707106781186548,-0.707106781186547,0.));
#6383=DIRECTION('center_axis',(0.,0.,1.));
#6384=DIRECTION('ref_axis',(-1.,0.,0.));
#6385=DIRECTION('',(0.,0.,-1.));
#6386=DIRECTION('center_axis',(1.,0.,0.));
#6387=DIRECTION('ref_axis',(0.,0.,-1.));
#6388=DIRECTION('center_axis',(-1.,0.,0.));
#6389=DIRECTION('ref_axis',(0.,0.707106781186547,0.707106781186547));
#6390=DIRECTION('center_axis',(1.,0.,0.));
#6391=DIRECTION('ref_axis',(0.,0.,-1.));
#6392=DIRECTION('center_axis',(-1.,1.22464679914735E-16,0.));
#6393=DIRECTION('ref_axis',(-8.65956056235493E-17,-0.707106781186547,-0.707106781186547));
#6394=DIRECTION('center_axis',(1.,-1.22464679914735E-16,0.));
#6395=DIRECTION('ref_axis',(-1.22464679914735E-16,-1.,0.));
#6396=DIRECTION('',(-1.,1.22464679914735E-16,0.));
#6397=DIRECTION('center_axis',(-1.22464679914735E-16,-1.,0.));
#6398=DIRECTION('ref_axis',(-1.,1.22464679914735E-16,0.));
#6399=DIRECTION('',(-1.,1.22464679914735E-16,0.));
#6400=DIRECTION('',(0.,0.,-1.));
#6401=DIRECTION('',(1.,-1.22464679914735E-16,0.));
#6402=DIRECTION('center_axis',(-1.,1.22464679914735E-16,0.));
#6403=DIRECTION('ref_axis',(8.65956056235493E-17,0.707106781186547,0.707106781186547));
#6404=DIRECTION('center_axis',(1.,-1.22464679914735E-16,0.));
#6405=DIRECTION('ref_axis',(1.22464679914735E-16,1.,0.));
#6406=DIRECTION('center_axis',(-1.,1.22464679914735E-16,0.));
#6407=DIRECTION('ref_axis',(-8.65956056235493E-17,-0.707106781186547,-0.707106781186547));
#6408=DIRECTION('center_axis',(1.,-1.22464679914735E-16,0.));
#6409=DIRECTION('ref_axis',(-1.22464679914735E-16,-1.,0.));
#6410=DIRECTION('',(-1.,1.22464679914735E-16,0.));
#6411=DIRECTION('center_axis',(-1.22464679914735E-16,-1.,0.));
#6412=DIRECTION('ref_axis',(-1.,1.22464679914735E-16,0.));
#6413=DIRECTION('',(-1.,1.22464679914735E-16,0.));
#6414=DIRECTION('',(0.,0.,-1.));
#6415=DIRECTION('',(1.,-1.22464679914735E-16,0.));
#6416=DIRECTION('center_axis',(-1.,1.22464679914735E-16,0.));
#6417=DIRECTION('ref_axis',(8.65956056235492E-17,0.707106781186547,0.707106781186548));
#6418=DIRECTION('center_axis',(1.,-1.22464679914735E-16,0.));
#6419=DIRECTION('ref_axis',(1.22464679914735E-16,1.,0.));
#6420=DIRECTION('center_axis',(-1.,1.22464679914735E-16,0.));
#6421=DIRECTION('ref_axis',(-8.65956056235492E-17,-0.707106781186547,-0.707106781186548));
#6422=DIRECTION('center_axis',(1.,-1.22464679914735E-16,0.));
#6423=DIRECTION('ref_axis',(-1.22464679914735E-16,-1.,0.));
#6424=DIRECTION('',(-1.,1.22464679914735E-16,0.));
#6425=DIRECTION('center_axis',(-1.22464679914735E-16,-1.,0.));
#6426=DIRECTION('ref_axis',(-1.,1.22464679914735E-16,0.));
#6427=DIRECTION('',(-1.,1.22464679914735E-16,0.));
#6428=DIRECTION('',(0.,0.,-1.));
#6429=DIRECTION('',(1.,-1.22464679914735E-16,0.));
#6430=DIRECTION('center_axis',(-1.,1.22464679914735E-16,0.));
#6431=DIRECTION('ref_axis',(8.65956056235493E-17,0.707106781186547,0.707106781186547));
#6432=DIRECTION('center_axis',(1.,-1.22464679914735E-16,0.));
#6433=DIRECTION('ref_axis',(1.22464679914735E-16,1.,0.));
#6434=DIRECTION('center_axis',(-1.22464679914735E-16,-1.,0.));
#6435=DIRECTION('ref_axis',(-1.,1.22464679914735E-16,0.));
#6436=DIRECTION('',(-1.,1.22464679914735E-16,0.));
#6437=DIRECTION('',(0.,0.,-1.));
#6438=DIRECTION('',(1.,-1.22464679914735E-16,0.));
#6439=DIRECTION('center_axis',(-1.,1.22464679914735E-16,0.));
#6440=DIRECTION('ref_axis',(8.65956056235493E-17,0.707106781186547,0.707106781186547));
#6441=DIRECTION('center_axis',(1.,-1.22464679914735E-16,0.));
#6442=DIRECTION('ref_axis',(1.22464679914735E-16,1.,0.));
#6443=DIRECTION('center_axis',(1.,-1.22464679914735E-16,0.));
#6444=DIRECTION('ref_axis',(-8.65956056235493E-17,-0.707106781186547,0.707106781186547));
#6445=DIRECTION('',(1.,-1.22464679914735E-16,0.));
#6446=DIRECTION('center_axis',(1.,-1.22464679914735E-16,0.));
#6447=DIRECTION('ref_axis',(0.,0.,1.));
#6448=DIRECTION('center_axis',(0.,0.,-1.));
#6449=DIRECTION('ref_axis',(-1.,0.,0.));
#6450=DIRECTION('',(0.,0.,-1.));
#6451=DIRECTION('center_axis',(0.,0.,-1.));
#6452=DIRECTION('ref_axis',(-1.,0.,0.));
#6453=DIRECTION('',(0.,0.,-1.));
#6454=DIRECTION('center_axis',(0.,0.,-1.));
#6455=DIRECTION('ref_axis',(-1.,0.,0.));
#6456=DIRECTION('',(0.,0.,-1.));
#6457=DIRECTION('center_axis',(0.,0.,-1.));
#6458=DIRECTION('ref_axis',(-1.,0.,0.));
#6459=DIRECTION('',(0.,0.,-1.));
#6460=DIRECTION('center_axis',(-1.22464679914735E-16,-1.,0.));
#6461=DIRECTION('ref_axis',(1.,-1.22464679914735E-16,0.));
#6462=DIRECTION('',(-1.,1.22464679914735E-16,0.));
#6463=DIRECTION('',(0.,0.,1.));
#6464=DIRECTION('',(1.,-1.22464679914735E-16,0.));
#6465=DIRECTION('',(0.,0.,1.));
#6466=DIRECTION('center_axis',(1.22464679914735E-16,1.,0.));
#6467=DIRECTION('ref_axis',(-1.,1.22464679914735E-16,0.));
#6468=DIRECTION('',(1.,-1.22464679914735E-16,0.));
#6469=DIRECTION('',(0.,0.,-1.));
#6470=DIRECTION('',(-1.,1.22464679914735E-16,0.));
#6471=DIRECTION('',(0.,0.,-1.));
#6472=DIRECTION('center_axis',(-1.,1.22464679914735E-16,0.));
#6473=DIRECTION('ref_axis',(0.,0.,-1.));
#6474=DIRECTION('',(-1.22464679914735E-16,-1.,0.));
#6475=DIRECTION('',(1.22464679914735E-16,1.,0.));
#6476=DIRECTION('center_axis',(-0.00371107934297809,-0.999993113921346,
0.));
#6477=DIRECTION('ref_axis',(-0.999993113921346,0.00371107934297809,0.));
#6478=DIRECTION('',(0.999993113921346,-0.00371107934297809,0.));
#6479=DIRECTION('',(0.,0.,-1.));
#6480=DIRECTION('',(-0.999993113921346,0.00371107934297809,0.));
#6481=DIRECTION('center_axis',(0.,0.,-1.));
#6482=DIRECTION('ref_axis',(-0.923520306025503,-0.383549533122595,0.));
#6483=DIRECTION('center_axis',(0.,0.,1.));
#6484=DIRECTION('ref_axis',(-0.923520306025503,-0.383549533122596,0.));
#6485=DIRECTION('',(0.,0.,1.));
#6486=DIRECTION('center_axis',(0.,0.,-1.));
#6487=DIRECTION('ref_axis',(-0.923520306025503,-0.383549533122596,0.));
#6488=DIRECTION('center_axis',(-0.711045889860181,0.703145605485054,0.));
#6489=DIRECTION('ref_axis',(0.703145605485054,0.711045889860181,0.));
#6490=DIRECTION('',(-0.703145605485054,-0.711045889860181,0.));
#6491=DIRECTION('',(0.,0.,-1.));
#6492=DIRECTION('',(0.703145605485054,0.711045889860181,0.));
#6493=DIRECTION('center_axis',(-0.703145605485054,-0.711045889860181,0.));
#6494=DIRECTION('ref_axis',(0.711045889860181,-0.703145605485054,0.));
#6495=DIRECTION('',(0.711045889860181,-0.703145605485054,0.));
#6496=DIRECTION('',(0.,0.,1.));
#6497=DIRECTION('',(-0.711045889860181,0.703145605485054,0.));
#6498=DIRECTION('center_axis',(-0.706723496972412,-0.707489857755633,0.));
#6499=DIRECTION('ref_axis',(-0.707489857755633,0.706723496972412,0.));
#6500=DIRECTION('',(0.707489857755633,-0.706723496972412,0.));
#6501=DIRECTION('',(0.,0.,-1.));
#6502=DIRECTION('',(-0.707489857755633,0.706723496972412,0.));
#6503=DIRECTION('center_axis',(0.557135740958934,-0.830421438876755,0.));
#6504=DIRECTION('ref_axis',(-0.830421438876755,-0.557135740958934,0.));
#6505=DIRECTION('',(0.830421438876755,0.557135740958934,0.));
#6506=DIRECTION('',(0.,0.,-1.));
#6507=DIRECTION('',(-0.830421438876755,-0.557135740958934,0.));
#6508=DIRECTION('center_axis',(-0.703145605485054,-0.711045889860181,0.));
#6509=DIRECTION('ref_axis',(0.711045889860181,-0.703145605485054,0.));
#6510=DIRECTION('',(0.711045889860181,-0.703145605485054,0.));
#6511=DIRECTION('',(0.,0.,1.));
#6512=DIRECTION('',(-0.711045889860181,0.703145605485054,0.));
#6513=DIRECTION('center_axis',(0.56030936770421,-0.828283413127963,0.));
#6514=DIRECTION('ref_axis',(0.828283413127963,0.56030936770421,0.));
#6515=DIRECTION('',(0.828283413127963,0.56030936770421,0.));
#6516=DIRECTION('',(0.,0.,-1.));
#6517=DIRECTION('',(-0.828283413127963,-0.56030936770421,0.));
#6518=DIRECTION('center_axis',(0.,0.,-1.));
#6519=DIRECTION('ref_axis',(0.00191331262610335,-0.999998169615722,0.));
#6520=DIRECTION('center_axis',(0.,0.,1.));
#6521=DIRECTION('ref_axis',(0.00191331262610224,-0.999998169615722,0.));
#6522=DIRECTION('',(0.,0.,1.));
#6523=DIRECTION('center_axis',(0.,0.,-1.));
#6524=DIRECTION('ref_axis',(0.00191331262610224,-0.999998169615722,0.));
#6525=DIRECTION('center_axis',(0.557135740958934,0.830421438876755,0.));
#6526=DIRECTION('ref_axis',(0.830421438876755,-0.557135740958934,0.));
#6527=DIRECTION('',(0.830421438876755,-0.557135740958934,0.));
#6528=DIRECTION('',(0.,0.,-1.));
#6529=DIRECTION('',(-0.830421438876755,0.557135740958934,0.));
#6530=DIRECTION('center_axis',(0.56030936770421,0.828283413127963,0.));
#6531=DIRECTION('ref_axis',(-0.828283413127963,0.56030936770421,0.));
#6532=DIRECTION('',(0.828283413127963,-0.56030936770421,0.));
#6533=DIRECTION('',(0.,0.,-1.));
#6534=DIRECTION('',(-0.828283413127963,0.56030936770421,0.));
#6535=DIRECTION('center_axis',(-0.703145605485054,0.711045889860182,0.));
#6536=DIRECTION('ref_axis',(-0.711045889860182,-0.703145605485054,0.));
#6537=DIRECTION('',(0.711045889860182,0.703145605485054,0.));
#6538=DIRECTION('',(-0.711045889860182,-0.703145605485054,0.));
#6539=DIRECTION('center_axis',(0.828283413127963,-0.56030936770421,0.));
#6540=DIRECTION('ref_axis',(-0.396198553465994,-0.585684818167121,0.707106781186548));
#6541=DIRECTION('center_axis',(-0.828283413127963,0.560309367704211,0.));
#6542=DIRECTION('ref_axis',(-0.560309367704211,-0.828283413127963,0.));
#6543=DIRECTION('',(0.828283413127963,-0.56030936770421,0.));
#6544=DIRECTION('center_axis',(0.99572249802777,0.0923943013466579,2.0515656139843E-15));
#6545=DIRECTION('ref_axis',(0.0923943013466579,-0.99572249802777,2.49952323875638E-15));
#6546=DIRECTION('center_axis',(0.,0.,1.));
#6547=DIRECTION('ref_axis',(-1.,0.,0.));
#6548=DIRECTION('center_axis',(-0.828283413127899,-0.560309367704305,0.));
#6549=DIRECTION('ref_axis',(0.560309367704305,-0.828283413127899,0.));
#6550=DIRECTION('center_axis',(0.,0.,-1.));
#6551=DIRECTION('ref_axis',(-5.83810845474031E-14,1.,0.));
#6552=DIRECTION('center_axis',(0.711045889860182,0.703145605485054,0.));
#6553=DIRECTION('ref_axis',(0.497199025800005,-0.502785370454953,0.707106781186549));
#6554=DIRECTION('',(0.711045889860182,0.703145605485054,0.));
#6555=DIRECTION('center_axis',(0.995543896289618,0.0942992606571515,-1.10527575568577E-14));
#6556=DIRECTION('ref_axis',(-0.0942992606571515,0.995543896289618,-1.35187787349384E-14));
#6557=DIRECTION('center_axis',(0.711045889860182,0.703145605485054,0.));
#6558=DIRECTION('ref_axis',(0.497199025800005,-0.502785370454953,0.707106781186549));
#6559=DIRECTION('',(0.711045889860182,0.703145605485054,0.));
#6560=DIRECTION('center_axis',(0.0055863446549556,0.99998439625496,0.));
#6561=DIRECTION('ref_axis',(0.999984396254959,-0.0055863446549556,0.));
#6562=DIRECTION('center_axis',(-0.655673392623842,-0.755044635902502,0.));
#6563=DIRECTION('ref_axis',(-0.53389718214519,0.463631102167898,0.707106781186552));
#6564=DIRECTION('',(-0.655673392623842,-0.755044635902502,0.));
#6565=DIRECTION('center_axis',(0.414925660435796,-0.909855316142033,-1.93146236450572E-14));
#6566=DIRECTION('ref_axis',(-0.909855316142033,-0.414925660435796,-8.8081399644679E-15));
#6567=DIRECTION('center_axis',(-0.416613221673315,0.90908383745779,4.20424278299842E-15));
#6568=DIRECTION('ref_axis',(-0.90908383745779,-0.416613221673315,-1.90786530397432E-15));
#6569=DIRECTION('center_axis',(0.,0.,1.));
#6570=DIRECTION('ref_axis',(-1.,0.,0.));
#6571=DIRECTION('center_axis',(0.,0.,-1.));
#6572=DIRECTION('ref_axis',(-0.0229828744630785,0.999735858855435,0.));
#6573=DIRECTION('center_axis',(1.,-2.23269251724178E-14,0.));
#6574=DIRECTION('ref_axis',(0.,0.,1.));
#6575=DIRECTION('center_axis',(1.,-1.22464679914735E-16,0.));
#6576=DIRECTION('ref_axis',(-8.65956056235494E-17,-0.707106781186548,0.707106781186547));
#6577=DIRECTION('center_axis',(0.707106781186548,0.707106781186547,-1.57009245868377E-14));
#6578=DIRECTION('ref_axis',(0.707106781186547,-0.707106781186548,-1.57009245868377E-14));
#6579=DIRECTION('center_axis',(1.22464679914735E-16,1.,0.));
#6580=DIRECTION('ref_axis',(0.707106781186556,-8.65956056235504E-17,0.707106781186539));
#6581=DIRECTION('center_axis',(-0.707106781186547,0.707106781186548,0.));
#6582=DIRECTION('ref_axis',(0.707106781186548,0.707106781186547,0.));
#6583=DIRECTION('center_axis',(-1.,1.22464679914735E-16,0.));
#6584=DIRECTION('ref_axis',(8.65956056235494E-17,0.707106781186548,0.707106781186547));
#6585=DIRECTION('center_axis',(0.703145605485054,0.711045889860181,0.));
#6586=DIRECTION('ref_axis',(0.502785370454958,-0.497199025800003,0.707106781186546));
#6587=DIRECTION('center_axis',(-0.703145605485053,-0.711045889860182,0.));
#6588=DIRECTION('ref_axis',(0.711045889860182,-0.703145605485053,0.));
#6589=DIRECTION('center_axis',(-0.00558634465495544,0.99998439625496,-1.09780152406929E-14));
#6590=DIRECTION('ref_axis',(-0.999984396254959,-0.00558634465495544,1.0978015240693E-14));
#6591=DIRECTION('center_axis',(0.,0.,1.));
#6592=DIRECTION('ref_axis',(-1.,0.,0.));
#6593=DIRECTION('center_axis',(0.999993113921346,-0.00371107934298302,0.));
#6594=DIRECTION('ref_axis',(0.00371107934298302,0.999993113921346,0.));
#6595=DIRECTION('center_axis',(-0.999993113921346,0.00371107934297809,0.));
#6596=DIRECTION('ref_axis',(0.0026241293689446,0.707101911993632,0.707106781186551));
#6597=DIRECTION('center_axis',(0.711045889860181,-0.703145605485054,0.));
#6598=DIRECTION('ref_axis',(0.497199025800005,0.502785370454952,0.707106781186549));
#6599=DIRECTION('center_axis',(0.707489857755633,-0.706723496972412,0.));
#6600=DIRECTION('ref_axis',(0.499728977133051,0.50027087603971,0.707106781186559));
#6601=DIRECTION('center_axis',(-0.995302884755932,0.0968099560815939,1.10500817913187E-14));
#6602=DIRECTION('ref_axis',(-0.0968099560815939,-0.995302884755932,-1.34461537373392E-14));
#6603=DIRECTION('center_axis',(0.830421438876755,0.557135740958934,0.));
#6604=DIRECTION('ref_axis',(-0.393954460473453,0.587196630672451,0.707106781186542));
#6605=DIRECTION('center_axis',(-0.995543896289618,0.0942992606571534,0.));
#6606=DIRECTION('ref_axis',(0.0942992606571534,0.995543896289618,0.));
#6607=DIRECTION('center_axis',(0.711045889860181,-0.703145605485054,0.));
#6608=DIRECTION('ref_axis',(0.497199025800005,0.502785370454952,0.707106781186549));
#6609=DIRECTION('center_axis',(-0.99572249802777,0.0923943013466597,-1.10547404344771E-14));
#6610=DIRECTION('ref_axis',(-0.0923943013466597,-0.99572249802777,1.34685337022844E-14));
#6611=DIRECTION('center_axis',(0.828283413127963,0.56030936770421,0.));
#6612=DIRECTION('ref_axis',(-0.396198553465993,0.585684818167121,0.707106781186548));
#6613=DIRECTION('center_axis',(-0.828283413127962,-0.560309367704212,0.));
#6614=DIRECTION('ref_axis',(0.,0.,1.));
#6615=DIRECTION('center_axis',(0.,0.,1.));
#6616=DIRECTION('ref_axis',(-1.,0.,0.));
#6617=DIRECTION('center_axis',(-0.830421438876759,0.557135740958928,0.));
#6618=DIRECTION('ref_axis',(0.,0.,1.));
#6619=DIRECTION('center_axis',(-0.828283413127963,0.56030936770421,0.));
#6620=DIRECTION('ref_axis',(0.396198553465992,0.585684818167117,0.707106781186552));
#6621=DIRECTION('center_axis',(-0.99572249802777,-0.0923943013466611,-2.41610464829385E-14));
#6622=DIRECTION('ref_axis',(-0.0923943013466611,0.99572249802777,-2.94365906433254E-14));
#6623=DIRECTION('center_axis',(-0.711045889860182,-0.703145605485054,0.));
#6624=DIRECTION('ref_axis',(-0.497199025800005,0.502785370454953,0.707106781186549));
#6625=DIRECTION('center_axis',(-0.00558634465497139,-0.999984396254959,
0.));
#6626=DIRECTION('ref_axis',(-0.999984396254959,0.00558634465497139,0.));
#6627=DIRECTION('center_axis',(-0.711045889860181,0.703145605485054,0.));
#6628=DIRECTION('ref_axis',(-0.497199025800005,-0.502785370454952,0.707106781186549));
#6629=DIRECTION('',(0.711045889860181,-0.703145605485054,0.));
#6630=DIRECTION('center_axis',(-0.707489857755633,0.706723496972412,0.));
#6631=DIRECTION('ref_axis',(-0.499728977133051,-0.50027087603971,0.707106781186559));
#6632=DIRECTION('',(0.707489857755633,-0.706723496972412,0.));
#6633=DIRECTION('center_axis',(0.995302884755932,-0.0968099560815939,1.10500817913187E-14));
#6634=DIRECTION('ref_axis',(0.0968099560815939,0.995302884755932,-1.34461537373392E-14));
#6635=DIRECTION('center_axis',(-0.830421438876755,-0.557135740958934,0.));
#6636=DIRECTION('ref_axis',(0.393954460473453,-0.587196630672451,0.707106781186542));
#6637=DIRECTION('',(0.830421438876755,0.557135740958934,0.));
#6638=DIRECTION('center_axis',(0.995543896289618,-0.0942992606571534,0.));
#6639=DIRECTION('ref_axis',(-0.0942992606571534,-0.995543896289618,0.));
#6640=DIRECTION('center_axis',(-0.711045889860181,0.703145605485054,0.));
#6641=DIRECTION('ref_axis',(-0.497199025800005,-0.502785370454952,0.707106781186549));
#6642=DIRECTION('center_axis',(-0.995722498027776,0.0923943013465939,0.));
#6643=DIRECTION('ref_axis',(-0.0923943013465939,-0.995722498027776,6.70445501744084E-17));
#6644=DIRECTION('',(0.711045889860181,-0.703145605485054,0.));
#6645=DIRECTION('center_axis',(-0.828283413127899,-0.560309367704306,0.));
#6646=DIRECTION('ref_axis',(0.560309367704306,-0.828283413127898,1.69108170982593E-17));
#6647=DIRECTION('center_axis',(0.703145605485054,-0.711045889860182,0.));
#6648=DIRECTION('ref_axis',(-0.502785370454955,-0.497199025799999,0.707106781186552));
#6649=DIRECTION('center_axis',(-0.830421438876755,0.557135740958934,0.));
#6650=DIRECTION('ref_axis',(0.393954460473456,0.58719663067244,0.707106781186549));
#6651=DIRECTION('center_axis',(1.,-1.22464679914735E-16,0.));
#6652=DIRECTION('ref_axis',(-8.65956056235493E-17,-0.707106781186547,0.707106781186547));
#6653=DIRECTION('',(1.,-1.22464679914735E-16,0.));
#6654=DIRECTION('center_axis',(0.999993113921346,0.00371107934297793,0.));
#6655=DIRECTION('ref_axis',(0.00262412936893658,-0.707101911993632,0.707106781186551));
#6656=DIRECTION('center_axis',(-0.999993113921346,-0.00371107934297163,
0.));
#6657=DIRECTION('ref_axis',(0.00371107934297163,-0.999993113921346,0.));
#6658=DIRECTION('',(0.999993113921346,0.00371107934297793,0.));
#6659=DIRECTION('center_axis',(0.,0.,1.));
#6660=DIRECTION('ref_axis',(-1.,0.,0.));
#6661=DIRECTION('center_axis',(0.703145605485053,-0.711045889860182,0.));
#6662=DIRECTION('ref_axis',(0.711045889860182,0.703145605485053,0.));
#6663=DIRECTION('center_axis',(0.,0.,-1.));
#6664=DIRECTION('ref_axis',(-0.923520306025503,0.383549533122596,0.));
#6665=DIRECTION('center_axis',(-0.703145605485054,0.711045889860182,0.));
#6666=DIRECTION('ref_axis',(0.502785370454955,0.497199025799999,0.707106781186552));
#6667=DIRECTION('',(-0.703145605485054,0.711045889860182,0.));
#6668=DIRECTION('center_axis',(0.707489857755633,0.706723496972412,0.));
#6669=DIRECTION('ref_axis',(0.49972897713307,-0.500270876039714,0.707106781186542));
#6670=DIRECTION('',(0.707489857755633,0.706723496972412,0.));
#6671=DIRECTION('center_axis',(-0.995302884755932,-0.0968099560815936,-8.90046894622403E-15));
#6672=DIRECTION('ref_axis',(-0.0968099560815936,0.995302884755932,1.08304242489285E-14));
#6673=DIRECTION('center_axis',(0.830421438876755,-0.557135740958934,0.));
#6674=DIRECTION('ref_axis',(-0.393954460473456,-0.58719663067244,0.707106781186549));
#6675=DIRECTION('',(0.830421438876755,-0.557135740958934,0.));
#6676=DIRECTION('center_axis',(0.828283413127899,0.560309367704306,0.));
#6677=DIRECTION('ref_axis',(0.396198553466061,-0.585684818167079,0.707106781186545));
#6678=DIRECTION('center_axis',(-0.828283413127899,-0.560309367704306,0.));
#6679=DIRECTION('ref_axis',(0.396198553466061,-0.585684818167079,0.707106781186545));
#6680=DIRECTION('',(0.828283413127899,0.560309367704306,0.));
#6681=DIRECTION('center_axis',(0.,0.,-1.));
#6682=DIRECTION('ref_axis',(-0.526938834910349,0.849903208761635,0.));
#6683=DIRECTION('center_axis',(0.,0.,1.));
#6684=DIRECTION('ref_axis',(-0.0229828744630785,0.999735858855435,0.));
#6685=DIRECTION('',(0.,0.,-1.));
#6686=DIRECTION('center_axis',(1.22464679914735E-16,1.,0.));
#6687=DIRECTION('ref_axis',(1.,-1.22464679914735E-16,0.));
#6688=DIRECTION('',(-1.,1.22464679914735E-16,0.));
#6689=DIRECTION('',(0.,0.,1.));
#6690=DIRECTION('center_axis',(0.755044635902502,-0.655673392623842,0.));
#6691=DIRECTION('ref_axis',(-0.655673392623842,-0.755044635902502,0.));
#6692=DIRECTION('',(0.655673392623842,0.755044635902502,0.));
#6693=DIRECTION('',(0.,0.,-1.));
#6694=DIRECTION('center_axis',(-0.00371107934297793,0.999993113921346,0.));
#6695=DIRECTION('ref_axis',(0.999993113921346,0.00371107934297793,0.));
#6696=DIRECTION('',(-0.999993113921346,-0.00371107934297793,0.));
#6697=DIRECTION('',(0.,0.,1.));
#6698=DIRECTION('center_axis',(0.,0.,-1.));
#6699=DIRECTION('ref_axis',(-0.923520306025503,0.383549533122595,0.));
#6700=DIRECTION('center_axis',(0.,0.,1.));
#6701=DIRECTION('ref_axis',(-0.923520306025503,0.383549533122596,0.));
#6702=DIRECTION('',(0.,0.,-1.));
#6703=DIRECTION('center_axis',(-0.711045889860182,-0.703145605485054,0.));
#6704=DIRECTION('ref_axis',(-0.703145605485054,0.711045889860182,0.));
#6705=DIRECTION('',(0.703145605485054,-0.711045889860182,0.));
#6706=DIRECTION('',(0.,0.,1.));
#6707=DIRECTION('center_axis',(0.703145605485054,-0.711045889860182,0.));
#6708=DIRECTION('ref_axis',(0.711045889860182,0.703145605485054,0.));
#6709=DIRECTION('',(-0.711045889860182,-0.703145605485054,0.));
#6710=DIRECTION('',(0.,0.,-1.));
#6711=DIRECTION('center_axis',(0.706723496972412,-0.707489857755633,0.));
#6712=DIRECTION('ref_axis',(-0.707489857755633,-0.706723496972412,0.));
#6713=DIRECTION('',(-0.707489857755633,-0.706723496972412,0.));
#6714=DIRECTION('',(0.,0.,-1.));
#6715=DIRECTION('center_axis',(-0.557135740958934,-0.830421438876755,0.));
#6716=DIRECTION('ref_axis',(-0.830421438876755,0.557135740958934,0.));
#6717=DIRECTION('',(-0.830421438876755,0.557135740958934,0.));
#6718=DIRECTION('',(0.,0.,1.));
#6719=DIRECTION('center_axis',(0.703145605485054,-0.711045889860182,0.));
#6720=DIRECTION('ref_axis',(0.711045889860182,0.703145605485054,0.));
#6721=DIRECTION('',(-0.711045889860182,-0.703145605485054,0.));
#6722=DIRECTION('',(0.,0.,1.));
#6723=DIRECTION('center_axis',(-0.56030936770421,-0.828283413127963,0.));
#6724=DIRECTION('ref_axis',(0.828283413127963,-0.56030936770421,0.));
#6725=DIRECTION('',(-0.828283413127963,0.56030936770421,0.));
#6726=DIRECTION('',(0.,0.,1.));
#6727=DIRECTION('center_axis',(0.,0.,1.));
#6728=DIRECTION('ref_axis',(-5.77153753073219E-14,1.,0.));
#6729=DIRECTION('center_axis',(0.,0.,1.));
#6730=DIRECTION('ref_axis',(-5.83810845474031E-14,1.,0.));
#6731=DIRECTION('',(0.,0.,-1.));
#6732=DIRECTION('center_axis',(-0.560309367704306,0.828283413127899,0.));
#6733=DIRECTION('ref_axis',(0.,0.,-1.));
#6734=DIRECTION('',(-0.828283413127899,-0.560309367704306,0.));
#6735=DIRECTION('',(0.,0.,1.));
#6736=DIRECTION('center_axis',(-0.828283413127899,-0.560309367704306,0.));
#6737=DIRECTION('ref_axis',(0.,0.,1.));
#6738=DIRECTION('center_axis',(-0.828283413127899,-0.560309367704306,0.));
#6739=DIRECTION('ref_axis',(0.560309367704306,-0.828283413127898,0.));
#6740=DIRECTION('center_axis',(-0.828283413127899,-0.560309367704306,0.));
#6741=DIRECTION('ref_axis',(0.39619855346606,-0.585684818167079,-0.707106781186545));
#6742=DIRECTION('',(0.,0.,1.));
#6743=DIRECTION('center_axis',(0.703145605485054,0.711045889860181,0.));
#6744=DIRECTION('ref_axis',(-0.711045889860181,0.703145605485054,0.));
#6745=DIRECTION('',(-0.711045889860181,0.703145605485054,0.));
#6746=DIRECTION('',(0.,0.,-1.));
#6747=DIRECTION('center_axis',(-0.557135740958934,0.830421438876755,0.));
#6748=DIRECTION('ref_axis',(0.830421438876755,0.557135740958934,0.));
#6749=DIRECTION('',(-0.830421438876755,-0.557135740958934,0.));
#6750=DIRECTION('',(0.,0.,-1.));
#6751=DIRECTION('center_axis',(0.706723496972412,0.707489857755633,0.));
#6752=DIRECTION('ref_axis',(0.707489857755633,-0.706723496972412,0.));
#6753=DIRECTION('',(-0.707489857755633,0.706723496972412,0.));
#6754=DIRECTION('',(0.,0.,1.));
#6755=DIRECTION('center_axis',(0.703145605485054,0.711045889860181,0.));
#6756=DIRECTION('ref_axis',(-0.711045889860181,0.703145605485054,0.));
#6757=DIRECTION('',(-0.711045889860181,0.703145605485054,0.));
#6758=DIRECTION('',(0.,0.,-1.));
#6759=DIRECTION('center_axis',(0.711045889860181,-0.703145605485054,0.));
#6760=DIRECTION('ref_axis',(-0.703145605485054,-0.711045889860181,0.));
#6761=DIRECTION('',(0.,0.,1.));
#6762=DIRECTION('',(0.703145605485054,0.711045889860181,0.));
#6763=DIRECTION('center_axis',(0.,0.,-1.));
#6764=DIRECTION('ref_axis',(0.923520306025503,0.383549533122595,0.));
#6765=DIRECTION('center_axis',(0.,0.,1.));
#6766=DIRECTION('ref_axis',(0.923520306025503,0.383549533122596,0.));
#6767=DIRECTION('center_axis',(0.,0.,-1.));
#6768=DIRECTION('ref_axis',(1.,0.,0.));
#6769=DIRECTION('center_axis',(0.828283413127898,0.560309367704307,0.));
#6770=DIRECTION('ref_axis',(0.560309367704307,-0.828283413127898,0.));
#6771=DIRECTION('center_axis',(0.828283413127962,-0.560309367704211,0.));
#6772=DIRECTION('ref_axis',(-0.560309367704211,-0.828283413127962,0.));
#6773=DIRECTION('center_axis',(-0.828283413127963,0.56030936770421,0.));
#6774=DIRECTION('ref_axis',(-0.396198553465994,-0.585684818167121,-0.707106781186548));
#6775=DIRECTION('center_axis',(0.99572249802777,0.0923943013466579,-2.0515656139843E-15));
#6776=DIRECTION('ref_axis',(-0.0923943013466579,0.99572249802777,2.49952323875638E-15));
#6777=DIRECTION('center_axis',(-0.707489857755633,-0.706723496972412,0.));
#6778=DIRECTION('ref_axis',(0.49972897713307,-0.500270876039714,-0.707106781186542));
#6779=DIRECTION('center_axis',(-0.995302884755932,-0.0968099560815936,8.90046894622403E-15));
#6780=DIRECTION('ref_axis',(0.0968099560815936,-0.995302884755932,1.08304242489285E-14));
#6781=DIRECTION('center_axis',(0.703145605485054,-0.711045889860182,0.));
#6782=DIRECTION('ref_axis',(0.502785370454955,0.497199025799999,-0.707106781186552));
#6783=DIRECTION('center_axis',(-0.703145605485053,0.711045889860182,0.));
#6784=DIRECTION('ref_axis',(0.711045889860182,0.703145605485053,0.));
#6785=DIRECTION('center_axis',(-0.0055863446549556,-0.99998439625496,0.));
#6786=DIRECTION('ref_axis',(0.99998439625496,-0.0055863446549556,0.));
#6787=DIRECTION('center_axis',(0.,0.,-1.));
#6788=DIRECTION('ref_axis',(-0.923520306025504,0.383549533122594,0.));
#6789=DIRECTION('center_axis',(0.999993113921346,0.00371107934297166,0.));
#6790=DIRECTION('ref_axis',(0.00371107934297165,-0.999993113921346,-3.46944695195362E-16));
#6791=DIRECTION('center_axis',(-1.,1.22464679914735E-16,0.));
#6792=DIRECTION('ref_axis',(-8.65956056235494E-17,-0.707106781186548,-0.707106781186547));
#6793=DIRECTION('center_axis',(-0.414925660435792,0.909855316142035,0.));
#6794=DIRECTION('ref_axis',(-0.909855316142035,-0.414925660435792,0.));
#6795=DIRECTION('center_axis',(1.,-1.22464679914735E-16,0.));
#6796=DIRECTION('ref_axis',(-8.65956056235494E-17,-0.707106781186548,-0.707106781186547));
#6797=DIRECTION('center_axis',(-1.,1.22464679914735E-16,0.));
#6798=DIRECTION('ref_axis',(0.,0.,-1.));
#6799=DIRECTION('center_axis',(0.707106781186548,0.707106781186547,1.57009245868378E-14));
#6800=DIRECTION('ref_axis',(-0.707106781186547,0.707106781186548,-1.57009245868378E-14));
#6801=DIRECTION('center_axis',(0.,0.,-1.));
#6802=DIRECTION('ref_axis',(1.,0.,0.));
#6803=DIRECTION('center_axis',(-1.22464679914735E-16,-1.,0.));
#6804=DIRECTION('ref_axis',(0.707106781186556,-8.65956056235503E-17,-0.707106781186539));
#6805=DIRECTION('center_axis',(-0.707106781186547,0.707106781186548,0.));
#6806=DIRECTION('ref_axis',(0.707106781186548,0.707106781186547,0.));
#6807=DIRECTION('center_axis',(-1.,1.22464679914735E-16,0.));
#6808=DIRECTION('ref_axis',(8.65956056235494E-17,0.707106781186548,-0.707106781186547));
#6809=DIRECTION('center_axis',(0.999993113921346,-0.00371107934297809,0.));
#6810=DIRECTION('ref_axis',(0.0026241293689446,0.707101911993633,-0.70710678118655));
#6811=DIRECTION('center_axis',(-0.999993113921346,0.00371107934297188,0.));
#6812=DIRECTION('ref_axis',(0.00371107934297188,0.999993113921346,0.));
#6813=DIRECTION('center_axis',(0.,0.,-1.));
#6814=DIRECTION('ref_axis',(-0.923520306025504,-0.383549533122594,0.));
#6815=DIRECTION('center_axis',(0.703145605485053,0.711045889860182,0.));
#6816=DIRECTION('ref_axis',(0.711045889860182,-0.703145605485053,-3.46944695195366E-16));
#6817=DIRECTION('center_axis',(-0.703145605485054,-0.711045889860181,0.));
#6818=DIRECTION('ref_axis',(0.502785370454958,-0.497199025800003,-0.707106781186546));
#6819=DIRECTION('center_axis',(-0.00558634465495544,0.99998439625496,1.0978015240693E-14));
#6820=DIRECTION('ref_axis',(0.999984396254959,0.00558634465495544,1.0978015240693E-14));
#6821=DIRECTION('center_axis',(-0.711045889860181,0.703145605485054,0.));
#6822=DIRECTION('ref_axis',(0.497199025800005,0.502785370454953,-0.707106781186549));
#6823=DIRECTION('center_axis',(-0.830421438876755,-0.557135740958934,0.));
#6824=DIRECTION('ref_axis',(-0.393954460473452,0.587196630672451,-0.707106781186542));
#6825=DIRECTION('center_axis',(-0.995543896289618,0.0942992606571534,0.));
#6826=DIRECTION('ref_axis',(-0.0942992606571534,-0.995543896289618,0.));
#6827=DIRECTION('center_axis',(0.995302884755932,-0.0968099560815939,0.));
#6828=DIRECTION('ref_axis',(-0.0968099560815939,-0.995302884755932,0.));
#6829=DIRECTION('center_axis',(-0.711045889860181,0.703145605485054,0.));
#6830=DIRECTION('ref_axis',(0.497199025800005,0.502785370454953,-0.707106781186549));
#6831=DIRECTION('center_axis',(-0.99572249802777,0.0923943013466597,1.10547404344771E-14));
#6832=DIRECTION('ref_axis',(0.0923943013466597,0.99572249802777,1.34685337022844E-14));
#6833=DIRECTION('center_axis',(-0.828283413127963,-0.56030936770421,0.));
#6834=DIRECTION('ref_axis',(-0.396198553465993,0.585684818167121,-0.707106781186548));
#6835=DIRECTION('center_axis',(-0.828283413127962,-0.560309367704212,0.));
#6836=DIRECTION('ref_axis',(-0.560309367704212,0.828283413127962,0.));
#6837=DIRECTION('center_axis',(0.,0.,-1.));
#6838=DIRECTION('ref_axis',(1.,0.,0.));
#6839=DIRECTION('center_axis',(-0.830421438876759,0.557135740958928,0.));
#6840=DIRECTION('ref_axis',(0.557135740958928,0.830421438876759,0.));
#6841=DIRECTION('center_axis',(0.830421438876755,-0.557135740958934,0.));
#6842=DIRECTION('ref_axis',(0.393954460473456,0.587196630672441,-0.707106781186549));
#6843=DIRECTION('center_axis',(-0.703145605485054,0.711045889860182,0.));
#6844=DIRECTION('ref_axis',(-0.502785370454955,-0.497199025799999,-0.707106781186552));
#6845=DIRECTION('center_axis',(0.00558634465496354,0.99998439625496,0.));
#6846=DIRECTION('ref_axis',(-0.999984396254959,0.00558634465496354,0.));
#6847=DIRECTION('center_axis',(0.,0.,-1.));
#6848=DIRECTION('ref_axis',(1.,0.,0.));
#6849=DIRECTION('center_axis',(-0.703145605485053,-0.711045889860182,0.));
#6850=DIRECTION('ref_axis',(-0.711045889860182,0.703145605485053,-3.4694469519536E-16));
#6851=DIRECTION('center_axis',(0.703145605485054,0.711045889860181,0.));
#6852=DIRECTION('ref_axis',(-0.502785370454958,0.497199025800003,-0.707106781186546));
#6853=DIRECTION('center_axis',(0.00558634465495544,-0.99998439625496,1.0978015240693E-14));
#6854=DIRECTION('ref_axis',(-0.999984396254959,-0.00558634465495544,1.0978015240693E-14));
#6855=DIRECTION('center_axis',(0.711045889860181,-0.703145605485054,0.));
#6856=DIRECTION('ref_axis',(-0.497199025800005,-0.502785370454953,-0.707106781186549));
#6857=DIRECTION('center_axis',(0.830421438876755,0.557135740958934,0.));
#6858=DIRECTION('ref_axis',(0.393954460473452,-0.587196630672451,-0.707106781186542));
#6859=DIRECTION('center_axis',(0.995543896289618,-0.0942992606571534,0.));
#6860=DIRECTION('ref_axis',(0.0942992606571534,0.995543896289618,0.));
#6861=DIRECTION('center_axis',(-0.995302884755932,0.0968099560815939,0.));
#6862=DIRECTION('ref_axis',(0.0968099560815939,0.995302884755932,0.));
#6863=DIRECTION('center_axis',(0.711045889860181,-0.703145605485054,0.));
#6864=DIRECTION('ref_axis',(-0.497199025800005,-0.502785370454953,-0.707106781186549));
#6865=DIRECTION('center_axis',(-0.995722498027774,0.0923943013466124,0.));
#6866=DIRECTION('ref_axis',(-0.0923943013466124,-0.995722498027774,-2.68178200697638E-16));
#6867=DIRECTION('center_axis',(0.707489857755633,-0.706723496972412,0.));
#6868=DIRECTION('ref_axis',(-0.499728977133051,-0.50027087603971,-0.707106781186559));
#6869=DIRECTION('center_axis',(0.711045889860182,0.703145605485054,0.));
#6870=DIRECTION('ref_axis',(-0.497199025800005,0.502785370454953,-0.707106781186549));
#6871=DIRECTION('center_axis',(0.995722498027772,0.0923943013466425,1.10547404344771E-14));
#6872=DIRECTION('ref_axis',(-0.0923943013466425,0.995722498027772,1.34685337022849E-14));
#6873=DIRECTION('center_axis',(0.828283413127963,-0.56030936770421,0.));
#6874=DIRECTION('ref_axis',(0.396198553465992,0.585684818167116,-0.707106781186553));
#6875=DIRECTION('center_axis',(-0.707489857755633,0.706723496972412,0.));
#6876=DIRECTION('ref_axis',(0.499728977133051,0.50027087603971,-0.707106781186559));
#6877=DIRECTION('center_axis',(0.655673392623842,0.755044635902502,0.));
#6878=DIRECTION('ref_axis',(-0.53389718214519,0.463631102167898,-0.707106781186552));
#6879=DIRECTION('center_axis',(-0.416613221673315,0.90908383745779,-4.20424278299842E-15));
#6880=DIRECTION('ref_axis',(0.90908383745779,0.416613221673315,-1.90786530397432E-15));
#6881=DIRECTION('center_axis',(-0.999993113921346,-0.00371107934297793,
0.));
#6882=DIRECTION('ref_axis',(0.00262412936893658,-0.707101911993633,-0.70710678118655));
#6883=DIRECTION('center_axis',(-0.711045889860182,-0.703145605485054,0.));
#6884=DIRECTION('ref_axis',(0.497199025800005,-0.502785370454953,-0.707106781186549));
#6885=DIRECTION('center_axis',(-0.830421438876755,0.557135740958934,0.));
#6886=DIRECTION('ref_axis',(-0.393954460473456,-0.587196630672441,-0.707106781186549));
#6887=DIRECTION('center_axis',(-0.995543896289618,-0.0942992606571515,0.));
#6888=DIRECTION('ref_axis',(-0.0942992606571515,0.995543896289618,0.));
#6889=DIRECTION('center_axis',(-0.711045889860182,-0.703145605485054,0.));
#6890=DIRECTION('ref_axis',(0.497199025800005,-0.502785370454953,-0.707106781186549));
#6891=DIRECTION('center_axis',(-0.828283413127899,-0.560309367704306,0.));
#6892=DIRECTION('ref_axis',(0.39619855346606,-0.585684818167079,-0.707106781186545));
#6893=DIRECTION('center_axis',(1.22464679914735E-16,1.,0.));
#6894=DIRECTION('ref_axis',(1.,-1.22464679914735E-16,0.));
#6895=DIRECTION('',(0.,0.,-1.));
#6896=DIRECTION('',(1.,-1.22464679914735E-16,0.));
#6897=DIRECTION('center_axis',(1.,-1.22464679914735E-16,0.));
#6898=DIRECTION('ref_axis',(8.65956056235493E-17,0.707106781186547,-0.707106781186547));
#6899=DIRECTION('center_axis',(1.,-1.22464679914735E-16,0.));
#6900=DIRECTION('ref_axis',(0.,0.,-1.));
#6901=DIRECTION('center_axis',(0.,0.,1.));
#6902=DIRECTION('ref_axis',(1.,0.,0.));
#6903=DIRECTION('center_axis',(0.,0.,1.));
#6904=DIRECTION('ref_axis',(1.,-1.22464679914735E-16,0.));
#6905=DIRECTION('center_axis',(0.,0.,-1.));
#6906=DIRECTION('ref_axis',(-1.22464679914735E-16,-1.,0.));
#6907=DIRECTION('center_axis',(0.,0.,-1.));
#6908=DIRECTION('ref_axis',(1.,-1.22464679914735E-16,0.));
#6909=DIRECTION('center_axis',(1.,-1.22464679914735E-16,0.));
#6910=DIRECTION('ref_axis',(-8.65956056235493E-17,-0.707106781186547,0.707106781186547));
#6911=DIRECTION('center_axis',(1.,-1.22464679914735E-16,0.));
#6912=DIRECTION('ref_axis',(0.,0.,1.));
#6913=DIRECTION('center_axis',(0.,0.,-1.));
#6914=DIRECTION('ref_axis',(1.,0.,0.));
#6915=DIRECTION('center_axis',(1.22464679914735E-16,1.,0.));
#6916=DIRECTION('ref_axis',(1.,-1.22464679914735E-16,0.));
#6917=DIRECTION('',(0.,0.,-1.));
#6918=DIRECTION('',(1.,-1.22464679914735E-16,0.));
#6919=DIRECTION('center_axis',(1.,-1.22464679914735E-16,0.));
#6920=DIRECTION('ref_axis',(8.65956056235492E-17,0.707106781186547,-0.707106781186548));
#6921=DIRECTION('center_axis',(1.,-1.22464679914735E-16,0.));
#6922=DIRECTION('ref_axis',(0.,0.,-1.));
#6923=DIRECTION('center_axis',(0.,0.,1.));
#6924=DIRECTION('ref_axis',(1.,0.,0.));
#6925=DIRECTION('center_axis',(0.,0.,1.));
#6926=DIRECTION('ref_axis',(1.,-1.22464679914735E-16,0.));
#6927=DIRECTION('center_axis',(0.,0.,-1.));
#6928=DIRECTION('ref_axis',(-1.22464679914735E-16,-1.,0.));
#6929=DIRECTION('center_axis',(0.,0.,-1.));
#6930=DIRECTION('ref_axis',(1.,-1.22464679914735E-16,0.));
#6931=DIRECTION('center_axis',(1.,-1.22464679914735E-16,0.));
#6932=DIRECTION('ref_axis',(-8.65956056235493E-17,-0.707106781186547,0.707106781186547));
#6933=DIRECTION('center_axis',(1.,-1.22464679914735E-16,0.));
#6934=DIRECTION('ref_axis',(0.,0.,1.));
#6935=DIRECTION('center_axis',(0.,0.,-1.));
#6936=DIRECTION('ref_axis',(1.,0.,0.));
#6937=DIRECTION('center_axis',(1.22464679914735E-16,1.,0.));
#6938=DIRECTION('ref_axis',(1.,-1.22464679914735E-16,0.));
#6939=DIRECTION('',(0.,0.,-1.));
#6940=DIRECTION('',(1.,-1.22464679914735E-16,0.));
#6941=DIRECTION('center_axis',(1.,-1.22464679914735E-16,0.));
#6942=DIRECTION('ref_axis',(8.65956056235493E-17,0.707106781186547,-0.707106781186547));
#6943=DIRECTION('center_axis',(1.,-1.22464679914735E-16,0.));
#6944=DIRECTION('ref_axis',(0.,0.,-1.));
#6945=DIRECTION('center_axis',(0.,0.,1.));
#6946=DIRECTION('ref_axis',(1.,0.,0.));
#6947=DIRECTION('center_axis',(0.,0.,1.));
#6948=DIRECTION('ref_axis',(1.,-1.22464679914735E-16,0.));
#6949=DIRECTION('center_axis',(0.,0.,-1.));
#6950=DIRECTION('ref_axis',(-1.22464679914735E-16,-1.,0.));
#6951=DIRECTION('center_axis',(0.,0.,-1.));
#6952=DIRECTION('ref_axis',(1.,-1.22464679914735E-16,0.));
#6953=DIRECTION('center_axis',(1.,-1.22464679914735E-16,0.));
#6954=DIRECTION('ref_axis',(-8.65956056235492E-17,-0.707106781186547,0.707106781186548));
#6955=DIRECTION('center_axis',(1.,-1.22464679914735E-16,0.));
#6956=DIRECTION('ref_axis',(0.,0.,1.));
#6957=DIRECTION('center_axis',(0.,0.,-1.));
#6958=DIRECTION('ref_axis',(1.,0.,0.));
#6959=DIRECTION('center_axis',(1.22464679914735E-16,1.,0.));
#6960=DIRECTION('ref_axis',(1.,-1.22464679914735E-16,0.));
#6961=DIRECTION('',(-1.,1.22464679914735E-16,0.));
#6962=DIRECTION('',(0.,0.,-1.));
#6963=DIRECTION('center_axis',(1.,-1.22464679914735E-16,0.));
#6964=DIRECTION('ref_axis',(8.65956056235493E-17,0.707106781186547,-0.707106781186547));
#6965=DIRECTION('center_axis',(1.,-1.22464679914735E-16,0.));
#6966=DIRECTION('ref_axis',(0.,0.,-1.));
#6967=DIRECTION('center_axis',(-1.,1.22464679914735E-16,0.));
#6968=DIRECTION('ref_axis',(-8.65956056235493E-17,-0.707106781186547,-0.707106781186547));
#6969=DIRECTION('center_axis',(1.,-1.22464679914735E-16,0.));
#6970=DIRECTION('ref_axis',(-1.22464679914735E-16,-1.,0.));
#6971=DIRECTION('center_axis',(0.,0.,1.));
#6972=DIRECTION('ref_axis',(1.,0.,0.));
#6973=DIRECTION('center_axis',(0.,0.,1.));
#6974=DIRECTION('ref_axis',(1.,-1.22464679914735E-16,0.));
#6975=DIRECTION('center_axis',(0.,0.,-1.));
#6976=DIRECTION('ref_axis',(-1.22464679914735E-16,-1.,0.));
#6977=DIRECTION('center_axis',(0.,0.,-1.));
#6978=DIRECTION('ref_axis',(1.,-1.22464679914735E-16,0.));
#6979=DIRECTION('center_axis',(0.,0.,-1.));
#6980=DIRECTION('ref_axis',(1.,0.,0.));
#6981=DIRECTION('center_axis',(0.,0.,1.));
#6982=DIRECTION('ref_axis',(1.,0.,0.));
#6983=DIRECTION('',(0.,0.,1.));
#6984=DIRECTION('center_axis',(0.,0.,1.));
#6985=DIRECTION('ref_axis',(1.,0.,0.));
#6986=DIRECTION('',(0.,0.,1.));
#6987=DIRECTION('center_axis',(0.,0.,1.));
#6988=DIRECTION('ref_axis',(1.,0.,0.));
#6989=DIRECTION('',(0.,0.,1.));
#6990=DIRECTION('center_axis',(0.,0.,1.));
#6991=DIRECTION('ref_axis',(1.,0.,0.));
#6992=DIRECTION('',(0.,0.,1.));
#6993=DIRECTION('center_axis',(0.,0.,1.));
#6994=DIRECTION('ref_axis',(1.,0.,0.));
#6995=DIRECTION('',(0.,0.,1.));
#6996=DIRECTION('center_axis',(0.,0.,1.));
#6997=DIRECTION('ref_axis',(1.,0.,0.));
#6998=DIRECTION('',(0.,0.,1.));
#6999=DIRECTION('center_axis',(0.,0.,1.));
#7000=DIRECTION('ref_axis',(1.,0.,0.));
#7001=DIRECTION('',(0.,0.,1.));
#7002=DIRECTION('center_axis',(0.,0.,1.));
#7003=DIRECTION('ref_axis',(1.,0.,0.));
#7004=DIRECTION('',(0.,0.,1.));
#7005=CARTESIAN_POINT('',(0.,0.,0.));
#7006=CARTESIAN_POINT('Origin',(-3.35000004991889,-0.836000008940697,0.236));
#7007=CARTESIAN_POINT('',(-8.30000012367964,-0.836000008940697,0.));
#7008=CARTESIAN_POINT('',(-8.30000012367964,-0.600000008940697,0.236));
#7009=CARTESIAN_POINT('Origin',(-8.30000012367964,-0.836000008940697,0.236));
#7010=CARTESIAN_POINT('',(-6.70000009983778,-0.600000008940697,0.236));
#7011=CARTESIAN_POINT('',(-3.35000004991889,-0.600000008940697,0.236));
#7012=CARTESIAN_POINT('',(-6.70000009983778,-0.836000008940697,0.));
#7013=CARTESIAN_POINT('Origin',(-6.70000009983778,-0.836000008940697,0.236));
#7014=CARTESIAN_POINT('',(-3.35000004991889,-0.836000008940697,0.));
#7015=CARTESIAN_POINT('Origin',(-6.70000009983778,0.,0.236));
#7016=CARTESIAN_POINT('',(-6.70000009983778,0.600000008940697,0.236));
#7017=CARTESIAN_POINT('',(-6.70000009983778,0.836000008940697,0.));
#7018=CARTESIAN_POINT('Origin',(-6.70000009983778,0.836000008940697,0.236));
#7019=CARTESIAN_POINT('Origin',(-6.70000009983778,0.,0.));
#7020=CARTESIAN_POINT('Origin',(-6.70000009983778,0.,0.236));
#7021=CARTESIAN_POINT('Origin',(-4.15000006183982,0.836000008940697,0.236));
#7022=CARTESIAN_POINT('',(-8.30000012367964,0.600000008940697,0.236));
#7023=CARTESIAN_POINT('',(-8.30000012367964,0.836000008940697,0.));
#7024=CARTESIAN_POINT('Origin',(-8.30000012367964,0.836000008940697,0.236));
#7025=CARTESIAN_POINT('',(-4.15000006183982,0.836000008940697,0.));
#7026=CARTESIAN_POINT('',(-4.15000006183982,0.600000008940697,0.236));
#7027=CARTESIAN_POINT('Origin',(-8.30000012367964,0.,0.236));
#7028=CARTESIAN_POINT('Origin',(-8.30000012367964,0.,0.));
#7029=CARTESIAN_POINT('Origin',(-8.30000012367964,0.,0.236));
#7030=CARTESIAN_POINT('Origin',(-6.70000009983778,0.,0.5));
#7031=CARTESIAN_POINT('',(-6.70000009983778,-0.600000008940697,0.264));
#7032=CARTESIAN_POINT('',(-6.70000009983778,-0.600000008940697,0.5));
#7033=CARTESIAN_POINT('',(-6.70000009983778,0.600000008940697,0.264));
#7034=CARTESIAN_POINT('Origin',(-6.70000009983778,0.,0.264));
#7035=CARTESIAN_POINT('',(-6.70000009983778,0.600000008940697,0.5));
#7036=CARTESIAN_POINT('Origin',(-6.70000009983778,-0.600000008940697,0.5));
#7037=CARTESIAN_POINT('',(-8.30000012367964,-0.600000008940697,0.264));
#7038=CARTESIAN_POINT('',(-8.30000012367964,-0.600000008940697,0.5));
#7039=CARTESIAN_POINT('',(-3.35000004991889,-0.600000008940697,0.264));
#7040=CARTESIAN_POINT('Origin',(0.,0.,0.));
#7041=CARTESIAN_POINT('',(-11.91,3.91,0.));
#7042=CARTESIAN_POINT('',(-11.91,-3.91,0.));
#7043=CARTESIAN_POINT('',(-11.91,2.,0.));
#7044=CARTESIAN_POINT('',(-11.0539978692959,3.91,0.));
#7045=CARTESIAN_POINT('',(7.5,3.91,0.));
#7046=CARTESIAN_POINT('',(-11.040712296734,3.91004930415341,0.));
#7047=CARTESIAN_POINT('Origin',(-11.0539978692959,5.7,0.));
#7048=CARTESIAN_POINT('',(-6.52456700080378,3.92680857332959,0.));
#7049=CARTESIAN_POINT('',(-5.80972528613344,3.92946142591815,0.));
#7050=CARTESIAN_POINT('',(-6.31751766007351,4.64639524145648,0.));
#7051=CARTESIAN_POINT('Origin',(-6.52601432174754,4.31680588775891,-2.77555756156289E-17));
#7052=CARTESIAN_POINT('',(-8.48000675136357,6.83318126164155,0.));
#7053=CARTESIAN_POINT('',(-4.7036279453206,3.01437245782399,0.));
#7054=CARTESIAN_POINT('',(-6.81640878380294,8.47829533495986,0.));
#7055=CARTESIAN_POINT('',(-7.17813672072063,8.1205864826172,0.));
#7056=CARTESIAN_POINT('',(-6.55505294812536,8.30149579906032,0.));
#7057=CARTESIAN_POINT('',(0.866555894362873,3.28099569973005,0.));
#7058=CARTESIAN_POINT('',(-0.324292225582575,4.12123342940221,0.));
#7059=CARTESIAN_POINT('',(-2.53277051272518,5.60291746270848,0.));
#7060=CARTESIAN_POINT('',(0.323825937442049,4.12247348433651,0.));
#7061=CARTESIAN_POINT('Origin',(-0.00115349582639312,4.60287786395073,0.));
#7062=CARTESIAN_POINT('',(6.79043759024083,8.49694607299451,0.));
#7063=CARTESIAN_POINT('',(-0.883365175393998,3.30584420212389,0.));
#7064=CARTESIAN_POINT('',(6.81304820492966,8.47458668018669,0.));
#7065=CARTESIAN_POINT('',(7.1746209926932,8.1170312531679,0.));
#7066=CARTESIAN_POINT('',(6.81700465998534,8.47724109445856,0.));
#7067=CARTESIAN_POINT('',(2.53277051272518,5.60291746270849,0.));
#7068=CARTESIAN_POINT('',(7.47188928956828,7.82306584309801,0.));
#7069=CARTESIAN_POINT('',(8.09132123528725,7.20430487286493,0.));
#7070=CARTESIAN_POINT('',(8.47649102333614,6.82962603219225,0.));
#7071=CARTESIAN_POINT('',(7.1746209926932,8.1170312531679,0.));
#7072=CARTESIAN_POINT('',(6.25581688360068,4.58400121784323,0.));
#7073=CARTESIAN_POINT('',(3.31208655146216,1.60719621871375,0.));
#7074=CARTESIAN_POINT('',(6.52460411159721,3.9368085044688,0.));
#7075=CARTESIAN_POINT('Origin',(6.52601432174754,4.31680588775891,0.));
#7076=CARTESIAN_POINT('',(11.0538494251,3.9200000000019,0.));
#7077=CARTESIAN_POINT('',(5.53420027431358,3.94048399700028,0.));
#7078=CARTESIAN_POINT('',(11.92,3.92,0.));
#7079=CARTESIAN_POINT('',(7.5,3.92,0.));
#7080=CARTESIAN_POINT('',(11.92,-3.92,0.));
#7081=CARTESIAN_POINT('',(11.92,-2.,0.));
#7082=CARTESIAN_POINT('',(11.8599961033555,-3.92,0.));
#7083=CARTESIAN_POINT('',(-7.5,-3.92,0.));
#7084=CARTESIAN_POINT('',(11.7203082714509,-3.92316927511152,0.));
#7085=CARTESIAN_POINT('Origin',(11.8599961033555,-7.,0.));
#7086=CARTESIAN_POINT('',(11.2266709217831,-3.92316927511152,0.));
#7087=CARTESIAN_POINT('',(5.10000007599592,-3.92316927511151,0.));
#7088=CARTESIAN_POINT('',(11.2299907377228,-3.91934632111389,0.));
#7089=CARTESIAN_POINT('',(9.7284279611681,-5.64847996091515,0.));
#7090=CARTESIAN_POINT('',(6.52460411159721,-3.9368085044688,0.));
#7091=CARTESIAN_POINT('',(2.91223098130279,-3.95021440008582,0.));
#7092=CARTESIAN_POINT('',(6.25581688360067,-4.58400121784323,0.));
#7093=CARTESIAN_POINT('Origin',(6.52601432174754,-4.31680588775891,0.));
#7094=CARTESIAN_POINT('',(8.47649102333614,-6.82962603219225,0.));
#7095=CARTESIAN_POINT('',(4.7036279453206,-3.01437245782399,0.));
#7096=CARTESIAN_POINT('',(7.47188929138918,-7.82306584128823,0.));
#7097=CARTESIAN_POINT('',(7.1746209926932,-8.1170312531679,0.));
#7098=CARTESIAN_POINT('',(6.81700465998534,-8.47724109445856,0.));
#7099=CARTESIAN_POINT('',(8.09132123528725,-7.20430487286493,0.));
#7100=CARTESIAN_POINT('',(6.81304820492966,-8.47458668018669,0.));
#7101=CARTESIAN_POINT('',(2.53277051272518,-5.60291746270848,0.));
#7102=CARTESIAN_POINT('',(6.79043759024083,-8.49694607299451,0.));
#7103=CARTESIAN_POINT('',(7.1746209926932,-8.1170312531679,0.));
#7104=CARTESIAN_POINT('',(0.322302340778269,-4.12144281600513,0.));
#7105=CARTESIAN_POINT('',(-0.883365175393999,-3.30584420212389,0.));
#7106=CARTESIAN_POINT('',(-0.327656525758671,-4.12144281600516,0.));
#7107=CARTESIAN_POINT('Origin',(-0.00267709249017315,-4.60184719561935,
0.));
#7108=CARTESIAN_POINT('',(-6.79261246480819,-8.49479536301034,-1.38777878078145E-17));
#7109=CARTESIAN_POINT('',(0.881684247290433,-3.30335935188351,0.));
#7110=CARTESIAN_POINT('',(-6.81304820492966,-8.47458668018669,0.));
#7111=CARTESIAN_POINT('',(-7.1746209926932,-8.1170312531679,0.));
#7112=CARTESIAN_POINT('',(-6.81700465998534,-8.47724109445856,0.));
#7113=CARTESIAN_POINT('',(-2.53277051272518,-5.60291746270849,0.));
#7114=CARTESIAN_POINT('',(-7.47188928956828,-7.82306584309801,0.));
#7115=CARTESIAN_POINT('',(-8.09132123528725,-7.20430487286493,0.));
#7116=CARTESIAN_POINT('',(-8.47649102333614,-6.82962603219225,0.));
#7117=CARTESIAN_POINT('',(-7.1746209926932,-8.1170312531679,0.));
#7118=CARTESIAN_POINT('',(-6.25581688360067,-4.58400121784323,0.));
#7119=CARTESIAN_POINT('',(-3.31208655146216,-1.60719621871375,0.));
#7120=CARTESIAN_POINT('',(-6.52460411159721,-3.9368085044688,0.));
#7121=CARTESIAN_POINT('Origin',(-6.52601432174754,-4.31680588775891,0.));
#7122=CARTESIAN_POINT('',(-9.,-3.92762205066301,0.));
#7123=CARTESIAN_POINT('',(-5.53420027431358,-3.94048399700028,0.));
#7124=CARTESIAN_POINT('',(-9.,-4.00000005960464,0.));
#7125=CARTESIAN_POINT('',(-9.,-4.00000005960464,0.));
#7126=CARTESIAN_POINT('',(-10.4935514377292,-4.00000005960464,0.));
#7127=CARTESIAN_POINT('',(-12.,-4.00000005960464,0.));
#7128=CARTESIAN_POINT('',(-11.0539978692959,-3.91,0.));
#7129=CARTESIAN_POINT('Origin',(-11.0539978692959,-5.7,0.));
#7130=CARTESIAN_POINT('',(-7.5,-3.91,0.));
#7131=CARTESIAN_POINT('',(-3.4,-1.6,0.));
#7132=CARTESIAN_POINT('',(-5.6,-1.6,0.));
#7133=CARTESIAN_POINT('',(-1.75,-1.6,0.));
#7134=CARTESIAN_POINT('',(-3.4,-1.1,0.));
#7135=CARTESIAN_POINT('',(-3.4,-0.6,0.));
#7136=CARTESIAN_POINT('',(-5.6,-1.1,0.));
#7137=CARTESIAN_POINT('',(-2.75,-1.1,0.));
#7138=CARTESIAN_POINT('',(-5.6,-0.75,0.));
#7139=CARTESIAN_POINT('',(5.6,-1.6,0.));
#7140=CARTESIAN_POINT('',(3.4,-1.6,0.));
#7141=CARTESIAN_POINT('',(2.75,-1.6,0.));
#7142=CARTESIAN_POINT('',(5.6,-1.1,0.));
#7143=CARTESIAN_POINT('',(5.6,-0.6,0.));
#7144=CARTESIAN_POINT('',(3.4,-1.1,0.));
#7145=CARTESIAN_POINT('',(1.75,-1.1,0.));
#7146=CARTESIAN_POINT('',(3.4,-0.75,0.));
#7147=CARTESIAN_POINT('',(3.5,1.6,0.));
#7148=CARTESIAN_POINT('',(3.5,1.1,0.));
#7149=CARTESIAN_POINT('',(3.5,0.6,0.));
#7150=CARTESIAN_POINT('',(5.6,1.1,0.));
#7151=CARTESIAN_POINT('',(2.75,1.1,0.));
#7152=CARTESIAN_POINT('',(5.6,1.6,0.));
#7153=CARTESIAN_POINT('',(5.6,0.75,0.));
#7154=CARTESIAN_POINT('',(1.75,1.6,0.));
#7155=CARTESIAN_POINT('',(-6.50000011175871,2.02000003874302,0.));
#7156=CARTESIAN_POINT('',(-8.7,2.02000003874302,0.));
#7157=CARTESIAN_POINT('',(-3.25000005587935,2.02000003874302,0.));
#7158=CARTESIAN_POINT('',(-6.50000011175871,2.78000004768372,0.));
#7159=CARTESIAN_POINT('Origin',(-6.50000011175871,2.40000004321337,0.));
#7160=CARTESIAN_POINT('',(-8.7,2.78000004768372,0.));
#7161=CARTESIAN_POINT('',(-5.00000008195639,2.78000004768372,0.));
#7162=CARTESIAN_POINT('',(-9.,2.40851653526358,0.));
#7163=CARTESIAN_POINT('Ctrl Pts',(-9.,2.40851653526358,0.));
#7164=CARTESIAN_POINT('Ctrl Pts',(-9.,2.44196322573934,-9.36228521109364E-19));
#7165=CARTESIAN_POINT('Ctrl Pts',(-8.99322010621477,2.48152247029364,0.));
#7166=CARTESIAN_POINT('Ctrl Pts',(-8.97092738383783,2.54631372090261,0.));
#7167=CARTESIAN_POINT('Ctrl Pts',(-8.95076016969704,2.58325412244714,0.));
#7168=CARTESIAN_POINT('Ctrl Pts',(-8.90206507205384,2.64728013531285,0.));
#7169=CARTESIAN_POINT('Ctrl Pts',(-8.86576608765869,2.68044444987063,2.11758236813575E-22));
#7170=CARTESIAN_POINT('Ctrl Pts',(-8.78477034344324,2.73622529956837,2.11758236813575E-22));
#7171=CARTESIAN_POINT('Ctrl Pts',(-8.74030985213734,2.75918412954825,0.));
#7172=CARTESIAN_POINT('Ctrl Pts',(-8.7,2.78000004768372,0.));
#7173=CARTESIAN_POINT('',(-9.,2.39148355116315,0.));
#7174=CARTESIAN_POINT('',(-9.,-4.00000005960464,0.));
#7175=CARTESIAN_POINT('Ctrl Pts',(-8.7,2.02000003874302,0.));
#7176=CARTESIAN_POINT('Ctrl Pts',(-8.74030985213734,2.04081595687849,0.));
#7177=CARTESIAN_POINT('Ctrl Pts',(-8.78477034344324,2.06377478685837,2.11758236813575E-22));
#7178=CARTESIAN_POINT('Ctrl Pts',(-8.86576608765869,2.11955563655611,2.11758236813575E-22));
#7179=CARTESIAN_POINT('Ctrl Pts',(-8.90206507205384,2.15271995111389,0.));
#7180=CARTESIAN_POINT('Ctrl Pts',(-8.95076016969704,2.2167459639796,0.));
#7181=CARTESIAN_POINT('Ctrl Pts',(-8.97092738383783,2.25368636552413,0.));
#7182=CARTESIAN_POINT('Ctrl Pts',(-8.99322010621477,2.3184776161331,0.));
#7183=CARTESIAN_POINT('Ctrl Pts',(-9.,2.35803686068739,0.));
#7184=CARTESIAN_POINT('Ctrl Pts',(-9.,2.39148355116315,0.));
#7185=CARTESIAN_POINT('',(-6.50000011175871,0.920000022351742,0.));
#7186=CARTESIAN_POINT('',(-8.7,0.920000022351743,0.));
#7187=CARTESIAN_POINT('',(-3.25000005587935,0.920000022351742,0.));
#7188=CARTESIAN_POINT('',(-6.50000011175871,1.68000003129244,0.));
#7189=CARTESIAN_POINT('Origin',(-6.50000011175871,1.30000002682209,0.));
#7190=CARTESIAN_POINT('',(-8.7,1.68000003129244,0.));
#7191=CARTESIAN_POINT('',(-5.00000008195639,1.68000003129244,0.));
#7192=CARTESIAN_POINT('',(-9.,1.30851651887231,0.));
#7193=CARTESIAN_POINT('Ctrl Pts',(-9.,1.30851651887231,0.));
#7194=CARTESIAN_POINT('Ctrl Pts',(-9.,1.34196320934807,9.45764673876428E-19));
#7195=CARTESIAN_POINT('Ctrl Pts',(-8.99322010621477,1.38152245390236,0.));
#7196=CARTESIAN_POINT('Ctrl Pts',(-8.97092738383783,1.44631370451133,0.));
#7197=CARTESIAN_POINT('Ctrl Pts',(-8.95076016969704,1.48325410605586,0.));
#7198=CARTESIAN_POINT('Ctrl Pts',(-8.90206507205384,1.54728011892157,0.));
#7199=CARTESIAN_POINT('Ctrl Pts',(-8.86576608765869,1.58044443347935,0.));
#7200=CARTESIAN_POINT('Ctrl Pts',(-8.78477034344324,1.63622528317709,0.));
#7201=CARTESIAN_POINT('Ctrl Pts',(-8.74030985213734,1.65918411315697,0.));
#7202=CARTESIAN_POINT('Ctrl Pts',(-8.7,1.68000003129244,0.));
#7203=CARTESIAN_POINT('',(-9.,1.29148353477188,0.));
#7204=CARTESIAN_POINT('',(-9.,-4.00000005960464,0.));
#7205=CARTESIAN_POINT('Ctrl Pts',(-8.7,0.920000022351743,0.));
#7206=CARTESIAN_POINT('Ctrl Pts',(-8.74030985213734,0.940815940487212,0.));
#7207=CARTESIAN_POINT('Ctrl Pts',(-8.78477034344324,0.963774770467091,0.));
#7208=CARTESIAN_POINT('Ctrl Pts',(-8.86576608765869,1.01955562016483,0.));
#7209=CARTESIAN_POINT('Ctrl Pts',(-8.90206507205384,1.05271993472261,0.));
#7210=CARTESIAN_POINT('Ctrl Pts',(-8.95076016969704,1.11674594758832,0.));
#7211=CARTESIAN_POINT('Ctrl Pts',(-8.97092738383783,1.15368634913285,0.));
#7212=CARTESIAN_POINT('Ctrl Pts',(-8.99322010621477,1.21847759974182,0.));
#7213=CARTESIAN_POINT('Ctrl Pts',(-9.,1.25803684429611,0.));
#7214=CARTESIAN_POINT('Ctrl Pts',(-9.,1.29148353477188,0.));
#7215=CARTESIAN_POINT('',(-6.50000011175871,-2.78000004768372,0.));
#7216=CARTESIAN_POINT('',(-8.7,-2.78000004768371,0.));
#7217=CARTESIAN_POINT('',(-3.25000005587935,-2.78000004768372,0.));
#7218=CARTESIAN_POINT('',(-6.50000011175871,-2.02000003874302,0.));
#7219=CARTESIAN_POINT('Origin',(-6.50000011175871,-2.40000004321337,0.));
#7220=CARTESIAN_POINT('',(-8.7,-2.02000003874302,0.));
#7221=CARTESIAN_POINT('',(-5.00000008195639,-2.02000003874302,0.));
#7222=CARTESIAN_POINT('',(-9.,-2.39148355116315,0.));
#7223=CARTESIAN_POINT('Ctrl Pts',(-9.,-2.39148355116315,0.));
#7224=CARTESIAN_POINT('Ctrl Pts',(-9.,-2.35803686068739,-9.4753851637096E-19));
#7225=CARTESIAN_POINT('Ctrl Pts',(-8.99322010621477,-2.3184776161331,0.));
#7226=CARTESIAN_POINT('Ctrl Pts',(-8.97092738383783,-2.25368636552413,0.));
#7227=CARTESIAN_POINT('Ctrl Pts',(-8.95076016969704,-2.2167459639796,0.));
#7228=CARTESIAN_POINT('Ctrl Pts',(-8.90206507205384,-2.15271995111389,0.));
#7229=CARTESIAN_POINT('Ctrl Pts',(-8.86576608765869,-2.11955563655611,2.11758236813575E-22));
#7230=CARTESIAN_POINT('Ctrl Pts',(-8.78477034344324,-2.06377478685837,2.11758236813575E-22));
#7231=CARTESIAN_POINT('Ctrl Pts',(-8.74030985213734,-2.04081595687849,0.));
#7232=CARTESIAN_POINT('Ctrl Pts',(-8.7,-2.02000003874302,0.));
#7233=CARTESIAN_POINT('',(-9.,-2.40851653526358,0.));
#7234=CARTESIAN_POINT('',(-9.,-4.00000005960464,0.));
#7235=CARTESIAN_POINT('Ctrl Pts',(-8.7,-2.78000004768371,0.));
#7236=CARTESIAN_POINT('Ctrl Pts',(-8.74030985213734,-2.75918412954825,0.));
#7237=CARTESIAN_POINT('Ctrl Pts',(-8.78477034344324,-2.73622529956837,2.11758236813575E-22));
#7238=CARTESIAN_POINT('Ctrl Pts',(-8.86576608765869,-2.68044444987062,2.11758236813575E-22));
#7239=CARTESIAN_POINT('Ctrl Pts',(-8.90206507205384,-2.64728013531285,0.));
#7240=CARTESIAN_POINT('Ctrl Pts',(-8.95076016969704,-2.58325412244714,0.));
#7241=CARTESIAN_POINT('Ctrl Pts',(-8.97092738383783,-2.54631372090261,0.));
#7242=CARTESIAN_POINT('Ctrl Pts',(-8.99322010621477,-2.48152247029364,0.));
#7243=CARTESIAN_POINT('Ctrl Pts',(-9.,-2.44196322573934,0.));
#7244=CARTESIAN_POINT('Ctrl Pts',(-9.,-2.40851653526358,0.));
#7245=CARTESIAN_POINT('',(6.66995117595477,-5.81791198958451,0.));
#7246=CARTESIAN_POINT('Origin',(6.81995117595477,-5.81791198958451,0.));
#7247=CARTESIAN_POINT('',(-6.96995117595477,5.81791198958451,0.));
#7248=CARTESIAN_POINT('Origin',(-6.81995117595477,5.81791198958451,0.));
#7249=CARTESIAN_POINT('',(-7.04090394762094,-7.79301214940139,0.));
#7250=CARTESIAN_POINT('Origin',(-6.89090394762094,-7.79301214940139,0.));
#7251=CARTESIAN_POINT('',(6.66995117595477,5.81791198958451,0.));
#7252=CARTESIAN_POINT('Origin',(6.81995117595477,5.81791198958451,0.));
#7253=CARTESIAN_POINT('',(6.74090394762094,-7.79301214940138,0.));
#7254=CARTESIAN_POINT('Origin',(6.89090394762094,-7.79301214940138,0.));
#7255=CARTESIAN_POINT('',(-7.04090394762094,7.79301214940139,0.));
#7256=CARTESIAN_POINT('Origin',(-6.89090394762094,7.79301214940139,0.));
#7257=CARTESIAN_POINT('',(-6.96995117595477,-5.81791198958451,0.));
#7258=CARTESIAN_POINT('Origin',(-6.81995117595477,-5.81791198958451,0.));
#7259=CARTESIAN_POINT('',(6.74090394762094,7.79301214940139,0.));
#7260=CARTESIAN_POINT('Origin',(6.89090394762094,7.79301214940139,0.));
#7261=CARTESIAN_POINT('',(-6.50000011175871,-1.68000003129244,0.));
#7262=CARTESIAN_POINT('',(-8.7,-1.68000003129244,0.));
#7263=CARTESIAN_POINT('',(-3.25000005587935,-1.68000003129244,0.));
#7264=CARTESIAN_POINT('',(-6.50000011175871,-0.920000022351741,0.));
#7265=CARTESIAN_POINT('Origin',(-6.50000011175871,-1.30000002682209,0.));
#7266=CARTESIAN_POINT('',(-8.7,-0.920000022351741,0.));
#7267=CARTESIAN_POINT('',(-5.00000008195639,-0.920000022351741,0.));
#7268=CARTESIAN_POINT('',(-9.,-1.29148353477187,0.));
#7269=CARTESIAN_POINT('Ctrl Pts',(-9.,-1.29148353477187,0.));
#7270=CARTESIAN_POINT('Ctrl Pts',(-9.,-1.25803684429611,8.32284202598586E-19));
#7271=CARTESIAN_POINT('Ctrl Pts',(-8.99322010621477,-1.21847759974182,0.));
#7272=CARTESIAN_POINT('Ctrl Pts',(-8.97092738383783,-1.15368634913285,0.));
#7273=CARTESIAN_POINT('Ctrl Pts',(-8.95076016969704,-1.11674594758832,0.));
#7274=CARTESIAN_POINT('Ctrl Pts',(-8.90206507205384,-1.05271993472261,0.));
#7275=CARTESIAN_POINT('Ctrl Pts',(-8.86576608765869,-1.01955562016483,0.));
#7276=CARTESIAN_POINT('Ctrl Pts',(-8.78477034344324,-0.963774770467089,
0.));
#7277=CARTESIAN_POINT('Ctrl Pts',(-8.74030985213734,-0.94081594048721,0.));
#7278=CARTESIAN_POINT('Ctrl Pts',(-8.7,-0.920000022351741,0.));
#7279=CARTESIAN_POINT('',(-9.,-1.3085165188723,0.));
#7280=CARTESIAN_POINT('',(-9.,-4.00000005960464,0.));
#7281=CARTESIAN_POINT('Ctrl Pts',(-8.7,-1.68000003129244,0.));
#7282=CARTESIAN_POINT('Ctrl Pts',(-8.74030985213734,-1.65918411315697,0.));
#7283=CARTESIAN_POINT('Ctrl Pts',(-8.78477034344324,-1.63622528317709,0.));
#7284=CARTESIAN_POINT('Ctrl Pts',(-8.86576608765869,-1.58044443347935,0.));
#7285=CARTESIAN_POINT('Ctrl Pts',(-8.90206507205384,-1.54728011892157,0.));
#7286=CARTESIAN_POINT('Ctrl Pts',(-8.95076016969704,-1.48325410605586,0.));
#7287=CARTESIAN_POINT('Ctrl Pts',(-8.97092738383783,-1.44631370451133,0.));
#7288=CARTESIAN_POINT('Ctrl Pts',(-8.99322010621477,-1.38152245390236,0.));
#7289=CARTESIAN_POINT('Ctrl Pts',(-9.,-1.34196320934807,0.));
#7290=CARTESIAN_POINT('Ctrl Pts',(-9.,-1.3085165188723,0.));
#7291=CARTESIAN_POINT('',(0.787499986030161,3.12499993015081,0.));
#7292=CARTESIAN_POINT('Origin',(0.624999986030161,3.12499993015081,0.));
#7293=CARTESIAN_POINT('',(0.787499986030161,-3.12499993015081,0.));
#7294=CARTESIAN_POINT('Origin',(0.624999986030161,-3.12499993015081,0.));
#7295=CARTESIAN_POINT('',(-0.462499986030161,1.87499995809048,0.));
#7296=CARTESIAN_POINT('Origin',(-0.624999986030161,1.87499995809048,0.));
#7297=CARTESIAN_POINT('',(-0.462499986030161,-1.87499995809048,0.));
#7298=CARTESIAN_POINT('Origin',(-0.624999986030161,-1.87499995809048,0.));
#7299=CARTESIAN_POINT('',(8.1,-0.999999997019767,0.));
#7300=CARTESIAN_POINT('',(6.90000022351742,-0.999999997019775,0.));
#7301=CARTESIAN_POINT('Origin',(7.50000011175871,-1.00000001490116,0.));
#7302=CARTESIAN_POINT('',(8.1,1.,0.));
#7303=CARTESIAN_POINT('',(8.1,0.5,0.));
#7304=CARTESIAN_POINT('',(6.9,1.,0.));
#7305=CARTESIAN_POINT('Origin',(7.5,1.,0.));
#7306=CARTESIAN_POINT('',(6.9,-0.5,0.));
#7307=CARTESIAN_POINT('',(-5.6,1.1,0.));
#7308=CARTESIAN_POINT('',(-5.6,1.6,0.));
#7309=CARTESIAN_POINT('',(-5.6,0.6,0.));
#7310=CARTESIAN_POINT('',(-3.4,1.1,0.));
#7311=CARTESIAN_POINT('',(-1.75,1.1,0.));
#7312=CARTESIAN_POINT('',(-3.4,1.6,0.));
#7313=CARTESIAN_POINT('',(-3.4,0.75,0.));
#7314=CARTESIAN_POINT('',(-2.75,1.6,0.));
#7315=CARTESIAN_POINT('',(11.4558692403659,-2.07370447576387,0.));
#7316=CARTESIAN_POINT('Origin',(11.4558692403659,-2.22370447576387,0.));
#7317=CARTESIAN_POINT('',(6.95609147873571,-2.07370447576387,0.));
#7318=CARTESIAN_POINT('Origin',(6.95609147873571,-2.22370447576387,0.));
#7319=CARTESIAN_POINT('',(11.4558692403659,2.42536098590502,0.));
#7320=CARTESIAN_POINT('Origin',(11.4558692403659,2.27536098590502,0.));
#7321=CARTESIAN_POINT('',(6.95609147873571,2.42536098590502,0.));
#7322=CARTESIAN_POINT('Origin',(6.95609147873571,2.27536098590502,0.));
#7323=CARTESIAN_POINT('Origin',(-8.30000012367964,0.,0.264));
#7324=CARTESIAN_POINT('',(-8.30000012367964,-0.836000008940697,0.5));
#7325=CARTESIAN_POINT('Origin',(-8.30000012367964,-0.836000008940697,0.264));
#7326=CARTESIAN_POINT('',(-8.30000012367964,0.600000008940697,0.264));
#7327=CARTESIAN_POINT('Origin',(-8.30000012367964,0.,0.264));
#7328=CARTESIAN_POINT('',(-8.30000012367964,0.836000008940697,0.5));
#7329=CARTESIAN_POINT('Origin',(-8.30000012367964,0.836000008940697,0.264));
#7330=CARTESIAN_POINT('Origin',(-8.30000012367964,0.,0.5));
#7331=CARTESIAN_POINT('Origin',(-4.15000006183982,0.836000008940697,0.264));
#7332=CARTESIAN_POINT('',(-6.70000009983778,0.836000008940697,0.5));
#7333=CARTESIAN_POINT('Origin',(-6.70000009983778,0.836000008940697,0.264));
#7334=CARTESIAN_POINT('',(-4.15000006183982,0.836000008940697,0.5));
#7335=CARTESIAN_POINT('',(-4.15000006183982,0.600000008940697,0.264));
#7336=CARTESIAN_POINT('Origin',(-6.70000009983778,0.,0.264));
#7337=CARTESIAN_POINT('',(-6.70000009983778,-0.836000008940697,0.5));
#7338=CARTESIAN_POINT('Origin',(-6.70000009983778,-0.836000008940697,0.264));
#7339=CARTESIAN_POINT('Origin',(-6.70000009983778,0.,0.5));
#7340=CARTESIAN_POINT('Origin',(-3.35000004991889,-0.836000008940697,0.264));
#7341=CARTESIAN_POINT('',(-3.35000004991889,-0.836000008940697,0.5));
#7342=CARTESIAN_POINT('Origin',(-8.30000012367964,0.600000008940697,0.5));
#7343=CARTESIAN_POINT('',(-8.30000012367964,0.600000008940697,0.5));
#7344=CARTESIAN_POINT('Origin',(-8.30000012367964,0.,0.5));
#7345=CARTESIAN_POINT('Origin',(0.,0.,0.5));
#7346=CARTESIAN_POINT('',(-11.91,-3.91,0.5));
#7347=CARTESIAN_POINT('',(-11.91,3.91,0.5));
#7348=CARTESIAN_POINT('',(-11.91,2.,0.5));
#7349=CARTESIAN_POINT('',(-11.0539978692959,-3.91,0.5));
#7350=CARTESIAN_POINT('',(-7.5,-3.91,0.5));
#7351=CARTESIAN_POINT('',(-11.0407122967342,-3.9100493041534,0.5));
#7352=CARTESIAN_POINT('Origin',(-11.0539978692959,-5.7,0.5));
#7353=CARTESIAN_POINT('',(-6.52456700080378,-3.92680857332959,0.5));
#7354=CARTESIAN_POINT('',(-11.053663872155,-3.91000061974708,0.5));
#7355=CARTESIAN_POINT('',(-6.3175176600735,-4.64639524145648,0.5));
#7356=CARTESIAN_POINT('Origin',(-6.52601432174754,-4.31680588775891,0.5));
#7357=CARTESIAN_POINT('',(-8.47649102333614,-6.82962603219225,0.5));
#7358=CARTESIAN_POINT('',(-3.31208655146216,-1.60719621871375,0.5));
#7359=CARTESIAN_POINT('',(-7.47188928956828,-7.82306584309801,0.5));
#7360=CARTESIAN_POINT('',(-7.1746209926932,-8.1170312531679,0.5));
#7361=CARTESIAN_POINT('',(-6.81700465998534,-8.47724109445856,0.5));
#7362=CARTESIAN_POINT('',(-8.09132123528725,-7.20430487286493,0.5));
#7363=CARTESIAN_POINT('',(-6.81304820492966,-8.47458668018669,0.5));
#7364=CARTESIAN_POINT('',(-2.53277051272518,-5.60291746270849,0.5));
#7365=CARTESIAN_POINT('',(-6.79261246480819,-8.49479536301034,0.5));
#7366=CARTESIAN_POINT('',(-7.1746209926932,-8.1170312531679,0.5));
#7367=CARTESIAN_POINT('',(-0.327656525758671,-4.12144281600516,0.5));
#7368=CARTESIAN_POINT('',(0.881684247290433,-3.30335935188351,0.5));
#7369=CARTESIAN_POINT('',(0.322302340778269,-4.12144281600513,0.5));
#7370=CARTESIAN_POINT('Origin',(-0.00267709249017315,-4.60184719561935,
0.5));
#7371=CARTESIAN_POINT('',(6.79043759024083,-8.49694607299451,0.5));
#7372=CARTESIAN_POINT('',(-0.883365175393999,-3.30584420212389,0.5));
#7373=CARTESIAN_POINT('',(6.81304820492966,-8.47458668018669,0.5));
#7374=CARTESIAN_POINT('',(7.1746209926932,-8.1170312531679,0.5));
#7375=CARTESIAN_POINT('',(6.81700465998534,-8.47724109445856,0.5));
#7376=CARTESIAN_POINT('',(2.53277051272518,-5.60291746270848,0.5));
#7377=CARTESIAN_POINT('',(7.47188928956827,-7.82306584309801,0.5));
#7378=CARTESIAN_POINT('',(8.09132123528725,-7.20430487286493,0.5));
#7379=CARTESIAN_POINT('',(8.47649102333614,-6.82962603219225,0.5));
#7380=CARTESIAN_POINT('',(7.1746209926932,-8.1170312531679,0.5));
#7381=CARTESIAN_POINT('',(6.25581688360067,-4.58400121784323,0.5));
#7382=CARTESIAN_POINT('',(4.7036279453206,-3.01437245782399,0.5));
#7383=CARTESIAN_POINT('',(6.52460411159721,-3.9368085044688,0.5));
#7384=CARTESIAN_POINT('Origin',(6.52601432174754,-4.31680588775891,0.5));
#7385=CARTESIAN_POINT('',(11.2299907377228,-3.91934632111389,0.5));
#7386=CARTESIAN_POINT('',(2.91223098130279,-3.95021440008582,0.5));
#7387=CARTESIAN_POINT('',(11.2266709217831,-3.92316927511152,0.5));
#7388=CARTESIAN_POINT('',(9.7284279611681,-5.64847996091515,0.5));
#7389=CARTESIAN_POINT('',(11.7203082714509,-3.92316927511152,0.5));
#7390=CARTESIAN_POINT('',(5.10000007599592,-3.92316927511151,0.5));
#7391=CARTESIAN_POINT('',(11.8599961033555,-3.92,0.5));
#7392=CARTESIAN_POINT('Origin',(11.8599961033555,-7.,0.5));
#7393=CARTESIAN_POINT('',(11.92,-3.92,0.5));
#7394=CARTESIAN_POINT('',(-7.5,-3.92,0.5));
#7395=CARTESIAN_POINT('',(11.92,3.92,0.5));
#7396=CARTESIAN_POINT('',(11.92,-2.,0.5));
#7397=CARTESIAN_POINT('',(11.0538494251,3.9200000000019,0.5));
#7398=CARTESIAN_POINT('',(7.5,3.92,0.5));
#7399=CARTESIAN_POINT('',(6.52460411159721,3.9368085044688,0.5));
#7400=CARTESIAN_POINT('',(5.53420027431358,3.94048399700028,0.5));
#7401=CARTESIAN_POINT('',(6.25581688360067,4.58400121784323,0.5));
#7402=CARTESIAN_POINT('Origin',(6.52601432174754,4.31680588775891,0.5));
#7403=CARTESIAN_POINT('',(8.47649102333614,6.82962603219225,0.5));
#7404=CARTESIAN_POINT('',(3.31208655146216,1.60719621871375,0.5));
#7405=CARTESIAN_POINT('',(7.47188928956828,7.82306584309801,0.5));
#7406=CARTESIAN_POINT('',(7.1746209926932,8.1170312531679,0.5));
#7407=CARTESIAN_POINT('',(6.81700465998534,8.47724109445856,0.5));
#7408=CARTESIAN_POINT('',(8.09132123528725,7.20430487286493,0.5));
#7409=CARTESIAN_POINT('',(6.81304820492966,8.47458668018669,0.5));
#7410=CARTESIAN_POINT('',(2.53277051272518,5.60291746270849,0.5));
#7411=CARTESIAN_POINT('',(6.79043759024083,8.49694607299451,0.5));
#7412=CARTESIAN_POINT('',(7.1746209926932,8.1170312531679,0.5));
#7413=CARTESIAN_POINT('',(0.323825937442049,4.12247348433651,0.5));
#7414=CARTESIAN_POINT('',(-0.883365175393998,3.30584420212389,0.5));
#7415=CARTESIAN_POINT('',(-0.324292225582575,4.12123342940221,0.5));
#7416=CARTESIAN_POINT('Origin',(-0.00115349582639312,4.60287786395073,0.5));
#7417=CARTESIAN_POINT('',(-6.55505294719593,8.30149579843417,0.5));
#7418=CARTESIAN_POINT('',(-2.53277051272518,5.60291746270848,0.5));
#7419=CARTESIAN_POINT('',(-6.81640878380294,8.47829533495986,0.5));
#7420=CARTESIAN_POINT('',(0.866555894362873,3.28099569973005,0.5));
#7421=CARTESIAN_POINT('',(-8.48000675136357,6.83318126164155,0.5));
#7422=CARTESIAN_POINT('',(-7.17813672072063,8.1205864826172,0.5));
#7423=CARTESIAN_POINT('',(-6.31751766007351,4.64639524145648,0.5));
#7424=CARTESIAN_POINT('',(-4.7036279453206,3.01437245782399,0.5));
#7425=CARTESIAN_POINT('',(-6.52456700080378,3.92680857332959,0.5));
#7426=CARTESIAN_POINT('Origin',(-6.52601432174754,4.31680588775891,0.5));
#7427=CARTESIAN_POINT('',(-11.040712296734,3.91004930415341,0.5));
#7428=CARTESIAN_POINT('',(-0.0146624548852851,3.95096751197506,0.5));
#7429=CARTESIAN_POINT('',(-11.0539978692959,3.91,0.5));
#7430=CARTESIAN_POINT('Origin',(-11.0539978692959,5.7,0.5));
#7431=CARTESIAN_POINT('',(7.5,3.91,0.5));
#7432=CARTESIAN_POINT('',(-3.4,1.6,0.5));
#7433=CARTESIAN_POINT('',(-5.6,1.6,0.5));
#7434=CARTESIAN_POINT('',(-2.75,1.6,0.5));
#7435=CARTESIAN_POINT('',(-3.4,1.1,0.5));
#7436=CARTESIAN_POINT('',(-3.4,0.75,0.5));
#7437=CARTESIAN_POINT('',(-5.6,1.1,0.5));
#7438=CARTESIAN_POINT('',(-1.75,1.1,0.5));
#7439=CARTESIAN_POINT('',(-5.6,0.6,0.5));
#7440=CARTESIAN_POINT('',(5.6,1.6,0.5));
#7441=CARTESIAN_POINT('',(3.4,1.6,0.5));
#7442=CARTESIAN_POINT('',(1.75,1.6,0.5));
#7443=CARTESIAN_POINT('',(5.6,1.1,0.5));
#7444=CARTESIAN_POINT('',(5.6,0.75,0.5));
#7445=CARTESIAN_POINT('',(3.4,1.1,0.5));
#7446=CARTESIAN_POINT('',(2.75,1.1,0.5));
#7447=CARTESIAN_POINT('',(3.4,0.6,0.5));
#7448=CARTESIAN_POINT('',(8.1,-1.,0.5));
#7449=CARTESIAN_POINT('',(8.1,1.,0.5));
#7450=CARTESIAN_POINT('',(8.1,0.5,0.5));
#7451=CARTESIAN_POINT('',(6.90000022351742,-0.999999997019775,0.5));
#7452=CARTESIAN_POINT('Origin',(7.50000011175871,-1.00000001490116,0.5));
#7453=CARTESIAN_POINT('',(6.9,1.,0.5));
#7454=CARTESIAN_POINT('',(6.9,-0.5,0.5));
#7455=CARTESIAN_POINT('Origin',(7.5,1.,0.5));
#7456=CARTESIAN_POINT('',(-6.50000011175871,2.78000004768372,0.5));
#7457=CARTESIAN_POINT('',(-8.7,2.78000004768372,0.5));
#7458=CARTESIAN_POINT('',(-5.00000008195639,2.78000004768372,0.5));
#7459=CARTESIAN_POINT('',(-6.50000011175871,2.02000003874302,0.5));
#7460=CARTESIAN_POINT('Origin',(-6.50000011175871,2.40000004321337,0.5));
#7461=CARTESIAN_POINT('',(-8.7,2.02000003874302,0.5));
#7462=CARTESIAN_POINT('',(-3.25000005587935,2.02000003874302,0.5));
#7463=CARTESIAN_POINT('',(-9.,2.39148354955865,0.500000007450581));
#7464=CARTESIAN_POINT('Ctrl Pts',(-9.,2.39148355116315,0.5));
#7465=CARTESIAN_POINT('Ctrl Pts',(-8.99999999982904,2.35803686068739,0.5));
#7466=CARTESIAN_POINT('Ctrl Pts',(-8.99322010621477,2.3184776161331,0.5));
#7467=CARTESIAN_POINT('Ctrl Pts',(-8.97092738383783,2.25368636552413,0.5));
#7468=CARTESIAN_POINT('Ctrl Pts',(-8.95076016969704,2.2167459639796,0.5));
#7469=CARTESIAN_POINT('Ctrl Pts',(-8.90206507205384,2.15271995111389,0.5));
#7470=CARTESIAN_POINT('Ctrl Pts',(-8.86576608765869,2.11955563655611,0.5));
#7471=CARTESIAN_POINT('Ctrl Pts',(-8.78477034344324,2.06377478685837,0.5));
#7472=CARTESIAN_POINT('Ctrl Pts',(-8.74030985213734,2.04081595687849,0.5));
#7473=CARTESIAN_POINT('Ctrl Pts',(-8.7,2.02000003874302,0.5));
#7474=CARTESIAN_POINT('',(-9.,2.40851653686809,0.500000007450581));
#7475=CARTESIAN_POINT('',(-9.,4.00000005960464,0.500000007450581));
#7476=CARTESIAN_POINT('Ctrl Pts',(-8.7,2.78000004768372,0.5));
#7477=CARTESIAN_POINT('Ctrl Pts',(-8.74030985213734,2.75918412954825,0.5));
#7478=CARTESIAN_POINT('Ctrl Pts',(-8.78477034344324,2.73622529956837,0.5));
#7479=CARTESIAN_POINT('Ctrl Pts',(-8.86576608765869,2.68044444987063,0.5));
#7480=CARTESIAN_POINT('Ctrl Pts',(-8.90206507205384,2.64728013531285,0.5));
#7481=CARTESIAN_POINT('Ctrl Pts',(-8.95076016969704,2.58325412244714,0.5));
#7482=CARTESIAN_POINT('Ctrl Pts',(-8.97092738383783,2.54631372090261,0.5));
#7483=CARTESIAN_POINT('Ctrl Pts',(-8.99322010621477,2.48152247029364,0.5));
#7484=CARTESIAN_POINT('Ctrl Pts',(-9.,2.44196322573934,0.5));
#7485=CARTESIAN_POINT('Ctrl Pts',(-9.,2.40851653526358,0.5));
#7486=CARTESIAN_POINT('',(-6.50000011175871,1.68000003129244,0.5));
#7487=CARTESIAN_POINT('',(-8.7,1.68000003129244,0.5));
#7488=CARTESIAN_POINT('',(-5.00000008195639,1.68000003129244,0.5));
#7489=CARTESIAN_POINT('',(-6.50000011175871,0.920000022351742,0.5));
#7490=CARTESIAN_POINT('Origin',(-6.50000011175871,1.30000002682209,0.5));
#7491=CARTESIAN_POINT('',(-8.7,0.920000022351743,0.5));
#7492=CARTESIAN_POINT('',(-3.25000005587935,0.920000022351742,0.5));
#7493=CARTESIAN_POINT('',(-9.,1.29148353316737,0.500000007450581));
#7494=CARTESIAN_POINT('Ctrl Pts',(-9.,1.29148353477188,0.5));
#7495=CARTESIAN_POINT('Ctrl Pts',(-8.99999999982904,1.25803684429611,0.5));
#7496=CARTESIAN_POINT('Ctrl Pts',(-8.99322010621477,1.21847759974182,0.5));
#7497=CARTESIAN_POINT('Ctrl Pts',(-8.97092738383783,1.15368634913285,0.5));
#7498=CARTESIAN_POINT('Ctrl Pts',(-8.95076016969704,1.11674594758832,0.5));
#7499=CARTESIAN_POINT('Ctrl Pts',(-8.90206507205384,1.05271993472261,0.5));
#7500=CARTESIAN_POINT('Ctrl Pts',(-8.86576608765869,1.01955562016483,0.5));
#7501=CARTESIAN_POINT('Ctrl Pts',(-8.78477034344324,0.963774770467091,0.5));
#7502=CARTESIAN_POINT('Ctrl Pts',(-8.74030985213734,0.940815940487212,0.5));
#7503=CARTESIAN_POINT('Ctrl Pts',(-8.7,0.920000022351743,0.5));
#7504=CARTESIAN_POINT('',(-9.,1.30851652047681,0.500000007450581));
#7505=CARTESIAN_POINT('',(-9.,4.00000005960464,0.500000007450581));
#7506=CARTESIAN_POINT('Ctrl Pts',(-8.7,1.68000003129244,0.5));
#7507=CARTESIAN_POINT('Ctrl Pts',(-8.74030985213734,1.65918411315697,0.5));
#7508=CARTESIAN_POINT('Ctrl Pts',(-8.78477034344324,1.63622528317709,0.5));
#7509=CARTESIAN_POINT('Ctrl Pts',(-8.86576608765869,1.58044443347935,0.5));
#7510=CARTESIAN_POINT('Ctrl Pts',(-8.90206507205384,1.54728011892157,0.5));
#7511=CARTESIAN_POINT('Ctrl Pts',(-8.95076016969704,1.48325410605586,0.5));
#7512=CARTESIAN_POINT('Ctrl Pts',(-8.97092738383783,1.44631370451133,0.5));
#7513=CARTESIAN_POINT('Ctrl Pts',(-8.99322010621477,1.38152245390236,0.5));
#7514=CARTESIAN_POINT('Ctrl Pts',(-9.,1.34196320934807,0.5));
#7515=CARTESIAN_POINT('Ctrl Pts',(-9.,1.30851651887231,0.5));
#7516=CARTESIAN_POINT('',(-6.50000011175871,-0.920000022351741,0.5));
#7517=CARTESIAN_POINT('',(-8.7,-0.920000022351741,0.5));
#7518=CARTESIAN_POINT('',(-5.00000008195639,-0.920000022351741,0.5));
#7519=CARTESIAN_POINT('',(-6.50000011175871,-1.68000003129244,0.5));
#7520=CARTESIAN_POINT('Origin',(-6.50000011175871,-1.30000002682209,0.5));
#7521=CARTESIAN_POINT('',(-8.7,-1.68000003129244,0.5));
#7522=CARTESIAN_POINT('',(-3.25000005587935,-1.68000003129244,0.5));
#7523=CARTESIAN_POINT('',(-9.,-1.30851652047681,0.500000007450581));
#7524=CARTESIAN_POINT('Ctrl Pts',(-9.,-1.3085165188723,0.5));
#7525=CARTESIAN_POINT('Ctrl Pts',(-8.99999999982904,-1.34196320934807,0.5));
#7526=CARTESIAN_POINT('Ctrl Pts',(-8.99322010621477,-1.38152245390236,0.5));
#7527=CARTESIAN_POINT('Ctrl Pts',(-8.97092738383783,-1.44631370451133,0.5));
#7528=CARTESIAN_POINT('Ctrl Pts',(-8.95076016969704,-1.48325410605586,0.5));
#7529=CARTESIAN_POINT('Ctrl Pts',(-8.90206507205384,-1.54728011892157,0.5));
#7530=CARTESIAN_POINT('Ctrl Pts',(-8.86576608765869,-1.58044443347935,0.5));
#7531=CARTESIAN_POINT('Ctrl Pts',(-8.78477034344324,-1.63622528317709,0.5));
#7532=CARTESIAN_POINT('Ctrl Pts',(-8.74030985213734,-1.65918411315697,0.5));
#7533=CARTESIAN_POINT('Ctrl Pts',(-8.7,-1.68000003129244,0.5));
#7534=CARTESIAN_POINT('',(-9.,-1.29148353316737,0.500000007450581));
#7535=CARTESIAN_POINT('',(-9.,4.00000005960464,0.500000007450581));
#7536=CARTESIAN_POINT('Ctrl Pts',(-8.7,-0.920000022351741,0.5));
#7537=CARTESIAN_POINT('Ctrl Pts',(-8.74030985213734,-0.94081594048721,0.5));
#7538=CARTESIAN_POINT('Ctrl Pts',(-8.78477034344324,-0.963774770467089,
0.5));
#7539=CARTESIAN_POINT('Ctrl Pts',(-8.86576608765869,-1.01955562016483,0.5));
#7540=CARTESIAN_POINT('Ctrl Pts',(-8.90206507205384,-1.05271993472261,0.5));
#7541=CARTESIAN_POINT('Ctrl Pts',(-8.95076016969704,-1.11674594758832,0.5));
#7542=CARTESIAN_POINT('Ctrl Pts',(-8.97092738383783,-1.15368634913285,0.5));
#7543=CARTESIAN_POINT('Ctrl Pts',(-8.99322010621477,-1.21847759974182,0.5));
#7544=CARTESIAN_POINT('Ctrl Pts',(-9.,-1.25803684429611,0.5));
#7545=CARTESIAN_POINT('Ctrl Pts',(-9.,-1.29148353477187,0.5));
#7546=CARTESIAN_POINT('',(-6.50000011175871,-2.02000003874302,0.5));
#7547=CARTESIAN_POINT('',(-8.7,-2.02000003874302,0.5));
#7548=CARTESIAN_POINT('',(-5.00000008195639,-2.02000003874302,0.5));
#7549=CARTESIAN_POINT('',(-6.50000011175871,-2.78000004768372,0.5));
#7550=CARTESIAN_POINT('Origin',(-6.50000011175871,-2.40000004321337,0.5));
#7551=CARTESIAN_POINT('',(-8.7,-2.78000004768371,0.5));
#7552=CARTESIAN_POINT('',(-3.25000005587935,-2.78000004768372,0.5));
#7553=CARTESIAN_POINT('',(-9.,-2.40851653686808,0.500000007450581));
#7554=CARTESIAN_POINT('Ctrl Pts',(-9.,-2.40851653526358,0.5));
#7555=CARTESIAN_POINT('Ctrl Pts',(-8.99999999982904,-2.44196322573934,0.5));
#7556=CARTESIAN_POINT('Ctrl Pts',(-8.99322010621477,-2.48152247029364,0.5));
#7557=CARTESIAN_POINT('Ctrl Pts',(-8.97092738383783,-2.54631372090261,0.5));
#7558=CARTESIAN_POINT('Ctrl Pts',(-8.95076016969704,-2.58325412244714,0.5));
#7559=CARTESIAN_POINT('Ctrl Pts',(-8.90206507205384,-2.64728013531285,0.5));
#7560=CARTESIAN_POINT('Ctrl Pts',(-8.86576608765869,-2.68044444987062,0.5));
#7561=CARTESIAN_POINT('Ctrl Pts',(-8.78477034344324,-2.73622529956837,0.5));
#7562=CARTESIAN_POINT('Ctrl Pts',(-8.74030985213734,-2.75918412954825,0.5));
#7563=CARTESIAN_POINT('Ctrl Pts',(-8.7,-2.78000004768371,0.5));
#7564=CARTESIAN_POINT('',(-9.,-2.39148354955865,0.500000007450581));
#7565=CARTESIAN_POINT('',(-9.,4.00000005960464,0.500000007450581));
#7566=CARTESIAN_POINT('Ctrl Pts',(-8.7,-2.02000003874302,0.5));
#7567=CARTESIAN_POINT('Ctrl Pts',(-8.74030985213734,-2.04081595687849,0.5));
#7568=CARTESIAN_POINT('Ctrl Pts',(-8.78477034344324,-2.06377478685837,0.5));
#7569=CARTESIAN_POINT('Ctrl Pts',(-8.86576608765869,-2.11955563655611,0.5));
#7570=CARTESIAN_POINT('Ctrl Pts',(-8.90206507205384,-2.15271995111389,0.5));
#7571=CARTESIAN_POINT('Ctrl Pts',(-8.95076016969704,-2.2167459639796,0.5));
#7572=CARTESIAN_POINT('Ctrl Pts',(-8.97092738383783,-2.25368636552413,0.5));
#7573=CARTESIAN_POINT('Ctrl Pts',(-8.99322010621477,-2.3184776161331,0.5));
#7574=CARTESIAN_POINT('Ctrl Pts',(-9.,-2.35803686068739,0.5));
#7575=CARTESIAN_POINT('Ctrl Pts',(-9.,-2.39148355116315,0.5));
#7576=CARTESIAN_POINT('',(-0.462499986030161,-1.87499995809048,0.5));
#7577=CARTESIAN_POINT('Origin',(-0.624999986030161,-1.87499995809048,0.5));
#7578=CARTESIAN_POINT('',(-0.462499986030161,1.87499995809048,0.5));
#7579=CARTESIAN_POINT('Origin',(-0.624999986030161,1.87499995809048,0.5));
#7580=CARTESIAN_POINT('',(0.787499986030161,-3.12499993015081,0.5));
#7581=CARTESIAN_POINT('Origin',(0.624999986030161,-3.12499993015081,0.5));
#7582=CARTESIAN_POINT('',(0.787499986030161,3.12499993015081,0.5));
#7583=CARTESIAN_POINT('Origin',(0.624999986030161,3.12499993015081,0.5));
#7584=CARTESIAN_POINT('',(6.74090394762094,7.79301214940139,0.5));
#7585=CARTESIAN_POINT('Origin',(6.89090394762094,7.79301214940139,0.5));
#7586=CARTESIAN_POINT('',(-6.96995117595477,-5.81791198958451,0.5));
#7587=CARTESIAN_POINT('Origin',(-6.81995117595477,-5.81791198958451,0.5));
#7588=CARTESIAN_POINT('',(-7.04090394762094,7.79301214940139,0.5));
#7589=CARTESIAN_POINT('Origin',(-6.89090394762094,7.79301214940139,0.5));
#7590=CARTESIAN_POINT('',(6.74090394762094,-7.79301214940138,0.5));
#7591=CARTESIAN_POINT('Origin',(6.89090394762094,-7.79301214940138,0.5));
#7592=CARTESIAN_POINT('',(6.66995117595477,5.81791198958451,0.5));
#7593=CARTESIAN_POINT('Origin',(6.81995117595477,5.81791198958451,0.5));
#7594=CARTESIAN_POINT('',(-7.04090394762094,-7.79301214940139,0.5));
#7595=CARTESIAN_POINT('Origin',(-6.89090394762094,-7.79301214940139,0.5));
#7596=CARTESIAN_POINT('',(-6.96995117595477,5.81791198958451,0.5));
#7597=CARTESIAN_POINT('Origin',(-6.81995117595477,5.81791198958451,0.5));
#7598=CARTESIAN_POINT('',(6.66995117595477,-5.81791198958451,0.5));
#7599=CARTESIAN_POINT('Origin',(6.81995117595477,-5.81791198958451,0.5));
#7600=CARTESIAN_POINT('',(3.4,-1.6,0.5));
#7601=CARTESIAN_POINT('',(5.6,-1.6,0.5));
#7602=CARTESIAN_POINT('',(2.75,-1.6,0.5));
#7603=CARTESIAN_POINT('',(3.4,-1.1,0.5));
#7604=CARTESIAN_POINT('',(3.4,-0.75,0.5));
#7605=CARTESIAN_POINT('',(5.6,-1.1,0.5));
#7606=CARTESIAN_POINT('',(1.75,-1.1,0.5));
#7607=CARTESIAN_POINT('',(5.6,-0.6,0.5));
#7608=CARTESIAN_POINT('',(-5.6,-1.6,0.5));
#7609=CARTESIAN_POINT('',(-3.4,-1.6,0.5));
#7610=CARTESIAN_POINT('',(-1.75,-1.6,0.5));
#7611=CARTESIAN_POINT('',(-5.6,-1.1,0.5));
#7612=CARTESIAN_POINT('',(-5.6,-0.75,0.5));
#7613=CARTESIAN_POINT('',(-3.4,-1.1,0.5));
#7614=CARTESIAN_POINT('',(-2.75,-1.1,0.5));
#7615=CARTESIAN_POINT('',(-3.4,-0.6,0.5));
#7616=CARTESIAN_POINT('',(11.4558692403659,-2.07370447576387,0.5));
#7617=CARTESIAN_POINT('Origin',(11.4558692403659,-2.22370447576387,0.5));
#7618=CARTESIAN_POINT('',(6.95609147873571,-2.07370447576387,0.5));
#7619=CARTESIAN_POINT('Origin',(6.95609147873571,-2.22370447576387,0.5));
#7620=CARTESIAN_POINT('',(11.4558692403659,2.42536098590502,0.5));
#7621=CARTESIAN_POINT('Origin',(11.4558692403659,2.27536098590502,0.5));
#7622=CARTESIAN_POINT('',(6.95609147873571,2.42536098590502,0.5));
#7623=CARTESIAN_POINT('Origin',(6.95609147873571,2.27536098590502,0.5));
#7624=CARTESIAN_POINT('Origin',(6.95609147873571,2.27536098590502,1.27133348493056));
#7625=CARTESIAN_POINT('',(6.95609147873571,2.42536098590502,1.27133348493056));
#7626=CARTESIAN_POINT('Origin',(11.4558692403659,2.27536098590502,1.27133348493056));
#7627=CARTESIAN_POINT('',(11.4558692403659,2.42536098590502,1.27133348493056));
#7628=CARTESIAN_POINT('Origin',(6.95609147873571,-2.22370447576387,1.27133348493056));
#7629=CARTESIAN_POINT('',(6.95609147873571,-2.07370447576387,1.27133348493056));
#7630=CARTESIAN_POINT('Origin',(11.4558692403659,-2.22370447576387,1.27133348493056));
#7631=CARTESIAN_POINT('',(11.4558692403659,-2.07370447576387,1.27133348493056));
#7632=CARTESIAN_POINT('Origin',(-1.75,-1.6,0.1));
#7633=CARTESIAN_POINT('',(-5.5,-1.5,0.1));
#7634=CARTESIAN_POINT('',(-3.5,-1.5,0.1));
#7635=CARTESIAN_POINT('',(-1.75,-1.5,0.1));
#7636=CARTESIAN_POINT('Origin',(-3.4,-1.6,0.1));
#7637=CARTESIAN_POINT('Origin',(-5.6,-1.6,0.1));
#7638=CARTESIAN_POINT('Origin',(-3.4,-0.6,0.1));
#7639=CARTESIAN_POINT('',(-3.5,-1.2,0.1));
#7640=CARTESIAN_POINT('',(-3.5,-0.6,0.1));
#7641=CARTESIAN_POINT('Origin',(-3.4,-1.1,0.1));
#7642=CARTESIAN_POINT('Origin',(-2.75,-1.1,0.1));
#7643=CARTESIAN_POINT('',(-5.5,-1.2,0.1));
#7644=CARTESIAN_POINT('',(-2.75,-1.2,0.1));
#7645=CARTESIAN_POINT('Origin',(-5.6,-1.1,0.1));
#7646=CARTESIAN_POINT('Origin',(-5.6,-0.75,0.1));
#7647=CARTESIAN_POINT('',(-5.5,-0.75,0.1));
#7648=CARTESIAN_POINT('Origin',(-3.5,-1.2,0.5));
#7649=CARTESIAN_POINT('',(-3.5,-1.5,0.4));
#7650=CARTESIAN_POINT('',(-3.5,-1.5,0.5));
#7651=CARTESIAN_POINT('',(-3.5,-1.2,0.4));
#7652=CARTESIAN_POINT('',(-3.5,-0.6,0.4));
#7653=CARTESIAN_POINT('',(-3.5,-1.2,0.5));
#7654=CARTESIAN_POINT('Origin',(-3.5,-1.5,0.5));
#7655=CARTESIAN_POINT('',(-5.5,-1.5,0.4));
#7656=CARTESIAN_POINT('',(-5.5,-1.5,0.5));
#7657=CARTESIAN_POINT('',(-1.75,-1.5,0.4));
#7658=CARTESIAN_POINT('Origin',(-3.4,0.75,0.1));
#7659=CARTESIAN_POINT('',(-3.5,1.2,0.1));
#7660=CARTESIAN_POINT('Origin',(-3.4,1.1,0.1));
#7661=CARTESIAN_POINT('',(-3.5,1.5,0.1));
#7662=CARTESIAN_POINT('',(-3.5,0.75,0.1));
#7663=CARTESIAN_POINT('Origin',(-3.4,1.6,0.1));
#7664=CARTESIAN_POINT('Origin',(-5.6,0.6,0.1));
#7665=CARTESIAN_POINT('',(-5.5,1.5,0.1));
#7666=CARTESIAN_POINT('',(-5.5,1.2,0.1));
#7667=CARTESIAN_POINT('',(-5.5,0.6,0.1));
#7668=CARTESIAN_POINT('Origin',(-5.6,1.1,0.1));
#7669=CARTESIAN_POINT('Origin',(-5.6,1.6,0.1));
#7670=CARTESIAN_POINT('Origin',(-1.75,1.1,0.1));
#7671=CARTESIAN_POINT('',(-1.75,1.2,0.1));
#7672=CARTESIAN_POINT('Origin',(-2.75,1.6,0.1));
#7673=CARTESIAN_POINT('',(-2.75,1.5,0.1));
#7674=CARTESIAN_POINT('Origin',(-3.5,1.2,0.5));
#7675=CARTESIAN_POINT('',(-5.5,1.2,0.4));
#7676=CARTESIAN_POINT('',(-5.5,1.2,0.5));
#7677=CARTESIAN_POINT('',(-3.5,1.2,0.4));
#7678=CARTESIAN_POINT('',(-1.75,1.2,0.4));
#7679=CARTESIAN_POINT('',(-3.5,1.2,0.5));
#7680=CARTESIAN_POINT('Origin',(-5.5,1.2,0.5));
#7681=CARTESIAN_POINT('',(-5.5,1.5,0.4));
#7682=CARTESIAN_POINT('',(-5.5,1.5,0.5));
#7683=CARTESIAN_POINT('',(-5.5,0.6,0.4));
#7684=CARTESIAN_POINT('Origin',(2.75,-1.6,0.1));
#7685=CARTESIAN_POINT('',(3.5,-1.5,0.1));
#7686=CARTESIAN_POINT('Origin',(3.4,-1.6,0.1));
#7687=CARTESIAN_POINT('',(5.5,-1.5,0.1));
#7688=CARTESIAN_POINT('',(2.75,-1.5,0.1));
#7689=CARTESIAN_POINT('Origin',(5.6,-1.6,0.1));
#7690=CARTESIAN_POINT('Origin',(3.4,-0.75,0.1));
#7691=CARTESIAN_POINT('',(3.5,-1.2,0.1));
#7692=CARTESIAN_POINT('',(3.5,-0.75,0.1));
#7693=CARTESIAN_POINT('Origin',(3.4,-1.1,0.1));
#7694=CARTESIAN_POINT('Origin',(5.6,-0.6,0.1));
#7695=CARTESIAN_POINT('',(5.5,-1.2,0.1));
#7696=CARTESIAN_POINT('',(5.5,-0.6,0.1));
#7697=CARTESIAN_POINT('Origin',(5.6,-1.1,0.1));
#7698=CARTESIAN_POINT('Origin',(1.75,-1.1,0.1));
#7699=CARTESIAN_POINT('',(1.75,-1.2,0.1));
#7700=CARTESIAN_POINT('Origin',(5.5,-1.2,0.5));
#7701=CARTESIAN_POINT('',(5.5,-1.5,0.4));
#7702=CARTESIAN_POINT('',(5.5,-1.5,0.5));
#7703=CARTESIAN_POINT('',(5.5,-1.2,0.4));
#7704=CARTESIAN_POINT('',(5.5,-0.6,0.4));
#7705=CARTESIAN_POINT('',(5.5,-1.2,0.5));
#7706=CARTESIAN_POINT('Origin',(5.5,-1.5,0.5));
#7707=CARTESIAN_POINT('',(3.5,-1.5,0.4));
#7708=CARTESIAN_POINT('',(3.5,-1.5,0.5));
#7709=CARTESIAN_POINT('',(2.75,-1.5,0.4));
#7710=CARTESIAN_POINT('Origin',(1.75,1.6,0.1));
#7711=CARTESIAN_POINT('',(5.5,1.5,0.1));
#7712=CARTESIAN_POINT('',(3.5,1.5,0.1));
#7713=CARTESIAN_POINT('',(1.75,1.5,0.1));
#7714=CARTESIAN_POINT('Origin',(3.5,1.6,0.1));
#7715=CARTESIAN_POINT('Origin',(5.6,1.6,0.1));
#7716=CARTESIAN_POINT('Origin',(2.75,1.1,0.1));
#7717=CARTESIAN_POINT('',(3.5,1.2,0.1));
#7718=CARTESIAN_POINT('Origin',(3.5,1.1,0.1));
#7719=CARTESIAN_POINT('',(5.5,1.2,0.1));
#7720=CARTESIAN_POINT('',(2.75,1.2,0.1));
#7721=CARTESIAN_POINT('Origin',(5.6,1.1,0.1));
#7722=CARTESIAN_POINT('Origin',(5.6,0.75,0.1));
#7723=CARTESIAN_POINT('',(5.5,0.75,0.1));
#7724=CARTESIAN_POINT('Origin',(3.5,1.5,0.5));
#7725=CARTESIAN_POINT('',(5.5,1.5,0.4));
#7726=CARTESIAN_POINT('',(5.5,1.5,0.5));
#7727=CARTESIAN_POINT('',(3.5,1.5,0.4));
#7728=CARTESIAN_POINT('',(1.75,1.5,0.4));
#7729=CARTESIAN_POINT('',(3.5,1.5,0.5));
#7730=CARTESIAN_POINT('Origin',(5.5,1.5,0.5));
#7731=CARTESIAN_POINT('',(5.5,1.2,0.4));
#7732=CARTESIAN_POINT('',(5.5,1.2,0.5));
#7733=CARTESIAN_POINT('',(5.5,0.75,0.4));
#7734=CARTESIAN_POINT('Origin',(5.5,1.2,0.5));
#7735=CARTESIAN_POINT('',(3.5,1.2,0.4));
#7736=CARTESIAN_POINT('',(3.5,1.2,0.5));
#7737=CARTESIAN_POINT('',(2.75,1.2,0.4));
#7738=CARTESIAN_POINT('Origin',(-2.75,1.6,0.4));
#7739=CARTESIAN_POINT('Origin',(-5.6,1.6,0.4));
#7740=CARTESIAN_POINT('',(-3.5,1.5,0.4));
#7741=CARTESIAN_POINT('',(-2.75,1.5,0.4));
#7742=CARTESIAN_POINT('Origin',(-3.4,1.6,0.4));
#7743=CARTESIAN_POINT('Origin',(-5.6,0.6,0.4));
#7744=CARTESIAN_POINT('Origin',(-5.6,1.1,0.4));
#7745=CARTESIAN_POINT('Origin',(-3.4,0.75,0.4));
#7746=CARTESIAN_POINT('',(-3.5,0.75,0.4));
#7747=CARTESIAN_POINT('Origin',(-3.4,1.1,0.4));
#7748=CARTESIAN_POINT('Origin',(-1.75,1.1,0.4));
#7749=CARTESIAN_POINT('Origin',(-3.5,1.5,0.5));
#7750=CARTESIAN_POINT('',(-3.5,1.5,0.5));
#7751=CARTESIAN_POINT('Origin',(-5.5,1.5,0.5));
#7752=CARTESIAN_POINT('Origin',(-2.75,-1.1,0.4));
#7753=CARTESIAN_POINT('',(-5.5,-1.2,0.4));
#7754=CARTESIAN_POINT('Origin',(-5.6,-1.1,0.4));
#7755=CARTESIAN_POINT('',(-2.75,-1.2,0.4));
#7756=CARTESIAN_POINT('Origin',(-3.4,-1.1,0.4));
#7757=CARTESIAN_POINT('Origin',(-1.75,-1.6,0.4));
#7758=CARTESIAN_POINT('Origin',(-3.4,-1.6,0.4));
#7759=CARTESIAN_POINT('Origin',(-5.6,-1.6,0.4));
#7760=CARTESIAN_POINT('Origin',(-3.4,-0.6,0.4));
#7761=CARTESIAN_POINT('Origin',(-5.6,-0.75,0.4));
#7762=CARTESIAN_POINT('',(-5.5,-0.75,0.4));
#7763=CARTESIAN_POINT('Origin',(-5.5,-1.5,0.5));
#7764=CARTESIAN_POINT('',(-5.5,-1.2,0.5));
#7765=CARTESIAN_POINT('Origin',(1.75,1.6,0.4));
#7766=CARTESIAN_POINT('Origin',(3.4,1.6,0.4));
#7767=CARTESIAN_POINT('Origin',(5.6,1.6,0.4));
#7768=CARTESIAN_POINT('Origin',(3.4,0.6,0.4));
#7769=CARTESIAN_POINT('Origin',(3.4,1.1,0.4));
#7770=CARTESIAN_POINT('',(3.5,0.6,0.4));
#7771=CARTESIAN_POINT('Origin',(2.75,1.1,0.4));
#7772=CARTESIAN_POINT('Origin',(5.6,1.1,0.4));
#7773=CARTESIAN_POINT('Origin',(5.6,0.75,0.4));
#7774=CARTESIAN_POINT('Origin',(1.75,-1.1,0.4));
#7775=CARTESIAN_POINT('',(3.5,-1.2,0.4));
#7776=CARTESIAN_POINT('Origin',(3.4,-1.1,0.4));
#7777=CARTESIAN_POINT('',(1.75,-1.2,0.4));
#7778=CARTESIAN_POINT('Origin',(5.6,-1.1,0.4));
#7779=CARTESIAN_POINT('Origin',(2.75,-1.6,0.4));
#7780=CARTESIAN_POINT('Origin',(5.6,-1.6,0.4));
#7781=CARTESIAN_POINT('Origin',(3.4,-1.6,0.4));
#7782=CARTESIAN_POINT('Origin',(5.6,-0.6,0.4));
#7783=CARTESIAN_POINT('Origin',(3.4,-0.75,0.4));
#7784=CARTESIAN_POINT('',(3.5,-0.75,0.4));
#7785=CARTESIAN_POINT('Origin',(3.5,-1.5,0.5));
#7786=CARTESIAN_POINT('',(3.5,-1.2,0.5));
#7787=CARTESIAN_POINT('Origin',(7.50000011175871,-1.00000001490116,0.1));
#7788=CARTESIAN_POINT('',(7.00000022351742,-1.00000000000001,0.1));
#7789=CARTESIAN_POINT('Origin',(6.90000022351742,-0.999999997019775,0.1));
#7790=CARTESIAN_POINT('',(8.,-1.,0.1));
#7791=CARTESIAN_POINT('Origin',(7.50000011175871,-1.00000001490116,0.1));
#7792=CARTESIAN_POINT('Origin',(8.1,-0.999999997019767,0.1));
#7793=CARTESIAN_POINT('Origin',(8.1,0.5,0.1));
#7794=CARTESIAN_POINT('',(8.,1.,0.1));
#7795=CARTESIAN_POINT('Origin',(8.1,1.,0.1));
#7796=CARTESIAN_POINT('',(8.,0.5,0.1));
#7797=CARTESIAN_POINT('Origin',(7.5,1.,0.1));
#7798=CARTESIAN_POINT('',(7.,1.,0.1));
#7799=CARTESIAN_POINT('Origin',(6.9,1.,0.1));
#7800=CARTESIAN_POINT('Origin',(7.5,1.,0.1));
#7801=CARTESIAN_POINT('Origin',(6.9,-0.5,0.1));
#7802=CARTESIAN_POINT('',(7.,-0.5,0.1));
#7803=CARTESIAN_POINT('Origin',(8.,1.,0.5));
#7804=CARTESIAN_POINT('',(8.,-1.,0.4));
#7805=CARTESIAN_POINT('',(8.,-1.,0.5));
#7806=CARTESIAN_POINT('',(8.,1.,0.4));
#7807=CARTESIAN_POINT('',(8.,0.5,0.4));
#7808=CARTESIAN_POINT('',(8.,1.,0.5));
#7809=CARTESIAN_POINT('Origin',(7.50000011175871,-1.00000001490116,0.5));
#7810=CARTESIAN_POINT('',(7.00000022351742,-1.00000000000001,0.4));
#7811=CARTESIAN_POINT('',(7.00000022351742,-1.00000000000001,0.5));
#7812=CARTESIAN_POINT('Origin',(7.50000011175871,-1.00000001490116,0.4));
#7813=CARTESIAN_POINT('Origin',(8.1,0.5,0.4));
#7814=CARTESIAN_POINT('Origin',(8.1,1.,0.4));
#7815=CARTESIAN_POINT('Origin',(8.1,-1.,0.4));
#7816=CARTESIAN_POINT('Origin',(7.50000011175871,-1.00000001490116,0.4));
#7817=CARTESIAN_POINT('Origin',(6.90000022351742,-0.999999997019775,0.4));
#7818=CARTESIAN_POINT('Origin',(6.9,-0.5,0.4));
#7819=CARTESIAN_POINT('',(7.,1.,0.4));
#7820=CARTESIAN_POINT('Origin',(6.9,1.,0.4));
#7821=CARTESIAN_POINT('',(7.,-0.5,0.4));
#7822=CARTESIAN_POINT('Origin',(7.5,1.,0.4));
#7823=CARTESIAN_POINT('Origin',(7.5,1.,0.4));
#7824=CARTESIAN_POINT('Origin',(7.5,1.,0.5));
#7825=CARTESIAN_POINT('',(7.,1.,0.5));
#7826=CARTESIAN_POINT('Origin',(7.,-1.,0.5));
#7827=CARTESIAN_POINT('Origin',(3.5,-1.2,0.5));
#7828=CARTESIAN_POINT('Origin',(3.5,1.2,0.5));
#7829=CARTESIAN_POINT('Origin',(-5.5,-1.2,0.5));
#7830=CARTESIAN_POINT('Origin',(-8.7,-0.920000022351741,0.42));
#7831=CARTESIAN_POINT('',(-9.,-1.30000003129244,0.42));
#7832=CARTESIAN_POINT('',(-8.7,-1.00000002235174,0.42));
#7833=CARTESIAN_POINT('Origin',(-8.7,-1.30000002235174,0.42));
#7834=CARTESIAN_POINT('Origin',(-8.7,-0.920000022351741,0.42));
#7835=CARTESIAN_POINT('Origin',(-9.,-0.920000022351741,0.42));
#7836=CARTESIAN_POINT('Origin',(-8.7,-1.30000002235174,1.87500000186265));
#7837=CARTESIAN_POINT('',(-9.,-1.30000003129244,0.0800000000000001));
#7838=CARTESIAN_POINT('',(-9.,-1.30000003129244,1.87500000186265));
#7839=CARTESIAN_POINT('',(-8.7,-1.00000002235174,0.0800000000000001));
#7840=CARTESIAN_POINT('Origin',(-8.7,-1.30000002235174,0.0800000000000001));
#7841=CARTESIAN_POINT('',(-8.7,-1.00000002235174,1.87500000186265));
#7842=CARTESIAN_POINT('Origin',(-8.7,-0.920000022351741,0.0800000000000001));
#7843=CARTESIAN_POINT('Origin',(-9.,-0.920000022351741,0.0800000000000001));
#7844=CARTESIAN_POINT('Origin',(-8.7,-0.920000022351741,0.0800000000000001));
#7845=CARTESIAN_POINT('Origin',(-9.,0.,0.25000000372529));
#7846=CARTESIAN_POINT('Origin',(-9.,-1.68000003129244,0.42));
#7847=CARTESIAN_POINT('Origin',(-9.,0.,0.25000000372529));
#7848=CARTESIAN_POINT('Origin',(-9.,-1.68000003129244,0.0800000000000001));
#7849=CARTESIAN_POINT('Origin',(-8.7,-1.68000003129244,0.0800000000000001));
#7850=CARTESIAN_POINT('',(-8.7,-1.60000003129244,0.0800000000000001));
#7851=CARTESIAN_POINT('Origin',(-8.7,-1.30000003129244,0.0800000000000001));
#7852=CARTESIAN_POINT('Origin',(-8.7,-1.68000003129244,0.0800000000000001));
#7853=CARTESIAN_POINT('Origin',(-8.7,-1.30000003129244,1.87500000186265));
#7854=CARTESIAN_POINT('',(-8.7,-1.60000003129244,0.42));
#7855=CARTESIAN_POINT('Origin',(-8.7,-1.30000003129244,0.42));
#7856=CARTESIAN_POINT('',(-8.7,-1.60000003129244,1.87500000186265));
#7857=CARTESIAN_POINT('Origin',(-8.7,-1.68000003129244,0.42));
#7858=CARTESIAN_POINT('Origin',(-8.7,-1.68000003129244,0.42));
#7859=CARTESIAN_POINT('Origin',(-8.7,-2.02000003874302,0.42));
#7860=CARTESIAN_POINT('',(-9.,-2.40000004768372,0.42));
#7861=CARTESIAN_POINT('',(-8.7,-2.10000003874302,0.42));
#7862=CARTESIAN_POINT('Origin',(-8.7,-2.40000003874302,0.42));
#7863=CARTESIAN_POINT('Origin',(-8.7,-2.02000003874302,0.42));
#7864=CARTESIAN_POINT('Origin',(-9.,-2.02000003874302,0.42));
#7865=CARTESIAN_POINT('Origin',(-8.7,-2.40000003874302,1.87500000186265));
#7866=CARTESIAN_POINT('',(-9.,-2.40000004768371,0.08));
#7867=CARTESIAN_POINT('',(-9.,-2.40000004768372,1.87500000186265));
#7868=CARTESIAN_POINT('',(-8.7,-2.10000003874302,0.0800000000000001));
#7869=CARTESIAN_POINT('Origin',(-8.7,-2.40000003874302,0.0800000000000001));
#7870=CARTESIAN_POINT('',(-8.7,-2.10000003874302,1.87500000186265));
#7871=CARTESIAN_POINT('Origin',(-8.7,-2.02000003874302,0.0800000000000001));
#7872=CARTESIAN_POINT('Origin',(-9.,-2.02000003874302,0.0800000000000001));
#7873=CARTESIAN_POINT('Origin',(-8.7,-2.02000003874302,0.0800000000000001));
#7874=CARTESIAN_POINT('Origin',(-9.,0.,0.25000000372529));
#7875=CARTESIAN_POINT('Origin',(-9.,-2.78000004768371,0.42));
#7876=CARTESIAN_POINT('Origin',(-9.,0.,0.25000000372529));
#7877=CARTESIAN_POINT('Origin',(-9.,-2.78000004768371,0.0800000000000001));
#7878=CARTESIAN_POINT('Origin',(-8.7,-2.78000004768371,0.0800000000000001));
#7879=CARTESIAN_POINT('',(-8.7,-2.70000004768371,0.0800000000000001));
#7880=CARTESIAN_POINT('Origin',(-8.7,-2.40000004768371,0.08));
#7881=CARTESIAN_POINT('Origin',(-8.7,-2.78000004768371,0.0800000000000001));
#7882=CARTESIAN_POINT('Origin',(-8.7,-2.40000004768372,1.87500000186265));
#7883=CARTESIAN_POINT('',(-8.7,-2.70000004768371,0.42));
#7884=CARTESIAN_POINT('Origin',(-8.7,-2.40000004768372,0.42));
#7885=CARTESIAN_POINT('',(-8.7,-2.70000004768371,1.87500000186265));
#7886=CARTESIAN_POINT('Origin',(-8.7,-2.78000004768371,0.42));
#7887=CARTESIAN_POINT('Origin',(-8.7,-2.78000004768371,0.42));
#7888=CARTESIAN_POINT('Origin',(-11.91,-3.91,0.));
#7889=CARTESIAN_POINT('',(-11.91,-4.,0.41));
#7890=CARTESIAN_POINT('',(-12.,-3.91,0.41));
#7891=CARTESIAN_POINT('Origin',(-11.91,-3.91,0.41));
#7892=CARTESIAN_POINT('',(-12.,-3.91,0.09));
#7893=CARTESIAN_POINT('',(-12.,-3.91,0.));
#7894=CARTESIAN_POINT('',(-11.91,-4.,0.09));
#7895=CARTESIAN_POINT('Origin',(-11.91,-3.91,0.09));
#7896=CARTESIAN_POINT('',(-11.91,-4.,0.));
#7897=CARTESIAN_POINT('Origin',(-11.91,2.,0.09));
#7898=CARTESIAN_POINT('Origin',(-11.91,-3.91,0.09));
#7899=CARTESIAN_POINT('',(-12.,3.91,0.09));
#7900=CARTESIAN_POINT('',(-12.,2.,0.09));
#7901=CARTESIAN_POINT('Origin',(-11.91,3.91,0.09));
#7902=CARTESIAN_POINT('Origin',(-11.91,-3.91,0.09));
#7903=CARTESIAN_POINT('Origin',(-11.91,-3.91,0.09));
#7904=CARTESIAN_POINT('Origin',(-11.91,3.91,0.));
#7905=CARTESIAN_POINT('',(-11.91,4.,0.09));
#7906=CARTESIAN_POINT('Origin',(-11.91,3.91,0.09));
#7907=CARTESIAN_POINT('',(-12.,3.91,0.41));
#7908=CARTESIAN_POINT('',(-12.,3.91,0.));
#7909=CARTESIAN_POINT('',(-11.91,4.,0.41));
#7910=CARTESIAN_POINT('Origin',(-11.91,3.91,0.41));
#7911=CARTESIAN_POINT('',(-11.91,4.,0.));
#7912=CARTESIAN_POINT('Origin',(-11.91,3.91,0.09));
#7913=CARTESIAN_POINT('Origin',(-11.91,3.91,0.09));
#7914=CARTESIAN_POINT('Origin',(-11.91,2.,0.41));
#7915=CARTESIAN_POINT('Origin',(-11.91,3.91,0.41));
#7916=CARTESIAN_POINT('',(-12.,2.,0.41));
#7917=CARTESIAN_POINT('Origin',(-11.91,-3.91,0.41));
#7918=CARTESIAN_POINT('Origin',(-11.91,3.91,0.41));
#7919=CARTESIAN_POINT('Origin',(-11.91,3.91,0.41));
#7920=CARTESIAN_POINT('Origin',(-11.91,-3.91,0.41));
#7921=CARTESIAN_POINT('Origin',(-11.91,-3.91,0.41));
#7922=CARTESIAN_POINT('Origin',(7.5,3.91,0.09));
#7923=CARTESIAN_POINT('',(-11.0539978692959,4.,0.09));
#7924=CARTESIAN_POINT('',(7.5,4.,0.09));
#7925=CARTESIAN_POINT('Origin',(-11.0539978692959,3.91,0.09));
#7926=CARTESIAN_POINT('Origin',(15.,4.,0.));
#7927=CARTESIAN_POINT('',(-11.0539978692959,4.,0.41));
#7928=CARTESIAN_POINT('',(7.5,4.,0.41));
#7929=CARTESIAN_POINT('',(-11.0539978692959,4.,0.));
#7930=CARTESIAN_POINT('Origin',(7.5,3.91,0.41));
#7931=CARTESIAN_POINT('Origin',(-11.0539978692959,3.91,0.41));
#7932=CARTESIAN_POINT('Origin',(-12.,4.,0.));
#7933=CARTESIAN_POINT('Origin',(-7.5,-3.91,0.41));
#7934=CARTESIAN_POINT('',(-11.0539978692959,-4.,0.41));
#7935=CARTESIAN_POINT('',(-7.5,-4.,0.41));
#7936=CARTESIAN_POINT('Origin',(-11.0539978692959,-3.91,0.41));
#7937=CARTESIAN_POINT('Origin',(-11.0539978692959,-5.7,0.41));
#7938=CARTESIAN_POINT('',(-11.0413802864161,-4.00004682517362,0.41));
#7939=CARTESIAN_POINT('Origin',(-11.0407122967342,-3.9100493041534,0.41));
#7940=CARTESIAN_POINT('Origin',(-11.0539978692959,-5.7,0.41));
#7941=CARTESIAN_POINT('Origin',(-11.053663872155,-3.91000061974708,0.41));
#7942=CARTESIAN_POINT('',(-6.52490099794465,-4.01680795358251,0.41));
#7943=CARTESIAN_POINT('Origin',(-6.52456700080377,-3.92680857332959,0.41));
#7944=CARTESIAN_POINT('',(-11.0539978692959,-4.,0.41));
#7945=CARTESIAN_POINT('Origin',(-6.52601432174754,-4.31680588775891,0.41));
#7946=CARTESIAN_POINT('',(-6.32556406703787,-4.54075761132636,0.42));
#7947=CARTESIAN_POINT('Ctrl Pts',(-6.32556406703787,-4.54075761132636,0.42));
#7948=CARTESIAN_POINT('Ctrl Pts',(-6.32850898555063,-4.54373561785608,0.42228013233399));
#7949=CARTESIAN_POINT('Ctrl Pts',(-6.33110184356772,-4.54650093977496,0.425199655469701));
#7950=CARTESIAN_POINT('Ctrl Pts',(-6.33655861276485,-4.55326447109402,0.433409120498279));
#7951=CARTESIAN_POINT('Ctrl Pts',(-6.33886333000513,-4.55713505430804,0.439042262715162));
#7952=CARTESIAN_POINT('Ctrl Pts',(-6.34243331269344,-4.56741180432787,0.453385635157003));
#7953=CARTESIAN_POINT('Ctrl Pts',(-6.34265571696213,-4.5738995246925,0.461925821898373));
#7954=CARTESIAN_POINT('Ctrl Pts',(-6.34021548873957,-4.58986382350007,0.478281360461328));
#7955=CARTESIAN_POINT('Ctrl Pts',(-6.33728134185646,-4.5991623237839,0.485515073021216));
#7956=CARTESIAN_POINT('Ctrl Pts',(-6.33118147395023,-4.61514299305596,0.493731777262955));
#7957=CARTESIAN_POINT('Ctrl Pts',(-6.32868700709867,-4.62113597034367,0.496028640999617));
#7958=CARTESIAN_POINT('Ctrl Pts',(-6.32337965287224,-4.63339064738814,0.499141653404657));
#7959=CARTESIAN_POINT('Ctrl Pts',(-6.32058914492642,-4.63960141483207,0.499952057599493));
#7960=CARTESIAN_POINT('Ctrl Pts',(-6.31768674517504,-4.64602133953747,0.499999311892382));
#7961=CARTESIAN_POINT('Ctrl Pts',(-6.31760220866835,-4.64620829285321,0.5));
#7962=CARTESIAN_POINT('Ctrl Pts',(-6.3175176600735,-4.64639524145648,0.5));
#7963=CARTESIAN_POINT('',(-6.31270055478949,-4.52774956940443,0.41));
#7964=CARTESIAN_POINT('Origin',(-6.52601432174754,-4.31680588775891,0.41));
#7965=CARTESIAN_POINT('Ctrl Pts',(-6.31270055478949,-4.52774956940443,0.41));
#7966=CARTESIAN_POINT('Ctrl Pts',(-6.31692320032073,-4.53201965902158,0.413289273504333));
#7967=CARTESIAN_POINT('Ctrl Pts',(-6.32121372852296,-4.53635839401434,0.416631707305774));
#7968=CARTESIAN_POINT('Ctrl Pts',(-6.32556406703787,-4.54075761132636,0.42));
#7969=CARTESIAN_POINT('Origin',(-3.31208655146216,-1.60719621871375,0.42));
#7970=CARTESIAN_POINT('',(-8.58962634296376,-6.83025805494226,0.42));
#7971=CARTESIAN_POINT('',(-3.36897022265098,-1.55094457027494,0.42));
#7972=CARTESIAN_POINT('Origin',(-8.47649102333614,-6.82962603219225,0.42));
#7973=CARTESIAN_POINT('Origin',(-7.5,-3.91,0.09));
#7974=CARTESIAN_POINT('',(-11.0539978692959,-4.,0.09));
#7975=CARTESIAN_POINT('Origin',(-11.0539978692959,-3.91,0.09));
#7976=CARTESIAN_POINT('',(-7.5,-4.,0.09));
#7977=CARTESIAN_POINT('Origin',(-11.0539978692959,-5.7,0.09));
#7978=CARTESIAN_POINT('',(-11.003702257416,-4.00018665229159,0.08));
#7979=CARTESIAN_POINT('',(-11.0413802864161,-4.00004682517362,0.09));
#7980=CARTESIAN_POINT('Ctrl Pts',(-11.003702257416,-4.00018665229159,0.08));
#7981=CARTESIAN_POINT('Ctrl Pts',(-11.0072102248032,-4.00017363385664,0.0808115921302101));
#7982=CARTESIAN_POINT('Ctrl Pts',(-11.0108253926416,-4.00016021758957,0.0816508091391079));
#7983=CARTESIAN_POINT('Ctrl Pts',(-11.0207475288828,-4.00012339550116,0.0839696308336596));
#7984=CARTESIAN_POINT('Ctrl Pts',(-11.0270564969446,-4.00009998225889,0.0854398330376293));
#7985=CARTESIAN_POINT('Ctrl Pts',(-11.033944097954,-4.00007442164905,0.0871877166611369));
#7986=CARTESIAN_POINT('Ctrl Pts',(-11.0352385574429,-4.0000696177741,0.087522235778168));
#7987=CARTESIAN_POINT('Ctrl Pts',(-11.0371661138759,-4.00006246440998,0.0880595992896466));
#7988=CARTESIAN_POINT('Ctrl Pts',(-11.0378060585903,-4.00006008950801,0.0882446471960863));
#7989=CARTESIAN_POINT('Ctrl Pts',(-11.0390473769127,-4.00005548284551,0.0886346924820296));
#7990=CARTESIAN_POINT('Ctrl Pts',(-11.0396499345971,-4.00005324669073,0.0888359114397689));
#7991=CARTESIAN_POINT('Ctrl Pts',(-11.0403765815765,-4.00005055002757,0.089147088525801));
#7992=CARTESIAN_POINT('Ctrl Pts',(-11.0405586691797,-4.00004987428137,0.0892305907775659));
#7993=CARTESIAN_POINT('Ctrl Pts',(-11.0409066483089,-4.00004858289432,0.0894206129938225));
#7994=CARTESIAN_POINT('Ctrl Pts',(-11.0410735950178,-4.00004796333757,0.089525194212728));
#7995=CARTESIAN_POINT('Ctrl Pts',(-11.0412559779367,-4.00004728649543,0.0897059701549621));
#7996=CARTESIAN_POINT('Ctrl Pts',(-11.0413119744457,-4.00004707868651,0.0897755586440817));
#7997=CARTESIAN_POINT('Ctrl Pts',(-11.0413651516021,-4.00004688134051,0.0898893403864831));
#7998=CARTESIAN_POINT('Ctrl Pts',(-11.0413802864157,-4.00004682517362,0.0899488389033485));
#7999=CARTESIAN_POINT('Ctrl Pts',(-11.0413802864157,-4.00004682517362,0.09));
#8000=CARTESIAN_POINT('Origin',(-11.0539978692959,-5.7,0.09));
#8001=CARTESIAN_POINT('',(-10.9817787403448,-4.00000005960464,0.0734581108590979));
#8002=CARTESIAN_POINT('Ctrl Pts',(-10.4935516185278,-4.,-1.09564014614029E-30));
#8003=CARTESIAN_POINT('Ctrl Pts',(-10.6478529943002,-4.,1.15042217638823E-16));
#8004=CARTESIAN_POINT('Ctrl Pts',(-10.8243427430667,-4.,0.0377221036860088));
#8005=CARTESIAN_POINT('Ctrl Pts',(-10.9817788090926,-4.,0.073457807986034));
#8006=CARTESIAN_POINT('Ctrl Pts',(-10.9817786599203,-4.00000010323688,0.0734583257418226));
#8007=CARTESIAN_POINT('Ctrl Pts',(-10.9887130518704,-4.00018423973955,0.076016282428352));
#8008=CARTESIAN_POINT('Ctrl Pts',(-10.9960018767898,-4.00021522921185,0.0782184645334348));
#8009=CARTESIAN_POINT('Ctrl Pts',(-11.003702257416,-4.00018665229159,0.0800000000000076));
#8010=CARTESIAN_POINT('Origin',(-11.0539978692959,-5.7,0.));
#8011=CARTESIAN_POINT('',(-11.0539978692959,-4.,0.));
#8012=CARTESIAN_POINT('',(-11.0413802864161,-4.00004682517362,0.));
#8013=CARTESIAN_POINT('Origin',(-11.0539978692959,-4.,0.5));
#8014=CARTESIAN_POINT('',(-6.52490099794465,-4.01680795358251,0.08));
#8015=CARTESIAN_POINT('',(-5.53449716066102,-4.02048344611399,0.08));
#8016=CARTESIAN_POINT('',(-6.52490099794465,-4.01680795358251,0.5));
#8017=CARTESIAN_POINT('Origin',(-15.,-4.,0.));
#8018=CARTESIAN_POINT('',(-9.,-4.00000005960464,0.0459192727793018));
#8019=CARTESIAN_POINT('',(-9.,-4.00000005960464,0.500000007450581));
#8020=CARTESIAN_POINT('Ctrl Pts',(-10.9817787403448,-4.00000005960464,0.0734581108590976));
#8021=CARTESIAN_POINT('Ctrl Pts',(-10.8132351629124,-4.00000005960464,0.065835149026945));
#8022=CARTESIAN_POINT('Ctrl Pts',(-10.0362097996985,-4.00000005960464,0.0555162008770007));
#8023=CARTESIAN_POINT('Ctrl Pts',(-9.41802049749085,-4.00000005960464,0.049213796246907));
#8024=CARTESIAN_POINT('Ctrl Pts',(-9.,-4.00000005960464,0.0459192727793018));
#8025=CARTESIAN_POINT('Origin',(-15.,-4.,0.));
#8026=CARTESIAN_POINT('Origin',(-5.53420027431358,-3.94048399700028,0.08));
#8027=CARTESIAN_POINT('Origin',(-9.,-3.92762205066301,0.08));
#8028=CARTESIAN_POINT('Origin',(-6.52460411159721,-3.9368085044688,0.08));
#8029=CARTESIAN_POINT('Origin',(-11.0539978692959,5.7,0.09));
#8030=CARTESIAN_POINT('',(-11.0413802864159,4.00004682517363,0.09));
#8031=CARTESIAN_POINT('Origin',(-11.040712296734,3.91004930415341,0.09));
#8032=CARTESIAN_POINT('Origin',(-11.0539978692959,5.7,0.09));
#8033=CARTESIAN_POINT('Origin',(-5.80972528613344,3.92946142591815,0.09));
#8034=CARTESIAN_POINT('',(-6.52490099794465,4.01680795358251,0.09));
#8035=CARTESIAN_POINT('Origin',(-6.52456700080378,3.92680857332959,0.09));
#8036=CARTESIAN_POINT('',(-5.8100592832743,4.01946080617107,0.09));
#8037=CARTESIAN_POINT('Origin',(-6.52601432174754,4.31680588775891,0.09));
#8038=CARTESIAN_POINT('',(-6.32556406703787,4.54075761132637,0.08));
#8039=CARTESIAN_POINT('Ctrl Pts',(-6.32556406703788,4.54075761132638,0.08));
#8040=CARTESIAN_POINT('Ctrl Pts',(-6.32850897685874,4.54373560906653,0.0777198743958004));
#8041=CARTESIAN_POINT('Ctrl Pts',(-6.33110182833917,4.54650092349646,0.0748003616784638));
#8042=CARTESIAN_POINT('Ctrl Pts',(-6.33655859021804,4.55326443925703,0.0665909220559881));
#8043=CARTESIAN_POINT('Ctrl Pts',(-6.33886330839196,4.55713501441111,0.0609577944069139));
#8044=CARTESIAN_POINT('Ctrl Pts',(-6.34243330291108,4.56741174338049,0.0466144477963418));
#8045=CARTESIAN_POINT('Ctrl Pts',(-6.34265571828954,4.57389945040753,0.0380742687066451));
#8046=CARTESIAN_POINT('Ctrl Pts',(-6.34021551492655,4.58986372485984,0.0217187245324954));
#8047=CARTESIAN_POINT('Ctrl Pts',(-6.33728137792976,4.59916221663721,0.0144850001669321));
#8048=CARTESIAN_POINT('Ctrl Pts',(-6.33118151393842,4.61514289546956,0.00626826263865117));
#8049=CARTESIAN_POINT('Ctrl Pts',(-6.32868704083829,4.62113589089907,0.00397138420890297));
#8050=CARTESIAN_POINT('Ctrl Pts',(-6.32337967111841,4.63339060679058,0.000858351903732496));
#8051=CARTESIAN_POINT('Ctrl Pts',(-6.32058915415876,4.6396013944099,4.79425521399698E-5));
#8052=CARTESIAN_POINT('Ctrl Pts',(-6.31768674517989,4.64602133952686,6.88107656931591E-7));
#8053=CARTESIAN_POINT('Ctrl Pts',(-6.31760220867082,4.64620829284776,-2.7046139092572E-17));
#8054=CARTESIAN_POINT('Ctrl Pts',(-6.3175176600735,4.64639524145648,-2.77555756156289E-17));
#8055=CARTESIAN_POINT('',(-6.31270055478949,4.52774956940443,0.09));
#8056=CARTESIAN_POINT('Origin',(-6.52601432174754,4.31680588775891,0.09));
#8057=CARTESIAN_POINT('Ctrl Pts',(-6.31270055478949,4.52774956940443,0.09));
#8058=CARTESIAN_POINT('Ctrl Pts',(-6.31692320032073,4.53201965902158,0.0867107264956668));
#8059=CARTESIAN_POINT('Ctrl Pts',(-6.32121372852296,4.53635839401434,0.0833682926942328));
#8060=CARTESIAN_POINT('Ctrl Pts',(-6.32556406703787,4.54075761132637,0.080000000000004));
#8061=CARTESIAN_POINT('Origin',(-8.59314207099119,6.83381328439156,0.5));
#8062=CARTESIAN_POINT('',(-6.31270055478949,4.52774956940443,0.41));
#8063=CARTESIAN_POINT('',(-6.31270055478949,4.52774956940443,0.5));
#8064=CARTESIAN_POINT('',(-6.32556406703787,4.54075761132637,0.42));
#8065=CARTESIAN_POINT('Ctrl Pts',(-6.32556406703787,4.54075761132637,0.419999999999996));
#8066=CARTESIAN_POINT('Ctrl Pts',(-6.32121372852296,4.53635839401434,0.416631707305767));
#8067=CARTESIAN_POINT('Ctrl Pts',(-6.31692320032073,4.53201965902158,0.413289273504333));
#8068=CARTESIAN_POINT('Ctrl Pts',(-6.31270055478949,4.52774956940443,0.41));
#8069=CARTESIAN_POINT('',(-8.59314207099119,6.83381328439156,0.42));
#8070=CARTESIAN_POINT('',(-4.76051161650942,2.95812080938519,0.42));
#8071=CARTESIAN_POINT('',(-8.59314207099119,6.83381328439156,0.08));
#8072=CARTESIAN_POINT('',(-8.59314207099119,6.83381328439156,0.));
#8073=CARTESIAN_POINT('',(-4.76051161650942,2.95812080938519,0.08));
#8074=CARTESIAN_POINT('Origin',(-6.52601432174754,4.31680588775891,0.5));
#8075=CARTESIAN_POINT('',(-6.52490099794465,4.01680795358251,0.41));
#8076=CARTESIAN_POINT('',(-6.52490099794465,4.01680795358251,0.5));
#8077=CARTESIAN_POINT('Origin',(-6.52601432174754,4.31680588775891,0.41));
#8078=CARTESIAN_POINT('Origin',(-5.8100592832743,4.01946080617107,0.5));
#8079=CARTESIAN_POINT('',(-11.0413802864159,4.00004682517363,0.41));
#8080=CARTESIAN_POINT('',(-11.0413802864159,4.00004682517363,0.));
#8081=CARTESIAN_POINT('',(-0.0149964520261531,4.04096689222798,0.41));
#8082=CARTESIAN_POINT('Origin',(-11.0539978692959,5.7,0.));
#8083=CARTESIAN_POINT('Origin',(-11.0539978692959,5.7,0.41));
#8084=CARTESIAN_POINT('Origin',(-11.0539978692959,5.7,0.41));
#8085=CARTESIAN_POINT('Origin',(-11.040712296734,3.91004930415341,0.41));
#8086=CARTESIAN_POINT('Origin',(-0.0146624548852851,3.95096751197506,0.41));
#8087=CARTESIAN_POINT('Origin',(-6.52456700080378,3.92680857332959,0.41));
#8088=CARTESIAN_POINT('Origin',(-6.52601432174754,4.31680588775891,0.41));
#8089=CARTESIAN_POINT('Ctrl Pts',(-6.3175176600735,4.64639524145648,0.5));
#8090=CARTESIAN_POINT('Ctrl Pts',(-6.31760220867076,4.6462082928479,0.5));
#8091=CARTESIAN_POINT('Ctrl Pts',(-6.3176867451799,4.6460213395267,0.499999311892342));
#8092=CARTESIAN_POINT('Ctrl Pts',(-6.32058915415871,4.63960139441123,0.499952057447868));
#8093=CARTESIAN_POINT('Ctrl Pts',(-6.32337967111804,4.63339060679143,0.499141648096485));
#8094=CARTESIAN_POINT('Ctrl Pts',(-6.32868704083829,4.62113589089906,0.496028615791095));
#8095=CARTESIAN_POINT('Ctrl Pts',(-6.33118151393842,4.61514289546955,0.493731737361344));
#8096=CARTESIAN_POINT('Ctrl Pts',(-6.33728137792976,4.59916221663721,0.485514999833065));
#8097=CARTESIAN_POINT('Ctrl Pts',(-6.34021551492655,4.58986372485983,0.478281275467499));
#8098=CARTESIAN_POINT('Ctrl Pts',(-6.34265571828954,4.57389945040753,0.461925731293353));
#8099=CARTESIAN_POINT('Ctrl Pts',(-6.34243330291108,4.56741174338049,0.453385552203657));
#8100=CARTESIAN_POINT('Ctrl Pts',(-6.33886330839196,4.55713501441111,0.439042205593103));
#8101=CARTESIAN_POINT('Ctrl Pts',(-6.33655859021804,4.55326443925703,0.433409077944017));
#8102=CARTESIAN_POINT('Ctrl Pts',(-6.33110182833917,4.54650092349646,0.425199638321534));
#8103=CARTESIAN_POINT('Ctrl Pts',(-6.32850897685874,4.54373560906653,0.422280125604199));
#8104=CARTESIAN_POINT('Ctrl Pts',(-6.32556406703788,4.54075761132638,0.42));
#8105=CARTESIAN_POINT('Origin',(-8.7,2.78000004768372,0.42));
#8106=CARTESIAN_POINT('',(-9.,2.40000003874302,0.42));
#8107=CARTESIAN_POINT('',(-8.7,2.70000004768372,0.42));
#8108=CARTESIAN_POINT('Origin',(-8.7,2.40000004768372,0.42));
#8109=CARTESIAN_POINT('Origin',(-8.7,2.78000004768372,0.42));
#8110=CARTESIAN_POINT('Origin',(-9.,2.78000004768372,0.42));
#8111=CARTESIAN_POINT('Origin',(-8.7,2.40000004768372,1.87500000186265));
#8112=CARTESIAN_POINT('',(-9.,2.40000003874302,0.08));
#8113=CARTESIAN_POINT('',(-9.,2.40000003874302,1.87500000186265));
#8114=CARTESIAN_POINT('',(-8.7,2.70000004768372,0.0800000000000001));
#8115=CARTESIAN_POINT('Origin',(-8.7,2.40000004768372,0.0800000000000001));
#8116=CARTESIAN_POINT('',(-8.7,2.70000004768372,1.87500000186265));
#8117=CARTESIAN_POINT('Origin',(-8.7,2.78000004768372,0.0800000000000001));
#8118=CARTESIAN_POINT('Origin',(-9.,2.78000004768372,0.0800000000000001));
#8119=CARTESIAN_POINT('Origin',(-8.7,2.78000004768372,0.0800000000000001));
#8120=CARTESIAN_POINT('Origin',(-9.,0.,0.25000000372529));
#8121=CARTESIAN_POINT('Origin',(-9.,2.02000003874302,0.42));
#8122=CARTESIAN_POINT('Origin',(-9.,0.,0.25000000372529));
#8123=CARTESIAN_POINT('Origin',(-9.,2.02000003874302,0.0800000000000001));
#8124=CARTESIAN_POINT('Origin',(-8.7,2.02000003874302,0.0800000000000001));
#8125=CARTESIAN_POINT('',(-8.7,2.10000003874302,0.0800000000000001));
#8126=CARTESIAN_POINT('Origin',(-8.7,2.40000003874302,0.08));
#8127=CARTESIAN_POINT('Origin',(-8.7,2.02000003874302,0.0800000000000001));
#8128=CARTESIAN_POINT('Origin',(-8.7,2.40000003874302,1.87500000186265));
#8129=CARTESIAN_POINT('',(-8.7,2.10000003874302,0.42));
#8130=CARTESIAN_POINT('Origin',(-8.7,2.40000003874302,0.42));
#8131=CARTESIAN_POINT('',(-8.7,2.10000003874302,1.87500000186265));
#8132=CARTESIAN_POINT('Origin',(-8.7,2.02000003874302,0.42));
#8133=CARTESIAN_POINT('Origin',(-8.7,2.02000003874302,0.42));
#8134=CARTESIAN_POINT('Origin',(-8.7,1.68000003129244,0.42));
#8135=CARTESIAN_POINT('',(-9.,1.30000002235174,0.42));
#8136=CARTESIAN_POINT('',(-8.7,1.60000003129244,0.42));
#8137=CARTESIAN_POINT('Origin',(-8.7,1.30000003129244,0.42));
#8138=CARTESIAN_POINT('Origin',(-8.7,1.68000003129244,0.42));
#8139=CARTESIAN_POINT('Origin',(-9.,1.68000003129244,0.42));
#8140=CARTESIAN_POINT('Origin',(-8.7,1.30000003129244,1.87500000186265));
#8141=CARTESIAN_POINT('',(-9.,1.30000002235174,0.0800000000000001));
#8142=CARTESIAN_POINT('',(-9.,1.30000002235174,1.87500000186265));
#8143=CARTESIAN_POINT('',(-8.7,1.60000003129244,0.0800000000000001));
#8144=CARTESIAN_POINT('Origin',(-8.7,1.30000003129244,0.0800000000000001));
#8145=CARTESIAN_POINT('',(-8.7,1.60000003129244,1.87500000186265));
#8146=CARTESIAN_POINT('Origin',(-8.7,1.68000003129244,0.0800000000000001));
#8147=CARTESIAN_POINT('Origin',(-9.,1.68000003129244,0.0800000000000001));
#8148=CARTESIAN_POINT('Origin',(-8.7,1.68000003129244,0.0800000000000001));
#8149=CARTESIAN_POINT('Origin',(-9.,0.,0.25000000372529));
#8150=CARTESIAN_POINT('Origin',(-9.,0.920000022351743,0.42));
#8151=CARTESIAN_POINT('Origin',(-9.,0.,0.25000000372529));
#8152=CARTESIAN_POINT('Origin',(-9.,0.920000022351743,0.0800000000000001));
#8153=CARTESIAN_POINT('Origin',(-8.7,0.920000022351743,0.0800000000000001));
#8154=CARTESIAN_POINT('',(-8.7,1.00000002235174,0.0800000000000001));
#8155=CARTESIAN_POINT('Origin',(-8.7,1.30000002235174,0.0800000000000001));
#8156=CARTESIAN_POINT('Origin',(-8.7,0.920000022351743,0.0800000000000001));
#8157=CARTESIAN_POINT('Origin',(-8.7,1.30000002235174,1.87500000186265));
#8158=CARTESIAN_POINT('',(-8.7,1.00000002235174,0.42));
#8159=CARTESIAN_POINT('Origin',(-8.7,1.30000002235174,0.42));
#8160=CARTESIAN_POINT('',(-8.7,1.00000002235174,1.87500000186265));
#8161=CARTESIAN_POINT('Origin',(-8.7,0.920000022351743,0.42));
#8162=CARTESIAN_POINT('Origin',(-8.7,0.920000022351743,0.42));
#8163=CARTESIAN_POINT('Origin',(-9.,0.,0.25000000372529));
#8164=CARTESIAN_POINT('Origin',(-5.00000008195639,2.78000004768372,0.0800000000000001));
#8165=CARTESIAN_POINT('',(-6.50000011175871,2.70000004768372,0.0800000000000001));
#8166=CARTESIAN_POINT('Origin',(-6.50000011175871,2.78000004768372,0.0800000000000001));
#8167=CARTESIAN_POINT('',(-5.00000008195639,2.70000004768372,0.0800000000000001));
#8168=CARTESIAN_POINT('Origin',(-6.50000011175871,2.10000003874302,3.5));
#8169=CARTESIAN_POINT('',(-6.50000011175871,2.10000003874302,0.42));
#8170=CARTESIAN_POINT('',(-3.25000005587935,2.10000003874302,0.42));
#8171=CARTESIAN_POINT('',(-6.50000011175871,2.10000003874302,0.0800000000000001));
#8172=CARTESIAN_POINT('',(-6.50000011175871,2.10000003874302,3.5));
#8173=CARTESIAN_POINT('',(-3.25000005587935,2.10000003874302,0.0800000000000001));
#8174=CARTESIAN_POINT('Origin',(-3.25000005587935,2.02000003874302,0.42));
#8175=CARTESIAN_POINT('Origin',(-6.50000011175871,2.02000003874302,0.42));
#8176=CARTESIAN_POINT('Origin',(-5.00000008195639,1.68000003129244,0.0800000000000001));
#8177=CARTESIAN_POINT('',(-6.50000011175871,1.60000003129244,0.0800000000000001));
#8178=CARTESIAN_POINT('Origin',(-6.50000011175871,1.68000003129244,0.0800000000000001));
#8179=CARTESIAN_POINT('',(-5.00000008195639,1.60000003129244,0.0800000000000001));
#8180=CARTESIAN_POINT('Origin',(-6.50000011175871,1.00000002235174,3.5));
#8181=CARTESIAN_POINT('',(-6.50000011175871,1.00000002235174,0.42));
#8182=CARTESIAN_POINT('',(-3.25000005587935,1.00000002235174,0.42));
#8183=CARTESIAN_POINT('',(-6.50000011175871,1.00000002235174,0.0800000000000001));
#8184=CARTESIAN_POINT('',(-6.50000011175871,1.00000002235174,3.5));
#8185=CARTESIAN_POINT('',(-3.25000005587935,1.00000002235174,0.0800000000000001));
#8186=CARTESIAN_POINT('Origin',(-3.25000005587935,0.920000022351742,0.42));
#8187=CARTESIAN_POINT('Origin',(-6.50000011175871,0.920000022351742,0.42));
#8188=CARTESIAN_POINT('Origin',(-5.00000008195639,-0.920000022351741,0.0800000000000001));
#8189=CARTESIAN_POINT('',(-6.50000011175871,-1.00000002235174,0.0800000000000001));
#8190=CARTESIAN_POINT('Origin',(-6.50000011175871,-0.920000022351741,0.0800000000000001));
#8191=CARTESIAN_POINT('',(-5.00000008195639,-1.00000002235174,0.0800000000000001));
#8192=CARTESIAN_POINT('Origin',(-6.50000011175871,-2.70000004768371,3.5));
#8193=CARTESIAN_POINT('',(-6.50000011175871,-2.70000004768371,0.42));
#8194=CARTESIAN_POINT('',(-3.25000005587935,-2.70000004768372,0.42));
#8195=CARTESIAN_POINT('',(-6.50000011175871,-2.70000004768371,0.0800000000000001));
#8196=CARTESIAN_POINT('',(-6.50000011175871,-2.70000004768371,3.5));
#8197=CARTESIAN_POINT('',(-3.25000005587935,-2.70000004768372,0.0800000000000001));
#8198=CARTESIAN_POINT('Origin',(-3.25000005587935,-2.78000004768372,0.42));
#8199=CARTESIAN_POINT('Origin',(-6.50000011175871,-2.78000004768372,0.42));
#8200=CARTESIAN_POINT('Origin',(-6.50000011175871,-1.60000003129244,3.5));
#8201=CARTESIAN_POINT('',(-6.50000011175871,-1.60000003129244,0.42));
#8202=CARTESIAN_POINT('',(-3.25000005587935,-1.60000003129244,0.42));
#8203=CARTESIAN_POINT('',(-6.50000011175871,-1.60000003129244,0.0800000000000001));
#8204=CARTESIAN_POINT('',(-6.50000011175871,-1.60000003129244,3.5));
#8205=CARTESIAN_POINT('',(-3.25000005587935,-1.60000003129244,0.0800000000000001));
#8206=CARTESIAN_POINT('Origin',(-3.25000005587935,-1.68000003129244,0.42));
#8207=CARTESIAN_POINT('Origin',(-6.50000011175871,-1.68000003129244,0.42));
#8208=CARTESIAN_POINT('Origin',(-5.00000008195639,-2.02000003874302,0.42));
#8209=CARTESIAN_POINT('',(-6.50000011175871,-2.10000003874302,0.42));
#8210=CARTESIAN_POINT('',(-5.00000008195639,-2.10000003874302,0.42));
#8211=CARTESIAN_POINT('Origin',(-6.50000011175871,-2.02000003874302,0.42));
#8212=CARTESIAN_POINT('Origin',(-0.624999986030161,-1.87499995809048,0.5));
#8213=CARTESIAN_POINT('',(-0.462499986030161,-1.87499995809048,0.5));
#8214=CARTESIAN_POINT('Origin',(-0.624999986030161,1.87499995809048,0.5));
#8215=CARTESIAN_POINT('',(-0.462499986030161,1.87499995809048,0.5));
#8216=CARTESIAN_POINT('Origin',(0.624999986030161,-3.12499993015081,0.5));
#8217=CARTESIAN_POINT('',(0.787499986030161,-3.12499993015081,0.5));
#8218=CARTESIAN_POINT('Origin',(0.624999986030161,3.12499993015081,0.5));
#8219=CARTESIAN_POINT('',(0.787499986030161,3.12499993015081,0.5));
#8220=CARTESIAN_POINT('Origin',(-15.,-4.,0.));
#8221=CARTESIAN_POINT('',(12.,-4.,0.08));
#8222=CARTESIAN_POINT('',(11.8599961033555,-4.,0.08));
#8223=CARTESIAN_POINT('',(-7.5,-4.,0.08));
#8224=CARTESIAN_POINT('',(12.,-4.,0.42));
#8225=CARTESIAN_POINT('',(12.,-4.,0.));
#8226=CARTESIAN_POINT('',(11.8599961033555,-4.,0.42));
#8227=CARTESIAN_POINT('',(-7.5,-4.,0.42));
#8228=CARTESIAN_POINT('',(11.8599961033555,-4.,0.));
#8229=CARTESIAN_POINT('Origin',(15.,4.,0.));
#8230=CARTESIAN_POINT('',(11.0539978692959,4.,0.08));
#8231=CARTESIAN_POINT('',(12.,4.,0.08));
#8232=CARTESIAN_POINT('',(7.5,4.,0.08));
#8233=CARTESIAN_POINT('',(11.0539978692959,4.,0.42));
#8234=CARTESIAN_POINT('',(11.0539978692959,4.,0.5));
#8235=CARTESIAN_POINT('',(12.,4.,0.42));
#8236=CARTESIAN_POINT('',(7.5,4.,0.42));
#8237=CARTESIAN_POINT('',(12.,4.,0.));
#8238=CARTESIAN_POINT('Origin',(12.,-4.,0.));
#8239=CARTESIAN_POINT('',(12.,-2.,0.08));
#8240=CARTESIAN_POINT('',(12.,-2.,0.42));
#8241=CARTESIAN_POINT('Origin',(11.0539978692959,4.,0.5));
#8242=CARTESIAN_POINT('',(6.52490099794465,4.01680795358251,0.08));
#8243=CARTESIAN_POINT('',(5.53449716066102,4.02048344611399,0.08));
#8244=CARTESIAN_POINT('',(6.52490099794465,4.01680795358251,0.42));
#8245=CARTESIAN_POINT('',(6.52490099794465,4.01680795358251,0.5));
#8246=CARTESIAN_POINT('',(5.53449716066102,4.02048344611399,0.42));
#8247=CARTESIAN_POINT('Origin',(6.52601432174754,4.31680588775891,0.5));
#8248=CARTESIAN_POINT('',(6.31270055478949,4.52774956940443,0.08));
#8249=CARTESIAN_POINT('Origin',(6.52601432174754,4.31680588775891,0.08));
#8250=CARTESIAN_POINT('',(6.31270055478949,4.52774956940443,0.42));
#8251=CARTESIAN_POINT('',(6.31270055478949,4.52774956940443,0.5));
#8252=CARTESIAN_POINT('Origin',(6.52601432174754,4.31680588775891,0.42));
#8253=CARTESIAN_POINT('Origin',(5.81005928327431,4.01946080617107,0.5));
#8254=CARTESIAN_POINT('',(8.58962634296376,6.83025805494226,0.08));
#8255=CARTESIAN_POINT('',(3.36897022265098,1.55094457027494,0.08));
#8256=CARTESIAN_POINT('',(8.58962634296376,6.83025805494226,0.42));
#8257=CARTESIAN_POINT('',(8.58962634296376,6.83025805494226,0.25));
#8258=CARTESIAN_POINT('',(3.36897022265098,1.55094457027494,0.42));
#8259=CARTESIAN_POINT('Origin',(6.8000001013279,8.60000012814999,0.));
#8260=CARTESIAN_POINT('',(7.52828441334179,7.87980763306789,0.08));
#8261=CARTESIAN_POINT('',(7.23087264113201,8.17391492435671,0.08));
#8262=CARTESIAN_POINT('',(7.52828441334179,7.87980763306789,0.42));
#8263=CARTESIAN_POINT('',(7.52828441334179,7.87980763306789,0.25));
#8264=CARTESIAN_POINT('',(7.23087264113201,8.17391492435671,0.42));
#8265=CARTESIAN_POINT('Origin',(8.59575408931918,6.81349425196593,0.5));
#8266=CARTESIAN_POINT('',(6.8270291891006,8.58030324994934,0.0800000000000001));
#8267=CARTESIAN_POINT('',(8.14785911504504,7.26090406148538,0.08));
#8268=CARTESIAN_POINT('',(6.8270291891006,8.58030324994934,0.42));
#8269=CARTESIAN_POINT('',(6.8270291891006,8.58030324994934,0.5));
#8270=CARTESIAN_POINT('',(8.14785911504504,7.26090406148538,0.42));
#8271=CARTESIAN_POINT('Origin',(6.8270291891006,8.58030324994934,0.5));
#8272=CARTESIAN_POINT('',(6.82279258825811,8.57746088384579,0.0800000000000001));
#8273=CARTESIAN_POINT('',(2.48819965344846,5.66935117781863,0.0800000000000001));
#8274=CARTESIAN_POINT('',(6.82279258825811,8.57746088384579,0.42));
#8275=CARTESIAN_POINT('',(6.82279258825811,8.57746088384579,0.25));
#8276=CARTESIAN_POINT('',(2.48819965344846,5.66935117781863,0.42));
#8277=CARTESIAN_POINT('Origin',(6.8000001013279,8.60000012814999,0.));
#8278=CARTESIAN_POINT('',(6.8000001013279,8.60000012814999,0.08));
#8279=CARTESIAN_POINT('',(7.23087264113201,8.17391492435671,0.08));
#8280=CARTESIAN_POINT('',(6.8000001013279,8.60000012814999,0.42));
#8281=CARTESIAN_POINT('',(6.8000001013279,8.60000012814999,0.));
#8282=CARTESIAN_POINT('',(7.23087264113201,8.17391492435671,0.42));
#8283=CARTESIAN_POINT('Origin',(1.37803714665853E-15,4.00000005960465,0.));
#8284=CARTESIAN_POINT('',(0.279001188025712,4.18873615738674,0.08));
#8285=CARTESIAN_POINT('',(-0.928189924810335,3.37210687517412,0.08));
#8286=CARTESIAN_POINT('',(0.279001188025712,4.18873615738674,0.42));
#8287=CARTESIAN_POINT('',(0.279001188025712,4.18873615738674,0.25));
#8288=CARTESIAN_POINT('',(-0.928189924810335,3.37210687517412,0.42));
#8289=CARTESIAN_POINT('Origin',(-0.00115349582639312,4.60287786395073,0.25));
#8290=CARTESIAN_POINT('',(-0.27972136630586,4.18766714451235,0.08));
#8291=CARTESIAN_POINT('Origin',(-0.00115349582639312,4.60287786395073,0.08));
#8292=CARTESIAN_POINT('',(-0.27972136630586,4.18766714451235,0.42));
#8293=CARTESIAN_POINT('',(-0.27972136630586,4.18766714451235,0.25));
#8294=CARTESIAN_POINT('Origin',(-0.00115349582639312,4.60287786395073,0.42));
#8295=CARTESIAN_POINT('Origin',(-6.8270291891006,8.58030324994934,0.5));
#8296=CARTESIAN_POINT('',(-6.51035497968595,8.3678442357126,0.08));
#8297=CARTESIAN_POINT('',(-2.48819965344846,5.66935117781863,0.08));
#8298=CARTESIAN_POINT('',(-6.51035497968595,8.3678442357126,0.42));
#8299=CARTESIAN_POINT('',(-6.51035497968595,8.3678442357126,0.25));
#8300=CARTESIAN_POINT('',(-2.48819965344846,5.66935117781863,0.42));
#8301=CARTESIAN_POINT('Origin',(-0.0168092810311262,3.9751515572108,0.));
#8302=CARTESIAN_POINT('',(-6.82597129489,8.58134939011534,0.08));
#8303=CARTESIAN_POINT('',(0.91138064377921,3.34725837278028,0.08));
#8304=CARTESIAN_POINT('',(-6.82597129489,8.58134939011534,0.42));
#8305=CARTESIAN_POINT('',(-6.82597129489,8.58134939011534,0.));
#8306=CARTESIAN_POINT('',(0.91138064377921,3.34725837278028,0.42));
#8307=CARTESIAN_POINT('Origin',(-6.80351582935532,8.60355535759929,0.));
#8308=CARTESIAN_POINT('',(-7.23438836915943,8.17747015380602,0.08));
#8309=CARTESIAN_POINT('',(-7.23438836915943,8.17747015380602,0.42));
#8310=CARTESIAN_POINT('Origin',(-0.883365175393999,-3.30584420212389,0.42));
#8311=CARTESIAN_POINT('',(0.277477591361932,-4.18770548905536,0.42));
#8312=CARTESIAN_POINT('Origin',(0.322302340778269,-4.12144281600513,0.42));
#8313=CARTESIAN_POINT('',(6.8000001013279,-8.60000012814999,0.42));
#8314=CARTESIAN_POINT('',(-0.928189924810336,-3.37210687517412,0.42));
#8315=CARTESIAN_POINT('Origin',(6.79043759024083,-8.49694607299451,0.42));
#8316=CARTESIAN_POINT('Origin',(-0.00267709249017315,-4.60184719561935,
0.42));
#8317=CARTESIAN_POINT('',(-0.282831776342326,-4.1877054890554,0.42));
#8318=CARTESIAN_POINT('Origin',(-0.327656525758671,-4.12144281600516,0.42));
#8319=CARTESIAN_POINT('Origin',(-0.00267709249017315,-4.60184719561935,
0.42));
#8320=CARTESIAN_POINT('Origin',(7.1746209926932,-8.1170312531679,0.42));
#8321=CARTESIAN_POINT('',(6.82279258825811,-8.57746088384579,0.42));
#8322=CARTESIAN_POINT('',(7.23087264113201,-8.17391492435671,0.42));
#8323=CARTESIAN_POINT('Origin',(6.81304820492966,-8.47458668018669,0.42));
#8324=CARTESIAN_POINT('Origin',(7.1746209926932,-8.1170312531679,0.42));
#8325=CARTESIAN_POINT('',(7.52828441334179,-7.87980763306789,0.42));
#8326=CARTESIAN_POINT('Ctrl Pts',(7.52828441334179,-7.87980763306789,0.419999999999997));
#8327=CARTESIAN_POINT('Ctrl Pts',(7.52829199572835,-7.87980005889465,0.426674541890872));
#8328=CARTESIAN_POINT('Ctrl Pts',(7.52770618701979,-7.87919845016151,0.433348648485126));
#8329=CARTESIAN_POINT('Ctrl Pts',(7.52654540149057,-7.87802124111115,0.439815207084615));
#8330=CARTESIAN_POINT('Ctrl Pts',(7.52538494436254,-7.87684436510839,0.446279936211383));
#8331=CARTESIAN_POINT('Ctrl Pts',(7.52364998961698,-7.87509236851116,0.452536392735034));
#8332=CARTESIAN_POINT('Ctrl Pts',(7.52139458176741,-7.87281935443808,0.458390533407246));
#8333=CARTESIAN_POINT('Ctrl Pts',(7.51913970124925,-7.87054687181286,0.464243305337133));
#8334=CARTESIAN_POINT('Ctrl Pts',(7.51636490681506,-7.86775391148446,0.469693188388821));
#8335=CARTESIAN_POINT('Ctrl Pts',(7.51315645345367,-7.86452682197536,0.474571233389068));
#8336=CARTESIAN_POINT('Ctrl Pts',(7.50994606170435,-7.8612977828193,0.47945222546147));
#8337=CARTESIAN_POINT('Ctrl Pts',(7.5063019036949,-7.85763450703321,0.483760048475889));
#8338=CARTESIAN_POINT('Ctrl Pts',(7.50233732082742,-7.853650458925,0.487360997798604));
#8339=CARTESIAN_POINT('Ctrl Pts',(7.49837489452125,-7.84966857796635,0.490959988360904));
#8340=CARTESIAN_POINT('Ctrl Pts',(7.4940929109455,-7.84536679321482,0.493852409020403));
#8341=CARTESIAN_POINT('Ctrl Pts',(7.48962436451434,-7.84087824330179,0.495948582615096));
#8342=CARTESIAN_POINT('Ctrl Pts',(7.48515523155622,-7.83638910423622,0.498045031346757));
#8343=CARTESIAN_POINT('Ctrl Pts',(7.48050006955956,-7.8317137344049,0.499344749861657));
#8344=CARTESIAN_POINT('Ctrl Pts',(7.4758034806639,-7.82699689275185,0.499807430958258));
#8345=CARTESIAN_POINT('Ctrl Pts',(7.47450084894384,-7.82568864378813,0.499935758790668));
#8346=CARTESIAN_POINT('Ctrl Pts',(7.47319506950881,-7.82437724369609,0.5));
#8347=CARTESIAN_POINT('Ctrl Pts',(7.47188928956827,-7.82306584309801,0.5));
#8348=CARTESIAN_POINT('',(8.58962634296376,-6.83025805494226,0.42));
#8349=CARTESIAN_POINT('',(7.23087264113201,-8.17391492435671,0.42));
#8350=CARTESIAN_POINT('Origin',(8.47649102333614,-6.82962603219225,0.42));
#8351=CARTESIAN_POINT('Origin',(9.7284279611681,-5.64847996091515,0.42));
#8352=CARTESIAN_POINT('',(11.0539978692959,-4.,0.42));
#8353=CARTESIAN_POINT('',(11.051245701721,-4.00316927511152,0.42));
#8354=CARTESIAN_POINT('',(9.6680243902959,-5.59602608950524,0.42));
#8355=CARTESIAN_POINT('Origin',(11.2266709217831,-3.92316927511152,0.42));
#8356=CARTESIAN_POINT('Origin',(11.2299907377228,-3.91934632111389,0.42));
#8357=CARTESIAN_POINT('Origin',(11.8599961033555,-7.,0.42));
#8358=CARTESIAN_POINT('',(11.7221352809136,-4.00316927511152,0.42));
#8359=CARTESIAN_POINT('Origin',(11.8599961033555,-7.,0.42));
#8360=CARTESIAN_POINT('Origin',(11.8599961033555,-3.92,0.42));
#8361=CARTESIAN_POINT('Ctrl Pts',(11.7221352809136,-4.00316927511151,0.42));
#8362=CARTESIAN_POINT('Ctrl Pts',(11.7221352809136,-4.00316927511151,0.430414610023986));
#8363=CARTESIAN_POINT('Ctrl Pts',(11.722088506401,-4.00113557781262,0.440729492129016));
#8364=CARTESIAN_POINT('Ctrl Pts',(11.7219069345365,-3.99322947258573,0.460000691865251));
#8365=CARTESIAN_POINT('Ctrl Pts',(11.7217738744693,-3.98743221692145,0.468772348053195));
#8366=CARTESIAN_POINT('Ctrl Pts',(11.721438804935,-3.97280105227414,0.483601995096422));
#8367=CARTESIAN_POINT('Ctrl Pts',(11.7212399966028,-3.96410623614366,0.489517432677347));
#8368=CARTESIAN_POINT('Ctrl Pts',(11.720798548499,-3.94474846666527,0.497763841652035));
#8369=CARTESIAN_POINT('Ctrl Pts',(11.7205595106111,-3.93424201107706,0.499939120932194));
#8370=CARTESIAN_POINT('Ctrl Pts',(11.7203150620972,-3.92346857173999,0.499999580100081));
#8371=CARTESIAN_POINT('Ctrl Pts',(11.7203116667155,-3.92331892357415,0.5));
#8372=CARTESIAN_POINT('Ctrl Pts',(11.7203082714509,-3.92316927511152,0.5));
#8373=CARTESIAN_POINT('Origin',(-7.5,-3.92,0.42));
#8374=CARTESIAN_POINT('Origin',(11.92,-3.92,0.42));
#8375=CARTESIAN_POINT('Origin',(11.92,-2.,0.42));
#8376=CARTESIAN_POINT('Origin',(11.92,3.92,0.42));
#8377=CARTESIAN_POINT('Origin',(7.5,3.92,0.42));
#8378=CARTESIAN_POINT('Ctrl Pts',(11.0538494251,3.92000000000191,0.5));
#8379=CARTESIAN_POINT('Ctrl Pts',(11.0538663104511,3.92667452519121,0.499999999999999));
#8380=CARTESIAN_POINT('Ctrl Pts',(11.0538831941867,3.93334861508689,0.499160363143894));
#8381=CARTESIAN_POINT('Ctrl Pts',(11.0538993076953,3.939815158417,0.49750714527186));
#8382=CARTESIAN_POINT('Ctrl Pts',(11.0539154166452,3.9462798722787,0.495854395116456));
#8383=CARTESIAN_POINT('Ctrl Pts',(11.0539307526789,3.95253631497147,0.493388742008221));
#8384=CARTESIAN_POINT('Ctrl Pts',(11.0539445956865,3.95839044458318,0.490186657882435));
#8385=CARTESIAN_POINT('Ctrl Pts',(11.0539584354576,3.96424320545515,0.486985322428113));
#8386=CARTESIAN_POINT('Ctrl Pts',(11.0539707800761,3.96969308022324,0.483048318896749));
#8387=CARTESIAN_POINT('Ctrl Pts',(11.0539810025582,3.97457112087762,0.478497696419556));
#8388=CARTESIAN_POINT('Ctrl Pts',(11.0539912312162,3.97945210860152,0.47394432468261));
#8389=CARTESIAN_POINT('Ctrl Pts',(11.0539993327983,3.98375993121433,0.468777182125832));
#8390=CARTESIAN_POINT('Ctrl Pts',(11.0540048111161,3.98736088500303,0.463156644628322));
#8391=CARTESIAN_POINT('Ctrl Pts',(11.054010286454,3.99095988002888,0.457539164459691));
#8392=CARTESIAN_POINT('Ctrl Pts',(11.0540131396548,3.99385231001742,0.451469516971104));
#8393=CARTESIAN_POINT('Ctrl Pts',(11.0540130379197,3.99594849842417,0.445135886671394));
#8394=CARTESIAN_POINT('Ctrl Pts',(11.0540129361711,3.99804496196984,0.438801425039849));
#8395=CARTESIAN_POINT('Ctrl Pts',(11.0540098776936,3.9993447007851,0.432203735937681));
#8396=CARTESIAN_POINT('Ctrl Pts',(11.0540037129037,3.99980740794596,0.425547428579329));
#8397=CARTESIAN_POINT('Ctrl Pts',(11.0540020030562,3.99993574300748,0.42370125526162));
#8398=CARTESIAN_POINT('Ctrl Pts',(11.0540000553782,3.99999999188722,0.421850627988452));
#8399=CARTESIAN_POINT('Ctrl Pts',(11.0539978692959,4.,0.420000000000014));
#8400=CARTESIAN_POINT('Origin',(3.31208655146216,1.60719621871375,0.42));
#8401=CARTESIAN_POINT('Origin',(6.25581688360067,4.58400121784323,0.42));
#8402=CARTESIAN_POINT('Origin',(8.47649102333614,6.82962603219225,0.42));
#8403=CARTESIAN_POINT('Origin',(6.52601432174754,4.31680588775891,0.42));
#8404=CARTESIAN_POINT('Origin',(6.52460411159721,3.9368085044688,0.42));
#8405=CARTESIAN_POINT('Origin',(5.53420027431358,3.94048399700028,0.42));
#8406=CARTESIAN_POINT('Origin',(7.1746209926932,8.1170312531679,0.42));
#8407=CARTESIAN_POINT('Ctrl Pts',(7.47188928956828,7.82306584309801,0.5));
#8408=CARTESIAN_POINT('Ctrl Pts',(7.47659876276752,7.82779558796421,0.5));
#8409=CARTESIAN_POINT('Ctrl Pts',(7.48130792833241,7.83252502486247,0.499160363143896));
#8410=CARTESIAN_POINT('Ctrl Pts',(7.48587041485265,7.83710762365943,0.497507145271862));
#8411=CARTESIAN_POINT('Ctrl Pts',(7.49043161058669,7.84168892598017,0.49585439511646));
#8412=CARTESIAN_POINT('Ctrl Pts',(7.49484561517833,7.84612287754655,0.493388742008225));
#8413=CARTESIAN_POINT('Ctrl Pts',(7.49897529370456,7.85027219472842,0.49018665788244));
#8414=CARTESIAN_POINT('Ctrl Pts',(7.50310400668073,7.85442054176859,0.486985322428119));
#8415=CARTESIAN_POINT('Ctrl Pts',(7.50694798862002,7.85828384901362,0.483048318896756));
#8416=CARTESIAN_POINT('Ctrl Pts',(7.51038783917189,7.86174258663698,0.478497696419563));
#8417=CARTESIAN_POINT('Ctrl Pts',(7.51382976791037,7.86520341385758,0.473944324682617));
#8418=CARTESIAN_POINT('Ctrl Pts',(7.51686662460783,7.86825872978287,0.46877718212584));
#8419=CARTESIAN_POINT('Ctrl Pts',(7.51940391705797,7.87081393974057,0.463156644628331));
#8420=CARTESIAN_POINT('Ctrl Pts',(7.52193982933095,7.87336775977476,0.4575391644597));
#8421=CARTESIAN_POINT('Ctrl Pts',(7.52397639205137,7.87542168876893,0.451469516971113));
#8422=CARTESIAN_POINT('Ctrl Pts',(7.52545022826169,7.87691228104047,0.445135886671403));
#8423=CARTESIAN_POINT('Ctrl Pts',(7.52692425792299,7.87840306896234,0.438801425039858));
#8424=CARTESIAN_POINT('Ctrl Pts',(7.52783521961936,7.87933017833648,0.43220373593769));
#8425=CARTESIAN_POINT('Ctrl Pts',(7.52815462730437,7.87966509222661,0.425547428579338));
#8426=CARTESIAN_POINT('Ctrl Pts',(7.52824321725579,7.87975798293229,0.423701255261623));
#8427=CARTESIAN_POINT('Ctrl Pts',(7.52828651568485,7.87980553300211,0.421850627988448));
#8428=CARTESIAN_POINT('Ctrl Pts',(7.52828441334179,7.87980763306789,0.420000000000004));
#8429=CARTESIAN_POINT('Origin',(8.09132123528725,7.20430487286493,0.42));
#8430=CARTESIAN_POINT('Origin',(6.81700465998534,8.47724109445856,0.42));
#8431=CARTESIAN_POINT('Origin',(2.53277051272518,5.60291746270849,0.42));
#8432=CARTESIAN_POINT('Origin',(6.81304820492966,8.47458668018669,0.42));
#8433=CARTESIAN_POINT('Origin',(7.1746209926932,8.1170312531679,0.42));
#8434=CARTESIAN_POINT('Origin',(6.79043759024083,8.49694607299451,0.42));
#8435=CARTESIAN_POINT('Origin',(-0.883365175393998,3.30584420212389,0.42));
#8436=CARTESIAN_POINT('Origin',(0.323825937442049,4.12247348433651,0.42));
#8437=CARTESIAN_POINT('Origin',(-0.00115349582639312,4.60287786395073,0.42));
#8438=CARTESIAN_POINT('Origin',(-0.324292225582575,4.12123342940221,0.42));
#8439=CARTESIAN_POINT('Origin',(0.866555894362873,3.28099569973005,0.42));
#8440=CARTESIAN_POINT('Ctrl Pts',(-6.51035497968595,8.3678442357126,0.419999999999989));
#8441=CARTESIAN_POINT('Ctrl Pts',(-6.51036173095291,8.36784876518636,0.426674541890864));
#8442=CARTESIAN_POINT('Ctrl Pts',(-6.51083627392183,8.36715604221395,0.433348648485118));
#8443=CARTESIAN_POINT('Ctrl Pts',(-6.5117640919529,8.36578770412364,0.439815207084608));
#8444=CARTESIAN_POINT('Ctrl Pts',(-6.51269164749229,8.36441975315381,0.446279936211376));
#8445=CARTESIAN_POINT('Ctrl Pts',(-6.51407210032063,8.36237675014422,0.452536392735027));
#8446=CARTESIAN_POINT('Ctrl Pts',(-6.51586284518961,8.3597221990294,0.45839053340724));
#8447=CARTESIAN_POINT('Ctrl Pts',(-6.5176531713689,8.35706826856869,0.464243305337127));
#8448=CARTESIAN_POINT('Ctrl Pts',(-6.51985336452739,8.35380342356491,0.469693188388815));
#8449=CARTESIAN_POINT('Ctrl Pts',(-6.52239542673194,8.3500290162332,0.474571233389062));
#8450=CARTESIAN_POINT('Ctrl Pts',(-6.52493902472402,8.34625232859233,0.479452225461465));
#8451=CARTESIAN_POINT('Ctrl Pts',(-6.5278245763766,8.34196595250411,0.483760048475884));
#8452=CARTESIAN_POINT('Ctrl Pts',(-6.53096273055542,8.33730306753683,0.487360997798599));
#8453=CARTESIAN_POINT('Ctrl Pts',(-6.53409917771434,8.33264271897695,0.4909599883609));
#8454=CARTESIAN_POINT('Ctrl Pts',(-6.5374875434481,8.32760688098061,0.4938524090204));
#8455=CARTESIAN_POINT('Ctrl Pts',(-6.54102298344094,8.32235182599842,0.495948582615093));
#8456=CARTESIAN_POINT('Ctrl Pts',(-6.54455888748419,8.31709608125471,0.498045031346755));
#8457=CARTESIAN_POINT('Ctrl Pts',(-6.54824144495934,8.31162174677609,0.499344749861656));
#8458=CARTESIAN_POINT('Ctrl Pts',(-6.55195666076007,8.30609873444082,0.499807430958257));
#8459=CARTESIAN_POINT('Ctrl Pts',(-6.55298710180067,8.30456688840999,0.499935758790668));
#8460=CARTESIAN_POINT('Ctrl Pts',(-6.55402002429905,8.30303134371907,0.5));
#8461=CARTESIAN_POINT('Ctrl Pts',(-6.55505294719593,8.30149579843417,0.5));
#8462=CARTESIAN_POINT('Origin',(-6.81640878380294,8.47829533495986,0.42));
#8463=CARTESIAN_POINT('Origin',(-7.17813672072063,8.1205864826172,0.42));
#8464=CARTESIAN_POINT('Origin',(-8.48000675136357,6.83318126164155,0.42));
#8465=CARTESIAN_POINT('Origin',(-7.1746209926932,-8.1170312531679,0.42));
#8466=CARTESIAN_POINT('',(-7.52828441334179,-7.87980763306789,0.42));
#8467=CARTESIAN_POINT('',(-7.23087264113201,-8.17391492435671,0.42));
#8468=CARTESIAN_POINT('Ctrl Pts',(-7.47188928956828,-7.82306584309801,0.5));
#8469=CARTESIAN_POINT('Ctrl Pts',(-7.47659876276752,-7.82779558796421,0.5));
#8470=CARTESIAN_POINT('Ctrl Pts',(-7.48130792833241,-7.83252502486247,0.499160363143896));
#8471=CARTESIAN_POINT('Ctrl Pts',(-7.48587041485265,-7.83710762365943,0.497507145271862));
#8472=CARTESIAN_POINT('Ctrl Pts',(-7.49043161058669,-7.84168892598017,0.49585439511646));
#8473=CARTESIAN_POINT('Ctrl Pts',(-7.49484561517833,-7.84612287754655,0.493388742008225));
#8474=CARTESIAN_POINT('Ctrl Pts',(-7.49897529370456,-7.85027219472842,0.49018665788244));
#8475=CARTESIAN_POINT('Ctrl Pts',(-7.50310400668073,-7.85442054176859,0.486985322428119));
#8476=CARTESIAN_POINT('Ctrl Pts',(-7.50694798862002,-7.85828384901362,0.483048318896756));
#8477=CARTESIAN_POINT('Ctrl Pts',(-7.51038783917189,-7.86174258663698,0.478497696419563));
#8478=CARTESIAN_POINT('Ctrl Pts',(-7.51382976791037,-7.86520341385758,0.473944324682617));
#8479=CARTESIAN_POINT('Ctrl Pts',(-7.51686662460783,-7.86825872978287,0.46877718212584));
#8480=CARTESIAN_POINT('Ctrl Pts',(-7.51940391705797,-7.87081393974057,0.463156644628331));
#8481=CARTESIAN_POINT('Ctrl Pts',(-7.52193982933095,-7.87336775977476,0.4575391644597));
#8482=CARTESIAN_POINT('Ctrl Pts',(-7.52397639205137,-7.87542168876893,0.451469516971113));
#8483=CARTESIAN_POINT('Ctrl Pts',(-7.52545022826169,-7.87691228104047,0.445135886671403));
#8484=CARTESIAN_POINT('Ctrl Pts',(-7.52692425792299,-7.87840306896234,0.438801425039858));
#8485=CARTESIAN_POINT('Ctrl Pts',(-7.52783521961936,-7.87933017833648,0.43220373593769));
#8486=CARTESIAN_POINT('Ctrl Pts',(-7.52815462730437,-7.87966509222661,0.425547428579338));
#8487=CARTESIAN_POINT('Ctrl Pts',(-7.52824321725579,-7.87975798293229,0.423701255261623));
#8488=CARTESIAN_POINT('Ctrl Pts',(-7.52828651568485,-7.87980553300211,0.421850627988448));
#8489=CARTESIAN_POINT('Ctrl Pts',(-7.52828441334179,-7.87980763306789,0.420000000000004));
#8490=CARTESIAN_POINT('Origin',(-8.09132123528725,-7.20430487286493,0.42));
#8491=CARTESIAN_POINT('',(-6.8270291891006,-8.58030324994934,0.42));
#8492=CARTESIAN_POINT('',(-8.14785911504504,-7.26090406148538,0.42));
#8493=CARTESIAN_POINT('Origin',(-6.81700465998534,-8.47724109445856,0.42));
#8494=CARTESIAN_POINT('Origin',(-2.53277051272518,-5.60291746270849,0.42));
#8495=CARTESIAN_POINT('',(-6.82279258825811,-8.57746088384579,0.42));
#8496=CARTESIAN_POINT('',(-2.48819965344846,-5.66935117781863,0.42));
#8497=CARTESIAN_POINT('Origin',(-6.81304820492966,-8.47458668018669,0.42));
#8498=CARTESIAN_POINT('Origin',(-7.1746209926932,-8.1170312531679,0.42));
#8499=CARTESIAN_POINT('',(-6.80208812892968,-8.5969134786517,0.43075741738287));
#8500=CARTESIAN_POINT('Origin',(-6.79261246480819,-8.49479536301034,0.42));
#8501=CARTESIAN_POINT('',(-6.8000001013279,-8.60000012814999,0.42));
#8502=CARTESIAN_POINT('',(-7.23087264113201,-8.17391492435671,0.42));
#8503=CARTESIAN_POINT('Origin',(-7.02990781266289,-8.26013655487225,0.42));
#8504=CARTESIAN_POINT('Origin',(-4.7036279453206,3.01437245782399,0.42));
#8505=CARTESIAN_POINT('Origin',(-2.53277051272518,5.60291746270848,0.42));
#8506=CARTESIAN_POINT('Origin',(5.10000007599592,-3.92316927511151,0.42));
#8507=CARTESIAN_POINT('',(5.10000007599592,-4.00316927511151,0.42));
#8508=CARTESIAN_POINT('Origin',(2.91223098130279,-3.95021440008582,0.42));
#8509=CARTESIAN_POINT('',(6.52490099794465,-4.01680795358251,0.42));
#8510=CARTESIAN_POINT('Origin',(6.52460411159721,-3.9368085044688,0.42));
#8511=CARTESIAN_POINT('',(2.91252786765023,-4.03021384919952,0.42));
#8512=CARTESIAN_POINT('Origin',(6.52601432174754,-4.31680588775891,0.42));
#8513=CARTESIAN_POINT('',(6.31270055478949,-4.52774956940443,0.42));
#8514=CARTESIAN_POINT('Origin',(6.25581688360067,-4.58400121784323,0.42));
#8515=CARTESIAN_POINT('Origin',(6.52601432174754,-4.31680588775891,0.42));
#8516=CARTESIAN_POINT('Origin',(4.7036279453206,-3.01437245782399,0.42));
#8517=CARTESIAN_POINT('',(4.76051161650942,-2.95812080938519,0.42));
#8518=CARTESIAN_POINT('Origin',(8.09132123528725,-7.20430487286493,0.42));
#8519=CARTESIAN_POINT('',(6.8270291891006,-8.58030324994934,0.42));
#8520=CARTESIAN_POINT('',(8.14785911504504,-7.26090406148538,0.42));
#8521=CARTESIAN_POINT('Origin',(6.81700465998534,-8.47724109445856,0.42));
#8522=CARTESIAN_POINT('Origin',(2.53277051272518,-5.60291746270848,0.42));
#8523=CARTESIAN_POINT('',(2.48819965344846,-5.66935117781863,0.42));
#8524=CARTESIAN_POINT('Origin',(0.881684247290433,-3.30335935188351,0.42));
#8525=CARTESIAN_POINT('',(-6.80168102943101,-8.5975152779106,0.42));
#8526=CARTESIAN_POINT('Origin',(-6.84650577884736,-8.53125260486037,0.42));
#8527=CARTESIAN_POINT('',(0.926508996706777,-3.36962202493374,0.42));
#8528=CARTESIAN_POINT('Origin',(11.8599961033555,-7.,0.));
#8529=CARTESIAN_POINT('',(11.7221352809136,-4.00316927511152,0.08));
#8530=CARTESIAN_POINT('Origin',(11.8599961033555,-7.,0.08));
#8531=CARTESIAN_POINT('',(11.7221352809136,-4.00316927511152,0.));
#8532=CARTESIAN_POINT('Origin',(10.2000001519918,-4.00316927511151,0.5));
#8533=CARTESIAN_POINT('',(11.051245701721,-4.00316927511152,0.08));
#8534=CARTESIAN_POINT('',(5.10000007599592,-4.00316927511151,0.08));
#8535=CARTESIAN_POINT('',(11.051245701721,-4.00316927511152,0.5));
#8536=CARTESIAN_POINT('Origin',(11.0539978692959,-4.,0.5));
#8537=CARTESIAN_POINT('',(11.0539978692959,-4.,0.08));
#8538=CARTESIAN_POINT('',(9.6680243902959,-5.59602608950524,0.08));
#8539=CARTESIAN_POINT('',(11.0539978692959,-4.,0.5));
#8540=CARTESIAN_POINT('Origin',(5.8100592832743,-4.01946080617107,0.5));
#8541=CARTESIAN_POINT('',(6.52490099794465,-4.01680795358251,0.08));
#8542=CARTESIAN_POINT('',(2.91252786765023,-4.03021384919952,0.08));
#8543=CARTESIAN_POINT('',(6.52490099794465,-4.01680795358251,0.5));
#8544=CARTESIAN_POINT('Origin',(6.52601432174754,-4.31680588775891,0.5));
#8545=CARTESIAN_POINT('',(6.31270055478949,-4.52774956940443,0.08));
#8546=CARTESIAN_POINT('Origin',(6.52601432174754,-4.31680588775891,0.08));
#8547=CARTESIAN_POINT('',(6.31270055478949,-4.52774956940443,0.5));
#8548=CARTESIAN_POINT('Origin',(8.59314207099119,-6.83381328439156,0.5));
#8549=CARTESIAN_POINT('',(8.58962634296376,-6.83025805494226,0.08));
#8550=CARTESIAN_POINT('',(4.76051161650942,-2.95812080938519,0.08));
#8551=CARTESIAN_POINT('',(8.58962634296376,-6.83025805494226,0.25));
#8552=CARTESIAN_POINT('Origin',(6.8000001013279,-8.60000012814999,0.));
#8553=CARTESIAN_POINT('',(7.52828441334179,-7.87980763306789,0.08));
#8554=CARTESIAN_POINT('',(7.23087264113201,-8.17391492435671,0.08));
#8555=CARTESIAN_POINT('',(7.52828441334179,-7.87980763306789,0.25));
#8556=CARTESIAN_POINT('Origin',(8.59575408931918,-6.81349425196594,0.5));
#8557=CARTESIAN_POINT('',(6.8270291891006,-8.58030324994934,0.08));
#8558=CARTESIAN_POINT('',(8.14785911504504,-7.26090406148538,0.08));
#8559=CARTESIAN_POINT('',(6.8270291891006,-8.58030324994934,0.5));
#8560=CARTESIAN_POINT('Origin',(6.8270291891006,-8.58030324994934,0.5));
#8561=CARTESIAN_POINT('',(6.82279258825811,-8.57746088384579,0.08));
#8562=CARTESIAN_POINT('',(2.48819965344846,-5.66935117781863,0.08));
#8563=CARTESIAN_POINT('',(6.82279258825811,-8.57746088384579,0.25));
#8564=CARTESIAN_POINT('Origin',(6.8000001013279,-8.60000012814999,0.));
#8565=CARTESIAN_POINT('',(6.8000001013279,-8.60000012814999,0.08));
#8566=CARTESIAN_POINT('',(7.23087264113201,-8.17391492435671,0.08));
#8567=CARTESIAN_POINT('',(6.8000001013279,-8.60000012814999,0.));
#8568=CARTESIAN_POINT('Origin',(3.9831969274172E-16,-4.00000005960465,0.));
#8569=CARTESIAN_POINT('',(0.277477591361932,-4.18770548905536,0.08));
#8570=CARTESIAN_POINT('',(-0.928189924810336,-3.37210687517412,0.08));
#8571=CARTESIAN_POINT('',(0.277477591361932,-4.18770548905536,0.));
#8572=CARTESIAN_POINT('Origin',(-0.00267709249017315,-4.60184719561935,
0.));
#8573=CARTESIAN_POINT('',(-0.282831776342326,-4.1877054890554,0.08));
#8574=CARTESIAN_POINT('Origin',(-0.00267709249017315,-4.60184719561935,
0.08));
#8575=CARTESIAN_POINT('',(-0.282831776342326,-4.1877054890554,0.));
#8576=CARTESIAN_POINT('Origin',(-0.00168092810364536,-3.99751520936448,
0.));
#8577=CARTESIAN_POINT('',(-6.80168102943101,-8.5975152779106,0.08));
#8578=CARTESIAN_POINT('',(0.926508996706777,-3.36962202493374,0.08));
#8579=CARTESIAN_POINT('',(-6.80168102943101,-8.5975152779106,0.));
#8580=CARTESIAN_POINT('Origin',(-6.8000001013279,-8.60000012814999,0.));
#8581=CARTESIAN_POINT('',(-6.80208812892968,-8.5969134786517,0.0692425826171296));
#8582=CARTESIAN_POINT('',(-6.8000001013279,-8.60000012814999,0.08));
#8583=CARTESIAN_POINT('Origin',(-7.02990781266289,-8.26013655487225,0.08));
#8584=CARTESIAN_POINT('Origin',(-6.84650577884736,-8.53125260486037,0.08));
#8585=CARTESIAN_POINT('',(-6.8000001013279,-8.60000012814999,0.));
#8586=CARTESIAN_POINT('Origin',(-6.8000001013279,-8.60000012814999,0.));
#8587=CARTESIAN_POINT('',(-6.82279258825811,-8.57746088384579,0.0800000000000001));
#8588=CARTESIAN_POINT('',(-7.23087264113201,-8.17391492435671,0.08));
#8589=CARTESIAN_POINT('',(-6.82279258825811,-8.57746088384579,0.25));
#8590=CARTESIAN_POINT('Origin',(-6.8270291891006,-8.58030324994934,0.5));
#8591=CARTESIAN_POINT('',(-6.8270291891006,-8.58030324994934,0.0800000000000001));
#8592=CARTESIAN_POINT('',(-2.48819965344846,-5.66935117781863,0.0800000000000001));
#8593=CARTESIAN_POINT('',(-6.8270291891006,-8.58030324994934,0.5));
#8594=CARTESIAN_POINT('Origin',(-8.59575408931918,-6.81349425196593,0.5));
#8595=CARTESIAN_POINT('',(-7.52828441334179,-7.87980763306789,0.08));
#8596=CARTESIAN_POINT('',(-8.14785911504504,-7.26090406148538,0.08));
#8597=CARTESIAN_POINT('',(-7.52828441334179,-7.87980763306789,0.25));
#8598=CARTESIAN_POINT('Origin',(-6.8000001013279,-8.60000012814999,0.));
#8599=CARTESIAN_POINT('',(-8.58962634296376,-6.83025805494226,0.08));
#8600=CARTESIAN_POINT('',(-7.23087264113201,-8.17391492435671,0.08));
#8601=CARTESIAN_POINT('',(-8.58962634296376,-6.83025805494226,0.25));
#8602=CARTESIAN_POINT('Origin',(-5.81005928327431,-4.01946080617107,0.5));
#8603=CARTESIAN_POINT('',(-6.31270055478949,-4.52774956940443,0.08));
#8604=CARTESIAN_POINT('',(-6.31270055478949,-4.52774956940443,0.5));
#8605=CARTESIAN_POINT('',(-3.36897022265098,-1.55094457027494,0.08));
#8606=CARTESIAN_POINT('Origin',(-6.52601432174754,-4.31680588775891,0.5));
#8607=CARTESIAN_POINT('Origin',(-6.52601432174754,-4.31680588775891,0.08));
#8608=CARTESIAN_POINT('Origin',(-0.00267709249017315,-4.60184719561935,
0.08));
#8609=CARTESIAN_POINT('Origin',(-0.327656525758671,-4.12144281600516,0.08));
#8610=CARTESIAN_POINT('Origin',(0.322302340778269,-4.12144281600513,0.08));
#8611=CARTESIAN_POINT('Origin',(-0.883365175393999,-3.30584420212389,0.08));
#8612=CARTESIAN_POINT('Origin',(6.79043759024083,-8.49694607299451,0.08));
#8613=CARTESIAN_POINT('Origin',(8.09132123528725,-7.20430487286493,0.08));
#8614=CARTESIAN_POINT('Ctrl Pts',(7.52828441334179,-7.87980763306789,0.0799999999999985));
#8615=CARTESIAN_POINT('Ctrl Pts',(7.52827679284413,-7.87981516889576,0.0733254581091236));
#8616=CARTESIAN_POINT('Ctrl Pts',(7.52767878538091,-7.87922568438813,0.0666513515148696));
#8617=CARTESIAN_POINT('Ctrl Pts',(7.52650871200162,-7.87805770644306,0.0601847929153799));
#8618=CARTESIAN_POINT('Ctrl Pts',(7.52533896965116,-7.87689005893399,0.0537200637886126));
#8619=CARTESIAN_POINT('Ctrl Pts',(7.52359763816174,-7.87514440012145,0.0474636072649618));
#8620=CARTESIAN_POINT('Ctrl Pts',(7.52133848843858,-7.87287510506072,0.0416094665927497));
#8621=CARTESIAN_POINT('Ctrl Pts',(7.5190798669217,-7.87060634057832,0.0357566946628627));
#8622=CARTESIAN_POINT('Ctrl Pts',(7.51630396362935,-7.86781448233344,0.0303068116111756));
#8623=CARTESIAN_POINT('Ctrl Pts',(7.5130965968718,-7.86458631285918,0.0254287666109288));
#8624=CARTESIAN_POINT('Ctrl Pts',(7.50988729238278,-7.8613561930855,0.0205477745385269));
#8625=CARTESIAN_POINT('Ctrl Pts',(7.50624641763903,-7.85768965409306,0.0162399515241078));
#8626=CARTESIAN_POINT('Ctrl Pts',(7.50228674023515,-7.85370073049153,0.0126390022013939));
#8627=CARTESIAN_POINT('Ctrl Pts',(7.49832921672422,-7.84971397669161,0.0090400116390938));
#8628=CARTESIAN_POINT('Ctrl Pts',(7.49405375374932,-7.84540571117731,0.00614759097959506));
#8629=CARTESIAN_POINT('Ctrl Pts',(7.48959267242085,-7.84090974177017,0.00405141738490271));
#8630=CARTESIAN_POINT('Ctrl Pts',(7.48513100554528,-7.83641318223661,0.00195496865324161));
#8631=CARTESIAN_POINT('Ctrl Pts',(7.48048425143049,-7.83172945589198,0.000655250138342077));
#8632=CARTESIAN_POINT('Ctrl Pts',(7.47579628014646,-7.82700404927721,0.000192569041742044));
#8633=CARTESIAN_POINT('Ctrl Pts',(7.47449603858115,-7.82569342476156,6.42412093316191E-5));
#8634=CARTESIAN_POINT('Ctrl Pts',(7.47319266523664,-7.82437963327919,4.8475950034542E-17));
#8635=CARTESIAN_POINT('Ctrl Pts',(7.47188929138918,-7.82306584128823,0.));
#8636=CARTESIAN_POINT('Origin',(6.81700465998534,-8.47724109445856,0.08));
#8637=CARTESIAN_POINT('Origin',(4.7036279453206,-3.01437245782399,0.08));
#8638=CARTESIAN_POINT('Origin',(6.25581688360067,-4.58400121784323,0.08));
#8639=CARTESIAN_POINT('Origin',(8.47649102333614,-6.82962603219225,0.08));
#8640=CARTESIAN_POINT('Origin',(6.52601432174754,-4.31680588775891,0.08));
#8641=CARTESIAN_POINT('Origin',(6.52460411159721,-3.9368085044688,0.08));
#8642=CARTESIAN_POINT('Origin',(5.10000007599592,-3.92316927511151,0.08));
#8643=CARTESIAN_POINT('Ctrl Pts',(11.7221352809136,-4.00316927511151,0.08));
#8644=CARTESIAN_POINT('Ctrl Pts',(11.7221352809136,-4.00316927511151,0.0695853899760138));
#8645=CARTESIAN_POINT('Ctrl Pts',(11.722088506401,-4.00113557781262,0.0592705078709834));
#8646=CARTESIAN_POINT('Ctrl Pts',(11.7219069345365,-3.99322947258573,0.039999308134749));
#8647=CARTESIAN_POINT('Ctrl Pts',(11.7217738744693,-3.98743221692145,0.0312276519468052));
#8648=CARTESIAN_POINT('Ctrl Pts',(11.721438804935,-3.97280105227414,0.0163980049035785));
#8649=CARTESIAN_POINT('Ctrl Pts',(11.7212399966028,-3.96410623614366,0.0104825673226543));
#8650=CARTESIAN_POINT('Ctrl Pts',(11.720798548499,-3.94474846666522,0.00223615834794295));
#8651=CARTESIAN_POINT('Ctrl Pts',(11.7205595106124,-3.93424201107676,6.0879067803239E-5));
#8652=CARTESIAN_POINT('Ctrl Pts',(11.7203150620972,-3.92346857173998,4.19899919229008E-7));
#8653=CARTESIAN_POINT('Ctrl Pts',(11.7203116667155,-3.92331892357415,-9.16332553805704E-21));
#8654=CARTESIAN_POINT('Ctrl Pts',(11.7203082714509,-3.92316927511152,0.));
#8655=CARTESIAN_POINT('Origin',(11.2266709217831,-3.92316927511152,0.08));
#8656=CARTESIAN_POINT('Origin',(-7.5,-3.92,0.08));
#8657=CARTESIAN_POINT('Origin',(11.8599961033555,-3.92,0.08));
#8658=CARTESIAN_POINT('Origin',(11.92,-3.92,0.08));
#8659=CARTESIAN_POINT('Origin',(11.8599961033555,-7.,0.08));
#8660=CARTESIAN_POINT('Origin',(11.92,-2.,0.08));
#8661=CARTESIAN_POINT('Origin',(11.92,3.92,0.08));
#8662=CARTESIAN_POINT('Origin',(7.5,3.92,0.08));
#8663=CARTESIAN_POINT('Ctrl Pts',(11.0539978692959,4.,0.0799999999999863));
#8664=CARTESIAN_POINT('Ctrl Pts',(11.0540057536993,3.99999997074015,0.0733254581091114));
#8665=CARTESIAN_POINT('Ctrl Pts',(11.0540105221438,3.999160310406,0.0666513515148576));
#8666=CARTESIAN_POINT('Ctrl Pts',(11.0540122713246,3.99750707465831,0.0601847929153682));
#8667=CARTESIAN_POINT('Ctrl Pts',(11.0540140200104,3.9958543066323,0.053720063788601));
#8668=CARTESIAN_POINT('Ctrl Pts',(11.054012751949,3.99338864125118,0.0474636072649505));
#8669=CARTESIAN_POINT('Ctrl Pts',(11.0540087509336,3.99018654992362,0.0416094665927388));
#8670=CARTESIAN_POINT('Ctrl Pts',(11.0540047508537,3.98698520726922,0.0357566946628525));
#8671=CARTESIAN_POINT('Ctrl Pts',(11.0539980206511,3.98304820160364,0.0303068116111661));
#8672=CARTESIAN_POINT('Ctrl Pts',(11.05398901326,3.97849758121766,0.02542876661092));
#8673=CARTESIAN_POINT('Ctrl Pts',(11.053980000427,3.97394421157319,0.0205477745385188));
#8674=CARTESIAN_POINT('Ctrl Pts',(11.0539687098419,3.96877707533536,0.0162399515241005));
#8675=CARTESIAN_POINT('Ctrl Pts',(11.0539557366721,3.96315654727892,0.0126390022013874));
#8676=CARTESIAN_POINT('Ctrl Pts',(11.0539427705592,3.95753907654622,0.00904001163908824));
#8677=CARTESIAN_POINT('Ctrl Pts',(11.0539281264175,3.95146944160722,0.00614759097959043));
#8678=CARTESIAN_POINT('Ctrl Pts',(11.0539125026146,3.9451358256749,0.00405141738489903));
#8679=CARTESIAN_POINT('Ctrl Pts',(11.053896876761,3.93880137841264,0.00195496865323883));
#8680=CARTESIAN_POINT('Ctrl Pts',(11.0538802740494,3.93220370549235,0.000655250138340261));
#8681=CARTESIAN_POINT('Ctrl Pts',(11.0538634538008,3.92554741471954,0.000192569041741211));
#8682=CARTESIAN_POINT('Ctrl Pts',(11.0538587885874,3.92370124600194,6.42412093315979E-5));
#8683=CARTESIAN_POINT('Ctrl Pts',(11.053854106845,3.92185062335956,3.11401798233834E-16));
#8684=CARTESIAN_POINT('Ctrl Pts',(11.0538494251,3.92000000000191,0.));
#8685=CARTESIAN_POINT('Origin',(5.53420027431358,3.94048399700028,0.08));
#8686=CARTESIAN_POINT('Origin',(6.52460411159721,3.9368085044688,0.08));
#8687=CARTESIAN_POINT('Origin',(6.52601432174754,4.31680588775891,0.08));
#8688=CARTESIAN_POINT('Origin',(6.25581688360068,4.58400121784323,0.08));
#8689=CARTESIAN_POINT('Origin',(3.31208655146216,1.60719621871375,0.08));
#8690=CARTESIAN_POINT('Origin',(8.47649102333614,6.82962603219225,0.08));
#8691=CARTESIAN_POINT('Origin',(7.1746209926932,8.1170312531679,0.08));
#8692=CARTESIAN_POINT('Ctrl Pts',(7.52828441334179,7.87980763306789,0.0799999999999963));
#8693=CARTESIAN_POINT('Ctrl Pts',(7.52829199572836,7.87980005889465,0.0733254581091213));
#8694=CARTESIAN_POINT('Ctrl Pts',(7.52770618701979,7.87919845016151,0.0666513515148674));
#8695=CARTESIAN_POINT('Ctrl Pts',(7.52654540149057,7.87802124111115,0.0601847929153777));
#8696=CARTESIAN_POINT('Ctrl Pts',(7.52538494436254,7.87684436510839,0.0537200637886104));
#8697=CARTESIAN_POINT('Ctrl Pts',(7.52364998961697,7.87509236851116,0.0474636072649596));
#8698=CARTESIAN_POINT('Ctrl Pts',(7.52139458176741,7.87281935443808,0.0416094665927475));
#8699=CARTESIAN_POINT('Ctrl Pts',(7.51913970124924,7.87054687181286,0.0357566946628605));
#8700=CARTESIAN_POINT('Ctrl Pts',(7.51636490681506,7.86775391148446,0.0303068116111735));
#8701=CARTESIAN_POINT('Ctrl Pts',(7.51315645345367,7.86452682197536,0.0254287666109267));
#8702=CARTESIAN_POINT('Ctrl Pts',(7.50994606170434,7.86129778281929,0.0205477745385249));
#8703=CARTESIAN_POINT('Ctrl Pts',(7.50630190369489,7.85763450703321,0.0162399515241061));
#8704=CARTESIAN_POINT('Ctrl Pts',(7.50233732082741,7.853650458925,0.0126390022013923));
#8705=CARTESIAN_POINT('Ctrl Pts',(7.49837489452124,7.84966857796634,0.00904001163909253));
#8706=CARTESIAN_POINT('Ctrl Pts',(7.4940929109455,7.84536679321481,0.00614759097959407));
#8707=CARTESIAN_POINT('Ctrl Pts',(7.48962436451433,7.84087824330179,0.00405141738490197));
#8708=CARTESIAN_POINT('Ctrl Pts',(7.48515523155621,7.83638910423621,0.00195496865324105));
#8709=CARTESIAN_POINT('Ctrl Pts',(7.48050006955955,7.83171373440489,0.000655250138341725));
#8710=CARTESIAN_POINT('Ctrl Pts',(7.4758034806639,7.82699689275184,0.000192569041741905));
#8711=CARTESIAN_POINT('Ctrl Pts',(7.47450084894384,7.82568864378812,6.42412093316336E-5));
#8712=CARTESIAN_POINT('Ctrl Pts',(7.47319506950881,7.82437724369609,1.23175689971554E-16));
#8713=CARTESIAN_POINT('Ctrl Pts',(7.47188928956828,7.82306584309801,4.16333634234434E-17));
#8714=CARTESIAN_POINT('Origin',(2.53277051272518,5.60291746270849,0.0800000000000001));
#8715=CARTESIAN_POINT('Origin',(6.81304820492966,8.47458668018669,0.08));
#8716=CARTESIAN_POINT('Origin',(6.81700465998534,8.47724109445856,0.08));
#8717=CARTESIAN_POINT('Origin',(7.1746209926932,8.1170312531679,0.08));
#8718=CARTESIAN_POINT('Origin',(6.79043759024083,8.49694607299451,0.08));
#8719=CARTESIAN_POINT('Origin',(-0.883365175393998,3.30584420212389,0.08));
#8720=CARTESIAN_POINT('Origin',(0.323825937442049,4.12247348433651,0.08));
#8721=CARTESIAN_POINT('Origin',(-0.00115349582639312,4.60287786395073,0.08));
#8722=CARTESIAN_POINT('Origin',(-0.324292225582575,4.12123342940221,0.08));
#8723=CARTESIAN_POINT('Origin',(-2.53277051272518,5.60291746270848,0.08));
#8724=CARTESIAN_POINT('Ctrl Pts',(-6.51035497968595,8.3678442357126,0.0800000000000076));
#8725=CARTESIAN_POINT('Ctrl Pts',(-6.51034824580098,8.36783968043748,0.0733254581091327));
#8726=CARTESIAN_POINT('Ctrl Pts',(-6.51081196831196,8.36713966788139,0.0666513515148787));
#8727=CARTESIAN_POINT('Ctrl Pts',(-6.51173154788756,8.36576577966458,0.0601847929153888));
#8728=CARTESIAN_POINT('Ctrl Pts',(-6.51265086730224,8.36439228013844,0.0537200637886213));
#8729=CARTESIAN_POINT('Ctrl Pts',(-6.51402566385643,8.36234546657998,0.0474636072649701));
#8730=CARTESIAN_POINT('Ctrl Pts',(-6.51581308960842,8.35968867942478,0.0416094665927575));
#8731=CARTESIAN_POINT('Ctrl Pts',(-6.51760009744676,8.35703251344648,0.0357566946628702));
#8732=CARTESIAN_POINT('Ctrl Pts',(-6.5197993070002,8.35376700580241,0.0303068116111827));
#8733=CARTESIAN_POINT('Ctrl Pts',(-6.52234233299718,8.34999324776352,0.0254287666109353));
#8734=CARTESIAN_POINT('Ctrl Pts',(-6.52488689536398,8.34621720980773,0.0205477745385328));
#8735=CARTESIAN_POINT('Ctrl Pts',(-6.52777535927075,8.34193279566242,0.0162399515241132));
#8736=CARTESIAN_POINT('Ctrl Pts',(-6.53091786461009,8.3372728420081,0.0126390022013986));
#8737=CARTESIAN_POINT('Ctrl Pts',(-6.53405866056267,8.33261542316667,0.00904001163909793));
#8738=CARTESIAN_POINT('Ctrl Pts',(-6.5374528101004,8.32758348163416,0.00614759097959851));
#8739=CARTESIAN_POINT('Ctrl Pts',(-6.54099487168011,8.32233288751784,0.00405141738490546));
#8740=CARTESIAN_POINT('Ctrl Pts',(-6.54453739817938,8.31708160422552,0.00195496865324366));
#8741=CARTESIAN_POINT('Ctrl Pts',(-6.54822741349627,8.3116122939854,0.000655250138343409));
#8742=CARTESIAN_POINT('Ctrl Pts',(-6.55195027317122,8.30609443121597,0.000192569041742655));
#8743=CARTESIAN_POINT('Ctrl Pts',(-6.5529828342937,8.30456401345319,6.42412093316291E-5));
#8744=CARTESIAN_POINT('Ctrl Pts',(-6.55401789100914,8.30302990655298,-1.3893381627506E-16));
#8745=CARTESIAN_POINT('Ctrl Pts',(-6.55505294812536,8.30149579906032,1.38777878078145E-17));
#8746=CARTESIAN_POINT('Origin',(-4.7036279453206,3.01437245782399,0.08));
#8747=CARTESIAN_POINT('Origin',(-8.48000675136357,6.83318126164155,0.08));
#8748=CARTESIAN_POINT('Origin',(-6.52601432174754,-4.31680588775891,0.08));
#8749=CARTESIAN_POINT('Origin',(-6.25581688360067,-4.58400121784323,0.08));
#8750=CARTESIAN_POINT('Origin',(-3.31208655146216,-1.60719621871375,0.08));
#8751=CARTESIAN_POINT('Origin',(-8.47649102333614,-6.82962603219225,0.08));
#8752=CARTESIAN_POINT('Origin',(-7.1746209926932,-8.1170312531679,0.08));
#8753=CARTESIAN_POINT('Ctrl Pts',(-7.52828441334179,-7.87980763306789,0.0799999999999963));
#8754=CARTESIAN_POINT('Ctrl Pts',(-7.52829199572836,-7.87980005889465,0.0733254581091213));
#8755=CARTESIAN_POINT('Ctrl Pts',(-7.52770618701979,-7.87919845016151,0.0666513515148674));
#8756=CARTESIAN_POINT('Ctrl Pts',(-7.52654540149057,-7.87802124111115,0.0601847929153777));
#8757=CARTESIAN_POINT('Ctrl Pts',(-7.52538494436254,-7.87684436510839,0.0537200637886104));
#8758=CARTESIAN_POINT('Ctrl Pts',(-7.52364998961697,-7.87509236851116,0.0474636072649596));
#8759=CARTESIAN_POINT('Ctrl Pts',(-7.52139458176741,-7.87281935443808,0.0416094665927475));
#8760=CARTESIAN_POINT('Ctrl Pts',(-7.51913970124924,-7.87054687181286,0.0357566946628605));
#8761=CARTESIAN_POINT('Ctrl Pts',(-7.51636490681506,-7.86775391148446,0.0303068116111735));
#8762=CARTESIAN_POINT('Ctrl Pts',(-7.51315645345367,-7.86452682197536,0.0254287666109267));
#8763=CARTESIAN_POINT('Ctrl Pts',(-7.50994606170434,-7.86129778281929,0.0205477745385249));
#8764=CARTESIAN_POINT('Ctrl Pts',(-7.50630190369489,-7.85763450703321,0.0162399515241061));
#8765=CARTESIAN_POINT('Ctrl Pts',(-7.50233732082741,-7.853650458925,0.0126390022013923));
#8766=CARTESIAN_POINT('Ctrl Pts',(-7.49837489452124,-7.84966857796634,0.00904001163909253));
#8767=CARTESIAN_POINT('Ctrl Pts',(-7.4940929109455,-7.84536679321481,0.00614759097959407));
#8768=CARTESIAN_POINT('Ctrl Pts',(-7.48962436451433,-7.84087824330179,0.00405141738490197));
#8769=CARTESIAN_POINT('Ctrl Pts',(-7.48515523155621,-7.83638910423621,0.00195496865324105));
#8770=CARTESIAN_POINT('Ctrl Pts',(-7.48050006955955,-7.83171373440489,0.000655250138341725));
#8771=CARTESIAN_POINT('Ctrl Pts',(-7.4758034806639,-7.82699689275184,0.000192569041741905));
#8772=CARTESIAN_POINT('Ctrl Pts',(-7.47450084894384,-7.82568864378812,6.42412093316336E-5));
#8773=CARTESIAN_POINT('Ctrl Pts',(-7.47319506950881,-7.82437724369609,1.23175689971554E-16));
#8774=CARTESIAN_POINT('Ctrl Pts',(-7.47188928956828,-7.82306584309801,4.16333634234434E-17));
#8775=CARTESIAN_POINT('Origin',(-2.53277051272518,-5.60291746270849,0.0800000000000001));
#8776=CARTESIAN_POINT('Origin',(-6.81304820492966,-8.47458668018669,0.08));
#8777=CARTESIAN_POINT('Origin',(-6.81700465998534,-8.47724109445856,0.08));
#8778=CARTESIAN_POINT('Origin',(-7.1746209926932,-8.1170312531679,0.08));
#8779=CARTESIAN_POINT('Origin',(-6.79261246480819,-8.49479536301034,0.08));
#8780=CARTESIAN_POINT('Origin',(-8.09132123528725,-7.20430487286493,0.08));
#8781=CARTESIAN_POINT('Origin',(-7.17813672072063,8.1205864826172,0.08));
#8782=CARTESIAN_POINT('Origin',(-6.81640878380294,8.47829533495986,0.08));
#8783=CARTESIAN_POINT('Origin',(0.866555894362873,3.28099569973005,0.08));
#8784=CARTESIAN_POINT('Origin',(8.09132123528725,7.20430487286493,0.08));
#8785=CARTESIAN_POINT('Origin',(9.7284279611681,-5.64847996091515,0.08));
#8786=CARTESIAN_POINT('Origin',(11.2299907377228,-3.91934632111389,0.08));
#8787=CARTESIAN_POINT('Origin',(2.91223098130279,-3.95021440008582,0.08));
#8788=CARTESIAN_POINT('Origin',(7.1746209926932,-8.1170312531679,0.08));
#8789=CARTESIAN_POINT('Origin',(2.53277051272518,-5.60291746270848,0.08));
#8790=CARTESIAN_POINT('Origin',(6.81304820492966,-8.47458668018669,0.08));
#8791=CARTESIAN_POINT('Origin',(7.1746209926932,-8.1170312531679,0.08));
#8792=CARTESIAN_POINT('Origin',(0.881684247290433,-3.30335935188351,0.08));
#8793=CARTESIAN_POINT('Origin',(-10.0000001639128,2.70000004768372,3.5));
#8794=CARTESIAN_POINT('',(-6.50000011175871,2.70000004768372,0.42));
#8795=CARTESIAN_POINT('',(-6.50000011175871,2.70000004768372,3.5));
#8796=CARTESIAN_POINT('',(-5.00000008195639,2.70000004768372,0.42));
#8797=CARTESIAN_POINT('Origin',(-3.25000005587935,2.02000003874302,0.0800000000000001));
#8798=CARTESIAN_POINT('Origin',(-6.50000011175871,2.02000003874302,0.0800000000000001));
#8799=CARTESIAN_POINT('Origin',(-6.50000011175871,2.40000004321337,0.0800000000000001));
#8800=CARTESIAN_POINT('Origin',(-6.50000011175871,2.40000004321337,0.0800000000000001));
#8801=CARTESIAN_POINT('Origin',(-6.50000011175871,2.40000004321337,3.5));
#8802=CARTESIAN_POINT('Origin',(-6.50000011175871,2.40000004321337,0.42));
#8803=CARTESIAN_POINT('Origin',(-5.00000008195639,2.78000004768372,0.42));
#8804=CARTESIAN_POINT('Origin',(-6.50000011175871,2.78000004768372,0.42));
#8805=CARTESIAN_POINT('Origin',(-6.50000011175871,2.40000004321337,0.42));
#8806=CARTESIAN_POINT('Origin',(-10.0000001639128,1.60000003129244,3.5));
#8807=CARTESIAN_POINT('',(-6.50000011175871,1.60000003129244,0.42));
#8808=CARTESIAN_POINT('',(-6.50000011175871,1.60000003129244,3.5));
#8809=CARTESIAN_POINT('',(-5.00000008195639,1.60000003129244,0.42));
#8810=CARTESIAN_POINT('Origin',(-3.25000005587935,0.920000022351742,0.0800000000000001));
#8811=CARTESIAN_POINT('Origin',(-6.50000011175871,0.920000022351742,0.0800000000000001));
#8812=CARTESIAN_POINT('Origin',(-6.50000011175871,1.30000002682209,0.0800000000000001));
#8813=CARTESIAN_POINT('Origin',(-6.50000011175871,1.30000002682209,0.0800000000000001));
#8814=CARTESIAN_POINT('Origin',(-6.50000011175871,1.30000002682209,3.5));
#8815=CARTESIAN_POINT('Origin',(-6.50000011175871,1.30000002682209,0.42));
#8816=CARTESIAN_POINT('Origin',(-5.00000008195639,1.68000003129244,0.42));
#8817=CARTESIAN_POINT('Origin',(-6.50000011175871,1.68000003129244,0.42));
#8818=CARTESIAN_POINT('Origin',(-6.50000011175871,1.30000002682209,0.42));
#8819=CARTESIAN_POINT('Origin',(-10.0000001639128,-1.00000002235174,3.5));
#8820=CARTESIAN_POINT('',(-6.50000011175871,-1.00000002235174,0.42));
#8821=CARTESIAN_POINT('',(-6.50000011175871,-1.00000002235174,3.5));
#8822=CARTESIAN_POINT('',(-5.00000008195639,-1.00000002235174,0.42));
#8823=CARTESIAN_POINT('Origin',(-3.25000005587935,-1.68000003129244,0.0800000000000001));
#8824=CARTESIAN_POINT('Origin',(-6.50000011175871,-1.68000003129244,0.0800000000000001));
#8825=CARTESIAN_POINT('Origin',(-6.50000011175871,-1.30000002682209,0.0800000000000001));
#8826=CARTESIAN_POINT('Origin',(-6.50000011175871,-1.30000002682209,0.0800000000000001));
#8827=CARTESIAN_POINT('Origin',(-6.50000011175871,-1.30000002682209,3.5));
#8828=CARTESIAN_POINT('Origin',(-6.50000011175871,-1.30000002682209,0.42));
#8829=CARTESIAN_POINT('Origin',(-5.00000008195639,-0.920000022351741,0.42));
#8830=CARTESIAN_POINT('Origin',(-6.50000011175871,-0.920000022351741,0.42));
#8831=CARTESIAN_POINT('Origin',(-6.50000011175871,-1.30000002682209,0.42));
#8832=CARTESIAN_POINT('Origin',(-10.0000001639128,-2.10000003874302,3.5));
#8833=CARTESIAN_POINT('',(-6.50000011175871,-2.10000003874302,0.0800000000000001));
#8834=CARTESIAN_POINT('',(-5.00000008195639,-2.10000003874302,0.0800000000000001));
#8835=CARTESIAN_POINT('',(-6.50000011175871,-2.10000003874302,3.5));
#8836=CARTESIAN_POINT('Origin',(-3.25000005587935,-2.78000004768372,0.0800000000000001));
#8837=CARTESIAN_POINT('Origin',(-6.50000011175871,-2.78000004768372,0.0800000000000001));
#8838=CARTESIAN_POINT('Origin',(-5.00000008195639,-2.02000003874302,0.0800000000000001));
#8839=CARTESIAN_POINT('Origin',(-6.50000011175871,-2.02000003874302,0.0800000000000001));
#8840=CARTESIAN_POINT('Origin',(-6.50000011175871,-2.40000004321337,0.0800000000000001));
#8841=CARTESIAN_POINT('Origin',(-6.50000011175871,-2.40000004321337,0.0800000000000001));
#8842=CARTESIAN_POINT('Origin',(-6.50000011175871,-2.40000004321337,3.5));
#8843=CARTESIAN_POINT('Origin',(-6.50000011175871,-2.40000004321337,0.42));
#8844=CARTESIAN_POINT('Origin',(-6.50000011175871,-2.40000004321337,0.42));
#8845=CARTESIAN_POINT('Origin',(6.89090394762094,7.79301214940139,0.));
#8846=CARTESIAN_POINT('',(6.74090394762094,7.79301214940139,0.));
#8847=CARTESIAN_POINT('Origin',(-6.81995117595477,-5.81791198958451,0.));
#8848=CARTESIAN_POINT('',(-6.96995117595477,-5.81791198958451,0.));
#8849=CARTESIAN_POINT('Origin',(-6.89090394762094,7.79301214940139,0.));
#8850=CARTESIAN_POINT('',(-7.04090394762094,7.79301214940139,0.));
#8851=CARTESIAN_POINT('Origin',(6.89090394762094,-7.79301214940138,0.));
#8852=CARTESIAN_POINT('',(6.74090394762094,-7.79301214940138,0.));
#8853=CARTESIAN_POINT('Origin',(6.81995117595477,5.81791198958451,0.));
#8854=CARTESIAN_POINT('',(6.66995117595477,5.81791198958451,0.));
#8855=CARTESIAN_POINT('Origin',(-6.89090394762094,-7.79301214940139,0.));
#8856=CARTESIAN_POINT('',(-7.04090394762094,-7.79301214940139,0.));
#8857=CARTESIAN_POINT('Origin',(-6.81995117595477,5.81791198958451,0.));
#8858=CARTESIAN_POINT('',(-6.96995117595477,5.81791198958451,0.));
#8859=CARTESIAN_POINT('Origin',(6.81995117595477,-5.81791198958451,0.));
#8860=CARTESIAN_POINT('',(6.66995117595477,-5.81791198958451,0.));
#8861=UNCERTAINTY_MEASURE_WITH_UNIT(LENGTH_MEASURE(0.001),#8865,
'DISTANCE_ACCURACY_VALUE',
'Maximum model space distance between geometric entities at asserted c
onnectivities');
#8862=UNCERTAINTY_MEASURE_WITH_UNIT(LENGTH_MEASURE(0.001),#8865,
'DISTANCE_ACCURACY_VALUE',
'Maximum model space distance between geometric entities at asserted c
onnectivities');
#8863=(
GEOMETRIC_REPRESENTATION_CONTEXT(3)
GLOBAL_UNCERTAINTY_ASSIGNED_CONTEXT((#8861))
GLOBAL_UNIT_ASSIGNED_CONTEXT((#8865,#8867,#8868))
REPRESENTATION_CONTEXT('','3D')
);
#8864=(
GEOMETRIC_REPRESENTATION_CONTEXT(3)
GLOBAL_UNCERTAINTY_ASSIGNED_CONTEXT((#8862))
GLOBAL_UNIT_ASSIGNED_CONTEXT((#8865,#8867,#8868))
REPRESENTATION_CONTEXT('','3D')
);
#8865=(
LENGTH_UNIT()
NAMED_UNIT(*)
SI_UNIT(.CENTI.,.METRE.)
);
#8866=(
LENGTH_UNIT()
NAMED_UNIT(*)
SI_UNIT($,.METRE.)
);
#8867=(
NAMED_UNIT(*)
PLANE_ANGLE_UNIT()
SI_UNIT($,.RADIAN.)
);
#8868=(
NAMED_UNIT(*)
SI_UNIT($,.STERADIAN.)
SOLID_ANGLE_UNIT()
);
#8869=SHAPE_DEFINITION_REPRESENTATION(#8870,#8871);
#8870=PRODUCT_DEFINITION_SHAPE('',$,#8873);
#8871=SHAPE_REPRESENTATION('',(#4868),#8863);
#8872=PRODUCT_DEFINITION_CONTEXT('part definition',#8877,'design');
#8873=PRODUCT_DEFINITION('export body bilbo','export body bilbo',#8874,
#8872);
#8874=PRODUCT_DEFINITION_FORMATION('',$,#8879);
#8875=PRODUCT_RELATED_PRODUCT_CATEGORY('export body bilbo',
'export body bilbo',(#8879));
#8876=APPLICATION_PROTOCOL_DEFINITION('international standard',
'automotive_design',2009,#8877);
#8877=APPLICATION_CONTEXT(
'Core Data for Automotive Mechanical Design Process');
#8878=PRODUCT_CONTEXT('part definition',#8877,'mechanical');
#8879=PRODUCT('export body bilbo','export body bilbo',$,(#8878));
#8880=PRESENTATION_STYLE_ASSIGNMENT((#8885));
#8881=PRESENTATION_STYLE_ASSIGNMENT((#8886));
#8882=PRESENTATION_STYLE_ASSIGNMENT((#8887));
#8883=PRESENTATION_STYLE_ASSIGNMENT((#8888));
#8884=PRESENTATION_STYLE_ASSIGNMENT((#8889));
#8885=SURFACE_STYLE_USAGE(.BOTH.,#8890);
#8886=SURFACE_STYLE_USAGE(.BOTH.,#8891);
#8887=SURFACE_STYLE_USAGE(.BOTH.,#8892);
#8888=SURFACE_STYLE_USAGE(.BOTH.,#8893);
#8889=SURFACE_STYLE_USAGE(.BOTH.,#8894);
#8890=SURFACE_SIDE_STYLE('',(#8895));
#8891=SURFACE_SIDE_STYLE('',(#8896));
#8892=SURFACE_SIDE_STYLE('',(#8897));
#8893=SURFACE_SIDE_STYLE('',(#8898));
#8894=SURFACE_SIDE_STYLE('',(#8899));
#8895=SURFACE_STYLE_FILL_AREA(#8900);
#8896=SURFACE_STYLE_FILL_AREA(#8901);
#8897=SURFACE_STYLE_FILL_AREA(#8902);
#8898=SURFACE_STYLE_FILL_AREA(#8903);
#8899=SURFACE_STYLE_FILL_AREA(#8904);
#8900=FILL_AREA_STYLE('ABS (White)',(#8905));
#8901=FILL_AREA_STYLE('Paint - Enamel Glossy (Black)',(#8906));
#8902=FILL_AREA_STYLE('Polymide (Kapton)',(#8907));
#8903=FILL_AREA_STYLE('Carbon Fiber - Plain',(#8908));
#8904=FILL_AREA_STYLE('Tough 2000 (with Formlabs SLA 3D Printers)',(#8909));
#8905=FILL_AREA_STYLE_COLOUR('ABS (White)',#8910);
#8906=FILL_AREA_STYLE_COLOUR('Paint - Enamel Glossy (Black)',#8911);
#8907=FILL_AREA_STYLE_COLOUR('Polymide (Kapton)',#8912);
#8908=FILL_AREA_STYLE_COLOUR('Carbon Fiber - Plain',#8913);
#8909=FILL_AREA_STYLE_COLOUR(
'Tough 2000 (with Formlabs SLA 3D Printers)',#8914);
#8910=COLOUR_RGB('ABS (White)',0.964705882352941,0.964705882352941,0.952941176470588);
#8911=COLOUR_RGB('Paint - Enamel Glossy (Black)',0.0980392156862745,0.0980392156862745,
0.0980392156862745);
#8912=COLOUR_RGB('Polymide (Kapton)',0.784313725490196,0.556862745098039,
0.0274509803921569);
#8913=COLOUR_RGB('Carbon Fiber - Plain',0.0980392156862745,0.0980392156862745,
0.0980392156862745);
#8914=COLOUR_RGB('Tough 2000 (with Formlabs SLA 3D Printers)',0.247058823529412,
0.247058823529412,0.247058823529412);
ENDSEC;
END-ISO-10303-21;
