ISO-10303-21;
HEADER;
/* Generated by software containing ST-Developer
 * from STEP Tools, Inc. (www.steptools.com) 
 */

FILE_DESCRIPTION(
/* description */ (''),
/* implementation_level */ '2;1');

FILE_NAME(
/* name */ 'BILBO arm connector L.step',
/* time_stamp */ '2026-04-05T13:10:20+05:30',
/* author */ (''),
/* organization */ (''),
/* preprocessor_version */ 'ST-DEVELOPER v20.1',
/* originating_system */ 'Autodesk Translation Framework v14.24.0.0',
/* authorisation */ '');

FILE_SCHEMA (('AUTOMOTIVE_DESIGN { 1 0 10303 214 3 1 1 }'));
ENDSEC;

DATA;
#10=MECHANICAL_DESIGN_GEOMETRIC_PRESENTATION_REPRESENTATION('',(#13),#3914);
#11=SHAPE_REPRESENTATION_RELATIONSHIP('SRR','None',#3921,#12);
#12=ADVANCED_BREP_SHAPE_REPRESENTATION('',(#14),#3913);
#13=STYLED_ITEM('',(#3932),#14);
#14=MANIFOLD_SOLID_BREP('drone arm attachment main',#1335);
#15=(
BOUNDED_SURFACE()
B_SPLINE_SURFACE(2,2,((#3562,#3563,#3564),(#3565,#3566,#3567),(#3568,#3569,
#3570)),.UNSPECIFIED.,.F.,.F.,.F.)
B_SPLINE_SURFACE_WITH_KNOTS((3,3),(3,3),(-1.5707963267949,1.67681081703636E-15),
(1.5707963267949,3.1415926535898),.UNSPECIFIED.)
GEOMETRIC_REPRESENTATION_ITEM()
RATIONAL_B_SPLINE_SURFACE(((1.,0.707106781186546,1.),(0.707106781186546,
0.499999999999998,0.707106781186546),(1.,0.707106781186546,1.)))
REPRESENTATION_ITEM('')
SURFACE()
);
#16=(
BOUNDED_SURFACE()
B_SPLINE_SURFACE(2,2,((#3576,#3577,#3578),(#3579,#3580,#3581),(#3582,#3583,
#3584)),.UNSPECIFIED.,.F.,.F.,.F.)
B_SPLINE_SURFACE_WITH_KNOTS((3,3),(3,3),(-1.5707963267949,2.12379930657103E-15),
(-3.14159265358979,-1.5707963267949),.UNSPECIFIED.)
GEOMETRIC_REPRESENTATION_ITEM()
RATIONAL_B_SPLINE_SURFACE(((1.,0.707106781186547,1.),(0.70710678118655,
0.500000000000001,0.70710678118655),(1.,0.707106781186547,1.)))
REPRESENTATION_ITEM('')
SURFACE()
);
#17=(
BOUNDED_SURFACE()
B_SPLINE_SURFACE(2,2,((#3588,#3589,#3590),(#3591,#3592,#3593),(#3594,#3595,
#3596)),.UNSPECIFIED.,.F.,.F.,.F.)
B_SPLINE_SURFACE_WITH_KNOTS((3,3),(3,3),(-1.5707963267949,1.29063426612675E-14),
(-1.5707963267949,3.34339505157963E-16),.UNSPECIFIED.)
GEOMETRIC_REPRESENTATION_ITEM()
RATIONAL_B_SPLINE_SURFACE(((1.,0.707106781186547,1.),(0.707106781186546,
0.499999999999999,0.707106781186546),(1.,0.707106781186547,1.)))
REPRESENTATION_ITEM('')
SURFACE()
);
#18=(
BOUNDED_SURFACE()
B_SPLINE_SURFACE(2,2,((#3600,#3601,#3602),(#3603,#3604,#3605),(#3606,#3607,
#3608)),.UNSPECIFIED.,.F.,.F.,.F.)
B_SPLINE_SURFACE_WITH_KNOTS((3,3),(3,3),(-1.5707963267949,6.24518752698808E-15),
(-4.7080111086805E-15,1.5707963267949),.UNSPECIFIED.)
GEOMETRIC_REPRESENTATION_ITEM()
RATIONAL_B_SPLINE_SURFACE(((1.,0.707106781186546,1.),(0.707106781186545,
0.499999999999997,0.707106781186545),(1.,0.707106781186546,1.)))
REPRESENTATION_ITEM('')
SURFACE()
);
#19=SPHERICAL_SURFACE('',#1427,0.3);
#20=SPHERICAL_SURFACE('',#1432,0.3);
#21=SPHERICAL_SURFACE('',#1478,0.300000000000002);
#22=SPHERICAL_SURFACE('',#1480,0.300000000000001);
#23=B_SPLINE_SURFACE_WITH_KNOTS('',3,3,((#2051,#2052,#2053,#2054,#2055,
#2056,#2057),(#2058,#2059,#2060,#2061,#2062,#2063,#2064),(#2065,#2066,#2067,
#2068,#2069,#2070,#2071),(#2072,#2073,#2074,#2075,#2076,#2077,#2078),(#2079,
#2080,#2081,#2082,#2083,#2084,#2085),(#2086,#2087,#2088,#2089,#2090,#2091,
#2092)),.UNSPECIFIED.,.F.,.F.,.F.,(4,1,1,4),(4,1,1,1,4),(0.24636794360385,
0.569353110630771,0.784676555315386,1.),(0.,0.364601149379711,0.546901724069567,
0.911502873449278,1.27610402282899),.UNSPECIFIED.);
#24=B_SPLINE_SURFACE_WITH_KNOTS('',3,3,((#2104,#2105,#2106,#2107),(#2108,
#2109,#2110,#2111),(#2112,#2113,#2114,#2115),(#2116,#2117,#2118,#2119),
(#2120,#2121,#2122,#2123)),.UNSPECIFIED.,.F.,.F.,.F.,(4,1,4),(4,4),(0.284844819093291,
0.591339896624738,1.),(0.,0.0213031963832492),.UNSPECIFIED.);
#25=B_SPLINE_SURFACE_WITH_KNOTS('',3,3,((#2130,#2131,#2132,#2133,#2134,
#2135,#2136),(#2137,#2138,#2139,#2140,#2141,#2142,#2143),(#2144,#2145,#2146,
#2147,#2148,#2149,#2150),(#2151,#2152,#2153,#2154,#2155,#2156,#2157),(#2158,
#2159,#2160,#2161,#2162,#2163,#2164),(#2165,#2166,#2167,#2168,#2169,#2170,
#2171)),.UNSPECIFIED.,.F.,.F.,.F.,(4,1,1,4),(4,1,1,1,4),(0.246317123793101,
0.569324070738915,0.784662035369457,1.),(0.,0.364662487582221,0.546993731373332,
0.911656218955553,1.27631870653778),.UNSPECIFIED.);
#26=B_SPLINE_SURFACE_WITH_KNOTS('',3,3,((#2181,#2182,#2183,#2184),(#2185,
#2186,#2187,#2188),(#2189,#2190,#2191,#2192),(#2193,#2194,#2195,#2196),
(#2197,#2198,#2199,#2200)),.UNSPECIFIED.,.F.,.F.,.F.,(4,1,4),(4,4),(0.284757068986221,
0.693467315279809,1.),(0.,0.0213037465251234),.UNSPECIFIED.);
#27=B_SPLINE_SURFACE_WITH_KNOTS('',3,3,((#2235,#2236,#2237,#2238,#2239,
#2240,#2241),(#2242,#2243,#2244,#2245,#2246,#2247,#2248),(#2249,#2250,#2251,
#2252,#2253,#2254,#2255),(#2256,#2257,#2258,#2259,#2260,#2261,#2262),(#2263,
#2264,#2265,#2266,#2267,#2268,#2269),(#2270,#2271,#2272,#2273,#2274,#2275,
#2276)),.UNSPECIFIED.,.F.,.F.,.F.,(4,1,1,4),(4,1,1,1,4),(0.246284335853668,
0.569305334773525,0.784652667386762,1.),(0.,0.364662274885814,0.54699341232872,
0.911655687214534,1.27631796210035),.UNSPECIFIED.);
#28=B_SPLINE_SURFACE_WITH_KNOTS('',3,3,((#2288,#2289,#2290,#2291),(#2292,
#2293,#2294,#2295),(#2296,#2297,#2298,#2299),(#2300,#2301,#2302,#2303),
(#2304,#2305,#2306,#2307)),.UNSPECIFIED.,.F.,.F.,.F.,(4,1,4),(4,4),(0.284813259016315,
0.591321862295037,1.),(0.,0.021303004662631),.UNSPECIFIED.);
#29=B_SPLINE_SURFACE_WITH_KNOTS('',3,3,((#2312,#2313,#2314,#2315,#2316,
#2317,#2318),(#2319,#2320,#2321,#2322,#2323,#2324,#2325),(#2326,#2327,#2328,
#2329,#2330,#2331,#2332),(#2333,#2334,#2335,#2336,#2337,#2338,#2339),(#2340,
#2341,#2342,#2343,#2344,#2345,#2346),(#2347,#2348,#2349,#2350,#2351,#2352,
#2353)),.UNSPECIFIED.,.F.,.F.,.F.,(4,1,1,4),(4,1,1,1,4),(0.246258642595454,
0.569290652911688,0.784645326455844,1.),(0.,0.364601759487133,0.546902639230699,
0.911504398717832,1.27610615820497),.UNSPECIFIED.);
#30=B_SPLINE_SURFACE_WITH_KNOTS('',3,3,((#2363,#2364,#2365,#2366),(#2367,
#2368,#2369,#2370),(#2371,#2372,#2373,#2374),(#2375,#2376,#2377,#2378),
(#2379,#2380,#2381,#2382)),.UNSPECIFIED.,.F.,.F.,.F.,(4,1,4),(4,4),(0.284726542629431,
0.69345423255547,1.),(0.,0.0213035548010802),.UNSPECIFIED.);
#31=B_SPLINE_SURFACE_WITH_KNOTS('',3,3,((#2393,#2394,#2395,#2396,#2397,
#2398,#2399),(#2400,#2401,#2402,#2403,#2404,#2405,#2406),(#2407,#2408,#2409,
#2410,#2411,#2412,#2413),(#2414,#2415,#2416,#2417,#2418,#2419,#2420)),
 .UNSPECIFIED.,.F.,.F.,.F.,(4,4),(4,1,1,1,4),(0.,0.69278233858869),(0.0295361563872558,
0.191465143387408,0.515323117387711,0.839181091388015,1.16303906538832),
 .UNSPECIFIED.);
#32=B_SPLINE_SURFACE_WITH_KNOTS('',3,3,((#2434,#2435,#2436,#2437,#2438,
#2439,#2440),(#2441,#2442,#2443,#2444,#2445,#2446,#2447),(#2448,#2449,#2450,
#2451,#2452,#2453,#2454),(#2455,#2456,#2457,#2458,#2459,#2460,#2461)),
 .UNSPECIFIED.,.F.,.F.,.F.,(4,4),(4,1,1,1,4),(0.,0.69277954831708),(0.0295363109097875,
0.353345260591659,0.515249735432594,0.839058685114465,1.16286763479634),
 .UNSPECIFIED.);
#33=B_SPLINE_SURFACE_WITH_KNOTS('',3,3,((#2471,#2472,#2473,#2474,#2475,
#2476),(#2477,#2478,#2479,#2480,#2481,#2482),(#2483,#2484,#2485,#2486,#2487,
#2488),(#2489,#2490,#2491,#2492,#2493,#2494)),.UNSPECIFIED.,.F.,.F.,.F.,
(4,4),(4,2,4),(0.,1.),(-0.0649870923418745,0.,0.000972203011102735),
 .UNSPECIFIED.);
#34=B_SPLINE_SURFACE_WITH_KNOTS('',3,3,((#2511,#2512,#2513,#2514,#2515),
(#2516,#2517,#2518,#2519,#2520),(#2521,#2522,#2523,#2524,#2525),(#2526,
#2527,#2528,#2529,#2530)),.UNSPECIFIED.,.F.,.F.,.F.,(4,4),(4,1,4),(0.,1.),
(5.43264097629365E-14,0.0747043133505353,0.17431006448451),
 .UNSPECIFIED.);
#35=B_SPLINE_SURFACE_WITH_KNOTS('',3,3,((#2544,#2545,#2546,#2547,#2548,
#2549,#2550,#2551,#2552,#2553,#2554,#2555,#2556,#2557,#2558,#2559),(#2560,
#2561,#2562,#2563,#2564,#2565,#2566,#2567,#2568,#2569,#2570,#2571,#2572,
#2573,#2574,#2575),(#2576,#2577,#2578,#2579,#2580,#2581,#2582,#2583,#2584,
#2585,#2586,#2587,#2588,#2589,#2590,#2591),(#2592,#2593,#2594,#2595,#2596,
#2597,#2598,#2599,#2600,#2601,#2602,#2603,#2604,#2605,#2606,#2607)),
 .UNSPECIFIED.,.F.,.F.,.F.,(4,4),(4,1,1,1,1,1,1,1,1,1,1,1,1,4),(0.,1.),
(0.,0.0164453378446843,0.0328906756893686,0.0493360135340528,0.0657813513787371,
0.0668091849940299,0.0678370186093226,0.0698926858399082,0.0719483530704937,
0.0740040203010792,0.0781153547622503,0.0822266892234214,0.0986720270681057,
0.11511736491279),.UNSPECIFIED.);
#36=B_SPLINE_SURFACE_WITH_KNOTS('',3,3,((#2643,#2644,#2645,#2646,#2647),
(#2648,#2649,#2650,#2651,#2652),(#2653,#2654,#2655,#2656,#2657),(#2658,
#2659,#2660,#2661,#2662)),.UNSPECIFIED.,.F.,.F.,.F.,(4,4),(4,1,4),(0.,1.),
(0.,0.0747108352484293,0.174325282246335),.UNSPECIFIED.);
#37=B_SPLINE_SURFACE_WITH_KNOTS('',3,3,((#2676,#2677,#2678,#2679,#2680,
#2681),(#2682,#2683,#2684,#2685,#2686,#2687),(#2688,#2689,#2690,#2691,#2692,
#2693),(#2694,#2695,#2696,#2697,#2698,#2699)),.UNSPECIFIED.,.F.,.F.,.F.,
(4,4),(4,2,4),(0.,1.),(-0.0659490987453387,-0.0649768766017781,-3.18026143942805E-14),
 .UNSPECIFIED.);
#38=B_SPLINE_SURFACE_WITH_KNOTS('',3,3,((#2713,#2714,#2715,#2716,#2717),
(#2718,#2719,#2720,#2721,#2722),(#2723,#2724,#2725,#2726,#2727),(#2728,
#2729,#2730,#2731,#2732)),.UNSPECIFIED.,.F.,.F.,.F.,(4,4),(4,1,4),(0.,1.),
(0.23653200317599,1.0886961603488,2.22491503657922),.UNSPECIFIED.);
#39=B_SPLINE_SURFACE_WITH_KNOTS('',3,3,((#2783,#2784,#2785,#2786,#2787),
(#2788,#2789,#2790,#2791,#2792),(#2793,#2794,#2795,#2796,#2797),(#2798,
#2799,#2800,#2801,#2802)),.UNSPECIFIED.,.F.,.F.,.F.,(4,4),(4,1,4),(0.,1.),
(0.236523392397227,1.37257469019499,2.22461316354331),.UNSPECIFIED.);
#40=B_SPLINE_SURFACE_WITH_KNOTS('',3,3,((#2815,#2816,#2817,#2818,#2819,
#2820),(#2821,#2822,#2823,#2824,#2825,#2826),(#2827,#2828,#2829,#2830,#2831,
#2832),(#2833,#2834,#2835,#2836,#2837,#2838)),.UNSPECIFIED.,.F.,.F.,.F.,
(4,4),(4,2,4),(0.,1.),(-0.0649772374387275,0.,0.000972227124389402),
 .UNSPECIFIED.);
#41=B_SPLINE_SURFACE_WITH_KNOTS('',3,3,((#2847,#2848,#2849,#2850,#2851),
(#2852,#2853,#2854,#2855,#2856),(#2857,#2858,#2859,#2860,#2861),(#2862,
#2863,#2864,#2865,#2866)),.UNSPECIFIED.,.F.,.F.,.F.,(4,4),(4,1,4),(0.,1.),
(5.86577662404181E-14,0.0747097063109698,0.174322648058851),
 .UNSPECIFIED.);
#42=B_SPLINE_SURFACE_WITH_KNOTS('',3,3,((#2874,#2875,#2876,#2877,#2878,
#2879,#2880,#2881,#2882,#2883,#2884,#2885),(#2886,#2887,#2888,#2889,#2890,
#2891,#2892,#2893,#2894,#2895,#2896,#2897),(#2898,#2899,#2900,#2901,#2902,
#2903,#2904,#2905,#2906,#2907,#2908,#2909),(#2910,#2911,#2912,#2913,#2914,
#2915,#2916,#2917,#2918,#2919,#2920,#2921)),.UNSPECIFIED.,.F.,.F.,.F.,(4,
4),(4,1,1,1,1,1,1,1,1,4),(0.,1.),(0.,0.0164426274213338,0.0328852548426677,
0.0411065685533346,0.0493278822640015,0.0575491959746684,0.0657705096853353,
0.0822131371066692,0.098655764528003,0.115098391949337),.UNSPECIFIED.);
#43=B_SPLINE_SURFACE_WITH_KNOTS('',3,3,((#2949,#2950,#2951,#2952,#2953),
(#2954,#2955,#2956,#2957,#2958),(#2959,#2960,#2961,#2962,#2963),(#2964,
#2965,#2966,#2967,#2968)),.UNSPECIFIED.,.F.,.F.,.F.,(4,4),(4,1,4),(0.,1.),
(0.,0.0747016586276766,0.174303870131245),.UNSPECIFIED.);
#44=B_SPLINE_SURFACE_WITH_KNOTS('',3,3,((#2982,#2983,#2984,#2985,#2986,
#2987),(#2988,#2989,#2990,#2991,#2992,#2993),(#2994,#2995,#2996,#2997,#2998,
#2999),(#3000,#3001,#3002,#3003,#3004,#3005)),.UNSPECIFIED.,.F.,.F.,.F.,
(4,4),(4,2,4),(0.,1.),(-0.0659620407637926,-0.0649898379360851,-2.70052793074747E-14),
 .UNSPECIFIED.);
#45=B_SPLINE_SURFACE_WITH_KNOTS('',3,3,((#3019,#3020,#3021,#3022,#3023),
(#3024,#3025,#3026,#3027,#3028),(#3029,#3030,#3031,#3032,#3033),(#3034,
#3035,#3036,#3037,#3038)),.UNSPECIFIED.,.F.,.F.,.F.,(4,4),(4,1,4),(0.,1.),
(0.236520436494431,1.37257447456633,2.22461500312025),.UNSPECIFIED.);
#46=B_SPLINE_SURFACE_WITH_KNOTS('',3,3,((#3071,#3072,#3073,#3074,#3075,
#3076),(#3077,#3078,#3079,#3080,#3081,#3082),(#3083,#3084,#3085,#3086,#3087,
#3088),(#3089,#3090,#3091,#3092,#3093,#3094)),.UNSPECIFIED.,.F.,.F.,.F.,
(4,4),(4,2,4),(0.,1.),(-0.0649778335967966,0.,0.000972222078983397),
 .UNSPECIFIED.);
#47=B_SPLINE_SURFACE_WITH_KNOTS('',3,3,((#3111,#3112,#3113,#3114,#3115),
(#3116,#3117,#3118,#3119,#3120),(#3121,#3122,#3123,#3124,#3125),(#3126,
#3127,#3128,#3129,#3130)),.UNSPECIFIED.,.F.,.F.,.F.,(4,4),(4,1,4),(0.,1.),
(6.13936756823329E-14,0.0996132131336648,0.174323122983867),
 .UNSPECIFIED.);
#48=B_SPLINE_SURFACE_WITH_KNOTS('',3,3,((#3144,#3145,#3146,#3147,#3148,
#3149,#3150,#3151,#3152,#3153,#3154),(#3155,#3156,#3157,#3158,#3159,#3160,
#3161,#3162,#3163,#3164,#3165),(#3166,#3167,#3168,#3169,#3170,#3171,#3172,
#3173,#3174,#3175,#3176),(#3177,#3178,#3179,#3180,#3181,#3182,#3183,#3184,
#3185,#3186,#3187)),.UNSPECIFIED.,.F.,.F.,.F.,(4,4),(4,1,1,1,1,1,1,1,4),
(0.,1.),(0.,0.0205534347729999,0.0328854956367999,0.0411068695459999,0.0493282434551998,
0.0575496173643998,0.0657709912735998,0.0822137390919997,0.1150992347288),
 .UNSPECIFIED.);
#49=B_SPLINE_SURFACE_WITH_KNOTS('',3,3,((#3212,#3213,#3214,#3215,#3216),
(#3217,#3218,#3219,#3220,#3221),(#3222,#3223,#3224,#3225,#3226),(#3227,
#3228,#3229,#3230,#3231)),.UNSPECIFIED.,.F.,.F.,.F.,(4,4),(4,1,4),(0.,1.),
(0.,0.0996052264223277,0.174309146239073),.UNSPECIFIED.);
#50=B_SPLINE_SURFACE_WITH_KNOTS('',3,3,((#3239,#3240,#3241,#3242,#3243,
#3244),(#3245,#3246,#3247,#3248,#3249,#3250),(#3251,#3252,#3253,#3254,#3255,
#3256),(#3257,#3258,#3259,#3260,#3261,#3262)),.UNSPECIFIED.,.F.,.F.,.F.,
(4,4),(4,2,4),(0.,1.),(-0.0659594228710379,-0.0649872181241097,-2.86393244549754E-14),
 .UNSPECIFIED.);
#51=B_SPLINE_SURFACE_WITH_KNOTS('',3,3,((#3289,#3290,#3291,#3292,#3293),
(#3294,#3295,#3296,#3297,#3298),(#3299,#3300,#3301,#3302,#3303),(#3304,
#3305,#3306,#3307,#3308)),.UNSPECIFIED.,.F.,.F.,.F.,(4,4),(4,1,4),(0.,1.),
(0.23653157094375,1.08869644450081,2.22491627591023),.UNSPECIFIED.);
#52=B_SPLINE_SURFACE_WITH_KNOTS('',3,3,((#3321,#3322,#3323,#3324,#3325,
#3326),(#3327,#3328,#3329,#3330,#3331,#3332),(#3333,#3334,#3335,#3336,#3337,
#3338),(#3339,#3340,#3341,#3342,#3343,#3344)),.UNSPECIFIED.,.F.,.F.,.F.,
(4,4),(4,2,4),(0.,1.),(-0.0659504214990066,-0.064978194439092,0.),
 .UNSPECIFIED.);
#53=B_SPLINE_SURFACE_WITH_KNOTS('',3,3,((#3353,#3354,#3355,#3356,#3357),
(#3358,#3359,#3360,#3361,#3362),(#3363,#3364,#3365,#3366,#3367),(#3368,
#3369,#3370,#3371,#3372)),.UNSPECIFIED.,.F.,.F.,.F.,(4,4),(4,1,4),(0.,1.),
(0.,0.0747087809254959,0.174320488826157),.UNSPECIFIED.);
#54=B_SPLINE_SURFACE_WITH_KNOTS('',3,3,((#3380,#3381,#3382,#3383,#3384,
#3385,#3386,#3387,#3388,#3389,#3390,#3391,#3392),(#3393,#3394,#3395,#3396,
#3397,#3398,#3399,#3400,#3401,#3402,#3403,#3404,#3405),(#3406,#3407,#3408,
#3409,#3410,#3411,#3412,#3413,#3414,#3415,#3416,#3417,#3418),(#3419,#3420,
#3421,#3422,#3423,#3424,#3425,#3426,#3427,#3428,#3429,#3430,#3431)),
 .UNSPECIFIED.,.F.,.F.,.F.,(4,4),(4,1,1,1,1,1,1,1,1,1,4),(0.,1.),(0.,0.0164425630158877,
0.0328851260317754,0.0411064075397192,0.0452170482936911,0.049327689047663,
0.0575489705556069,0.0657702520635507,0.0822128150794384,0.0986553780953261,
0.115097941111214),.UNSPECIFIED.);
#55=B_SPLINE_SURFACE_WITH_KNOTS('',3,3,((#3460,#3461,#3462,#3463,#3464),
(#3465,#3466,#3467,#3468,#3469),(#3470,#3471,#3472,#3473,#3474),(#3475,
#3476,#3477,#3478,#3479)),.UNSPECIFIED.,.F.,.F.,.F.,(4,4),(4,1,4),(0.,1.),
(0.,0.0747012651066951,0.174302951915622),.UNSPECIFIED.);
#56=B_SPLINE_SURFACE_WITH_KNOTS('',3,3,((#3487,#3488,#3489,#3490,#3491,
#3492),(#3493,#3494,#3495,#3496,#3497,#3498),(#3499,#3500,#3501,#3502,#3503,
#3504),(#3505,#3506,#3507,#3508,#3509,#3510)),.UNSPECIFIED.,.F.,.F.,.F.,
(4,4),(4,2,4),(0.,1.),(-0.0649899637235472,0.,0.000972204563738274),
 .UNSPECIFIED.);
#57=B_SPLINE_SURFACE_WITH_KNOTS('',3,3,((#3517,#3518,#3519,#3520,#3521,
#3522),(#3523,#3524,#3525,#3526,#3527,#3528),(#3529,#3530,#3531,#3532,#3533,
#3534),(#3535,#3536,#3537,#3538,#3539,#3540),(#3541,#3542,#3543,#3544,#3545,
#3546)),.UNSPECIFIED.,.F.,.F.,.F.,(4,1,4),(4,1,1,4),(0.,0.571428571428571,
1.),(0.206194069965222,0.839816096006158,1.47343812204709,2.4238711611085),
 .UNSPECIFIED.);
#58=B_SPLINE_SURFACE_WITH_KNOTS('',3,3,((#3612,#3613,#3614,#3615,#3616,
#3617),(#3618,#3619,#3620,#3621,#3622,#3623),(#3624,#3625,#3626,#3627,#3628,
#3629),(#3630,#3631,#3632,#3633,#3634,#3635),(#3636,#3637,#3638,#3639,#3640,
#3641)),.UNSPECIFIED.,.F.,.F.,.F.,(4,1,4),(4,1,1,4),(0.,0.571428571428571,
1.),(-2.00037118211013,-1.36674929486708,-0.733127407624032,0.217305423240538),
 .UNSPECIFIED.);
#59=B_SPLINE_SURFACE_WITH_KNOTS('',3,3,((#3656,#3657,#3658,#3659,#3660,
#3661),(#3662,#3663,#3664,#3665,#3666,#3667),(#3668,#3669,#3670,#3671,#3672,
#3673),(#3674,#3675,#3676,#3677,#3678,#3679),(#3680,#3681,#3682,#3683,#3684,
#3685)),.UNSPECIFIED.,.F.,.F.,.F.,(4,1,4),(4,1,1,4),(0.,0.571428571428571,
1.),(0.206195755344891,0.839815815596155,1.47343587584742,2.42386596622432),
 .UNSPECIFIED.);
#60=B_SPLINE_SURFACE_WITH_KNOTS('',3,3,((#3698,#3699,#3700,#3701,#3702,
#3703),(#3704,#3705,#3706,#3707,#3708,#3709),(#3710,#3711,#3712,#3713,#3714,
#3715),(#3716,#3717,#3718,#3719,#3720,#3721),(#3722,#3723,#3724,#3725,#3726,
#3727)),.UNSPECIFIED.,.F.,.F.,.F.,(4,1,4),(4,1,1,4),(0.,0.571428571428571,
1.),(-2.00037263718021,-1.36675065932797,-0.733128681475741,0.217304285302609),
 .UNSPECIFIED.);
#61=B_SPLINE_SURFACE_WITH_KNOTS('',3,3,((#3740,#3741,#3742,#3743),(#3744,
#3745,#3746,#3747),(#3748,#3749,#3750,#3751),(#3752,#3753,#3754,#3755),
(#3756,#3757,#3758,#3759),(#3760,#3761,#3762,#3763)),.UNSPECIFIED.,.F.,
 .F.,.F.,(4,1,1,4),(4,4),(0.0264887229293153,0.297066530183788,0.56764433743826,
0.973511048319968),(0.0939998324447861,0.991027870717626),.UNSPECIFIED.);
#62=B_SPLINE_SURFACE_WITH_KNOTS('',3,3,((#3776,#3777,#3778,#3779,#3780,
#3781,#3782),(#3783,#3784,#3785,#3786,#3787,#3788,#3789),(#3790,#3791,#3792,
#3793,#3794,#3795,#3796),(#3797,#3798,#3799,#3800,#3801,#3802,#3803)),
 .UNSPECIFIED.,.F.,.F.,.F.,(4,4),(4,1,1,1,4),(0.,0.692783650637741),(0.0295361252887204,
0.191440659206315,0.515249727041505,0.839058794876695,1.16286786271188),
 .UNSPECIFIED.);
#63=B_SPLINE_SURFACE_WITH_KNOTS('',3,3,((#3811,#3812,#3813,#3814,#3815,
#3816,#3817),(#3818,#3819,#3820,#3821,#3822,#3823,#3824),(#3825,#3826,#3827,
#3828,#3829,#3830,#3831),(#3832,#3833,#3834,#3835,#3836,#3837,#3838)),
 .UNSPECIFIED.,.F.,.F.,.F.,(4,4),(4,1,1,1,4),(0.,0.692783768192883),(0.0295357547176924,
0.353393769912025,0.677251785106357,1.00110980030069,1.16303880789786),
 .UNSPECIFIED.);
#64=B_SPLINE_SURFACE_WITH_KNOTS('',3,3,((#3839,#3840,#3841,#3842),(#3843,
#3844,#3845,#3846),(#3847,#3848,#3849,#3850),(#3851,#3852,#3853,#3854),
(#3855,#3856,#3857,#3858),(#3859,#3860,#3861,#3862)),.UNSPECIFIED.,.F.,
 .F.,.F.,(4,1,1,4),(4,4),(0.0264923126934384,0.43235607884005,0.702931922937792,
0.973507767035533),(0.0939993335812915,0.991022802596046),.UNSPECIFIED.);
#65=B_SPLINE_SURFACE_WITH_KNOTS('',3,3,((#3863,#3864,#3865,#3866),(#3867,
#3868,#3869,#3870),(#3871,#3872,#3873,#3874),(#3875,#3876,#3877,#3878),
(#3879,#3880,#3881,#3882),(#3883,#3884,#3885,#3886)),.UNSPECIFIED.,.F.,
 .F.,.F.,(4,1,1,4),(4,4),(0.0264890584085529,0.297066804675109,0.567644550941665,
0.973511170341499),(0.0940001404747894,0.991028081154308),.UNSPECIFIED.);
#66=B_SPLINE_SURFACE_WITH_KNOTS('',3,3,((#3887,#3888,#3889,#3890),(#3891,
#3892,#3893,#3894),(#3895,#3896,#3897,#3898),(#3899,#3900,#3901,#3902),
(#3903,#3904,#3905,#3906),(#3907,#3908,#3909,#3910)),.UNSPECIFIED.,.F.,
 .F.,.F.,(4,1,1,4),(4,4),(0.0264925392353929,0.297068208321369,0.567643877407346,
0.97350738103631),(0.0940002174280957,0.99102340634357),.UNSPECIFIED.);
#67=FACE_BOUND('',#187,.T.);
#68=FACE_BOUND('',#231,.T.);
#69=FACE_BOUND('',#232,.T.);
#70=FACE_BOUND('',#235,.T.);
#71=FACE_BOUND('',#252,.T.);
#72=FACE_BOUND('',#253,.T.);
#73=PLANE('',#1366);
#74=PLANE('',#1411);
#75=PLANE('',#1415);
#76=PLANE('',#1419);
#77=PLANE('',#1423);
#78=PLANE('',#1440);
#79=PLANE('',#1443);
#80=PLANE('',#1448);
#81=PLANE('',#1457);
#82=TOROIDAL_SURFACE('',#1351,0.76,0.05);
#83=TOROIDAL_SURFACE('',#1371,1.21,0.5);
#84=TOROIDAL_SURFACE('',#1375,1.21,0.5);
#85=TOROIDAL_SURFACE('',#1378,1.21,0.5);
#86=TOROIDAL_SURFACE('',#1381,1.21,0.5);
#87=TOROIDAL_SURFACE('',#1384,1.21,0.5);
#88=TOROIDAL_SURFACE('',#1387,1.21,0.5);
#89=TOROIDAL_SURFACE('',#1390,1.21,0.5);
#90=TOROIDAL_SURFACE('',#1393,1.21,0.5);
#91=FACE_OUTER_BOUND('',#183,.T.);
#92=FACE_OUTER_BOUND('',#184,.T.);
#93=FACE_OUTER_BOUND('',#185,.T.);
#94=FACE_OUTER_BOUND('',#186,.T.);
#95=FACE_OUTER_BOUND('',#188,.T.);
#96=FACE_OUTER_BOUND('',#189,.T.);
#97=FACE_OUTER_BOUND('',#190,.T.);
#98=FACE_OUTER_BOUND('',#191,.T.);
#99=FACE_OUTER_BOUND('',#192,.T.);
#100=FACE_OUTER_BOUND('',#193,.T.);
#101=FACE_OUTER_BOUND('',#194,.T.);
#102=FACE_OUTER_BOUND('',#195,.T.);
#103=FACE_OUTER_BOUND('',#196,.T.);
#104=FACE_OUTER_BOUND('',#197,.T.);
#105=FACE_OUTER_BOUND('',#198,.T.);
#106=FACE_OUTER_BOUND('',#199,.T.);
#107=FACE_OUTER_BOUND('',#200,.T.);
#108=FACE_OUTER_BOUND('',#201,.T.);
#109=FACE_OUTER_BOUND('',#202,.T.);
#110=FACE_OUTER_BOUND('',#203,.T.);
#111=FACE_OUTER_BOUND('',#204,.T.);
#112=FACE_OUTER_BOUND('',#205,.T.);
#113=FACE_OUTER_BOUND('',#206,.T.);
#114=FACE_OUTER_BOUND('',#207,.T.);
#115=FACE_OUTER_BOUND('',#208,.T.);
#116=FACE_OUTER_BOUND('',#209,.T.);
#117=FACE_OUTER_BOUND('',#210,.T.);
#118=FACE_OUTER_BOUND('',#211,.T.);
#119=FACE_OUTER_BOUND('',#212,.T.);
#120=FACE_OUTER_BOUND('',#213,.T.);
#121=FACE_OUTER_BOUND('',#214,.T.);
#122=FACE_OUTER_BOUND('',#215,.T.);
#123=FACE_OUTER_BOUND('',#216,.T.);
#124=FACE_OUTER_BOUND('',#217,.T.);
#125=FACE_OUTER_BOUND('',#218,.T.);
#126=FACE_OUTER_BOUND('',#219,.T.);
#127=FACE_OUTER_BOUND('',#220,.T.);
#128=FACE_OUTER_BOUND('',#221,.T.);
#129=FACE_OUTER_BOUND('',#222,.T.);
#130=FACE_OUTER_BOUND('',#223,.T.);
#131=FACE_OUTER_BOUND('',#224,.T.);
#132=FACE_OUTER_BOUND('',#225,.T.);
#133=FACE_OUTER_BOUND('',#226,.T.);
#134=FACE_OUTER_BOUND('',#227,.T.);
#135=FACE_OUTER_BOUND('',#228,.T.);
#136=FACE_OUTER_BOUND('',#229,.T.);
#137=FACE_OUTER_BOUND('',#230,.T.);
#138=FACE_OUTER_BOUND('',#233,.T.);
#139=FACE_OUTER_BOUND('',#234,.T.);
#140=FACE_OUTER_BOUND('',#236,.T.);
#141=FACE_OUTER_BOUND('',#237,.T.);
#142=FACE_OUTER_BOUND('',#238,.T.);
#143=FACE_OUTER_BOUND('',#239,.T.);
#144=FACE_OUTER_BOUND('',#240,.T.);
#145=FACE_OUTER_BOUND('',#241,.T.);
#146=FACE_OUTER_BOUND('',#242,.T.);
#147=FACE_OUTER_BOUND('',#243,.T.);
#148=FACE_OUTER_BOUND('',#244,.T.);
#149=FACE_OUTER_BOUND('',#245,.T.);
#150=FACE_OUTER_BOUND('',#246,.T.);
#151=FACE_OUTER_BOUND('',#247,.T.);
#152=FACE_OUTER_BOUND('',#248,.T.);
#153=FACE_OUTER_BOUND('',#249,.T.);
#154=FACE_OUTER_BOUND('',#250,.T.);
#155=FACE_OUTER_BOUND('',#251,.T.);
#156=FACE_OUTER_BOUND('',#254,.T.);
#157=FACE_OUTER_BOUND('',#255,.T.);
#158=FACE_OUTER_BOUND('',#256,.T.);
#159=FACE_OUTER_BOUND('',#257,.T.);
#160=FACE_OUTER_BOUND('',#258,.T.);
#161=FACE_OUTER_BOUND('',#259,.T.);
#162=FACE_OUTER_BOUND('',#260,.T.);
#163=FACE_OUTER_BOUND('',#261,.T.);
#164=FACE_OUTER_BOUND('',#262,.T.);
#165=FACE_OUTER_BOUND('',#263,.T.);
#166=FACE_OUTER_BOUND('',#264,.T.);
#167=FACE_OUTER_BOUND('',#265,.T.);
#168=FACE_OUTER_BOUND('',#266,.T.);
#169=FACE_OUTER_BOUND('',#267,.T.);
#170=FACE_OUTER_BOUND('',#268,.T.);
#171=FACE_OUTER_BOUND('',#269,.T.);
#172=FACE_OUTER_BOUND('',#270,.T.);
#173=FACE_OUTER_BOUND('',#271,.T.);
#174=FACE_OUTER_BOUND('',#272,.T.);
#175=FACE_OUTER_BOUND('',#273,.T.);
#176=FACE_OUTER_BOUND('',#274,.T.);
#177=FACE_OUTER_BOUND('',#275,.T.);
#178=FACE_OUTER_BOUND('',#276,.T.);
#179=FACE_OUTER_BOUND('',#277,.T.);
#180=FACE_OUTER_BOUND('',#278,.T.);
#181=FACE_OUTER_BOUND('',#279,.T.);
#182=FACE_OUTER_BOUND('',#280,.T.);
#183=EDGE_LOOP('',(#819,#820,#821,#822,#823,#824,#825));
#184=EDGE_LOOP('',(#826,#827,#828,#829,#830));
#185=EDGE_LOOP('',(#831,#832,#833,#834,#835,#836,#837,#838,#839,#840,#841,
#842,#843,#844,#845,#846,#847,#848,#849));
#186=EDGE_LOOP('',(#850,#851,#852,#853,#854,#855,#856,#857));
#187=EDGE_LOOP('',(#858));
#188=EDGE_LOOP('',(#859,#860,#861,#862));
#189=EDGE_LOOP('',(#863,#864,#865,#866));
#190=EDGE_LOOP('',(#867,#868,#869,#870));
#191=EDGE_LOOP('',(#871,#872,#873,#874));
#192=EDGE_LOOP('',(#875,#876,#877,#878));
#193=EDGE_LOOP('',(#879,#880,#881,#882));
#194=EDGE_LOOP('',(#883,#884,#885,#886));
#195=EDGE_LOOP('',(#887,#888,#889,#890,#891));
#196=EDGE_LOOP('',(#892,#893,#894,#895));
#197=EDGE_LOOP('',(#896,#897,#898,#899));
#198=EDGE_LOOP('',(#900,#901,#902,#903));
#199=EDGE_LOOP('',(#904,#905,#906,#907));
#200=EDGE_LOOP('',(#908,#909));
#201=EDGE_LOOP('',(#910,#911));
#202=EDGE_LOOP('',(#912,#913));
#203=EDGE_LOOP('',(#914,#915));
#204=EDGE_LOOP('',(#916,#917,#918,#919,#920,#921));
#205=EDGE_LOOP('',(#922,#923,#924,#925));
#206=EDGE_LOOP('',(#926,#927,#928,#929,#930,#931));
#207=EDGE_LOOP('',(#932,#933,#934,#935));
#208=EDGE_LOOP('',(#936,#937,#938,#939));
#209=EDGE_LOOP('',(#940));
#210=EDGE_LOOP('',(#941,#942,#943,#944));
#211=EDGE_LOOP('',(#945));
#212=EDGE_LOOP('',(#946,#947,#948,#949));
#213=EDGE_LOOP('',(#950));
#214=EDGE_LOOP('',(#951,#952,#953,#954));
#215=EDGE_LOOP('',(#955));
#216=EDGE_LOOP('',(#956,#957,#958,#959,#960,#961));
#217=EDGE_LOOP('',(#962,#963,#964,#965));
#218=EDGE_LOOP('',(#966,#967,#968,#969,#970,#971));
#219=EDGE_LOOP('',(#972,#973,#974,#975));
#220=EDGE_LOOP('',(#976,#977,#978,#979));
#221=EDGE_LOOP('',(#980,#981,#982,#983));
#222=EDGE_LOOP('',(#984,#985,#986,#987));
#223=EDGE_LOOP('',(#988,#989,#990,#991));
#224=EDGE_LOOP('',(#992,#993,#994));
#225=EDGE_LOOP('',(#995,#996,#997,#998));
#226=EDGE_LOOP('',(#999,#1000,#1001,#1002));
#227=EDGE_LOOP('',(#1003,#1004,#1005,#1006));
#228=EDGE_LOOP('',(#1007,#1008,#1009));
#229=EDGE_LOOP('',(#1010,#1011,#1012,#1013));
#230=EDGE_LOOP('',(#1014,#1015,#1016,#1017,#1018,#1019));
#231=EDGE_LOOP('',(#1020));
#232=EDGE_LOOP('',(#1021));
#233=EDGE_LOOP('',(#1022,#1023,#1024,#1025));
#234=EDGE_LOOP('',(#1026,#1027,#1028,#1029,#1030,#1031));
#235=EDGE_LOOP('',(#1032));
#236=EDGE_LOOP('',(#1033,#1034,#1035,#1036));
#237=EDGE_LOOP('',(#1037,#1038,#1039));
#238=EDGE_LOOP('',(#1040,#1041,#1042,#1043));
#239=EDGE_LOOP('',(#1044,#1045,#1046,#1047));
#240=EDGE_LOOP('',(#1048,#1049,#1050,#1051));
#241=EDGE_LOOP('',(#1052,#1053,#1054));
#242=EDGE_LOOP('',(#1055,#1056,#1057,#1058));
#243=EDGE_LOOP('',(#1059,#1060,#1061,#1062,#1063,#1064));
#244=EDGE_LOOP('',(#1065,#1066,#1067,#1068));
#245=EDGE_LOOP('',(#1069,#1070,#1071));
#246=EDGE_LOOP('',(#1072,#1073,#1074,#1075));
#247=EDGE_LOOP('',(#1076,#1077,#1078,#1079));
#248=EDGE_LOOP('',(#1080,#1081,#1082,#1083));
#249=EDGE_LOOP('',(#1084,#1085,#1086));
#250=EDGE_LOOP('',(#1087,#1088,#1089,#1090));
#251=EDGE_LOOP('',(#1091,#1092,#1093,#1094,#1095,#1096));
#252=EDGE_LOOP('',(#1097));
#253=EDGE_LOOP('',(#1098));
#254=EDGE_LOOP('',(#1099,#1100,#1101,#1102));
#255=EDGE_LOOP('',(#1103,#1104,#1105));
#256=EDGE_LOOP('',(#1106,#1107,#1108,#1109));
#257=EDGE_LOOP('',(#1110,#1111,#1112,#1113));
#258=EDGE_LOOP('',(#1114,#1115,#1116,#1117));
#259=EDGE_LOOP('',(#1118,#1119,#1120));
#260=EDGE_LOOP('',(#1121,#1122,#1123,#1124,#1125,#1126,#1127,#1128));
#261=EDGE_LOOP('',(#1129,#1130,#1131,#1132));
#262=EDGE_LOOP('',(#1133,#1134,#1135,#1136));
#263=EDGE_LOOP('',(#1137,#1138,#1139,#1140));
#264=EDGE_LOOP('',(#1141,#1142,#1143,#1144));
#265=EDGE_LOOP('',(#1145,#1146,#1147,#1148));
#266=EDGE_LOOP('',(#1149,#1150,#1151,#1152));
#267=EDGE_LOOP('',(#1153,#1154,#1155,#1156));
#268=EDGE_LOOP('',(#1157,#1158,#1159,#1160));
#269=EDGE_LOOP('',(#1161,#1162,#1163,#1164));
#270=EDGE_LOOP('',(#1165,#1166,#1167,#1168,#1169,#1170,#1171,#1172));
#271=EDGE_LOOP('',(#1173,#1174,#1175,#1176,#1177,#1178,#1179,#1180));
#272=EDGE_LOOP('',(#1181,#1182,#1183,#1184,#1185,#1186,#1187,#1188));
#273=EDGE_LOOP('',(#1189,#1190,#1191,#1192));
#274=EDGE_LOOP('',(#1193,#1194,#1195,#1196));
#275=EDGE_LOOP('',(#1197,#1198,#1199,#1200));
#276=EDGE_LOOP('',(#1201,#1202,#1203,#1204));
#277=EDGE_LOOP('',(#1205,#1206,#1207,#1208));
#278=EDGE_LOOP('',(#1209,#1210,#1211,#1212));
#279=EDGE_LOOP('',(#1213,#1214,#1215,#1216));
#280=EDGE_LOOP('',(#1217,#1218,#1219,#1220));
#281=B_SPLINE_CURVE_WITH_KNOTS('',3,(#1783,#1784,#1785,#1786,#1787,#1788,
#1789,#1790,#1791,#1792,#1793,#1794,#1795,#1796,#1797,#1798,#1799,#1800,
#1801,#1802),.UNSPECIFIED.,.F.,.F.,(4,2,2,2,2,2,2,2,2,4),(0.407384715651477,
0.414859796913683,0.518807286148325,0.622754775382968,0.726641843639129,
0.83052891189529,0.934475169934076,1.03842142797286,1.1423097875224,1.24619814707195),
 .UNSPECIFIED.);
#282=B_SPLINE_CURVE_WITH_KNOTS('',3,(#1804,#1805,#1806,#1807,#1808,#1809,
#1810,#1811,#1812,#1813),.UNSPECIFIED.,.F.,.F.,(4,2,2,2,4),(0.,0.103826448636418,
0.207652897272835,0.311256347093259,0.407384715651477),.UNSPECIFIED.);
#283=B_SPLINE_CURVE_WITH_KNOTS('',3,(#1815,#1816,#1817,#1818,#1819,#1820,
#1821,#1822,#1823,#1824),.UNSPECIFIED.,.F.,.F.,(4,2,2,2,4),(1.25367326771662,
1.34985714593906,1.45351614480618,1.5572870148292,1.66105788485223),
 .UNSPECIFIED.);
#284=B_SPLINE_CURVE_WITH_KNOTS('',3,(#1825,#1826,#1827,#1828),
 .UNSPECIFIED.,.F.,.F.,(4,4),(1.24619814707195,1.25367326771662),
 .UNSPECIFIED.);
#285=B_SPLINE_CURVE_WITH_KNOTS('',3,(#1909,#1910,#1911,#1912,#1913,#1914),
 .UNSPECIFIED.,.F.,.F.,(4,2,4),(-0.457822363050979,-0.288214181308763,0.),
 .UNSPECIFIED.);
#286=B_SPLINE_CURVE_WITH_KNOTS('',3,(#1916,#1917,#1918,#1919,#1920,#1921),
 .UNSPECIFIED.,.F.,.F.,(4,2,4),(-1.14359039374661,-0.859455100048524,-0.685887481349478),
 .UNSPECIFIED.);
#287=B_SPLINE_CURVE_WITH_KNOTS('',3,(#1922,#1923,#1924,#1925,#1926,#1927,
#1928),.UNSPECIFIED.,.F.,.F.,(4,3,4),(-0.0246096701357991,-0.0123048294325292,
0.),.UNSPECIFIED.);
#288=B_SPLINE_CURVE_WITH_KNOTS('',3,(#1931,#1932,#1933,#1934,#1935,#1936),
 .UNSPECIFIED.,.F.,.F.,(4,2,4),(-1.14378677093344,-0.859454132991818,-0.686265378801099),
 .UNSPECIFIED.);
#289=B_SPLINE_CURVE_WITH_KNOTS('',3,(#1938,#1939,#1940,#1941,#1942,#1943,
#1944),.UNSPECIFIED.,.F.,.F.,(4,3,4),(-0.0246088207852146,-0.0123044113553437,
0.),.UNSPECIFIED.);
#290=B_SPLINE_CURVE_WITH_KNOTS('',3,(#1945,#1946,#1947,#1948,#1949,#1950),
 .UNSPECIFIED.,.F.,.F.,(4,2,4),(-0.457772986988734,-0.288212047681745,0.),
 .UNSPECIFIED.);
#291=B_SPLINE_CURVE_WITH_KNOTS('',3,(#1953,#1954,#1955,#1956,#1957,#1958),
 .UNSPECIFIED.,.F.,.F.,(4,2,4),(-1.14360391467442,-0.85946412540739,-0.68527875575142),
 .UNSPECIFIED.);
#292=B_SPLINE_CURVE_WITH_KNOTS('',3,(#1960,#1961,#1962,#1963,#1964,#1965,
#1966),.UNSPECIFIED.,.F.,.F.,(4,3,4),(-0.0246098981824264,-0.0123049518541169,
0.),.UNSPECIFIED.);
#293=B_SPLINE_CURVE_WITH_KNOTS('',3,(#1967,#1968,#1969,#1970,#1971,#1972),
 .UNSPECIFIED.,.F.,.F.,(4,2,4),(-0.457725774500475,-0.288210720063322,0.),
 .UNSPECIFIED.);
#294=B_SPLINE_CURVE_WITH_KNOTS('',3,(#1975,#1976,#1977,#1978,#1979,#1980),
 .UNSPECIFIED.,.F.,.F.,(4,2,4),(-0.458459486815756,-0.28821403413572,0.),
 .UNSPECIFIED.);
#295=B_SPLINE_CURVE_WITH_KNOTS('',3,(#1982,#1983,#1984,#1985,#1986,#1987),
 .UNSPECIFIED.,.F.,.F.,(4,2,4),(-1.14379288831714,-0.859457677018384,-0.685968996957602),
 .UNSPECIFIED.);
#296=B_SPLINE_CURVE_WITH_KNOTS('',3,(#1988,#1989,#1990,#1991,#1992,#1993,
#1994),.UNSPECIFIED.,.F.,.F.,(4,3,4),(-0.0246107473286932,-0.0123053707615069,
0.),.UNSPECIFIED.);
#297=B_SPLINE_CURVE_WITH_KNOTS('',3,(#1996,#1997,#1998,#1999,#2000,#2001,
#2002,#2003,#2004,#2005,#2006,#2007,#2008),.UNSPECIFIED.,.F.,.F.,(4,3,3,
3,4),(-0.685887481349478,-0.652611883853368,-0.576747032268507,-0.470125684598854,
-0.457772986988734),.UNSPECIFIED.);
#298=B_SPLINE_CURVE_WITH_KNOTS('',3,(#2010,#2011,#2012,#2013,#2014,#2015,
#2016,#2017,#2018,#2019,#2020,#2021,#2022),.UNSPECIFIED.,.F.,.F.,(4,3,3,
3,4),(-0.685968996957602,-0.652728727211493,-0.576752773204704,-0.470202352176059,
-0.457822363050979),.UNSPECIFIED.);
#299=B_SPLINE_CURVE_WITH_KNOTS('',3,(#2024,#2025,#2026,#2027,#2028,#2029,
#2030,#2031,#2032,#2033,#2034,#2035,#2036),.UNSPECIFIED.,.F.,.F.,(4,3,3,
3,4),(-0.686265378801099,-0.652725373341104,-0.576748794585558,-0.470126184541082,
-0.457725774500475),.UNSPECIFIED.);
#300=B_SPLINE_CURVE_WITH_KNOTS('',3,(#2038,#2039,#2040,#2041,#2042,#2043,
#2044,#2045,#2046,#2047,#2048,#2049,#2050),.UNSPECIFIED.,.F.,.F.,(4,3,3,
3,4),(-0.68527875575142,-0.652624145907559,-0.576752336949297,-0.470209288337351,
-0.458459486815756),.UNSPECIFIED.);
#301=B_SPLINE_CURVE_WITH_KNOTS('',3,(#2096,#2097,#2098,#2099,#2100,#2101,
#2102),.UNSPECIFIED.,.F.,.F.,(4,1,1,1,4),(-1.27610402282899,-0.911502873449278,
-0.546901724069567,-0.364601149379711,0.),.UNSPECIFIED.);
#302=B_SPLINE_CURVE_WITH_KNOTS('',3,(#2126,#2127,#2128,#2129),
 .UNSPECIFIED.,.F.,.F.,(4,4),(-0.0213031963832492,0.),.UNSPECIFIED.);
#303=B_SPLINE_CURVE_WITH_KNOTS('',3,(#2174,#2175,#2176,#2177,#2178,#2179,
#2180),.UNSPECIFIED.,.F.,.F.,(4,1,1,1,4),(-1.27631870653778,-0.911656218955553,
-0.546993731373332,-0.364662487582221,0.),.UNSPECIFIED.);
#304=B_SPLINE_CURVE_WITH_KNOTS('',3,(#2203,#2204,#2205,#2206),
 .UNSPECIFIED.,.F.,.F.,(4,4),(-0.0213037465251234,0.),.UNSPECIFIED.);
#305=B_SPLINE_CURVE_WITH_KNOTS('',3,(#2280,#2281,#2282,#2283,#2284,#2285,
#2286),.UNSPECIFIED.,.F.,.F.,(4,1,1,1,4),(-1.27631796210035,-0.911655687214534,
-0.54699341232872,-0.364662274885814,0.),.UNSPECIFIED.);
#306=B_SPLINE_CURVE_WITH_KNOTS('',3,(#2308,#2309,#2310,#2311),
 .UNSPECIFIED.,.F.,.F.,(4,4),(-0.021303004662631,0.),.UNSPECIFIED.);
#307=B_SPLINE_CURVE_WITH_KNOTS('',3,(#2356,#2357,#2358,#2359,#2360,#2361,
#2362),.UNSPECIFIED.,.F.,.F.,(4,1,1,1,4),(-1.27610615820497,-0.911504398717832,
-0.546902639230699,-0.364601759487133,0.),.UNSPECIFIED.);
#308=B_SPLINE_CURVE_WITH_KNOTS('',3,(#2383,#2384,#2385,#2386),
 .UNSPECIFIED.,.F.,.F.,(4,4),(-0.0213035548010802,0.),.UNSPECIFIED.);
#309=B_SPLINE_CURVE_WITH_KNOTS('',3,(#2423,#2424,#2425,#2426,#2427,#2428,
#2429),.UNSPECIFIED.,.F.,.F.,(4,1,1,1,4),(0.0295361563872558,0.191465143387408,
0.515323117387711,0.839181091388015,1.16303906538832),.UNSPECIFIED.);
#310=B_SPLINE_CURVE_WITH_KNOTS('',3,(#2464,#2465,#2466,#2467,#2468,#2469,
#2470),.UNSPECIFIED.,.F.,.F.,(4,1,1,1,4),(0.0295363109097875,0.353345260591659,
0.515249735432594,0.839058685114465,1.16286763479634),.UNSPECIFIED.);
#311=B_SPLINE_CURVE_WITH_KNOTS('',3,(#2497,#2498,#2499,#2500,#2501,#2502),
 .UNSPECIFIED.,.F.,.F.,(4,2,4),(-0.0649870923418745,0.,0.000972203011102735),
 .UNSPECIFIED.);
#312=B_SPLINE_CURVE_WITH_KNOTS('',3,(#2504,#2505,#2506,#2507,#2508,#2509),
 .UNSPECIFIED.,.F.,.F.,(4,2,4),(-0.000972203011102735,0.,0.0649870923418745),
 .UNSPECIFIED.);
#313=B_SPLINE_CURVE_WITH_KNOTS('',3,(#2534,#2535,#2536,#2537,#2538),
 .UNSPECIFIED.,.F.,.F.,(4,1,4),(-0.17431006448451,-0.0747043133505353,-5.43264097629365E-14),
 .UNSPECIFIED.);
#314=B_SPLINE_CURVE_WITH_KNOTS('',3,(#2539,#2540,#2541,#2542,#2543),
 .UNSPECIFIED.,.F.,.F.,(4,1,4),(5.43264097629365E-14,0.0747043133505353,
0.17431006448451),.UNSPECIFIED.);
#315=B_SPLINE_CURVE_WITH_KNOTS('',3,(#2609,#2610,#2611,#2612,#2613,#2614,
#2615,#2616,#2617,#2618,#2619,#2620,#2621,#2622,#2623,#2624),
 .UNSPECIFIED.,.F.,.F.,(4,1,1,1,1,1,1,1,1,1,1,1,1,4),(-0.11511736491279,
-0.0986720270681057,-0.0822266892234214,-0.0781153547622503,-0.0740040203010792,
-0.0719483530704937,-0.0698926858399082,-0.0678370186093226,-0.0668091849940299,
-0.0657813513787371,-0.0493360135340528,-0.0328906756893686,-0.0164453378446843,
0.),.UNSPECIFIED.);
#316=B_SPLINE_CURVE_WITH_KNOTS('',3,(#2627,#2628,#2629,#2630,#2631,#2632,
#2633,#2634,#2635,#2636,#2637,#2638,#2639,#2640,#2641,#2642),
 .UNSPECIFIED.,.F.,.F.,(4,1,1,1,1,1,1,1,1,1,1,1,1,4),(0.,0.0164453378446843,
0.0328906756893686,0.0493360135340528,0.0657813513787371,0.0668091849940299,
0.0678370186093226,0.0698926858399082,0.0719483530704937,0.0740040203010792,
0.0781153547622503,0.0822266892234214,0.0986720270681057,0.11511736491279),
 .UNSPECIFIED.);
#317=B_SPLINE_CURVE_WITH_KNOTS('',3,(#2666,#2667,#2668,#2669,#2670),
 .UNSPECIFIED.,.F.,.F.,(4,1,4),(-0.174325282246335,-0.0747108352484293,
0.),.UNSPECIFIED.);
#318=B_SPLINE_CURVE_WITH_KNOTS('',3,(#2671,#2672,#2673,#2674,#2675),
 .UNSPECIFIED.,.F.,.F.,(4,1,4),(0.,0.0747108352484293,0.174325282246335),
 .UNSPECIFIED.);
#319=B_SPLINE_CURVE_WITH_KNOTS('',3,(#2701,#2702,#2703,#2704,#2705,#2706),
 .UNSPECIFIED.,.F.,.F.,(4,2,4),(3.18026143942805E-14,0.0649768766017781,
0.0659490987453387),.UNSPECIFIED.);
#320=B_SPLINE_CURVE_WITH_KNOTS('',3,(#2707,#2708,#2709,#2710,#2711,#2712),
 .UNSPECIFIED.,.F.,.F.,(4,2,4),(-0.0659490987453387,-0.0649768766017781,
-3.18026143942805E-14),.UNSPECIFIED.);
#321=B_SPLINE_CURVE_WITH_KNOTS('',3,(#2734,#2735,#2736,#2737,#2738),
 .UNSPECIFIED.,.F.,.F.,(4,1,4),(-2.22491503657922,-1.0886961603488,-0.23653200317599),
 .UNSPECIFIED.);
#322=B_SPLINE_CURVE_WITH_KNOTS('',3,(#2740,#2741,#2742,#2743,#2744,#2745),
 .UNSPECIFIED.,.F.,.F.,(4,2,4),(-0.000972227124389402,0.,0.0649772374387275),
 .UNSPECIFIED.);
#323=B_SPLINE_CURVE_WITH_KNOTS('',3,(#2746,#2747,#2748,#2749,#2750),
 .UNSPECIFIED.,.F.,.F.,(4,1,4),(0.287979083960256,1.0886961603488,2.17346840290276),
 .UNSPECIFIED.);
#324=B_SPLINE_CURVE_WITH_KNOTS('',3,(#2758,#2759,#2760,#2761,#2762),
 .UNSPECIFIED.,.F.,.F.,(4,1,4),(5.86577662404181E-14,0.0747097063109698,
0.174322648058851),.UNSPECIFIED.);
#325=B_SPLINE_CURVE_WITH_KNOTS('',3,(#2769,#2770,#2771,#2772,#2773),
 .UNSPECIFIED.,.F.,.F.,(4,1,4),(-2.22461316354331,-1.37257469019499,-0.236523392397227),
 .UNSPECIFIED.);
#326=B_SPLINE_CURVE_WITH_KNOTS('',3,(#2775,#2776,#2777,#2778,#2779),
 .UNSPECIFIED.,.F.,.F.,(4,1,4),(0.,0.0996052264223277,0.174309146239073),
 .UNSPECIFIED.);
#327=B_SPLINE_CURVE_WITH_KNOTS('',3,(#2804,#2805,#2806,#2807,#2808),
 .UNSPECIFIED.,.F.,.F.,(4,1,4),(0.287977017491712,1.37257469019499,2.17315938964589),
 .UNSPECIFIED.);
#328=B_SPLINE_CURVE_WITH_KNOTS('',3,(#2809,#2810,#2811,#2812,#2813,#2814),
 .UNSPECIFIED.,.F.,.F.,(4,2,4),(2.86393244549754E-14,0.0649872181241097,
0.0659594228710379),.UNSPECIFIED.);
#329=B_SPLINE_CURVE_WITH_KNOTS('',3,(#2840,#2841,#2842,#2843,#2844,#2845),
 .UNSPECIFIED.,.F.,.F.,(4,2,4),(-0.0649772374387275,0.,0.000972227124389402),
 .UNSPECIFIED.);
#330=B_SPLINE_CURVE_WITH_KNOTS('',3,(#2869,#2870,#2871,#2872,#2873),
 .UNSPECIFIED.,.F.,.F.,(4,1,4),(-0.174322648058851,-0.0747097063109698,
-5.86577662404181E-14),.UNSPECIFIED.);
#331=B_SPLINE_CURVE_WITH_KNOTS('',3,(#2923,#2924,#2925,#2926,#2927,#2928,
#2929,#2930,#2931,#2932,#2933,#2934),.UNSPECIFIED.,.F.,.F.,(4,1,1,1,1,1,
1,1,1,4),(-0.115098391949337,-0.098655764528003,-0.0822131371066692,-0.0657705096853353,
-0.0575491959746684,-0.0493278822640015,-0.0411065685533346,-0.0328852548426677,
-0.0164426274213338,0.),.UNSPECIFIED.);
#332=B_SPLINE_CURVE_WITH_KNOTS('',3,(#2937,#2938,#2939,#2940,#2941,#2942,
#2943,#2944,#2945,#2946,#2947,#2948),.UNSPECIFIED.,.F.,.F.,(4,1,1,1,1,1,
1,1,1,4),(0.,0.0164426274213338,0.0328852548426677,0.0411065685533346,0.0493278822640015,
0.0575491959746684,0.0657705096853353,0.0822131371066692,0.098655764528003,
0.115098391949337),.UNSPECIFIED.);
#333=B_SPLINE_CURVE_WITH_KNOTS('',3,(#2972,#2973,#2974,#2975,#2976),
 .UNSPECIFIED.,.F.,.F.,(4,1,4),(-0.174303870131245,-0.0747016586276766,
0.),.UNSPECIFIED.);
#334=B_SPLINE_CURVE_WITH_KNOTS('',3,(#2977,#2978,#2979,#2980,#2981),
 .UNSPECIFIED.,.F.,.F.,(4,1,4),(0.,0.0747016586276766,0.174303870131245),
 .UNSPECIFIED.);
#335=B_SPLINE_CURVE_WITH_KNOTS('',3,(#3007,#3008,#3009,#3010,#3011,#3012),
 .UNSPECIFIED.,.F.,.F.,(4,2,4),(2.70052793074747E-14,0.0649898379360851,
0.0659620407637926),.UNSPECIFIED.);
#336=B_SPLINE_CURVE_WITH_KNOTS('',3,(#3013,#3014,#3015,#3016,#3017,#3018),
 .UNSPECIFIED.,.F.,.F.,(4,2,4),(-0.0659620407637926,-0.0649898379360851,
-2.70052793074747E-14),.UNSPECIFIED.);
#337=B_SPLINE_CURVE_WITH_KNOTS('',3,(#3040,#3041,#3042,#3043,#3044),
 .UNSPECIFIED.,.F.,.F.,(4,1,4),(-2.22461500312025,-1.37257447456633,-0.236520436494431),
 .UNSPECIFIED.);
#338=B_SPLINE_CURVE_WITH_KNOTS('',3,(#3046,#3047,#3048,#3049,#3050,#3051),
 .UNSPECIFIED.,.F.,.F.,(4,2,4),(-0.000972204563738274,0.,0.0649899637235472),
 .UNSPECIFIED.);
#339=B_SPLINE_CURVE_WITH_KNOTS('',3,(#3052,#3053,#3054,#3055,#3056),
 .UNSPECIFIED.,.F.,.F.,(4,1,4),(0.287976345743178,1.37257447456633,2.17315926691759),
 .UNSPECIFIED.);
#340=B_SPLINE_CURVE_WITH_KNOTS('',3,(#3064,#3065,#3066,#3067,#3068),
 .UNSPECIFIED.,.F.,.F.,(4,1,4),(0.,0.0747012651066951,0.174302951915622),
 .UNSPECIFIED.);
#341=B_SPLINE_CURVE_WITH_KNOTS('',3,(#3097,#3098,#3099,#3100,#3101,#3102),
 .UNSPECIFIED.,.F.,.F.,(4,2,4),(-0.0649778335967966,0.,0.000972222078983397),
 .UNSPECIFIED.);
#342=B_SPLINE_CURVE_WITH_KNOTS('',3,(#3104,#3105,#3106,#3107,#3108,#3109),
 .UNSPECIFIED.,.F.,.F.,(4,2,4),(-0.000972222078983397,0.,0.0649778335967966),
 .UNSPECIFIED.);
#343=B_SPLINE_CURVE_WITH_KNOTS('',3,(#3134,#3135,#3136,#3137,#3138),
 .UNSPECIFIED.,.F.,.F.,(4,1,4),(-0.174323122983867,-0.0996132131336648,
-6.13936756823329E-14),.UNSPECIFIED.);
#344=B_SPLINE_CURVE_WITH_KNOTS('',3,(#3139,#3140,#3141,#3142,#3143),
 .UNSPECIFIED.,.F.,.F.,(4,1,4),(6.13936756823329E-14,0.0996132131336648,
0.174323122983867),.UNSPECIFIED.);
#345=B_SPLINE_CURVE_WITH_KNOTS('',3,(#3188,#3189,#3190,#3191,#3192,#3193,
#3194,#3195,#3196,#3197,#3198),.UNSPECIFIED.,.F.,.F.,(4,1,1,1,1,1,1,1,4),
(-0.1150992347288,-0.0822137390919997,-0.0657709912735998,-0.0575496173643998,
-0.0493282434551998,-0.0411068695459999,-0.0328854956367999,-0.0205534347729999,
0.),.UNSPECIFIED.);
#346=B_SPLINE_CURVE_WITH_KNOTS('',3,(#3201,#3202,#3203,#3204,#3205,#3206,
#3207,#3208,#3209,#3210,#3211),.UNSPECIFIED.,.F.,.F.,(4,1,1,1,1,1,1,1,4),
(0.,0.0205534347729999,0.0328854956367999,0.0411068695459999,0.0493282434551998,
0.0575496173643998,0.0657709912735998,0.0822137390919997,0.1150992347288),
 .UNSPECIFIED.);
#347=B_SPLINE_CURVE_WITH_KNOTS('',3,(#3234,#3235,#3236,#3237,#3238),
 .UNSPECIFIED.,.F.,.F.,(4,1,4),(-0.174309146239073,-0.0996052264223277,
0.),.UNSPECIFIED.);
#348=B_SPLINE_CURVE_WITH_KNOTS('',3,(#3263,#3264,#3265,#3266,#3267,#3268),
 .UNSPECIFIED.,.F.,.F.,(4,2,4),(-0.0659594228710379,-0.0649872181241097,
-2.86393244549754E-14),.UNSPECIFIED.);
#349=B_SPLINE_CURVE_WITH_KNOTS('',3,(#3275,#3276,#3277,#3278,#3279),
 .UNSPECIFIED.,.F.,.F.,(4,1,4),(-2.22491627591023,-1.08869644450081,-0.23653157094375),
 .UNSPECIFIED.);
#350=B_SPLINE_CURVE_WITH_KNOTS('',3,(#3281,#3282,#3283,#3284,#3285),
 .UNSPECIFIED.,.F.,.F.,(4,1,4),(0.,0.0747087809254959,0.174320488826157),
 .UNSPECIFIED.);
#351=B_SPLINE_CURVE_WITH_KNOTS('',3,(#3310,#3311,#3312,#3313,#3314),
 .UNSPECIFIED.,.F.,.F.,(4,1,4),(0.287978930432846,1.08869644450081,2.17346844106138),
 .UNSPECIFIED.);
#352=B_SPLINE_CURVE_WITH_KNOTS('',3,(#3315,#3316,#3317,#3318,#3319,#3320),
 .UNSPECIFIED.,.F.,.F.,(4,2,4),(0.,0.064978194439092,0.0659504214990066),
 .UNSPECIFIED.);
#353=B_SPLINE_CURVE_WITH_KNOTS('',3,(#3347,#3348,#3349,#3350,#3351,#3352),
 .UNSPECIFIED.,.F.,.F.,(4,2,4),(-0.0659504214990066,-0.064978194439092,
0.),.UNSPECIFIED.);
#354=B_SPLINE_CURVE_WITH_KNOTS('',3,(#3374,#3375,#3376,#3377,#3378),
 .UNSPECIFIED.,.F.,.F.,(4,1,4),(-0.174320488826157,-0.0747087809254959,
0.),.UNSPECIFIED.);
#355=B_SPLINE_CURVE_WITH_KNOTS('',3,(#3434,#3435,#3436,#3437,#3438,#3439,
#3440,#3441,#3442,#3443,#3444,#3445,#3446),.UNSPECIFIED.,.F.,.F.,(4,1,1,
1,1,1,1,1,1,1,4),(-0.115097941111214,-0.0986553780953261,-0.0822128150794384,
-0.0657702520635507,-0.0575489705556069,-0.049327689047663,-0.0452170482936911,
-0.0411064075397192,-0.0328851260317754,-0.0164425630158877,0.),
 .UNSPECIFIED.);
#356=B_SPLINE_CURVE_WITH_KNOTS('',3,(#3447,#3448,#3449,#3450,#3451,#3452,
#3453,#3454,#3455,#3456,#3457,#3458,#3459),.UNSPECIFIED.,.F.,.F.,(4,1,1,
1,1,1,1,1,1,1,4),(0.,0.0164425630158877,0.0328851260317754,0.0411064075397192,
0.0452170482936911,0.049327689047663,0.0575489705556069,0.0657702520635507,
0.0822128150794384,0.0986553780953261,0.115097941111214),.UNSPECIFIED.);
#357=B_SPLINE_CURVE_WITH_KNOTS('',3,(#3481,#3482,#3483,#3484,#3485),
 .UNSPECIFIED.,.F.,.F.,(4,1,4),(-0.174302951915622,-0.0747012651066951,
0.),.UNSPECIFIED.);
#358=B_SPLINE_CURVE_WITH_KNOTS('',3,(#3511,#3512,#3513,#3514,#3515,#3516),
 .UNSPECIFIED.,.F.,.F.,(4,2,4),(-0.0649899637235472,0.,0.000972204563738274),
 .UNSPECIFIED.);
#359=B_SPLINE_CURVE_WITH_KNOTS('',3,(#3548,#3549,#3550,#3551,#3552,#3553),
 .UNSPECIFIED.,.F.,.F.,(4,1,1,4),(-2.17500745612256,-1.47343812204709,-0.839816096006158,
-0.206194069965222),.UNSPECIFIED.);
#360=B_SPLINE_CURVE_WITH_KNOTS('',3,(#3556,#3557,#3558,#3559,#3560,#3561),
 .UNSPECIFIED.,.F.,.F.,(4,1,1,4),(0.206194069965222,0.839816096006158,1.47343812204709,
2.17501439476689),.UNSPECIFIED.);
#361=B_SPLINE_CURVE_WITH_KNOTS('',3,(#3642,#3643,#3644,#3645,#3646,#3647),
 .UNSPECIFIED.,.F.,.F.,(4,1,1,4),(0.0315558355139514,0.733127407624032,
1.36674929486708,2.00037118211013),.UNSPECIFIED.);
#362=B_SPLINE_CURVE_WITH_KNOTS('',3,(#3650,#3651,#3652,#3653,#3654,#3655),
 .UNSPECIFIED.,.F.,.F.,(4,1,1,4),(-2.00037118211013,-1.36674929486708,-0.733127407624032,
-0.0315613996072927),.UNSPECIFIED.);
#363=B_SPLINE_CURVE_WITH_KNOTS('',3,(#3686,#3687,#3688,#3689,#3690,#3691),
 .UNSPECIFIED.,.F.,.F.,(4,1,1,4),(-2.17500374462063,-1.47343587584742,-0.839815815596155,
-0.206195755344891),.UNSPECIFIED.);
#364=B_SPLINE_CURVE_WITH_KNOTS('',3,(#3692,#3693,#3694,#3695,#3696,#3697),
 .UNSPECIFIED.,.F.,.F.,(4,1,1,4),(0.206195755344891,0.839815815596155,1.47343587584742,
2.17500978787242),.UNSPECIFIED.);
#365=B_SPLINE_CURVE_WITH_KNOTS('',3,(#3728,#3729,#3730,#3731,#3732,#3733),
 .UNSPECIFIED.,.F.,.F.,(4,1,1,4),(0.031553626327335,0.733128681475741,1.36675065932797,
2.00037263718021),.UNSPECIFIED.);
#366=B_SPLINE_CURVE_WITH_KNOTS('',3,(#3734,#3735,#3736,#3737,#3738,#3739),
 .UNSPECIFIED.,.F.,.F.,(4,1,1,4),(-2.00037263718021,-1.36675065932797,-0.733128681475741,
-0.0315610441325392),.UNSPECIFIED.);
#367=B_SPLINE_CURVE_WITH_KNOTS('',3,(#3764,#3765,#3766,#3767,#3768,#3769,
#3770),.UNSPECIFIED.,.F.,.F.,(4,1,1,1,4),(0.0295357547176924,0.353393769912025,
0.677251785106357,1.00110980030069,1.16303880789786),.UNSPECIFIED.);
#368=B_SPLINE_CURVE_WITH_KNOTS('',3,(#3804,#3805,#3806,#3807,#3808,#3809,
#3810),.UNSPECIFIED.,.F.,.F.,(4,1,1,1,4),(0.0295361252887204,0.191440659206315,
0.515249727041505,0.839058794876695,1.16286786271188),.UNSPECIFIED.);
#369=LINE('',#1781,#392);
#370=LINE('',#1838,#393);
#371=LINE('',#1840,#394);
#372=LINE('',#1863,#395);
#373=LINE('',#1867,#396);
#374=LINE('',#1871,#397);
#375=LINE('',#1874,#398);
#376=LINE('',#2211,#399);
#377=LINE('',#2218,#400);
#378=LINE('',#2225,#401);
#379=LINE('',#2232,#402);
#380=LINE('',#2753,#403);
#381=LINE('',#2755,#404);
#382=LINE('',#2757,#405);
#383=LINE('',#2765,#406);
#384=LINE('',#2781,#407);
#385=LINE('',#2782,#408);
#386=LINE('',#3059,#409);
#387=LINE('',#3061,#410);
#388=LINE('',#3063,#411);
#389=LINE('',#3271,#412);
#390=LINE('',#3287,#413);
#391=LINE('',#3288,#414);
#392=VECTOR('',#1489,0.272499999999999);
#393=VECTOR('',#1502,0.71);
#394=VECTOR('',#1503,0.71);
#395=VECTOR('',#1526,1.);
#396=VECTOR('',#1529,1.);
#397=VECTOR('',#1532,1.);
#398=VECTOR('',#1535,1.);
#399=VECTOR('',#1614,0.19);
#400=VECTOR('',#1623,0.19);
#401=VECTOR('',#1632,0.190204100846958);
#402=VECTOR('',#1641,0.19);
#403=VECTOR('',#1680,1.);
#404=VECTOR('',#1681,1.);
#405=VECTOR('',#1682,1.);
#406=VECTOR('',#1685,1.);
#407=VECTOR('',#1690,1.);
#408=VECTOR('',#1691,1.);
#409=VECTOR('',#1702,1.);
#410=VECTOR('',#1703,1.);
#411=VECTOR('',#1704,1.);
#412=VECTOR('',#1719,1.);
#413=VECTOR('',#1724,1.);
#414=VECTOR('',#1725,1.);
#415=CIRCLE('',#1350,0.272499999999999);
#416=CIRCLE('',#1352,0.76);
#417=CIRCLE('',#1353,0.05);
#418=CIRCLE('',#1354,0.71);
#419=CIRCLE('',#1355,0.71);
#420=CIRCLE('',#1357,0.709999999999999);
#421=CIRCLE('',#1358,0.71);
#422=CIRCLE('',#1359,0.71);
#423=CIRCLE('',#1360,0.709999999999996);
#424=CIRCLE('',#1361,0.710000000000003);
#425=CIRCLE('',#1362,0.709999999999999);
#426=CIRCLE('',#1363,0.71);
#427=CIRCLE('',#1364,0.71);
#428=CIRCLE('',#1365,0.709999999999999);
#429=CIRCLE('',#1367,0.05);
#430=CIRCLE('',#1368,0.05);
#431=CIRCLE('',#1369,0.05);
#432=CIRCLE('',#1370,0.05);
#433=CIRCLE('',#1372,0.5);
#434=CIRCLE('',#1373,0.74);
#435=CIRCLE('',#1374,0.499999999999998);
#436=CIRCLE('',#1376,0.5);
#437=CIRCLE('',#1377,0.74);
#438=CIRCLE('',#1379,0.499999999999999);
#439=CIRCLE('',#1380,0.74);
#440=CIRCLE('',#1382,0.5);
#441=CIRCLE('',#1383,0.74);
#442=CIRCLE('',#1385,0.5);
#443=CIRCLE('',#1386,0.74);
#444=CIRCLE('',#1388,0.5);
#445=CIRCLE('',#1389,0.74);
#446=CIRCLE('',#1391,0.5);
#447=CIRCLE('',#1392,0.74);
#448=CIRCLE('',#1394,0.74);
#449=CIRCLE('',#1403,0.1);
#450=CIRCLE('',#1404,0.0999999999999992);
#451=CIRCLE('',#1405,0.100000000000001);
#452=CIRCLE('',#1406,0.0999999999999992);
#453=CIRCLE('',#1407,0.1);
#454=CIRCLE('',#1409,0.19);
#455=CIRCLE('',#1410,0.19);
#456=CIRCLE('',#1413,0.19);
#457=CIRCLE('',#1414,0.19);
#458=CIRCLE('',#1417,0.190204100846958);
#459=CIRCLE('',#1418,0.190204100846958);
#460=CIRCLE('',#1421,0.19);
#461=CIRCLE('',#1422,0.19);
#462=CIRCLE('',#1424,0.0999999999999988);
#463=CIRCLE('',#1425,0.100000000000002);
#464=CIRCLE('',#1426,0.100000000000001);
#465=CIRCLE('',#1428,0.3);
#466=CIRCLE('',#1429,0.299999999999999);
#467=CIRCLE('',#1430,0.3);
#468=CIRCLE('',#1431,0.3);
#469=CIRCLE('',#1433,0.3);
#470=CIRCLE('',#1434,0.300000000000001);
#471=CIRCLE('',#1435,0.300000000000002);
#472=CIRCLE('',#1436,0.0999999999999996);
#473=CIRCLE('',#1437,0.0999999999999999);
#474=CIRCLE('',#1438,0.0999999999999998);
#475=CIRCLE('',#1439,0.1);
#476=CIRCLE('',#1442,0.15);
#477=CIRCLE('',#1444,0.1);
#478=CIRCLE('',#1445,0.1);
#479=CIRCLE('',#1446,0.0999999999999999);
#480=CIRCLE('',#1447,0.0999999999999986);
#481=CIRCLE('',#1450,0.15);
#482=CIRCLE('',#1451,0.1);
#483=CIRCLE('',#1452,0.1);
#484=CIRCLE('',#1453,0.100000000000001);
#485=CIRCLE('',#1454,0.0999999999999999);
#486=CIRCLE('',#1456,0.15);
#487=CIRCLE('',#1458,0.0999999999999991);
#488=CIRCLE('',#1459,0.0999999999999994);
#489=CIRCLE('',#1460,0.0999999999999999);
#490=CIRCLE('',#1461,0.1);
#491=CIRCLE('',#1462,0.300000000000001);
#492=CIRCLE('',#1463,0.0999999999999993);
#493=CIRCLE('',#1464,0.0999999999999993);
#494=CIRCLE('',#1465,0.15);
#495=CIRCLE('',#1467,0.0999999999999999);
#496=CIRCLE('',#1468,0.0999999999999999);
#497=CIRCLE('',#1470,0.100000000000001);
#498=CIRCLE('',#1471,0.0999999999999999);
#499=CIRCLE('',#1473,0.0999999999999999);
#500=CIRCLE('',#1474,0.0999999999999993);
#501=CIRCLE('',#1477,0.3);
#502=CIRCLE('',#1479,0.299999999999999);
#503=CIRCLE('',#1481,0.300000000000001);
#504=CIRCLE('',#1482,0.300000000000002);
#505=VERTEX_POINT('',#1778);
#506=VERTEX_POINT('',#1780);
#507=VERTEX_POINT('',#1782);
#508=VERTEX_POINT('',#1803);
#509=VERTEX_POINT('',#1814);
#510=VERTEX_POINT('',#1830);
#511=VERTEX_POINT('',#1832);
#512=VERTEX_POINT('',#1834);
#513=VERTEX_POINT('',#1839);
#514=VERTEX_POINT('',#1841);
#515=VERTEX_POINT('',#1843);
#516=VERTEX_POINT('',#1845);
#517=VERTEX_POINT('',#1847);
#518=VERTEX_POINT('',#1849);
#519=VERTEX_POINT('',#1851);
#520=VERTEX_POINT('',#1853);
#521=VERTEX_POINT('',#1855);
#522=VERTEX_POINT('',#1859);
#523=VERTEX_POINT('',#1860);
#524=VERTEX_POINT('',#1862);
#525=VERTEX_POINT('',#1864);
#526=VERTEX_POINT('',#1866);
#527=VERTEX_POINT('',#1868);
#528=VERTEX_POINT('',#1870);
#529=VERTEX_POINT('',#1872);
#530=VERTEX_POINT('',#1876);
#531=VERTEX_POINT('',#1878);
#532=VERTEX_POINT('',#1882);
#533=VERTEX_POINT('',#1886);
#534=VERTEX_POINT('',#1890);
#535=VERTEX_POINT('',#1894);
#536=VERTEX_POINT('',#1898);
#537=VERTEX_POINT('',#1902);
#538=VERTEX_POINT('',#1908);
#539=VERTEX_POINT('',#1915);
#540=VERTEX_POINT('',#1930);
#541=VERTEX_POINT('',#1937);
#542=VERTEX_POINT('',#1952);
#543=VERTEX_POINT('',#1959);
#544=VERTEX_POINT('',#1974);
#545=VERTEX_POINT('',#1981);
#546=VERTEX_POINT('',#2093);
#547=VERTEX_POINT('',#2095);
#548=VERTEX_POINT('',#2124);
#549=VERTEX_POINT('',#2172);
#550=VERTEX_POINT('',#2201);
#551=VERTEX_POINT('',#2208);
#552=VERTEX_POINT('',#2210);
#553=VERTEX_POINT('',#2215);
#554=VERTEX_POINT('',#2217);
#555=VERTEX_POINT('',#2222);
#556=VERTEX_POINT('',#2224);
#557=VERTEX_POINT('',#2229);
#558=VERTEX_POINT('',#2231);
#559=VERTEX_POINT('',#2277);
#560=VERTEX_POINT('',#2279);
#561=VERTEX_POINT('',#2354);
#562=VERTEX_POINT('',#2388);
#563=VERTEX_POINT('',#2390);
#564=VERTEX_POINT('',#2421);
#565=VERTEX_POINT('',#2431);
#566=VERTEX_POINT('',#2462);
#567=VERTEX_POINT('',#2495);
#568=VERTEX_POINT('',#2496);
#569=VERTEX_POINT('',#2503);
#570=VERTEX_POINT('',#2531);
#571=VERTEX_POINT('',#2532);
#572=VERTEX_POINT('',#2608);
#573=VERTEX_POINT('',#2625);
#574=VERTEX_POINT('',#2663);
#575=VERTEX_POINT('',#2664);
#576=VERTEX_POINT('',#2700);
#577=VERTEX_POINT('',#2733);
#578=VERTEX_POINT('',#2739);
#579=VERTEX_POINT('',#2752);
#580=VERTEX_POINT('',#2754);
#581=VERTEX_POINT('',#2756);
#582=VERTEX_POINT('',#2764);
#583=VERTEX_POINT('',#2768);
#584=VERTEX_POINT('',#2774);
#585=VERTEX_POINT('',#2780);
#586=VERTEX_POINT('',#2803);
#587=VERTEX_POINT('',#2839);
#588=VERTEX_POINT('',#2867);
#589=VERTEX_POINT('',#2922);
#590=VERTEX_POINT('',#2935);
#591=VERTEX_POINT('',#2969);
#592=VERTEX_POINT('',#2970);
#593=VERTEX_POINT('',#3006);
#594=VERTEX_POINT('',#3039);
#595=VERTEX_POINT('',#3045);
#596=VERTEX_POINT('',#3058);
#597=VERTEX_POINT('',#3060);
#598=VERTEX_POINT('',#3062);
#599=VERTEX_POINT('',#3095);
#600=VERTEX_POINT('',#3096);
#601=VERTEX_POINT('',#3103);
#602=VERTEX_POINT('',#3131);
#603=VERTEX_POINT('',#3132);
#604=VERTEX_POINT('',#3199);
#605=VERTEX_POINT('',#3232);
#606=VERTEX_POINT('',#3270);
#607=VERTEX_POINT('',#3274);
#608=VERTEX_POINT('',#3280);
#609=VERTEX_POINT('',#3286);
#610=VERTEX_POINT('',#3309);
#611=VERTEX_POINT('',#3345);
#612=VERTEX_POINT('',#3373);
#613=VERTEX_POINT('',#3432);
#614=VERTEX_POINT('',#3480);
#615=VERTEX_POINT('',#3547);
#616=VERTEX_POINT('',#3554);
#617=VERTEX_POINT('',#3648);
#618=EDGE_CURVE('',#505,#505,#415,.T.);
#619=EDGE_CURVE('',#505,#506,#369,.T.);
#620=EDGE_CURVE('',#507,#506,#281,.T.);
#621=EDGE_CURVE('',#508,#507,#282,.T.);
#622=EDGE_CURVE('',#509,#508,#283,.T.);
#623=EDGE_CURVE('',#506,#509,#284,.T.);
#624=EDGE_CURVE('',#510,#510,#416,.T.);
#625=EDGE_CURVE('',#510,#511,#417,.T.);
#626=EDGE_CURVE('',#511,#512,#418,.T.);
#627=EDGE_CURVE('',#512,#511,#419,.T.);
#628=EDGE_CURVE('',#512,#509,#370,.T.);
#629=EDGE_CURVE('',#507,#513,#371,.T.);
#630=EDGE_CURVE('',#514,#513,#420,.T.);
#631=EDGE_CURVE('',#515,#514,#421,.T.);
#632=EDGE_CURVE('',#516,#515,#422,.T.);
#633=EDGE_CURVE('',#517,#516,#423,.T.);
#634=EDGE_CURVE('',#518,#517,#424,.T.);
#635=EDGE_CURVE('',#519,#518,#425,.T.);
#636=EDGE_CURVE('',#520,#519,#426,.T.);
#637=EDGE_CURVE('',#521,#520,#427,.T.);
#638=EDGE_CURVE('',#513,#521,#428,.T.);
#639=EDGE_CURVE('',#522,#523,#429,.T.);
#640=EDGE_CURVE('',#524,#522,#372,.T.);
#641=EDGE_CURVE('',#525,#524,#430,.T.);
#642=EDGE_CURVE('',#526,#525,#373,.T.);
#643=EDGE_CURVE('',#527,#526,#431,.T.);
#644=EDGE_CURVE('',#528,#527,#374,.T.);
#645=EDGE_CURVE('',#529,#528,#432,.T.);
#646=EDGE_CURVE('',#523,#529,#375,.T.);
#647=EDGE_CURVE('',#517,#530,#433,.T.);
#648=EDGE_CURVE('',#531,#530,#434,.T.);
#649=EDGE_CURVE('',#531,#518,#435,.T.);
#650=EDGE_CURVE('',#516,#532,#436,.T.);
#651=EDGE_CURVE('',#530,#532,#437,.T.);
#652=EDGE_CURVE('',#533,#519,#438,.T.);
#653=EDGE_CURVE('',#533,#531,#439,.T.);
#654=EDGE_CURVE('',#515,#534,#440,.T.);
#655=EDGE_CURVE('',#532,#534,#441,.T.);
#656=EDGE_CURVE('',#535,#520,#442,.T.);
#657=EDGE_CURVE('',#535,#533,#443,.T.);
#658=EDGE_CURVE('',#514,#536,#444,.T.);
#659=EDGE_CURVE('',#534,#536,#445,.T.);
#660=EDGE_CURVE('',#537,#521,#446,.T.);
#661=EDGE_CURVE('',#537,#535,#447,.T.);
#662=EDGE_CURVE('',#536,#537,#448,.T.);
#663=EDGE_CURVE('',#534,#538,#285,.T.);
#664=EDGE_CURVE('',#539,#536,#286,.T.);
#665=EDGE_CURVE('',#538,#539,#287,.T.);
#666=EDGE_CURVE('',#540,#535,#288,.T.);
#667=EDGE_CURVE('',#541,#540,#289,.T.);
#668=EDGE_CURVE('',#537,#541,#290,.T.);
#669=EDGE_CURVE('',#542,#531,#291,.T.);
#670=EDGE_CURVE('',#543,#542,#292,.T.);
#671=EDGE_CURVE('',#533,#543,#293,.T.);
#672=EDGE_CURVE('',#530,#544,#294,.T.);
#673=EDGE_CURVE('',#545,#532,#295,.T.);
#674=EDGE_CURVE('',#544,#545,#296,.T.);
#675=EDGE_CURVE('',#536,#537,#297,.T.);
#676=EDGE_CURVE('',#532,#534,#298,.T.);
#677=EDGE_CURVE('',#535,#533,#299,.T.);
#678=EDGE_CURVE('',#531,#530,#300,.T.);
#679=EDGE_CURVE('',#544,#546,#449,.T.);
#680=EDGE_CURVE('',#546,#547,#301,.T.);
#681=EDGE_CURVE('',#547,#542,#450,.T.);
#682=EDGE_CURVE('',#548,#545,#451,.T.);
#683=EDGE_CURVE('',#548,#546,#302,.T.);
#684=EDGE_CURVE('',#538,#549,#452,.T.);
#685=EDGE_CURVE('',#549,#548,#303,.T.);
#686=EDGE_CURVE('',#550,#539,#453,.T.);
#687=EDGE_CURVE('',#550,#549,#304,.T.);
#688=EDGE_CURVE('',#551,#551,#454,.T.);
#689=EDGE_CURVE('',#551,#552,#376,.T.);
#690=EDGE_CURVE('',#552,#552,#455,.T.);
#691=EDGE_CURVE('',#553,#553,#456,.T.);
#692=EDGE_CURVE('',#553,#554,#377,.T.);
#693=EDGE_CURVE('',#554,#554,#457,.T.);
#694=EDGE_CURVE('',#555,#555,#458,.T.);
#695=EDGE_CURVE('',#555,#556,#378,.T.);
#696=EDGE_CURVE('',#556,#556,#459,.T.);
#697=EDGE_CURVE('',#557,#557,#460,.T.);
#698=EDGE_CURVE('',#557,#558,#379,.T.);
#699=EDGE_CURVE('',#558,#558,#461,.T.);
#700=EDGE_CURVE('',#543,#559,#462,.T.);
#701=EDGE_CURVE('',#559,#560,#305,.T.);
#702=EDGE_CURVE('',#560,#540,#463,.T.);
#703=EDGE_CURVE('',#547,#559,#306,.T.);
#704=EDGE_CURVE('',#541,#561,#464,.T.);
#705=EDGE_CURVE('',#561,#550,#307,.T.);
#706=EDGE_CURVE('',#560,#561,#308,.T.);
#707=EDGE_CURVE('',#562,#548,#465,.F.);
#708=EDGE_CURVE('',#563,#562,#466,.F.);
#709=EDGE_CURVE('',#546,#563,#467,.F.);
#710=EDGE_CURVE('',#549,#564,#468,.F.);
#711=EDGE_CURVE('',#564,#562,#309,.T.);
#712=EDGE_CURVE('',#565,#550,#469,.F.);
#713=EDGE_CURVE('',#564,#565,#470,.F.);
#714=EDGE_CURVE('',#561,#566,#471,.F.);
#715=EDGE_CURVE('',#566,#565,#310,.T.);
#716=EDGE_CURVE('',#567,#568,#311,.T.);
#717=EDGE_CURVE('',#568,#569,#312,.T.);
#718=EDGE_CURVE('',#569,#567,#472,.T.);
#719=EDGE_CURVE('',#570,#571,#473,.T.);
#720=EDGE_CURVE('',#571,#567,#313,.T.);
#721=EDGE_CURVE('',#569,#570,#314,.T.);
#722=EDGE_CURVE('',#570,#572,#315,.T.);
#723=EDGE_CURVE('',#572,#573,#474,.T.);
#724=EDGE_CURVE('',#573,#571,#316,.T.);
#725=EDGE_CURVE('',#574,#575,#475,.T.);
#726=EDGE_CURVE('',#575,#573,#317,.T.);
#727=EDGE_CURVE('',#572,#574,#318,.T.);
#728=EDGE_CURVE('',#574,#576,#319,.T.);
#729=EDGE_CURVE('',#576,#575,#320,.T.);
#730=EDGE_CURVE('',#574,#577,#321,.T.);
#731=EDGE_CURVE('',#578,#577,#322,.T.);
#732=EDGE_CURVE('',#578,#576,#323,.T.);
#733=EDGE_CURVE('',#579,#572,#380,.T.);
#734=EDGE_CURVE('',#580,#579,#381,.T.);
#735=EDGE_CURVE('',#581,#580,#382,.T.);
#736=EDGE_CURVE('',#577,#581,#324,.T.);
#737=EDGE_CURVE('',#570,#582,#383,.T.);
#738=EDGE_CURVE('',#579,#582,#476,.T.);
#739=EDGE_CURVE('',#583,#569,#325,.T.);
#740=EDGE_CURVE('',#584,#583,#326,.T.);
#741=EDGE_CURVE('',#585,#584,#384,.T.);
#742=EDGE_CURVE('',#582,#585,#385,.T.);
#743=EDGE_CURVE('',#568,#586,#327,.T.);
#744=EDGE_CURVE('',#583,#586,#328,.T.);
#745=EDGE_CURVE('',#587,#578,#329,.T.);
#746=EDGE_CURVE('',#577,#587,#477,.T.);
#747=EDGE_CURVE('',#581,#588,#478,.T.);
#748=EDGE_CURVE('',#588,#587,#330,.T.);
#749=EDGE_CURVE('',#581,#589,#331,.T.);
#750=EDGE_CURVE('',#589,#590,#479,.T.);
#751=EDGE_CURVE('',#590,#588,#332,.T.);
#752=EDGE_CURVE('',#591,#592,#480,.T.);
#753=EDGE_CURVE('',#592,#590,#333,.T.);
#754=EDGE_CURVE('',#589,#591,#334,.T.);
#755=EDGE_CURVE('',#591,#593,#335,.T.);
#756=EDGE_CURVE('',#593,#592,#336,.T.);
#757=EDGE_CURVE('',#591,#594,#337,.T.);
#758=EDGE_CURVE('',#595,#594,#338,.T.);
#759=EDGE_CURVE('',#595,#593,#339,.T.);
#760=EDGE_CURVE('',#596,#589,#386,.T.);
#761=EDGE_CURVE('',#597,#596,#387,.T.);
#762=EDGE_CURVE('',#598,#597,#388,.T.);
#763=EDGE_CURVE('',#594,#598,#340,.T.);
#764=EDGE_CURVE('',#596,#580,#481,.T.);
#765=EDGE_CURVE('',#599,#600,#341,.T.);
#766=EDGE_CURVE('',#600,#601,#342,.T.);
#767=EDGE_CURVE('',#601,#599,#482,.T.);
#768=EDGE_CURVE('',#602,#603,#483,.T.);
#769=EDGE_CURVE('',#603,#599,#343,.T.);
#770=EDGE_CURVE('',#601,#602,#344,.T.);
#771=EDGE_CURVE('',#602,#584,#345,.T.);
#772=EDGE_CURVE('',#584,#604,#484,.T.);
#773=EDGE_CURVE('',#604,#603,#346,.T.);
#774=EDGE_CURVE('',#583,#605,#485,.T.);
#775=EDGE_CURVE('',#605,#604,#347,.T.);
#776=EDGE_CURVE('',#586,#605,#348,.T.);
#777=EDGE_CURVE('',#602,#606,#389,.T.);
#778=EDGE_CURVE('',#585,#606,#486,.T.);
#779=EDGE_CURVE('',#607,#601,#349,.T.);
#780=EDGE_CURVE('',#608,#607,#350,.T.);
#781=EDGE_CURVE('',#609,#608,#390,.T.);
#782=EDGE_CURVE('',#606,#609,#391,.T.);
#783=EDGE_CURVE('',#600,#610,#351,.T.);
#784=EDGE_CURVE('',#607,#610,#352,.T.);
#785=EDGE_CURVE('',#611,#607,#487,.T.);
#786=EDGE_CURVE('',#610,#611,#353,.T.);
#787=EDGE_CURVE('',#611,#612,#354,.T.);
#788=EDGE_CURVE('',#612,#608,#488,.T.);
#789=EDGE_CURVE('',#613,#598,#489,.T.);
#790=EDGE_CURVE('',#598,#608,#355,.T.);
#791=EDGE_CURVE('',#612,#613,#356,.T.);
#792=EDGE_CURVE('',#613,#614,#357,.T.);
#793=EDGE_CURVE('',#614,#594,#490,.T.);
#794=EDGE_CURVE('',#614,#595,#358,.T.);
#795=EDGE_CURVE('',#610,#615,#359,.T.);
#796=EDGE_CURVE('',#615,#616,#491,.F.);
#797=EDGE_CURVE('',#616,#595,#360,.T.);
#798=EDGE_CURVE('',#597,#522,#492,.T.);
#799=EDGE_CURVE('',#523,#609,#493,.T.);
#800=EDGE_CURVE('',#609,#597,#494,.T.);
#801=EDGE_CURVE('',#529,#606,#495,.T.);
#802=EDGE_CURVE('',#528,#585,#496,.T.);
#803=EDGE_CURVE('',#527,#582,#497,.T.);
#804=EDGE_CURVE('',#526,#579,#498,.T.);
#805=EDGE_CURVE('',#525,#580,#499,.T.);
#806=EDGE_CURVE('',#524,#596,#500,.T.);
#807=EDGE_CURVE('',#586,#566,#361,.T.);
#808=EDGE_CURVE('',#566,#617,#501,.F.);
#809=EDGE_CURVE('',#617,#600,#362,.T.);
#810=EDGE_CURVE('',#576,#564,#363,.T.);
#811=EDGE_CURVE('',#565,#568,#364,.T.);
#812=EDGE_CURVE('',#593,#563,#365,.T.);
#813=EDGE_CURVE('',#562,#578,#366,.T.);
#814=EDGE_CURVE('',#615,#617,#367,.T.);
#815=EDGE_CURVE('',#617,#560,#502,.F.);
#816=EDGE_CURVE('',#616,#547,#503,.F.);
#817=EDGE_CURVE('',#559,#615,#504,.F.);
#818=EDGE_CURVE('',#563,#616,#368,.T.);
#819=ORIENTED_EDGE('',*,*,#618,.F.);
#820=ORIENTED_EDGE('',*,*,#619,.T.);
#821=ORIENTED_EDGE('',*,*,#620,.F.);
#822=ORIENTED_EDGE('',*,*,#621,.F.);
#823=ORIENTED_EDGE('',*,*,#622,.F.);
#824=ORIENTED_EDGE('',*,*,#623,.F.);
#825=ORIENTED_EDGE('',*,*,#619,.F.);
#826=ORIENTED_EDGE('',*,*,#624,.T.);
#827=ORIENTED_EDGE('',*,*,#625,.T.);
#828=ORIENTED_EDGE('',*,*,#626,.T.);
#829=ORIENTED_EDGE('',*,*,#627,.T.);
#830=ORIENTED_EDGE('',*,*,#625,.F.);
#831=ORIENTED_EDGE('',*,*,#627,.F.);
#832=ORIENTED_EDGE('',*,*,#628,.T.);
#833=ORIENTED_EDGE('',*,*,#622,.T.);
#834=ORIENTED_EDGE('',*,*,#621,.T.);
#835=ORIENTED_EDGE('',*,*,#629,.T.);
#836=ORIENTED_EDGE('',*,*,#630,.F.);
#837=ORIENTED_EDGE('',*,*,#631,.F.);
#838=ORIENTED_EDGE('',*,*,#632,.F.);
#839=ORIENTED_EDGE('',*,*,#633,.F.);
#840=ORIENTED_EDGE('',*,*,#634,.F.);
#841=ORIENTED_EDGE('',*,*,#635,.F.);
#842=ORIENTED_EDGE('',*,*,#636,.F.);
#843=ORIENTED_EDGE('',*,*,#637,.F.);
#844=ORIENTED_EDGE('',*,*,#638,.F.);
#845=ORIENTED_EDGE('',*,*,#629,.F.);
#846=ORIENTED_EDGE('',*,*,#620,.T.);
#847=ORIENTED_EDGE('',*,*,#623,.T.);
#848=ORIENTED_EDGE('',*,*,#628,.F.);
#849=ORIENTED_EDGE('',*,*,#626,.F.);
#850=ORIENTED_EDGE('',*,*,#639,.F.);
#851=ORIENTED_EDGE('',*,*,#640,.F.);
#852=ORIENTED_EDGE('',*,*,#641,.F.);
#853=ORIENTED_EDGE('',*,*,#642,.F.);
#854=ORIENTED_EDGE('',*,*,#643,.F.);
#855=ORIENTED_EDGE('',*,*,#644,.F.);
#856=ORIENTED_EDGE('',*,*,#645,.F.);
#857=ORIENTED_EDGE('',*,*,#646,.F.);
#858=ORIENTED_EDGE('',*,*,#624,.F.);
#859=ORIENTED_EDGE('',*,*,#647,.T.);
#860=ORIENTED_EDGE('',*,*,#648,.F.);
#861=ORIENTED_EDGE('',*,*,#649,.T.);
#862=ORIENTED_EDGE('',*,*,#634,.T.);
#863=ORIENTED_EDGE('',*,*,#650,.T.);
#864=ORIENTED_EDGE('',*,*,#651,.F.);
#865=ORIENTED_EDGE('',*,*,#647,.F.);
#866=ORIENTED_EDGE('',*,*,#633,.T.);
#867=ORIENTED_EDGE('',*,*,#652,.T.);
#868=ORIENTED_EDGE('',*,*,#635,.T.);
#869=ORIENTED_EDGE('',*,*,#649,.F.);
#870=ORIENTED_EDGE('',*,*,#653,.F.);
#871=ORIENTED_EDGE('',*,*,#654,.T.);
#872=ORIENTED_EDGE('',*,*,#655,.F.);
#873=ORIENTED_EDGE('',*,*,#650,.F.);
#874=ORIENTED_EDGE('',*,*,#632,.T.);
#875=ORIENTED_EDGE('',*,*,#656,.T.);
#876=ORIENTED_EDGE('',*,*,#636,.T.);
#877=ORIENTED_EDGE('',*,*,#652,.F.);
#878=ORIENTED_EDGE('',*,*,#657,.F.);
#879=ORIENTED_EDGE('',*,*,#658,.T.);
#880=ORIENTED_EDGE('',*,*,#659,.F.);
#881=ORIENTED_EDGE('',*,*,#654,.F.);
#882=ORIENTED_EDGE('',*,*,#631,.T.);
#883=ORIENTED_EDGE('',*,*,#660,.T.);
#884=ORIENTED_EDGE('',*,*,#637,.T.);
#885=ORIENTED_EDGE('',*,*,#656,.F.);
#886=ORIENTED_EDGE('',*,*,#661,.F.);
#887=ORIENTED_EDGE('',*,*,#660,.F.);
#888=ORIENTED_EDGE('',*,*,#662,.F.);
#889=ORIENTED_EDGE('',*,*,#658,.F.);
#890=ORIENTED_EDGE('',*,*,#630,.T.);
#891=ORIENTED_EDGE('',*,*,#638,.T.);
#892=ORIENTED_EDGE('',*,*,#663,.F.);
#893=ORIENTED_EDGE('',*,*,#659,.T.);
#894=ORIENTED_EDGE('',*,*,#664,.F.);
#895=ORIENTED_EDGE('',*,*,#665,.F.);
#896=ORIENTED_EDGE('',*,*,#666,.F.);
#897=ORIENTED_EDGE('',*,*,#667,.F.);
#898=ORIENTED_EDGE('',*,*,#668,.F.);
#899=ORIENTED_EDGE('',*,*,#661,.T.);
#900=ORIENTED_EDGE('',*,*,#669,.F.);
#901=ORIENTED_EDGE('',*,*,#670,.F.);
#902=ORIENTED_EDGE('',*,*,#671,.F.);
#903=ORIENTED_EDGE('',*,*,#653,.T.);
#904=ORIENTED_EDGE('',*,*,#672,.F.);
#905=ORIENTED_EDGE('',*,*,#651,.T.);
#906=ORIENTED_EDGE('',*,*,#673,.F.);
#907=ORIENTED_EDGE('',*,*,#674,.F.);
#908=ORIENTED_EDGE('',*,*,#662,.T.);
#909=ORIENTED_EDGE('',*,*,#675,.F.);
#910=ORIENTED_EDGE('',*,*,#655,.T.);
#911=ORIENTED_EDGE('',*,*,#676,.F.);
#912=ORIENTED_EDGE('',*,*,#657,.T.);
#913=ORIENTED_EDGE('',*,*,#677,.F.);
#914=ORIENTED_EDGE('',*,*,#648,.T.);
#915=ORIENTED_EDGE('',*,*,#678,.F.);
#916=ORIENTED_EDGE('',*,*,#669,.T.);
#917=ORIENTED_EDGE('',*,*,#678,.T.);
#918=ORIENTED_EDGE('',*,*,#672,.T.);
#919=ORIENTED_EDGE('',*,*,#679,.T.);
#920=ORIENTED_EDGE('',*,*,#680,.T.);
#921=ORIENTED_EDGE('',*,*,#681,.T.);
#922=ORIENTED_EDGE('',*,*,#674,.T.);
#923=ORIENTED_EDGE('',*,*,#682,.F.);
#924=ORIENTED_EDGE('',*,*,#683,.T.);
#925=ORIENTED_EDGE('',*,*,#679,.F.);
#926=ORIENTED_EDGE('',*,*,#673,.T.);
#927=ORIENTED_EDGE('',*,*,#676,.T.);
#928=ORIENTED_EDGE('',*,*,#663,.T.);
#929=ORIENTED_EDGE('',*,*,#684,.T.);
#930=ORIENTED_EDGE('',*,*,#685,.T.);
#931=ORIENTED_EDGE('',*,*,#682,.T.);
#932=ORIENTED_EDGE('',*,*,#665,.T.);
#933=ORIENTED_EDGE('',*,*,#686,.F.);
#934=ORIENTED_EDGE('',*,*,#687,.T.);
#935=ORIENTED_EDGE('',*,*,#684,.F.);
#936=ORIENTED_EDGE('',*,*,#688,.T.);
#937=ORIENTED_EDGE('',*,*,#689,.T.);
#938=ORIENTED_EDGE('',*,*,#690,.F.);
#939=ORIENTED_EDGE('',*,*,#689,.F.);
#940=ORIENTED_EDGE('',*,*,#690,.T.);
#941=ORIENTED_EDGE('',*,*,#691,.T.);
#942=ORIENTED_EDGE('',*,*,#692,.T.);
#943=ORIENTED_EDGE('',*,*,#693,.F.);
#944=ORIENTED_EDGE('',*,*,#692,.F.);
#945=ORIENTED_EDGE('',*,*,#693,.T.);
#946=ORIENTED_EDGE('',*,*,#694,.T.);
#947=ORIENTED_EDGE('',*,*,#695,.T.);
#948=ORIENTED_EDGE('',*,*,#696,.F.);
#949=ORIENTED_EDGE('',*,*,#695,.F.);
#950=ORIENTED_EDGE('',*,*,#696,.T.);
#951=ORIENTED_EDGE('',*,*,#697,.T.);
#952=ORIENTED_EDGE('',*,*,#698,.T.);
#953=ORIENTED_EDGE('',*,*,#699,.F.);
#954=ORIENTED_EDGE('',*,*,#698,.F.);
#955=ORIENTED_EDGE('',*,*,#699,.T.);
#956=ORIENTED_EDGE('',*,*,#666,.T.);
#957=ORIENTED_EDGE('',*,*,#677,.T.);
#958=ORIENTED_EDGE('',*,*,#671,.T.);
#959=ORIENTED_EDGE('',*,*,#700,.T.);
#960=ORIENTED_EDGE('',*,*,#701,.T.);
#961=ORIENTED_EDGE('',*,*,#702,.T.);
#962=ORIENTED_EDGE('',*,*,#670,.T.);
#963=ORIENTED_EDGE('',*,*,#681,.F.);
#964=ORIENTED_EDGE('',*,*,#703,.T.);
#965=ORIENTED_EDGE('',*,*,#700,.F.);
#966=ORIENTED_EDGE('',*,*,#664,.T.);
#967=ORIENTED_EDGE('',*,*,#675,.T.);
#968=ORIENTED_EDGE('',*,*,#668,.T.);
#969=ORIENTED_EDGE('',*,*,#704,.T.);
#970=ORIENTED_EDGE('',*,*,#705,.T.);
#971=ORIENTED_EDGE('',*,*,#686,.T.);
#972=ORIENTED_EDGE('',*,*,#667,.T.);
#973=ORIENTED_EDGE('',*,*,#702,.F.);
#974=ORIENTED_EDGE('',*,*,#706,.T.);
#975=ORIENTED_EDGE('',*,*,#704,.F.);
#976=ORIENTED_EDGE('',*,*,#683,.F.);
#977=ORIENTED_EDGE('',*,*,#707,.F.);
#978=ORIENTED_EDGE('',*,*,#708,.F.);
#979=ORIENTED_EDGE('',*,*,#709,.F.);
#980=ORIENTED_EDGE('',*,*,#685,.F.);
#981=ORIENTED_EDGE('',*,*,#710,.T.);
#982=ORIENTED_EDGE('',*,*,#711,.T.);
#983=ORIENTED_EDGE('',*,*,#707,.T.);
#984=ORIENTED_EDGE('',*,*,#687,.F.);
#985=ORIENTED_EDGE('',*,*,#712,.F.);
#986=ORIENTED_EDGE('',*,*,#713,.F.);
#987=ORIENTED_EDGE('',*,*,#710,.F.);
#988=ORIENTED_EDGE('',*,*,#705,.F.);
#989=ORIENTED_EDGE('',*,*,#714,.T.);
#990=ORIENTED_EDGE('',*,*,#715,.T.);
#991=ORIENTED_EDGE('',*,*,#712,.T.);
#992=ORIENTED_EDGE('',*,*,#716,.T.);
#993=ORIENTED_EDGE('',*,*,#717,.T.);
#994=ORIENTED_EDGE('',*,*,#718,.T.);
#995=ORIENTED_EDGE('',*,*,#719,.T.);
#996=ORIENTED_EDGE('',*,*,#720,.T.);
#997=ORIENTED_EDGE('',*,*,#718,.F.);
#998=ORIENTED_EDGE('',*,*,#721,.T.);
#999=ORIENTED_EDGE('',*,*,#719,.F.);
#1000=ORIENTED_EDGE('',*,*,#722,.T.);
#1001=ORIENTED_EDGE('',*,*,#723,.T.);
#1002=ORIENTED_EDGE('',*,*,#724,.T.);
#1003=ORIENTED_EDGE('',*,*,#725,.T.);
#1004=ORIENTED_EDGE('',*,*,#726,.T.);
#1005=ORIENTED_EDGE('',*,*,#723,.F.);
#1006=ORIENTED_EDGE('',*,*,#727,.T.);
#1007=ORIENTED_EDGE('',*,*,#725,.F.);
#1008=ORIENTED_EDGE('',*,*,#728,.T.);
#1009=ORIENTED_EDGE('',*,*,#729,.T.);
#1010=ORIENTED_EDGE('',*,*,#728,.F.);
#1011=ORIENTED_EDGE('',*,*,#730,.T.);
#1012=ORIENTED_EDGE('',*,*,#731,.F.);
#1013=ORIENTED_EDGE('',*,*,#732,.T.);
#1014=ORIENTED_EDGE('',*,*,#727,.F.);
#1015=ORIENTED_EDGE('',*,*,#733,.F.);
#1016=ORIENTED_EDGE('',*,*,#734,.F.);
#1017=ORIENTED_EDGE('',*,*,#735,.F.);
#1018=ORIENTED_EDGE('',*,*,#736,.F.);
#1019=ORIENTED_EDGE('',*,*,#730,.F.);
#1020=ORIENTED_EDGE('',*,*,#688,.F.);
#1021=ORIENTED_EDGE('',*,*,#691,.F.);
#1022=ORIENTED_EDGE('',*,*,#722,.F.);
#1023=ORIENTED_EDGE('',*,*,#737,.T.);
#1024=ORIENTED_EDGE('',*,*,#738,.F.);
#1025=ORIENTED_EDGE('',*,*,#733,.T.);
#1026=ORIENTED_EDGE('',*,*,#721,.F.);
#1027=ORIENTED_EDGE('',*,*,#739,.F.);
#1028=ORIENTED_EDGE('',*,*,#740,.F.);
#1029=ORIENTED_EDGE('',*,*,#741,.F.);
#1030=ORIENTED_EDGE('',*,*,#742,.F.);
#1031=ORIENTED_EDGE('',*,*,#737,.F.);
#1032=ORIENTED_EDGE('',*,*,#618,.T.);
#1033=ORIENTED_EDGE('',*,*,#717,.F.);
#1034=ORIENTED_EDGE('',*,*,#743,.T.);
#1035=ORIENTED_EDGE('',*,*,#744,.F.);
#1036=ORIENTED_EDGE('',*,*,#739,.T.);
#1037=ORIENTED_EDGE('',*,*,#745,.T.);
#1038=ORIENTED_EDGE('',*,*,#731,.T.);
#1039=ORIENTED_EDGE('',*,*,#746,.T.);
#1040=ORIENTED_EDGE('',*,*,#747,.T.);
#1041=ORIENTED_EDGE('',*,*,#748,.T.);
#1042=ORIENTED_EDGE('',*,*,#746,.F.);
#1043=ORIENTED_EDGE('',*,*,#736,.T.);
#1044=ORIENTED_EDGE('',*,*,#747,.F.);
#1045=ORIENTED_EDGE('',*,*,#749,.T.);
#1046=ORIENTED_EDGE('',*,*,#750,.T.);
#1047=ORIENTED_EDGE('',*,*,#751,.T.);
#1048=ORIENTED_EDGE('',*,*,#752,.T.);
#1049=ORIENTED_EDGE('',*,*,#753,.T.);
#1050=ORIENTED_EDGE('',*,*,#750,.F.);
#1051=ORIENTED_EDGE('',*,*,#754,.T.);
#1052=ORIENTED_EDGE('',*,*,#752,.F.);
#1053=ORIENTED_EDGE('',*,*,#755,.T.);
#1054=ORIENTED_EDGE('',*,*,#756,.T.);
#1055=ORIENTED_EDGE('',*,*,#755,.F.);
#1056=ORIENTED_EDGE('',*,*,#757,.T.);
#1057=ORIENTED_EDGE('',*,*,#758,.F.);
#1058=ORIENTED_EDGE('',*,*,#759,.T.);
#1059=ORIENTED_EDGE('',*,*,#754,.F.);
#1060=ORIENTED_EDGE('',*,*,#760,.F.);
#1061=ORIENTED_EDGE('',*,*,#761,.F.);
#1062=ORIENTED_EDGE('',*,*,#762,.F.);
#1063=ORIENTED_EDGE('',*,*,#763,.F.);
#1064=ORIENTED_EDGE('',*,*,#757,.F.);
#1065=ORIENTED_EDGE('',*,*,#749,.F.);
#1066=ORIENTED_EDGE('',*,*,#735,.T.);
#1067=ORIENTED_EDGE('',*,*,#764,.F.);
#1068=ORIENTED_EDGE('',*,*,#760,.T.);
#1069=ORIENTED_EDGE('',*,*,#765,.T.);
#1070=ORIENTED_EDGE('',*,*,#766,.T.);
#1071=ORIENTED_EDGE('',*,*,#767,.T.);
#1072=ORIENTED_EDGE('',*,*,#768,.T.);
#1073=ORIENTED_EDGE('',*,*,#769,.T.);
#1074=ORIENTED_EDGE('',*,*,#767,.F.);
#1075=ORIENTED_EDGE('',*,*,#770,.T.);
#1076=ORIENTED_EDGE('',*,*,#768,.F.);
#1077=ORIENTED_EDGE('',*,*,#771,.T.);
#1078=ORIENTED_EDGE('',*,*,#772,.T.);
#1079=ORIENTED_EDGE('',*,*,#773,.T.);
#1080=ORIENTED_EDGE('',*,*,#774,.T.);
#1081=ORIENTED_EDGE('',*,*,#775,.T.);
#1082=ORIENTED_EDGE('',*,*,#772,.F.);
#1083=ORIENTED_EDGE('',*,*,#740,.T.);
#1084=ORIENTED_EDGE('',*,*,#774,.F.);
#1085=ORIENTED_EDGE('',*,*,#744,.T.);
#1086=ORIENTED_EDGE('',*,*,#776,.T.);
#1087=ORIENTED_EDGE('',*,*,#771,.F.);
#1088=ORIENTED_EDGE('',*,*,#777,.T.);
#1089=ORIENTED_EDGE('',*,*,#778,.F.);
#1090=ORIENTED_EDGE('',*,*,#741,.T.);
#1091=ORIENTED_EDGE('',*,*,#770,.F.);
#1092=ORIENTED_EDGE('',*,*,#779,.F.);
#1093=ORIENTED_EDGE('',*,*,#780,.F.);
#1094=ORIENTED_EDGE('',*,*,#781,.F.);
#1095=ORIENTED_EDGE('',*,*,#782,.F.);
#1096=ORIENTED_EDGE('',*,*,#777,.F.);
#1097=ORIENTED_EDGE('',*,*,#694,.F.);
#1098=ORIENTED_EDGE('',*,*,#697,.F.);
#1099=ORIENTED_EDGE('',*,*,#766,.F.);
#1100=ORIENTED_EDGE('',*,*,#783,.T.);
#1101=ORIENTED_EDGE('',*,*,#784,.F.);
#1102=ORIENTED_EDGE('',*,*,#779,.T.);
#1103=ORIENTED_EDGE('',*,*,#785,.T.);
#1104=ORIENTED_EDGE('',*,*,#784,.T.);
#1105=ORIENTED_EDGE('',*,*,#786,.T.);
#1106=ORIENTED_EDGE('',*,*,#785,.F.);
#1107=ORIENTED_EDGE('',*,*,#787,.T.);
#1108=ORIENTED_EDGE('',*,*,#788,.T.);
#1109=ORIENTED_EDGE('',*,*,#780,.T.);
#1110=ORIENTED_EDGE('',*,*,#789,.T.);
#1111=ORIENTED_EDGE('',*,*,#790,.T.);
#1112=ORIENTED_EDGE('',*,*,#788,.F.);
#1113=ORIENTED_EDGE('',*,*,#791,.T.);
#1114=ORIENTED_EDGE('',*,*,#789,.F.);
#1115=ORIENTED_EDGE('',*,*,#792,.T.);
#1116=ORIENTED_EDGE('',*,*,#793,.T.);
#1117=ORIENTED_EDGE('',*,*,#763,.T.);
#1118=ORIENTED_EDGE('',*,*,#794,.T.);
#1119=ORIENTED_EDGE('',*,*,#758,.T.);
#1120=ORIENTED_EDGE('',*,*,#793,.F.);
#1121=ORIENTED_EDGE('',*,*,#794,.F.);
#1122=ORIENTED_EDGE('',*,*,#792,.F.);
#1123=ORIENTED_EDGE('',*,*,#791,.F.);
#1124=ORIENTED_EDGE('',*,*,#787,.F.);
#1125=ORIENTED_EDGE('',*,*,#786,.F.);
#1126=ORIENTED_EDGE('',*,*,#795,.T.);
#1127=ORIENTED_EDGE('',*,*,#796,.T.);
#1128=ORIENTED_EDGE('',*,*,#797,.T.);
#1129=ORIENTED_EDGE('',*,*,#798,.T.);
#1130=ORIENTED_EDGE('',*,*,#639,.T.);
#1131=ORIENTED_EDGE('',*,*,#799,.T.);
#1132=ORIENTED_EDGE('',*,*,#800,.T.);
#1133=ORIENTED_EDGE('',*,*,#801,.T.);
#1134=ORIENTED_EDGE('',*,*,#782,.T.);
#1135=ORIENTED_EDGE('',*,*,#799,.F.);
#1136=ORIENTED_EDGE('',*,*,#646,.T.);
#1137=ORIENTED_EDGE('',*,*,#802,.T.);
#1138=ORIENTED_EDGE('',*,*,#778,.T.);
#1139=ORIENTED_EDGE('',*,*,#801,.F.);
#1140=ORIENTED_EDGE('',*,*,#645,.T.);
#1141=ORIENTED_EDGE('',*,*,#803,.T.);
#1142=ORIENTED_EDGE('',*,*,#742,.T.);
#1143=ORIENTED_EDGE('',*,*,#802,.F.);
#1144=ORIENTED_EDGE('',*,*,#644,.T.);
#1145=ORIENTED_EDGE('',*,*,#804,.T.);
#1146=ORIENTED_EDGE('',*,*,#738,.T.);
#1147=ORIENTED_EDGE('',*,*,#803,.F.);
#1148=ORIENTED_EDGE('',*,*,#643,.T.);
#1149=ORIENTED_EDGE('',*,*,#805,.T.);
#1150=ORIENTED_EDGE('',*,*,#734,.T.);
#1151=ORIENTED_EDGE('',*,*,#804,.F.);
#1152=ORIENTED_EDGE('',*,*,#642,.T.);
#1153=ORIENTED_EDGE('',*,*,#806,.T.);
#1154=ORIENTED_EDGE('',*,*,#764,.T.);
#1155=ORIENTED_EDGE('',*,*,#805,.F.);
#1156=ORIENTED_EDGE('',*,*,#641,.T.);
#1157=ORIENTED_EDGE('',*,*,#806,.F.);
#1158=ORIENTED_EDGE('',*,*,#640,.T.);
#1159=ORIENTED_EDGE('',*,*,#798,.F.);
#1160=ORIENTED_EDGE('',*,*,#761,.T.);
#1161=ORIENTED_EDGE('',*,*,#790,.F.);
#1162=ORIENTED_EDGE('',*,*,#762,.T.);
#1163=ORIENTED_EDGE('',*,*,#800,.F.);
#1164=ORIENTED_EDGE('',*,*,#781,.T.);
#1165=ORIENTED_EDGE('',*,*,#776,.F.);
#1166=ORIENTED_EDGE('',*,*,#807,.T.);
#1167=ORIENTED_EDGE('',*,*,#808,.T.);
#1168=ORIENTED_EDGE('',*,*,#809,.T.);
#1169=ORIENTED_EDGE('',*,*,#765,.F.);
#1170=ORIENTED_EDGE('',*,*,#769,.F.);
#1171=ORIENTED_EDGE('',*,*,#773,.F.);
#1172=ORIENTED_EDGE('',*,*,#775,.F.);
#1173=ORIENTED_EDGE('',*,*,#729,.F.);
#1174=ORIENTED_EDGE('',*,*,#810,.T.);
#1175=ORIENTED_EDGE('',*,*,#713,.T.);
#1176=ORIENTED_EDGE('',*,*,#811,.T.);
#1177=ORIENTED_EDGE('',*,*,#716,.F.);
#1178=ORIENTED_EDGE('',*,*,#720,.F.);
#1179=ORIENTED_EDGE('',*,*,#724,.F.);
#1180=ORIENTED_EDGE('',*,*,#726,.F.);
#1181=ORIENTED_EDGE('',*,*,#756,.F.);
#1182=ORIENTED_EDGE('',*,*,#812,.T.);
#1183=ORIENTED_EDGE('',*,*,#708,.T.);
#1184=ORIENTED_EDGE('',*,*,#813,.T.);
#1185=ORIENTED_EDGE('',*,*,#745,.F.);
#1186=ORIENTED_EDGE('',*,*,#748,.F.);
#1187=ORIENTED_EDGE('',*,*,#751,.F.);
#1188=ORIENTED_EDGE('',*,*,#753,.F.);
#1189=ORIENTED_EDGE('',*,*,#783,.F.);
#1190=ORIENTED_EDGE('',*,*,#809,.F.);
#1191=ORIENTED_EDGE('',*,*,#814,.F.);
#1192=ORIENTED_EDGE('',*,*,#795,.F.);
#1193=ORIENTED_EDGE('',*,*,#706,.F.);
#1194=ORIENTED_EDGE('',*,*,#815,.F.);
#1195=ORIENTED_EDGE('',*,*,#808,.F.);
#1196=ORIENTED_EDGE('',*,*,#714,.F.);
#1197=ORIENTED_EDGE('',*,*,#703,.F.);
#1198=ORIENTED_EDGE('',*,*,#816,.F.);
#1199=ORIENTED_EDGE('',*,*,#796,.F.);
#1200=ORIENTED_EDGE('',*,*,#817,.F.);
#1201=ORIENTED_EDGE('',*,*,#680,.F.);
#1202=ORIENTED_EDGE('',*,*,#709,.T.);
#1203=ORIENTED_EDGE('',*,*,#818,.T.);
#1204=ORIENTED_EDGE('',*,*,#816,.T.);
#1205=ORIENTED_EDGE('',*,*,#701,.F.);
#1206=ORIENTED_EDGE('',*,*,#817,.T.);
#1207=ORIENTED_EDGE('',*,*,#814,.T.);
#1208=ORIENTED_EDGE('',*,*,#815,.T.);
#1209=ORIENTED_EDGE('',*,*,#759,.F.);
#1210=ORIENTED_EDGE('',*,*,#797,.F.);
#1211=ORIENTED_EDGE('',*,*,#818,.F.);
#1212=ORIENTED_EDGE('',*,*,#812,.F.);
#1213=ORIENTED_EDGE('',*,*,#732,.F.);
#1214=ORIENTED_EDGE('',*,*,#813,.F.);
#1215=ORIENTED_EDGE('',*,*,#711,.F.);
#1216=ORIENTED_EDGE('',*,*,#810,.F.);
#1217=ORIENTED_EDGE('',*,*,#743,.F.);
#1218=ORIENTED_EDGE('',*,*,#811,.F.);
#1219=ORIENTED_EDGE('',*,*,#715,.F.);
#1220=ORIENTED_EDGE('',*,*,#807,.F.);
#1221=CYLINDRICAL_SURFACE('',#1349,0.272499999999999);
#1222=CYLINDRICAL_SURFACE('',#1356,0.71);
#1223=CYLINDRICAL_SURFACE('',#1395,0.74);
#1224=CYLINDRICAL_SURFACE('',#1396,0.74);
#1225=CYLINDRICAL_SURFACE('',#1397,0.74);
#1226=CYLINDRICAL_SURFACE('',#1398,0.74);
#1227=CYLINDRICAL_SURFACE('',#1399,0.74);
#1228=CYLINDRICAL_SURFACE('',#1400,0.74);
#1229=CYLINDRICAL_SURFACE('',#1401,0.74);
#1230=CYLINDRICAL_SURFACE('',#1402,0.74);
#1231=CYLINDRICAL_SURFACE('',#1408,0.19);
#1232=CYLINDRICAL_SURFACE('',#1412,0.19);
#1233=CYLINDRICAL_SURFACE('',#1416,0.190204100846958);
#1234=CYLINDRICAL_SURFACE('',#1420,0.19);
#1235=CYLINDRICAL_SURFACE('',#1441,0.15);
#1236=CYLINDRICAL_SURFACE('',#1449,0.15);
#1237=CYLINDRICAL_SURFACE('',#1455,0.15);
#1238=CYLINDRICAL_SURFACE('',#1466,0.1);
#1239=CYLINDRICAL_SURFACE('',#1469,0.1);
#1240=CYLINDRICAL_SURFACE('',#1472,0.1);
#1241=CYLINDRICAL_SURFACE('',#1475,0.1);
#1242=CYLINDRICAL_SURFACE('',#1476,0.15);
#1243=ADVANCED_FACE('',(#91),#1221,.F.);
#1244=ADVANCED_FACE('',(#92),#82,.T.);
#1245=ADVANCED_FACE('',(#93),#1222,.F.);
#1246=ADVANCED_FACE('',(#94,#67),#73,.F.);
#1247=ADVANCED_FACE('',(#95),#83,.T.);
#1248=ADVANCED_FACE('',(#96),#84,.T.);
#1249=ADVANCED_FACE('',(#97),#85,.T.);
#1250=ADVANCED_FACE('',(#98),#86,.T.);
#1251=ADVANCED_FACE('',(#99),#87,.T.);
#1252=ADVANCED_FACE('',(#100),#88,.T.);
#1253=ADVANCED_FACE('',(#101),#89,.T.);
#1254=ADVANCED_FACE('',(#102),#90,.T.);
#1255=ADVANCED_FACE('',(#103),#1223,.F.);
#1256=ADVANCED_FACE('',(#104),#1224,.F.);
#1257=ADVANCED_FACE('',(#105),#1225,.F.);
#1258=ADVANCED_FACE('',(#106),#1226,.F.);
#1259=ADVANCED_FACE('',(#107),#1227,.T.);
#1260=ADVANCED_FACE('',(#108),#1228,.T.);
#1261=ADVANCED_FACE('',(#109),#1229,.T.);
#1262=ADVANCED_FACE('',(#110),#1230,.T.);
#1263=ADVANCED_FACE('',(#111),#23,.F.);
#1264=ADVANCED_FACE('',(#112),#24,.F.);
#1265=ADVANCED_FACE('',(#113),#25,.F.);
#1266=ADVANCED_FACE('',(#114),#26,.F.);
#1267=ADVANCED_FACE('',(#115),#1231,.F.);
#1268=ADVANCED_FACE('',(#116),#74,.F.);
#1269=ADVANCED_FACE('',(#117),#1232,.F.);
#1270=ADVANCED_FACE('',(#118),#75,.F.);
#1271=ADVANCED_FACE('',(#119),#1233,.F.);
#1272=ADVANCED_FACE('',(#120),#76,.F.);
#1273=ADVANCED_FACE('',(#121),#1234,.F.);
#1274=ADVANCED_FACE('',(#122),#77,.F.);
#1275=ADVANCED_FACE('',(#123),#27,.F.);
#1276=ADVANCED_FACE('',(#124),#28,.F.);
#1277=ADVANCED_FACE('',(#125),#29,.F.);
#1278=ADVANCED_FACE('',(#126),#30,.F.);
#1279=ADVANCED_FACE('',(#127),#19,.T.);
#1280=ADVANCED_FACE('',(#128),#31,.F.);
#1281=ADVANCED_FACE('',(#129),#20,.T.);
#1282=ADVANCED_FACE('',(#130),#32,.F.);
#1283=ADVANCED_FACE('',(#131),#33,.F.);
#1284=ADVANCED_FACE('',(#132),#34,.F.);
#1285=ADVANCED_FACE('',(#133),#35,.F.);
#1286=ADVANCED_FACE('',(#134),#36,.F.);
#1287=ADVANCED_FACE('',(#135),#37,.F.);
#1288=ADVANCED_FACE('',(#136),#38,.F.);
#1289=ADVANCED_FACE('',(#137,#68,#69),#78,.T.);
#1290=ADVANCED_FACE('',(#138),#1235,.T.);
#1291=ADVANCED_FACE('',(#139,#70),#79,.T.);
#1292=ADVANCED_FACE('',(#140),#39,.F.);
#1293=ADVANCED_FACE('',(#141),#40,.F.);
#1294=ADVANCED_FACE('',(#142),#41,.F.);
#1295=ADVANCED_FACE('',(#143),#42,.F.);
#1296=ADVANCED_FACE('',(#144),#43,.F.);
#1297=ADVANCED_FACE('',(#145),#44,.F.);
#1298=ADVANCED_FACE('',(#146),#45,.F.);
#1299=ADVANCED_FACE('',(#147),#80,.T.);
#1300=ADVANCED_FACE('',(#148),#1236,.T.);
#1301=ADVANCED_FACE('',(#149),#46,.F.);
#1302=ADVANCED_FACE('',(#150),#47,.F.);
#1303=ADVANCED_FACE('',(#151),#48,.F.);
#1304=ADVANCED_FACE('',(#152),#49,.F.);
#1305=ADVANCED_FACE('',(#153),#50,.F.);
#1306=ADVANCED_FACE('',(#154),#1237,.T.);
#1307=ADVANCED_FACE('',(#155,#71,#72),#81,.T.);
#1308=ADVANCED_FACE('',(#156),#51,.F.);
#1309=ADVANCED_FACE('',(#157),#52,.F.);
#1310=ADVANCED_FACE('',(#158),#53,.F.);
#1311=ADVANCED_FACE('',(#159),#54,.F.);
#1312=ADVANCED_FACE('',(#160),#55,.F.);
#1313=ADVANCED_FACE('',(#161),#56,.F.);
#1314=ADVANCED_FACE('',(#162),#57,.F.);
#1315=ADVANCED_FACE('',(#163),#15,.F.);
#1316=ADVANCED_FACE('',(#164),#1238,.T.);
#1317=ADVANCED_FACE('',(#165),#16,.F.);
#1318=ADVANCED_FACE('',(#166),#1239,.T.);
#1319=ADVANCED_FACE('',(#167),#17,.F.);
#1320=ADVANCED_FACE('',(#168),#1240,.T.);
#1321=ADVANCED_FACE('',(#169),#18,.F.);
#1322=ADVANCED_FACE('',(#170),#1241,.T.);
#1323=ADVANCED_FACE('',(#171),#1242,.T.);
#1324=ADVANCED_FACE('',(#172),#58,.F.);
#1325=ADVANCED_FACE('',(#173),#59,.F.);
#1326=ADVANCED_FACE('',(#174),#60,.F.);
#1327=ADVANCED_FACE('',(#175),#61,.F.);
#1328=ADVANCED_FACE('',(#176),#21,.T.);
#1329=ADVANCED_FACE('',(#177),#22,.T.);
#1330=ADVANCED_FACE('',(#178),#62,.F.);
#1331=ADVANCED_FACE('',(#179),#63,.F.);
#1332=ADVANCED_FACE('',(#180),#64,.F.);
#1333=ADVANCED_FACE('',(#181),#65,.F.);
#1334=ADVANCED_FACE('',(#182),#66,.F.);
#1335=CLOSED_SHELL('',(#1243,#1244,#1245,#1246,#1247,#1248,#1249,#1250,
#1251,#1252,#1253,#1254,#1255,#1256,#1257,#1258,#1259,#1260,#1261,#1262,
#1263,#1264,#1265,#1266,#1267,#1268,#1269,#1270,#1271,#1272,#1273,#1274,
#1275,#1276,#1277,#1278,#1279,#1280,#1281,#1282,#1283,#1284,#1285,#1286,
#1287,#1288,#1289,#1290,#1291,#1292,#1293,#1294,#1295,#1296,#1297,#1298,
#1299,#1300,#1301,#1302,#1303,#1304,#1305,#1306,#1307,#1308,#1309,#1310,
#1311,#1312,#1313,#1314,#1315,#1316,#1317,#1318,#1319,#1320,#1321,#1322,
#1323,#1324,#1325,#1326,#1327,#1328,#1329,#1330,#1331,#1332,#1333,#1334));
#1336=DERIVED_UNIT_ELEMENT(#1338,1.);
#1337=DERIVED_UNIT_ELEMENT(#3916,-3.);
#1338=(
MASS_UNIT()
NAMED_UNIT(*)
SI_UNIT(.KILO.,.GRAM.)
);
#1339=DERIVED_UNIT((#1336,#1337));
#1340=MEASURE_REPRESENTATION_ITEM('density measure',
POSITIVE_RATIO_MEASURE(1060.),#1339);
#1341=PROPERTY_DEFINITION_REPRESENTATION(#1346,#1343);
#1342=PROPERTY_DEFINITION_REPRESENTATION(#1347,#1344);
#1343=REPRESENTATION('material name',(#1345),#3913);
#1344=REPRESENTATION('density',(#1340),#3913);
#1345=DESCRIPTIVE_REPRESENTATION_ITEM('ABS Plastic','ABS Plastic');
#1346=PROPERTY_DEFINITION('material property','material name',#3923);
#1347=PROPERTY_DEFINITION('material property','density of part',#3923);
#1348=AXIS2_PLACEMENT_3D('',#1776,#1483,#1484);
#1349=AXIS2_PLACEMENT_3D('',#1777,#1485,#1486);
#1350=AXIS2_PLACEMENT_3D('',#1779,#1487,#1488);
#1351=AXIS2_PLACEMENT_3D('',#1829,#1490,#1491);
#1352=AXIS2_PLACEMENT_3D('',#1831,#1492,#1493);
#1353=AXIS2_PLACEMENT_3D('',#1833,#1494,#1495);
#1354=AXIS2_PLACEMENT_3D('',#1835,#1496,#1497);
#1355=AXIS2_PLACEMENT_3D('',#1836,#1498,#1499);
#1356=AXIS2_PLACEMENT_3D('',#1837,#1500,#1501);
#1357=AXIS2_PLACEMENT_3D('',#1842,#1504,#1505);
#1358=AXIS2_PLACEMENT_3D('',#1844,#1506,#1507);
#1359=AXIS2_PLACEMENT_3D('',#1846,#1508,#1509);
#1360=AXIS2_PLACEMENT_3D('',#1848,#1510,#1511);
#1361=AXIS2_PLACEMENT_3D('',#1850,#1512,#1513);
#1362=AXIS2_PLACEMENT_3D('',#1852,#1514,#1515);
#1363=AXIS2_PLACEMENT_3D('',#1854,#1516,#1517);
#1364=AXIS2_PLACEMENT_3D('',#1856,#1518,#1519);
#1365=AXIS2_PLACEMENT_3D('',#1857,#1520,#1521);
#1366=AXIS2_PLACEMENT_3D('',#1858,#1522,#1523);
#1367=AXIS2_PLACEMENT_3D('',#1861,#1524,#1525);
#1368=AXIS2_PLACEMENT_3D('',#1865,#1527,#1528);
#1369=AXIS2_PLACEMENT_3D('',#1869,#1530,#1531);
#1370=AXIS2_PLACEMENT_3D('',#1873,#1533,#1534);
#1371=AXIS2_PLACEMENT_3D('',#1875,#1536,#1537);
#1372=AXIS2_PLACEMENT_3D('',#1877,#1538,#1539);
#1373=AXIS2_PLACEMENT_3D('',#1879,#1540,#1541);
#1374=AXIS2_PLACEMENT_3D('',#1880,#1542,#1543);
#1375=AXIS2_PLACEMENT_3D('',#1881,#1544,#1545);
#1376=AXIS2_PLACEMENT_3D('',#1883,#1546,#1547);
#1377=AXIS2_PLACEMENT_3D('',#1884,#1548,#1549);
#1378=AXIS2_PLACEMENT_3D('',#1885,#1550,#1551);
#1379=AXIS2_PLACEMENT_3D('',#1887,#1552,#1553);
#1380=AXIS2_PLACEMENT_3D('',#1888,#1554,#1555);
#1381=AXIS2_PLACEMENT_3D('',#1889,#1556,#1557);
#1382=AXIS2_PLACEMENT_3D('',#1891,#1558,#1559);
#1383=AXIS2_PLACEMENT_3D('',#1892,#1560,#1561);
#1384=AXIS2_PLACEMENT_3D('',#1893,#1562,#1563);
#1385=AXIS2_PLACEMENT_3D('',#1895,#1564,#1565);
#1386=AXIS2_PLACEMENT_3D('',#1896,#1566,#1567);
#1387=AXIS2_PLACEMENT_3D('',#1897,#1568,#1569);
#1388=AXIS2_PLACEMENT_3D('',#1899,#1570,#1571);
#1389=AXIS2_PLACEMENT_3D('',#1900,#1572,#1573);
#1390=AXIS2_PLACEMENT_3D('',#1901,#1574,#1575);
#1391=AXIS2_PLACEMENT_3D('',#1903,#1576,#1577);
#1392=AXIS2_PLACEMENT_3D('',#1904,#1578,#1579);
#1393=AXIS2_PLACEMENT_3D('',#1905,#1580,#1581);
#1394=AXIS2_PLACEMENT_3D('',#1906,#1582,#1583);
#1395=AXIS2_PLACEMENT_3D('',#1907,#1584,#1585);
#1396=AXIS2_PLACEMENT_3D('',#1929,#1586,#1587);
#1397=AXIS2_PLACEMENT_3D('',#1951,#1588,#1589);
#1398=AXIS2_PLACEMENT_3D('',#1973,#1590,#1591);
#1399=AXIS2_PLACEMENT_3D('',#1995,#1592,#1593);
#1400=AXIS2_PLACEMENT_3D('',#2009,#1594,#1595);
#1401=AXIS2_PLACEMENT_3D('',#2023,#1596,#1597);
#1402=AXIS2_PLACEMENT_3D('',#2037,#1598,#1599);
#1403=AXIS2_PLACEMENT_3D('',#2094,#1600,#1601);
#1404=AXIS2_PLACEMENT_3D('',#2103,#1602,#1603);
#1405=AXIS2_PLACEMENT_3D('',#2125,#1604,#1605);
#1406=AXIS2_PLACEMENT_3D('',#2173,#1606,#1607);
#1407=AXIS2_PLACEMENT_3D('',#2202,#1608,#1609);
#1408=AXIS2_PLACEMENT_3D('',#2207,#1610,#1611);
#1409=AXIS2_PLACEMENT_3D('',#2209,#1612,#1613);
#1410=AXIS2_PLACEMENT_3D('',#2212,#1615,#1616);
#1411=AXIS2_PLACEMENT_3D('',#2213,#1617,#1618);
#1412=AXIS2_PLACEMENT_3D('',#2214,#1619,#1620);
#1413=AXIS2_PLACEMENT_3D('',#2216,#1621,#1622);
#1414=AXIS2_PLACEMENT_3D('',#2219,#1624,#1625);
#1415=AXIS2_PLACEMENT_3D('',#2220,#1626,#1627);
#1416=AXIS2_PLACEMENT_3D('',#2221,#1628,#1629);
#1417=AXIS2_PLACEMENT_3D('',#2223,#1630,#1631);
#1418=AXIS2_PLACEMENT_3D('',#2226,#1633,#1634);
#1419=AXIS2_PLACEMENT_3D('',#2227,#1635,#1636);
#1420=AXIS2_PLACEMENT_3D('',#2228,#1637,#1638);
#1421=AXIS2_PLACEMENT_3D('',#2230,#1639,#1640);
#1422=AXIS2_PLACEMENT_3D('',#2233,#1642,#1643);
#1423=AXIS2_PLACEMENT_3D('',#2234,#1644,#1645);
#1424=AXIS2_PLACEMENT_3D('',#2278,#1646,#1647);
#1425=AXIS2_PLACEMENT_3D('',#2287,#1648,#1649);
#1426=AXIS2_PLACEMENT_3D('',#2355,#1650,#1651);
#1427=AXIS2_PLACEMENT_3D('',#2387,#1652,#1653);
#1428=AXIS2_PLACEMENT_3D('',#2389,#1654,#1655);
#1429=AXIS2_PLACEMENT_3D('',#2391,#1656,#1657);
#1430=AXIS2_PLACEMENT_3D('',#2392,#1658,#1659);
#1431=AXIS2_PLACEMENT_3D('',#2422,#1660,#1661);
#1432=AXIS2_PLACEMENT_3D('',#2430,#1662,#1663);
#1433=AXIS2_PLACEMENT_3D('',#2432,#1664,#1665);
#1434=AXIS2_PLACEMENT_3D('',#2433,#1666,#1667);
#1435=AXIS2_PLACEMENT_3D('',#2463,#1668,#1669);
#1436=AXIS2_PLACEMENT_3D('',#2510,#1670,#1671);
#1437=AXIS2_PLACEMENT_3D('',#2533,#1672,#1673);
#1438=AXIS2_PLACEMENT_3D('',#2626,#1674,#1675);
#1439=AXIS2_PLACEMENT_3D('',#2665,#1676,#1677);
#1440=AXIS2_PLACEMENT_3D('',#2751,#1678,#1679);
#1441=AXIS2_PLACEMENT_3D('',#2763,#1683,#1684);
#1442=AXIS2_PLACEMENT_3D('',#2766,#1686,#1687);
#1443=AXIS2_PLACEMENT_3D('',#2767,#1688,#1689);
#1444=AXIS2_PLACEMENT_3D('',#2846,#1692,#1693);
#1445=AXIS2_PLACEMENT_3D('',#2868,#1694,#1695);
#1446=AXIS2_PLACEMENT_3D('',#2936,#1696,#1697);
#1447=AXIS2_PLACEMENT_3D('',#2971,#1698,#1699);
#1448=AXIS2_PLACEMENT_3D('',#3057,#1700,#1701);
#1449=AXIS2_PLACEMENT_3D('',#3069,#1705,#1706);
#1450=AXIS2_PLACEMENT_3D('',#3070,#1707,#1708);
#1451=AXIS2_PLACEMENT_3D('',#3110,#1709,#1710);
#1452=AXIS2_PLACEMENT_3D('',#3133,#1711,#1712);
#1453=AXIS2_PLACEMENT_3D('',#3200,#1713,#1714);
#1454=AXIS2_PLACEMENT_3D('',#3233,#1715,#1716);
#1455=AXIS2_PLACEMENT_3D('',#3269,#1717,#1718);
#1456=AXIS2_PLACEMENT_3D('',#3272,#1720,#1721);
#1457=AXIS2_PLACEMENT_3D('',#3273,#1722,#1723);
#1458=AXIS2_PLACEMENT_3D('',#3346,#1726,#1727);
#1459=AXIS2_PLACEMENT_3D('',#3379,#1728,#1729);
#1460=AXIS2_PLACEMENT_3D('',#3433,#1730,#1731);
#1461=AXIS2_PLACEMENT_3D('',#3486,#1732,#1733);
#1462=AXIS2_PLACEMENT_3D('',#3555,#1734,#1735);
#1463=AXIS2_PLACEMENT_3D('',#3571,#1736,#1737);
#1464=AXIS2_PLACEMENT_3D('',#3572,#1738,#1739);
#1465=AXIS2_PLACEMENT_3D('',#3573,#1740,#1741);
#1466=AXIS2_PLACEMENT_3D('',#3574,#1742,#1743);
#1467=AXIS2_PLACEMENT_3D('',#3575,#1744,#1745);
#1468=AXIS2_PLACEMENT_3D('',#3585,#1746,#1747);
#1469=AXIS2_PLACEMENT_3D('',#3586,#1748,#1749);
#1470=AXIS2_PLACEMENT_3D('',#3587,#1750,#1751);
#1471=AXIS2_PLACEMENT_3D('',#3597,#1752,#1753);
#1472=AXIS2_PLACEMENT_3D('',#3598,#1754,#1755);
#1473=AXIS2_PLACEMENT_3D('',#3599,#1756,#1757);
#1474=AXIS2_PLACEMENT_3D('',#3609,#1758,#1759);
#1475=AXIS2_PLACEMENT_3D('',#3610,#1760,#1761);
#1476=AXIS2_PLACEMENT_3D('',#3611,#1762,#1763);
#1477=AXIS2_PLACEMENT_3D('',#3649,#1764,#1765);
#1478=AXIS2_PLACEMENT_3D('',#3771,#1766,#1767);
#1479=AXIS2_PLACEMENT_3D('',#3772,#1768,#1769);
#1480=AXIS2_PLACEMENT_3D('',#3773,#1770,#1771);
#1481=AXIS2_PLACEMENT_3D('',#3774,#1772,#1773);
#1482=AXIS2_PLACEMENT_3D('',#3775,#1774,#1775);
#1483=DIRECTION('axis',(0.,0.,1.));
#1484=DIRECTION('refdir',(1.,0.,0.));
#1485=DIRECTION('center_axis',(0.711045889860175,0.70314560548506,0.));
#1486=DIRECTION('ref_axis',(0.70314560548506,-0.711045889860175,0.));
#1487=DIRECTION('center_axis',(0.711045889860176,0.70314560548506,0.));
#1488=DIRECTION('ref_axis',(0.70314560548506,-0.711045889860175,0.));
#1489=DIRECTION('',(0.711045889860175,0.70314560548506,0.));
#1490=DIRECTION('center_axis',(0.703145605485059,-0.711045889860176,0.));
#1491=DIRECTION('ref_axis',(0.,0.,-1.));
#1492=DIRECTION('center_axis',(-0.703145605485059,0.711045889860176,0.));
#1493=DIRECTION('ref_axis',(0.711045889860176,0.703145605485059,0.));
#1494=DIRECTION('center_axis',(-0.711045889860176,-0.703145605485059,0.));
#1495=DIRECTION('ref_axis',(0.,0.,1.));
#1496=DIRECTION('center_axis',(0.703145605485059,-0.711045889860176,0.));
#1497=DIRECTION('ref_axis',(0.711045889860176,0.703145605485059,0.));
#1498=DIRECTION('center_axis',(0.703145605485059,-0.711045889860176,0.));
#1499=DIRECTION('ref_axis',(0.711045889860176,0.703145605485059,0.));
#1500=DIRECTION('center_axis',(-0.703145605485059,0.711045889860176,0.));
#1501=DIRECTION('ref_axis',(0.711045889860176,0.703145605485059,0.));
#1502=DIRECTION('',(0.703145605485059,-0.711045889860176,0.));
#1503=DIRECTION('',(0.703145605485059,-0.711045889860176,0.));
#1504=DIRECTION('center_axis',(-0.703145605485059,0.711045889860176,-2.29384922443214E-17));
#1505=DIRECTION('ref_axis',(0.702668556896657,0.694861351341995,0.153050976997686));
#1506=DIRECTION('center_axis',(-0.703145605485059,0.711045889860176,-6.19339290596678E-16));
#1507=DIRECTION('ref_axis',(0.108910632914321,0.107700549312452,0.988199911817441));
#1508=DIRECTION('center_axis',(-0.703145605485059,0.711045889860176,1.37630953465929E-16));
#1509=DIRECTION('ref_axis',(-0.108806079120344,-0.107597157194136,0.988222691962797));
#1510=DIRECTION('center_axis',(-0.70314560548506,0.711045889860176,6.88154767329644E-17));
#1511=DIRECTION('ref_axis',(-0.70276298021268,-0.694954725540009,0.152191074285591));
#1512=DIRECTION('center_axis',(-0.70314560548506,0.711045889860176,1.09379254552466E-23));
#1513=DIRECTION('ref_axis',(-0.711045889860175,-0.703145605485059,2.33893765075751E-8));
#1514=DIRECTION('center_axis',(-0.70314560548506,0.711045889860175,-5.73462306108036E-17));
#1515=DIRECTION('ref_axis',(-0.702757775075806,-0.694949578236338,-0.152238606403365));
#1516=DIRECTION('center_axis',(-0.703145605485059,0.711045889860176,3.211388914205E-16));
#1517=DIRECTION('ref_axis',(-0.108991582681566,-0.107780599663511,-0.988182259120625));
#1518=DIRECTION('center_axis',(-0.703145605485059,0.711045889860176,1.14692461221607E-17));
#1519=DIRECTION('ref_axis',(0.109096157651126,0.107884012722131,-0.988159434597845));
#1520=DIRECTION('center_axis',(-0.703145605485059,0.711045889860176,-2.29384922443214E-17));
#1521=DIRECTION('ref_axis',(0.702668556896657,0.694861351341995,0.153050976997686));
#1522=DIRECTION('center_axis',(0.703145605485059,-0.711045889860176,0.));
#1523=DIRECTION('ref_axis',(0.711045889860176,0.703145605485059,0.));
#1524=DIRECTION('center_axis',(0.703145605485059,-0.711045889860176,0.));
#1525=DIRECTION('ref_axis',(0.502785370454953,0.497199025800006,0.707106781186548));
#1526=DIRECTION('',(-4.5434220650631E-29,-4.49294103864547E-29,1.));
#1527=DIRECTION('center_axis',(0.703145605485059,-0.711045889860176,0.));
#1528=DIRECTION('ref_axis',(0.502785370454953,0.497199025800006,-0.707106781186547));
#1529=DIRECTION('',(0.711045889860176,0.703145605485059,0.));
#1530=DIRECTION('center_axis',(0.703145605485059,-0.711045889860176,0.));
#1531=DIRECTION('ref_axis',(-0.502785370454953,-0.497199025800006,-0.707106781186548));
#1532=DIRECTION('',(0.,0.,-1.));
#1533=DIRECTION('center_axis',(0.703145605485059,-0.711045889860176,0.));
#1534=DIRECTION('ref_axis',(-0.502785370454954,-0.497199025800007,0.707106781186547));
#1535=DIRECTION('',(-0.711045889860176,-0.703145605485059,0.));
#1536=DIRECTION('center_axis',(0.70314560548506,-0.711045889860176,-1.09379254552466E-23));
#1537=DIRECTION('ref_axis',(0.711045889653804,0.703145605280981,-2.40930383635909E-5));
#1538=DIRECTION('center_axis',(0.108214837844175,0.107012485077963,0.988351089900647));
#1539=DIRECTION('ref_axis',(-0.702762980212682,-0.694954725540007,0.152191074285591));
#1540=DIRECTION('center_axis',(-0.703145605485059,0.711045889860176,0.));
#1541=DIRECTION('ref_axis',(0.711045889860176,0.703145605485059,0.));
#1542=DIRECTION('center_axis',(0.108248635361154,0.107045907077695,-0.98834376950551));
#1543=DIRECTION('ref_axis',(-0.42069699884531,-0.895843288382885,-0.143104290019163));
#1544=DIRECTION('center_axis',(0.70314560548506,-0.711045889860176,-6.88154767329644E-17));
#1545=DIRECTION('ref_axis',(-0.702762980212681,-0.694954725540009,0.152191074285592));
#1546=DIRECTION('center_axis',(0.7026716833867,0.694864443094262,0.153022583594064));
#1547=DIRECTION('ref_axis',(-0.108806079120342,-0.107597157194139,0.988222691962797));
#1548=DIRECTION('center_axis',(-0.703145605485059,0.711045889860176,0.));
#1549=DIRECTION('ref_axis',(0.711045889860176,0.703145605485059,0.));
#1550=DIRECTION('center_axis',(0.70314560548506,-0.711045889860175,5.73462306108036E-17));
#1551=DIRECTION('ref_axis',(-0.702757775075806,-0.694949578236339,-0.152238606403365));
#1552=DIRECTION('center_axis',(0.702642933780473,0.694836012918957,-0.153283471905019));
#1553=DIRECTION('ref_axis',(0.137443222005278,-0.343904448524428,-0.928891323573386));
#1554=DIRECTION('center_axis',(-0.703145605485059,0.711045889860176,0.));
#1555=DIRECTION('ref_axis',(0.711045889860176,0.703145605485059,0.));
#1556=DIRECTION('center_axis',(0.703145605485059,-0.711045889860176,-1.37630953465929E-16));
#1557=DIRECTION('ref_axis',(-0.108806079120345,-0.107597157194136,0.988222691962797));
#1558=DIRECTION('center_axis',(0.702655485657969,0.694848425335168,-0.153169625853172));
#1559=DIRECTION('ref_axis',(0.10891063291432,0.107700549312447,0.988199911817442));
#1560=DIRECTION('center_axis',(-0.703145605485059,0.711045889860176,0.));
#1561=DIRECTION('ref_axis',(0.711045889860176,0.703145605485059,0.));
#1562=DIRECTION('center_axis',(0.703145605485059,-0.711045889860176,-3.211388914205E-16));
#1563=DIRECTION('ref_axis',(-0.108991582681565,-0.10778059966351,-0.988182259120625));
#1564=DIRECTION('center_axis',(0.702626704497356,0.694819963956073,0.15343054394503));
#1565=DIRECTION('ref_axis',(0.342445697918002,-0.141179712881925,-0.928869868521974));
#1566=DIRECTION('center_axis',(-0.703145605485059,0.711045889860176,0.));
#1567=DIRECTION('ref_axis',(0.711045889860176,0.703145605485059,0.));
#1568=DIRECTION('center_axis',(0.703145605485059,-0.711045889860176,6.19339290596678E-16));
#1569=DIRECTION('ref_axis',(0.108910632914321,0.107700549312451,0.988199911817441));
#1570=DIRECTION('center_axis',(0.108826268133289,0.107617121891116,-0.988218294932883));
#1571=DIRECTION('ref_axis',(0.702668556896657,0.694861351341995,0.153050976997685));
#1572=DIRECTION('center_axis',(-0.703145605485059,0.711045889860176,0.));
#1573=DIRECTION('ref_axis',(0.711045889860176,0.703145605485059,0.));
#1574=DIRECTION('center_axis',(0.703145605485059,-0.711045889860176,-1.14692461221607E-17));
#1575=DIRECTION('ref_axis',(0.109096157651125,0.10788401272213,-0.988159434597845));
#1576=DIRECTION('center_axis',(0.108860086467583,0.107650564476889,0.988210927657693));
#1577=DIRECTION('ref_axis',(0.900398829046306,0.410574115969606,-0.143912626088953));
#1578=DIRECTION('center_axis',(-0.703145605485059,0.711045889860176,0.));
#1579=DIRECTION('ref_axis',(0.711045889860176,0.703145605485059,0.));
#1580=DIRECTION('center_axis',(0.703145605485059,-0.711045889860176,2.29384922443214E-17));
#1581=DIRECTION('ref_axis',(0.702668556896657,0.694861351341995,0.153050976997686));
#1582=DIRECTION('center_axis',(-0.703145605485059,0.711045889860176,0.));
#1583=DIRECTION('ref_axis',(0.711045889860176,0.703145605485059,0.));
#1584=DIRECTION('center_axis',(-0.703145605485058,0.711045889860178,0.));
#1585=DIRECTION('ref_axis',(0.711045889860178,0.703145605485057,0.));
#1586=DIRECTION('center_axis',(-0.703145605485058,0.711045889860178,0.));
#1587=DIRECTION('ref_axis',(0.711045889860178,0.703145605485057,0.));
#1588=DIRECTION('center_axis',(-0.703145605485058,0.711045889860178,0.));
#1589=DIRECTION('ref_axis',(0.711045889860178,0.703145605485057,0.));
#1590=DIRECTION('center_axis',(-0.703145605485058,0.711045889860178,0.));
#1591=DIRECTION('ref_axis',(0.711045889860178,0.703145605485057,0.));
#1592=DIRECTION('center_axis',(-0.703145605485059,0.711045889860176,0.));
#1593=DIRECTION('ref_axis',(-0.711045889654296,-0.703145605281467,2.40643045883423E-5));
#1594=DIRECTION('center_axis',(-0.703145605485059,0.711045889860176,0.));
#1595=DIRECTION('ref_axis',(0.711045889860176,0.703145605485059,0.));
#1596=DIRECTION('center_axis',(-0.703145605485059,0.711045889860176,0.));
#1597=DIRECTION('ref_axis',(0.711045889860176,0.703145605485059,0.));
#1598=DIRECTION('center_axis',(-0.703145605485059,0.711045889860176,0.));
#1599=DIRECTION('ref_axis',(0.711045889860176,0.703145605485059,0.));
#1600=DIRECTION('center_axis',(0.458881770035851,0.527117938878116,0.715244153867511));
#1601=DIRECTION('ref_axis',(-0.509264240162535,-0.503605910121204,0.697876078528752));
#1602=DIRECTION('center_axis',(0.458882281816028,0.527118097735483,-0.715243708448415));
#1603=DIRECTION('ref_axis',(0.864416664883983,-0.451008652215815,0.222204916906279));
#1604=DIRECTION('center_axis',(-0.545176917946422,-0.465774223111592,-0.697019728001463));
#1605=DIRECTION('ref_axis',(0.810891662725456,-0.503937119038879,-0.297493010635778));
#1606=DIRECTION('center_axis',(0.471836559623676,0.539940424178752,-0.697018363703685));
#1607=DIRECTION('ref_axis',(0.496287427158503,0.490773279812661,0.71612874363924));
#1608=DIRECTION('center_axis',(-0.532213930806425,-0.452962963142858,0.715243235463584));
#1609=DIRECTION('ref_axis',(0.441314972793413,-0.869404357123907,-0.222209717614498));
#1610=DIRECTION('center_axis',(0.,0.,-1.));
#1611=DIRECTION('ref_axis',(-1.,0.,0.));
#1612=DIRECTION('center_axis',(0.,0.,-1.));
#1613=DIRECTION('ref_axis',(-1.,0.,0.));
#1614=DIRECTION('',(0.,0.,1.));
#1615=DIRECTION('center_axis',(0.,0.,-1.));
#1616=DIRECTION('ref_axis',(-1.,0.,0.));
#1617=DIRECTION('center_axis',(0.,0.,1.));
#1618=DIRECTION('ref_axis',(-1.,0.,0.));
#1619=DIRECTION('center_axis',(0.,0.,-1.));
#1620=DIRECTION('ref_axis',(-1.,0.,0.));
#1621=DIRECTION('center_axis',(0.,0.,-1.));
#1622=DIRECTION('ref_axis',(-1.,0.,0.));
#1623=DIRECTION('',(0.,0.,1.));
#1624=DIRECTION('center_axis',(0.,0.,-1.));
#1625=DIRECTION('ref_axis',(-1.,0.,0.));
#1626=DIRECTION('center_axis',(0.,0.,1.));
#1627=DIRECTION('ref_axis',(-1.,0.,0.));
#1628=DIRECTION('center_axis',(0.,0.,1.));
#1629=DIRECTION('ref_axis',(1.,0.,0.));
#1630=DIRECTION('center_axis',(0.,0.,1.));
#1631=DIRECTION('ref_axis',(1.,0.,0.));
#1632=DIRECTION('',(0.,0.,-1.));
#1633=DIRECTION('center_axis',(0.,0.,1.));
#1634=DIRECTION('ref_axis',(1.,0.,0.));
#1635=DIRECTION('center_axis',(0.,0.,-1.));
#1636=DIRECTION('ref_axis',(1.,0.,0.));
#1637=DIRECTION('center_axis',(0.,0.,1.));
#1638=DIRECTION('ref_axis',(1.,0.,0.));
#1639=DIRECTION('center_axis',(0.,0.,1.));
#1640=DIRECTION('ref_axis',(1.,0.,0.));
#1641=DIRECTION('',(0.,0.,-1.));
#1642=DIRECTION('center_axis',(0.,0.,1.));
#1643=DIRECTION('ref_axis',(1.,0.,0.));
#1644=DIRECTION('center_axis',(0.,0.,-1.));
#1645=DIRECTION('ref_axis',(1.,0.,0.));
#1646=DIRECTION('center_axis',(-0.545176633506157,-0.465774966126278,0.697019453967361));
#1647=DIRECTION('ref_axis',(-0.496288166143467,-0.490774010586913,-0.7161277307006));
#1648=DIRECTION('center_axis',(0.471837299420687,0.539940131446499,0.697018089671229));
#1649=DIRECTION('ref_axis',(0.494843159274677,-0.816471747182811,0.297496443291856));
#1650=DIRECTION('center_axis',(-0.53221409536552,-0.452963473124883,-0.715242790043287));
#1651=DIRECTION('ref_axis',(0.509263318165758,0.503604998368552,-0.697877409284047));
#1652=DIRECTION('center_axis',(0.,0.,1.));
#1653=DIRECTION('ref_axis',(1.,0.,0.));
#1654=DIRECTION('center_axis',(0.569644273764238,0.563315073610517,0.59848268914881));
#1655=DIRECTION('ref_axis',(0.631711180827949,0.165745440643216,-0.75727764586243));
#1656=DIRECTION('center_axis',(0.49828924526332,-0.835150373651158,0.232876966326089));
#1657=DIRECTION('ref_axis',(0.767965352064338,0.300479906068408,-0.5656333123834));
#1658=DIRECTION('center_axis',(-0.425484979896004,-0.420757503953231,-0.801202630268987));
#1659=DIRECTION('ref_axis',(0.703145605485057,-0.711045889860178,-7.40148683083437E-16));
#1660=DIRECTION('center_axis',(-0.569644705825275,-0.563315500871025,0.598481875752024));
#1661=DIRECTION('ref_axis',(0.703145605485057,-0.711045889860178,0.));
#1662=DIRECTION('center_axis',(0.,0.,1.));
#1663=DIRECTION('ref_axis',(1.,0.,0.));
#1664=DIRECTION('center_axis',(0.4254842056519,0.420756738311585,-0.801203443518666));
#1665=DIRECTION('ref_axis',(-0.309047502458502,-0.764557572190962,-0.565633591673642));
#1666=DIRECTION('center_axis',(0.829526568828702,-0.507596068649888,0.232877441368757));
#1667=DIRECTION('ref_axis',(-0.172796373787615,-0.62981674186762,-0.757279528885541));
#1668=DIRECTION('center_axis',(0.425484407198513,0.420756937618868,0.801203231818571));
#1669=DIRECTION('ref_axis',(0.70314560548506,-0.711045889860175,0.));
#1670=DIRECTION('center_axis',(0.457077046967942,-0.462212595886148,0.759894788335368));
#1671=DIRECTION('ref_axis',(-0.71104588985983,-0.70314560548541,-2.00728322852229E-12));
#1672=DIRECTION('center_axis',(0.625784857800384,-0.632815945381229,0.456001415588828));
#1673=DIRECTION('ref_axis',(-0.711045889860165,-0.70314560548507,-2.22044604925032E-15));
#1674=DIRECTION('center_axis',(-0.950026281774461,0.31216992798441,8.43792841620029E-15));
#1675=DIRECTION('ref_axis',(-8.88178419700127E-15,-1.08770485875752E-30,
-1.));
#1676=DIRECTION('center_axis',(-0.997395587308299,-0.0721251857393343,-2.52657413148909E-15));
#1677=DIRECTION('ref_axis',(1.06581410364015E-13,-1.4388490399142E-12,-1.));
#1678=DIRECTION('center_axis',(0.,0.,-1.));
#1679=DIRECTION('ref_axis',(-0.711045889860176,-0.703145605485059,0.));
#1680=DIRECTION('',(0.70314560548506,-0.711045889860176,0.));
#1681=DIRECTION('',(-0.711045889860176,-0.703145605485059,0.));
#1682=DIRECTION('',(-0.70314560548506,0.711045889860176,0.));
#1683=DIRECTION('center_axis',(-0.70314560548506,0.711045889860176,0.));
#1684=DIRECTION('ref_axis',(-0.502785370454952,-0.497199025800006,-0.707106781186548));
#1685=DIRECTION('',(-0.70314560548506,0.711045889860176,0.));
#1686=DIRECTION('center_axis',(-0.703145605485059,0.711045889860176,0.));
#1687=DIRECTION('ref_axis',(-0.502785370454953,-0.497199025800006,-0.707106781186548));
#1688=DIRECTION('center_axis',(-0.711045889860176,-0.70314560548506,0.));
#1689=DIRECTION('ref_axis',(0.,0.,1.));
#1690=DIRECTION('',(0.70314560548506,-0.711045889860176,0.));
#1691=DIRECTION('',(0.,0.,1.));
#1692=DIRECTION('center_axis',(-0.0832683612826017,-0.996527159694762,-1.21150616776384E-12));
#1693=DIRECTION('ref_axis',(1.79412040779425E-12,1.06581410364015E-12,-1.));
#1694=DIRECTION('center_axis',(0.301526463911208,-0.953457807960689,-3.11222052696423E-15));
#1695=DIRECTION('ref_axis',(1.77635683940025E-14,8.88178419700126E-15,-1.));
#1696=DIRECTION('center_axis',(-0.625782377968606,0.63281343768699,-0.456008298725727));
#1697=DIRECTION('ref_axis',(0.711045889860174,0.703145605485061,-3.33066907387547E-15));
#1698=DIRECTION('center_axis',(-0.457077627395599,0.462213182833558,-0.759894082191249));
#1699=DIRECTION('ref_axis',(0.711045889860912,0.703145605484315,-8.99280649946389E-13));
#1700=DIRECTION('center_axis',(0.711045889860176,0.70314560548506,6.3897733322902E-29));
#1701=DIRECTION('ref_axis',(-5.50506830584434E-15,5.56692122049161E-15,
-1.));
#1702=DIRECTION('',(0.70314560548506,-0.711045889860176,0.));
#1703=DIRECTION('',(4.5434220650631E-29,4.49294103864547E-29,-1.));
#1704=DIRECTION('',(-0.70314560548506,0.711045889860176,0.));
#1705=DIRECTION('center_axis',(-0.70314560548506,0.711045889860176,0.));
#1706=DIRECTION('ref_axis',(0.502785370454952,0.497199025800006,-0.707106781186548));
#1707=DIRECTION('center_axis',(-0.703145605485059,0.711045889860176,0.));
#1708=DIRECTION('ref_axis',(0.502785370454953,0.497199025800007,-0.707106781186547));
#1709=DIRECTION('center_axis',(0.99739561461099,0.072124808178356,1.2278735136543E-12));
#1710=DIRECTION('ref_axis',(-1.10134124042815E-12,-1.79412040779425E-12,
1.));
#1711=DIRECTION('center_axis',(0.950027123318751,-0.312167366902273,-2.89272951827085E-15));
#1712=DIRECTION('ref_axis',(8.88178419700124E-15,1.77635683940025E-14,1.));
#1713=DIRECTION('center_axis',(-0.625783709382913,0.632814784060562,0.456004603206312));
#1714=DIRECTION('ref_axis',(-0.71104588986017,-0.703145605485066,-1.33226762955018E-14));
#1715=DIRECTION('center_axis',(-0.45707625085078,0.462211790822395,0.759895756885738));
#1716=DIRECTION('ref_axis',(-0.71104588985941,-0.703145605485834,9.32587340685132E-13));
#1717=DIRECTION('center_axis',(-0.70314560548506,0.711045889860176,0.));
#1718=DIRECTION('ref_axis',(-0.502785370454952,-0.497199025800005,0.707106781186549));
#1719=DIRECTION('',(-0.70314560548506,0.711045889860176,0.));
#1720=DIRECTION('center_axis',(-0.703145605485059,0.711045889860176,0.));
#1721=DIRECTION('ref_axis',(-0.502785370454954,-0.497199025800007,0.707106781186547));
#1722=DIRECTION('center_axis',(0.,0.,1.));
#1723=DIRECTION('ref_axis',(0.711045889860181,0.703145605485054,0.));
#1724=DIRECTION('',(0.70314560548506,-0.711045889860176,0.));
#1725=DIRECTION('',(0.711045889860176,0.703145605485059,0.));
#1726=DIRECTION('center_axis',(-0.0832679840447461,-0.996527191216137,1.19084537257276E-12));
#1727=DIRECTION('ref_axis',(0.315410221103483,-0.0263550994782327,0.948589374363293));
#1728=DIRECTION('center_axis',(0.30152389357782,-0.953458620812499,5.35614030599552E-15));
#1729=DIRECTION('ref_axis',(0.581312395583676,0.183835536304741,0.792641403367447));
#1730=DIRECTION('center_axis',(-0.625781229533608,0.632812276348608,0.456011486331099));
#1731=DIRECTION('ref_axis',(0.759086312912488,0.359615688373412,0.542645857097096));
#1732=DIRECTION('center_axis',(-0.457076831277456,0.462212377770522,0.759895050743904));
#1733=DIRECTION('ref_axis',(0.843624119585689,0.495935049102022,0.205783313039336));
#1734=DIRECTION('center_axis',(0.498288891046361,-0.835149779955203,-0.232879853359116));
#1735=DIRECTION('ref_axis',(0.631712663805577,0.165743802494121,0.757276767319883));
#1736=DIRECTION('center_axis',(0.,0.,1.));
#1737=DIRECTION('ref_axis',(0.711045889860178,0.703145605485057,0.));
#1738=DIRECTION('center_axis',(0.711045889860178,0.703145605485057,0.));
#1739=DIRECTION('ref_axis',(-0.703145605485057,0.711045889860178,0.));
#1740=DIRECTION('center_axis',(-0.703145605485059,0.711045889860176,0.));
#1741=DIRECTION('ref_axis',(0.502785370454953,0.497199025800006,0.707106781186548));
#1742=DIRECTION('center_axis',(0.711045889860176,0.703145605485059,0.));
#1743=DIRECTION('ref_axis',(-0.497199025800013,0.502785370454951,0.707106781186544));
#1744=DIRECTION('center_axis',(0.711045889860174,0.703145605485061,0.));
#1745=DIRECTION('ref_axis',(-0.703145605485061,0.711045889860174,0.));
#1746=DIRECTION('center_axis',(0.,0.,1.));
#1747=DIRECTION('ref_axis',(-0.703145605485061,0.711045889860174,0.));
#1748=DIRECTION('center_axis',(0.,0.,1.));
#1749=DIRECTION('ref_axis',(-0.99998439625496,0.00558634465495075,0.));
#1750=DIRECTION('center_axis',(0.,0.,1.));
#1751=DIRECTION('ref_axis',(-0.703145605485057,0.711045889860178,0.));
#1752=DIRECTION('center_axis',(-0.711045889860174,-0.703145605485061,0.));
#1753=DIRECTION('ref_axis',(-0.703145605485061,0.711045889860174,0.));
#1754=DIRECTION('center_axis',(-0.711045889860176,-0.703145605485059,0.));
#1755=DIRECTION('ref_axis',(-0.497199025800003,0.502785370454954,-0.707106781186549));
#1756=DIRECTION('center_axis',(-0.711045889860174,-0.703145605485061,0.));
#1757=DIRECTION('ref_axis',(-0.703145605485061,0.711045889860174,0.));
#1758=DIRECTION('center_axis',(0.,0.,-1.));
#1759=DIRECTION('ref_axis',(-0.703145605485057,0.711045889860178,0.));
#1760=DIRECTION('center_axis',(4.5434220650631E-29,4.49294103864547E-29,
-1.));
#1761=DIRECTION('ref_axis',(0.00558634465495068,0.99998439625496,0.));
#1762=DIRECTION('center_axis',(-0.70314560548506,0.711045889860176,0.));
#1763=DIRECTION('ref_axis',(0.502785370454952,0.497199025800005,0.707106781186549));
#1764=DIRECTION('center_axis',(0.829525979127919,-0.507595707815799,-0.232880328406771));
#1765=DIRECTION('ref_axis',(-0.30904587647773,-0.764558283220846,0.565633518977177));
#1766=DIRECTION('center_axis',(0.,0.,1.));
#1767=DIRECTION('ref_axis',(1.,0.,0.));
#1768=DIRECTION('center_axis',(-0.569644504242508,-0.563315301528019,-0.598482255251319));
#1769=DIRECTION('ref_axis',(-0.172794752307398,-0.629818243066812,0.757278650349565));
#1770=DIRECTION('center_axis',(0.,0.,1.));
#1771=DIRECTION('ref_axis',(1.,0.,0.));
#1772=DIRECTION('center_axis',(-0.425485181442353,-0.420757703260263,0.801202418568564));
#1773=DIRECTION('ref_axis',(0.76796604487197,0.300478272247475,0.565633239679985));
#1774=DIRECTION('center_axis',(0.569644072181254,0.563314874267297,-0.598483068647709));
#1775=DIRECTION('ref_axis',(0.70314560548506,-0.711045889860175,0.));
#1776=CARTESIAN_POINT('',(0.,0.,0.));
#1777=CARTESIAN_POINT('Origin',(5.91090829916877,-7.65600508447628,1.75000002607703));
#1778=CARTESIAN_POINT('',(5.71930112167409,-7.46224507948938,1.75000002607703));
#1779=CARTESIAN_POINT('Origin',(5.91090829916876,-7.65600508447628,1.75000002607703));
#1780=CARTESIAN_POINT('',(6.0980697169149,-7.08768490406708,1.75000002607703));
#1781=CARTESIAN_POINT('',(5.71930112167409,-7.46224507948938,1.75000002607703));
#1782=CARTESIAN_POINT('',(6.48118316607423,-7.47515929768065,1.74249435314889));
#1783=CARTESIAN_POINT('Ctrl Pts',(6.48118316607423,-7.47515929768065,1.74249435314888));
#1784=CARTESIAN_POINT('Ctrl Pts',(6.48123182664829,-7.47520850498695,1.74500591587621));
#1785=CARTESIAN_POINT('Ctrl Pts',(6.48126534251652,-7.47522343533025,1.74750847155506));
#1786=CARTESIAN_POINT('Ctrl Pts',(6.48154452028765,-7.47494735944581,1.78464725301211));
#1787=CARTESIAN_POINT('Ctrl Pts',(6.4788713324318,-7.4677382127088,1.82133450346717));
#1788=CARTESIAN_POINT('Ctrl Pts',(6.46685536032127,-7.44030105041865,1.88839209415923));
#1789=CARTESIAN_POINT('Ctrl Pts',(6.4574402224847,-7.42017215472637,1.91878996617332));
#1790=CARTESIAN_POINT('Ctrl Pts',(6.43372413360655,-7.37614298123438,1.96673207753556));
#1791=CARTESIAN_POINT('Ctrl Pts',(6.41777748241765,-7.34919683847398,1.98761250231967));
#1792=CARTESIAN_POINT('Ctrl Pts',(6.37845530334851,-7.29388725405066,2.01550448788846));
#1793=CARTESIAN_POINT('Ctrl Pts',(6.35491544902136,-7.26563273660246,2.02250002607703));
#1794=CARTESIAN_POINT('Ctrl Pts',(6.30620308566881,-7.21637305912313,2.02250002607703));
#1795=CARTESIAN_POINT('Ctrl Pts',(6.27819728238545,-7.19250791996381,2.01549663137212));
#1796=CARTESIAN_POINT('Ctrl Pts',(6.22330282360598,-7.15255678156167,1.98757586697843));
#1797=CARTESIAN_POINT('Ctrl Pts',(6.19652512199859,-7.1363073772612,1.96667451696406));
#1798=CARTESIAN_POINT('Ctrl Pts',(6.15277804873702,-7.11211503946438,1.91871209229082));
#1799=CARTESIAN_POINT('Ctrl Pts',(6.13277478862126,-7.10248609170376,1.88832412099494));
#1800=CARTESIAN_POINT('Ctrl Pts',(6.10550089750001,-7.09017786730953,1.82129558438391));
#1801=CARTESIAN_POINT('Ctrl Pts',(6.09833001714435,-7.08742749597986,1.78462754421844));
#1802=CARTESIAN_POINT('Ctrl Pts',(6.0980697169149,-7.08768490406708,1.75000002607703));
#1803=CARTESIAN_POINT('',(6.32612948571678,-7.24539733497794,1.47750002607703));
#1804=CARTESIAN_POINT('Ctrl Pts',(6.32612948571678,-7.24539733497794,1.47750002607703));
#1805=CARTESIAN_POINT('Ctrl Pts',(6.35046452274738,-7.27000579149851,1.47750002607703));
#1806=CARTESIAN_POINT('Ctrl Pts',(6.37415012044057,-7.29813230297902,1.48448788264907));
#1807=CARTESIAN_POINT('Ctrl Pts',(6.4140245175366,-7.352993064319,1.51241674972501));
#1808=CARTESIAN_POINT('Ctrl Pts',(6.43037057676822,-7.37962031450758,1.53334309238963));
#1809=CARTESIAN_POINT('Ctrl Pts',(6.45489953280871,-7.42287598109999,1.58138550580701));
#1810=CARTESIAN_POINT('Ctrl Pts',(6.46479239996246,-7.44249670206695,1.61180501983575));
#1811=CARTESIAN_POINT('Ctrl Pts',(6.47734743246828,-7.4678886468779,1.67641580739832));
#1812=CARTESIAN_POINT('Ctrl Pts',(6.48055739875037,-7.47452649946621,1.71019605176043));
#1813=CARTESIAN_POINT('Ctrl Pts',(6.48118316607423,-7.47515929768065,1.74249435314888));
#1814=CARTESIAN_POINT('',(6.09811420305611,-7.08778631324859,1.74249435314889));
#1815=CARTESIAN_POINT('Ctrl Pts',(6.09811420305611,-7.08778631324859,1.74249435314888));
#1816=CARTESIAN_POINT('Ctrl Pts',(6.0987403252959,-7.08841947036666,1.71017773315991));
#1817=CARTESIAN_POINT('Ctrl Pts',(6.10534900307517,-7.09170666475529,1.6763794659504));
#1818=CARTESIAN_POINT('Ctrl Pts',(6.13062394962728,-7.10455758907824,1.6117409578831));
#1819=CARTESIAN_POINT('Ctrl Pts',(6.15015083241123,-7.11467913129541,1.58131208851971));
#1820=CARTESIAN_POINT('Ctrl Pts',(6.1931435433599,-7.13970295186158,1.53328886798609));
#1821=CARTESIAN_POINT('Ctrl Pts',(6.21957606461865,-7.15634261414378,1.51238226304681));
#1822=CARTESIAN_POINT('Ctrl Pts',(6.27396231207861,-7.19681427567544,1.48448050799433));
#1823=CARTESIAN_POINT('Ctrl Pts',(6.30180747530543,-7.22080205143891,1.47750002607703));
#1824=CARTESIAN_POINT('Ctrl Pts',(6.32612948571678,-7.24539733497794,1.47750002607703));
#1825=CARTESIAN_POINT('Ctrl Pts',(6.0980697169149,-7.08768490406708,1.75000002607703));
#1826=CARTESIAN_POINT('Ctrl Pts',(6.09805098742849,-7.08770342545403,1.74750845842831));
#1827=CARTESIAN_POINT('Ctrl Pts',(6.09806554272584,-7.08773710618882,1.74500590329335));
#1828=CARTESIAN_POINT('Ctrl Pts',(6.09811420305611,-7.08778631324859,1.74249435314888));
#1829=CARTESIAN_POINT('Origin',(5.98684752864876,-5.96552130105187,1.74249435314889));
#1830=CARTESIAN_POINT('',(5.9516902483745,-5.92996900655886,2.50249435314889));
#1831=CARTESIAN_POINT('Origin',(5.9516902483745,-5.92996900655886,1.74249435314889));
#1832=CARTESIAN_POINT('',(5.98684752864876,-5.96552130105187,2.45249435314889));
#1833=CARTESIAN_POINT('Origin',(5.98684752864876,-5.96552130105187,2.50249435314889));
#1834=CARTESIAN_POINT('',(5.48200494684803,-6.46475468094626,1.74249435314889));
#1835=CARTESIAN_POINT('Origin',(5.98684752864876,-5.96552130105187,1.74249435314889));
#1836=CARTESIAN_POINT('Origin',(5.98684752864876,-5.96552130105187,1.74249435314889));
#1837=CARTESIAN_POINT('Origin',(9.22131731388004,-9.23633239440869,1.74249435314889));
#1838=CARTESIAN_POINT('',(8.71647473207931,-9.73556577430308,1.74249435314889));
#1839=CARTESIAN_POINT('',(8.53324397272269,-9.5502763017953,1.74249435314889));
#1840=CARTESIAN_POINT('',(8.71647473207931,-9.73556577430308,1.74249435314889));
#1841=CARTESIAN_POINT('',(8.53919187912678,-9.54439448135373,1.63382815948053));
#1842=CARTESIAN_POINT('Origin',(9.0380865545234,-9.0510429219009,1.74249435314889));
#1843=CARTESIAN_POINT('',(8.96076000515424,-9.12751031191275,1.04087241575851));
#1844=CARTESIAN_POINT('Origin',(9.03808655452341,-9.05104292190091,1.74249435314889));
#1845=CARTESIAN_POINT('',(9.11533887069885,-8.97464894029307,1.04085624185531));
#1846=CARTESIAN_POINT('Origin',(9.03808655452341,-9.05104292190091,1.74249435314889));
#1847=CARTESIAN_POINT('',(9.53704827047441,-8.5576250667675,1.63443869040612));
#1848=CARTESIAN_POINT('Origin',(9.0380865545234,-9.0510429219009,1.74249435314889));
#1849=CARTESIAN_POINT('',(9.53704457482723,-8.55762872135311,1.85058376369528));
#1850=CARTESIAN_POINT('Origin',(9.03808655452341,-9.05104292190091,1.74249435314889));
#1851=CARTESIAN_POINT('',(9.11547057822732,-8.97451869613982,2.44410375712453));
#1852=CARTESIAN_POINT('Origin',(9.03808655452341,-9.05104292190091,1.74249435314889));
#1853=CARTESIAN_POINT('',(8.96062828259111,-9.12764057093362,2.44408755171336));
#1854=CARTESIAN_POINT('Origin',(9.03808655452341,-9.05104292190091,1.74249435314889));
#1855=CARTESIAN_POINT('',(8.53919559844101,-9.54439080336403,1.85119431540757));
#1856=CARTESIAN_POINT('Origin',(9.03808655452341,-9.05104292190091,1.74249435314889));
#1857=CARTESIAN_POINT('Origin',(9.0380865545234,-9.0510429219009,1.74249435314889));
#1858=CARTESIAN_POINT('Origin',(5.95169266922796,-5.92996661260301,1.7425));
#1859=CARTESIAN_POINT('',(6.76417346829252,-5.12651312028962,2.835));
#1860=CARTESIAN_POINT('',(6.72862117379951,-5.16167040056388,2.885));
#1861=CARTESIAN_POINT('Origin',(6.72862117379951,-5.16167040056388,2.835));
#1862=CARTESIAN_POINT('',(6.76417346829252,-5.12651312028962,0.65));
#1863=CARTESIAN_POINT('',(6.76417346829252,-5.12651312028962,2.36375));
#1864=CARTESIAN_POINT('',(6.72862117379951,-5.16167040056388,0.6));
#1865=CARTESIAN_POINT('Origin',(6.72862117379951,-5.16167040056388,0.65));
#1866=CARTESIAN_POINT('',(5.1747641646564,-6.69826282464215,0.6));
#1867=CARTESIAN_POINT('',(6.39348536325325,-5.49308258617207,0.6));
#1868=CARTESIAN_POINT('',(5.13921187016339,-6.7334201049164,0.65));
#1869=CARTESIAN_POINT('Origin',(5.1747641646564,-6.69826282464215,0.65));
#1870=CARTESIAN_POINT('',(5.13921187016339,-6.7334201049164,2.835));
#1871=CARTESIAN_POINT('',(5.13921187016339,-6.7334201049164,1.12125));
#1872=CARTESIAN_POINT('',(5.1747641646564,-6.69826282464215,2.885));
#1873=CARTESIAN_POINT('Origin',(5.1747641646564,-6.69826282464215,2.835));
#1874=CARTESIAN_POINT('',(5.50989997520266,-6.36685063903396,2.885));
#1875=CARTESIAN_POINT('Origin',(9.03808655452341,-9.05104292190091,1.74249435314889));
#1876=CARTESIAN_POINT('',(9.67807881474377,-8.65807176742167,1.62987295817755));
#1877=CARTESIAN_POINT('Origin',(9.88842976058076,-8.2101477039975,1.55834315326332));
#1878=CARTESIAN_POINT('',(9.67807496294248,-8.65807557642638,1.85515092188738));
#1879=CARTESIAN_POINT('Origin',(9.15803420938638,-9.17233826432127,1.74249435314889));
#1880=CARTESIAN_POINT('Origin',(9.88842346236514,-8.21015393223494,1.92670306689696));
#1881=CARTESIAN_POINT('Origin',(9.0380865545234,-9.0510429219009,1.74249435314889));
#1882=CARTESIAN_POINT('',(9.23855070793544,-9.09271636799761,1.01120956109642));
#1883=CARTESIAN_POINT('Origin',(9.16974191025902,-8.920850361696,0.546744895873909));
#1884=CARTESIAN_POINT('Origin',(9.15803420938638,-9.17233826432127,1.74249435314889));
#1885=CARTESIAN_POINT('Origin',(9.03808655452341,-9.05104292190091,1.74249435314889));
#1886=CARTESIAN_POINT('',(9.23868798057074,-9.09258062057028,2.47374922489815));
#1887=CARTESIAN_POINT('Origin',(9.1699663695681,-8.92062839630806,2.93819488668485));
#1888=CARTESIAN_POINT('Origin',(9.15803420938638,-9.17233826432127,1.74249435314889));
#1889=CARTESIAN_POINT('Origin',(9.03808655452341,-9.05104292190091,1.74249435314889));
#1890=CARTESIAN_POINT('',(9.07744034102979,-9.25203667081249,1.01122641840398));
#1891=CARTESIAN_POINT('Origin',(8.90630468869708,-9.18136058656897,0.546772459849786));
#1892=CARTESIAN_POINT('Origin',(9.15803420938638,-9.17233826432127,1.74249435314889));
#1893=CARTESIAN_POINT('Origin',(9.03808655452341,-9.05104292190091,1.74249435314889));
#1894=CARTESIAN_POINT('',(9.07730305272455,-9.25217243373565,2.4737323347513));
#1895=CARTESIAN_POINT('Origin',(8.90608020376555,-9.18158257729469,2.93816726901228));
#1896=CARTESIAN_POINT('Origin',(9.15803420938638,-9.17233826432127,1.74249435314889));
#1897=CARTESIAN_POINT('Origin',(9.03808655452341,-9.05104292190091,1.74249435314889));
#1898=CARTESIAN_POINT('',(8.63805947728286,-9.68653566431435,1.6292366301706));
#1899=CARTESIAN_POINT('Origin',(8.18785760067845,-9.89182515702472,1.55730267098169));
#1900=CARTESIAN_POINT('Origin',(9.15803420938638,-9.17233826432127,1.74249435314889));
#1901=CARTESIAN_POINT('Origin',(9.03808655452341,-9.05104292190091,1.74249435314889));
#1902=CARTESIAN_POINT('',(8.63806335375121,-9.68653183091664,1.85578727155935));
#1903=CARTESIAN_POINT('Origin',(8.18786393922806,-9.89181888890144,1.92774358460382));
#1904=CARTESIAN_POINT('Origin',(9.15803420938638,-9.17233826432127,1.74249435314889));
#1905=CARTESIAN_POINT('Origin',(9.0380865545234,-9.0510429219009,1.74249435314889));
#1906=CARTESIAN_POINT('Origin',(9.15803420938638,-9.17233826432127,1.74249435314889));
#1907=CARTESIAN_POINT('Origin',(9.22131731388004,-9.23633239440869,1.74249435314889));
#1908=CARTESIAN_POINT('',(8.81207359317241,-9.55424558118941,1.21064987977145));
#1909=CARTESIAN_POINT('Ctrl Pts',(9.07744034102979,-9.25203667081249,1.01122641840398));
#1910=CARTESIAN_POINT('Ctrl Pts',(9.0392896679172,-9.29243735594916,1.01983418069469));
#1911=CARTESIAN_POINT('Ctrl Pts',(9.00284808356718,-9.33297653871096,1.03474418596257));
#1912=CARTESIAN_POINT('Ctrl Pts',(8.90962315847185,-9.4393511150418,1.09135284887244));
#1913=CARTESIAN_POINT('Ctrl Pts',(8.85716094400209,-9.50180765867407,1.14396324109272));
#1914=CARTESIAN_POINT('Ctrl Pts',(8.81207359317241,-9.55424558118941,1.21064987977145));
#1915=CARTESIAN_POINT('',(8.79970985243127,-9.56647161563816,1.22804024089818));
#1916=CARTESIAN_POINT('Ctrl Pts',(8.79970985243126,-9.56647161563816,1.22804024089818));
#1917=CARTESIAN_POINT('Ctrl Pts',(8.74909415705506,-9.60878114191436,1.29601173926263));
#1918=CARTESIAN_POINT('Ctrl Pts',(8.70688332867513,-9.64013829674637,1.37593361727116));
#1919=CARTESIAN_POINT('Ctrl Pts',(8.6589745532436,-9.6732439866812,1.51670039257752));
#1920=CARTESIAN_POINT('Ctrl Pts',(8.64568963269118,-9.68172721355984,1.57237533434933));
#1921=CARTESIAN_POINT('Ctrl Pts',(8.63805947728286,-9.68653566431435,1.6292366301706));
#1922=CARTESIAN_POINT('Ctrl Pts',(8.81207359317237,-9.55424558118941,1.21064987977143));
#1923=CARTESIAN_POINT('Ctrl Pts',(8.81014866125999,-9.55648433393006,1.21349695852465));
#1924=CARTESIAN_POINT('Ctrl Pts',(8.80815397804788,-9.55862452611683,1.21637239967864));
#1925=CARTESIAN_POINT('Ctrl Pts',(8.80609186686563,-9.56066366953476,1.21927288574721));
#1926=CARTESIAN_POINT('Ctrl Pts',(8.80402975757219,-9.56270281108492,1.22217336915906));
#1927=CARTESIAN_POINT('Ctrl Pts',(8.80190160146065,-9.56463953840479,1.22509695493798));
#1928=CARTESIAN_POINT('Ctrl Pts',(8.79970985243126,-9.56647161563816,1.22804024089818));
#1929=CARTESIAN_POINT('Origin',(9.22131731388004,-9.23633239440869,1.74249435314889));
#1930=CARTESIAN_POINT('',(8.81207163707229,-9.55424035466507,2.27434103628785));
#1931=CARTESIAN_POINT('Ctrl Pts',(8.81207163707228,-9.55424035466507,2.27434103628784));
#1932=CARTESIAN_POINT('Ctrl Pts',(8.85655622121619,-9.50250258220886,2.34013618718485));
#1933=CARTESIAN_POINT('Ctrl Pts',(8.90822802740537,-9.44101134257706,2.39223610540866));
#1934=CARTESIAN_POINT('Ctrl Pts',(9.00115415443591,-9.33485510912035,2.44953914858762));
#1935=CARTESIAN_POINT('Ctrl Pts',(9.03833119321164,-9.29344736430007,2.46492344727957));
#1936=CARTESIAN_POINT('Ctrl Pts',(9.07730305272455,-9.25217243373565,2.4737323347513));
#1937=CARTESIAN_POINT('',(8.79970837938772,-9.56646614483655,2.25695135978207));
#1938=CARTESIAN_POINT('Ctrl Pts',(8.79970837938772,-9.56646614483656,2.25695135978207));
#1939=CARTESIAN_POINT('Ctrl Pts',(8.80190004523221,-9.56463409720674,2.25989453101578));
#1940=CARTESIAN_POINT('Ctrl Pts',(8.80402811976316,-9.56269740468121,2.26281800273513));
#1941=CARTESIAN_POINT('Ctrl Pts',(8.80609014920694,-9.56065830303893,2.26571837300228));
#1942=CARTESIAN_POINT('Ctrl Pts',(8.80815217897341,-9.55861920107755,2.2686187437233));
#1943=CARTESIAN_POINT('Ctrl Pts',(8.81014678266979,-9.55647905557458,2.27149407057713));
#1944=CARTESIAN_POINT('Ctrl Pts',(8.81207163707227,-9.55424035466507,2.27434103628785));
#1945=CARTESIAN_POINT('Ctrl Pts',(8.63806335375121,-9.68653183091664,1.85578727155935));
#1946=CARTESIAN_POINT('Ctrl Pts',(8.64551538119189,-9.6818349002996,1.91130679280418));
#1947=CARTESIAN_POINT('Ctrl Pts',(8.65835981106023,-9.67363290814797,1.96570966793884));
#1948=CARTESIAN_POINT('Ctrl Pts',(8.70568336866362,-9.64101610553189,2.10678637185702));
#1949=CARTESIAN_POINT('Ctrl Pts',(8.74837194552956,-9.60937906981978,2.18801205694423));
#1950=CARTESIAN_POINT('Ctrl Pts',(8.79970837938772,-9.56646614483655,2.25695135978207));
#1951=CARTESIAN_POINT('Origin',(9.22131731388004,-9.23633239440869,1.74249435314889));
#1952=CARTESIAN_POINT('',(9.55614790548642,-8.8184524070426,2.25695653265297));
#1953=CARTESIAN_POINT('Ctrl Pts',(9.55614790548643,-8.81845240704261,2.25695653265297));
#1954=CARTESIAN_POINT('Ctrl Pts',(9.59902372265219,-8.76831293761671,2.18898484166344));
#1955=CARTESIAN_POINT('Ctrl Pts',(9.63085359019184,-8.72645553215221,2.10906217417296));
#1956=CARTESIAN_POINT('Ctrl Pts',(9.66454161459954,-8.67885658148211,1.96810425811436));
#1957=CARTESIAN_POINT('Ctrl Pts',(9.67319004521133,-8.66563822735013,1.91222300886485));
#1958=CARTESIAN_POINT('Ctrl Pts',(9.67807496294248,-8.65807557642639,1.85515092188738));
#1959=CARTESIAN_POINT('',(9.54378373210492,-8.83067861340174,2.27434678945393));
#1960=CARTESIAN_POINT('Ctrl Pts',(9.54378373210492,-8.83067861340174,2.27434678945393));
#1961=CARTESIAN_POINT('Ctrl Pts',(9.54604396956714,-8.82877884098234,2.27149973587956));
#1962=CARTESIAN_POINT('Ctrl Pts',(9.54820643572448,-8.82680822228376,2.2686243178757));
#1963=CARTESIAN_POINT('Ctrl Pts',(9.55026861804317,-8.82476905113337,2.26572385073806));
#1964=CARTESIAN_POINT('Ctrl Pts',(9.55233080128794,-8.82272987906725,2.2628233822979));
#1965=CARTESIAN_POINT('Ctrl Pts',(9.55429131773503,-8.82062352192571,2.25989980971156));
#1966=CARTESIAN_POINT('Ctrl Pts',(9.55614790548642,-8.81845240704259,2.25695653265298));
#1967=CARTESIAN_POINT('Ctrl Pts',(9.23868798057074,-9.09258062057028,2.47374922489815));
#1968=CARTESIAN_POINT('Ctrl Pts',(9.27949134753716,-9.05490747628207,2.46513982359745));
#1969=CARTESIAN_POINT('Ctrl Pts',(9.32041332318364,-9.01894308677285,2.45023523858343));
#1970=CARTESIAN_POINT('Ctrl Pts',(9.42780349991563,-8.92693482738897,2.39364006786491));
#1971=CARTESIAN_POINT('Ctrl Pts',(9.49084366645638,-8.87517574181494,2.34103146557837));
#1972=CARTESIAN_POINT('Ctrl Pts',(9.54378373210493,-8.83067861340175,2.27434678945393));
#1973=CARTESIAN_POINT('Origin',(9.22131731388004,-9.23633239440869,1.74249435314889));
#1974=CARTESIAN_POINT('',(9.55615335814178,-8.81845393981125,1.22803506792969));
#1975=CARTESIAN_POINT('Ctrl Pts',(9.67807881474377,-8.65807176742167,1.62987295817755));
#1976=CARTESIAN_POINT('Ctrl Pts',(9.6733088012835,-8.66545767586195,1.57412027433714));
#1977=CARTESIAN_POINT('Ctrl Pts',(9.66494578824435,-8.67824220452388,1.51948904497466));
#1978=CARTESIAN_POINT('Ctrl Pts',(9.63175188205616,-8.72526842652018,1.37820075979222));
#1979=CARTESIAN_POINT('Ctrl Pts',(9.59963871175333,-8.76760056736695,1.2969746197637));
#1980=CARTESIAN_POINT('Ctrl Pts',(9.55615335814178,-8.81845393981125,1.22803506792969));
#1981=CARTESIAN_POINT('',(9.54378893519414,-8.8306806263631,1.21064412665228));
#1982=CARTESIAN_POINT('Ctrl Pts',(9.54378893519415,-8.8306806263631,1.21064412665228));
#1983=CARTESIAN_POINT('Ctrl Pts',(9.49155583243775,-8.87458429317379,1.14484888083503));
#1984=CARTESIAN_POINT('Ctrl Pts',(9.42948916682682,-8.92556543027072,1.09274923079468));
#1985=CARTESIAN_POINT('Ctrl Pts',(9.32222776573224,-9.0173581735506,1.03540977974768));
#1986=CARTESIAN_POINT('Ctrl Pts',(9.28033158784742,-9.05413636768755,1.02001032245726));
#1987=CARTESIAN_POINT('Ctrl Pts',(9.23855070793544,-9.09271636799761,1.01120956109642));
#1988=CARTESIAN_POINT('Ctrl Pts',(9.55615335814178,-8.81845393981125,1.22803506792968));
#1989=CARTESIAN_POINT('Ctrl Pts',(9.55429673914481,-8.82062513837554,1.225091675017));
#1990=CARTESIAN_POINT('Ctrl Pts',(9.55233618620407,-8.82273157748158,1.22216798726507));
#1991=CARTESIAN_POINT('Ctrl Pts',(9.55027396128977,-8.82477082967567,1.21926740458609));
#1992=CARTESIAN_POINT('Ctrl Pts',(9.54821173734844,-8.82681008090765,1.2163668232756));
#1993=CARTESIAN_POINT('Ctrl Pts',(9.54604922443888,-8.828780777787,1.21349129212068));
#1994=CARTESIAN_POINT('Ctrl Pts',(9.54378893519414,-8.8306806263631,1.21064412665228));
#1995=CARTESIAN_POINT('Origin',(9.22131731388004,-9.23633239440869,1.74249435314889));
#1996=CARTESIAN_POINT('Ctrl Pts',(8.63798654028995,-9.68635794093796,1.62922816698769));
#1997=CARTESIAN_POINT('Ctrl Pts',(8.63652200428477,-9.68727536072356,1.64013006973118));
#1998=CARTESIAN_POINT('Ctrl Pts',(8.63526856466221,-9.68805931557626,1.65107590241244));
#1999=CARTESIAN_POINT('Ctrl Pts',(8.63423355327313,-9.68871321395983,1.66205783561796));
#2000=CARTESIAN_POINT('Ctrl Pts',(8.63187383650378,-9.69020403328553,1.68709548468946));
#2001=CARTESIAN_POINT('Ctrl Pts',(8.63064899557067,-9.69101950885178,1.71232103469566));
#2002=CARTESIAN_POINT('Ctrl Pts',(8.63054855725635,-9.69113433244679,1.73764231846463));
#2003=CARTESIAN_POINT('Ctrl Pts',(8.63040739693287,-9.69129571046197,1.77322993890376));
#2004=CARTESIAN_POINT('Ctrl Pts',(8.63248672100685,-9.69007287540727,1.80865366855952));
#2005=CARTESIAN_POINT('Ctrl Pts',(8.63665475252507,-9.68743844190146,1.84365825120108));
#2006=CARTESIAN_POINT('Ctrl Pts',(8.63713764299775,-9.68713322759698,1.84771373383931));
#2007=CARTESIAN_POINT('Ctrl Pts',(8.63764861243037,-9.68680903056553,1.85176360321187));
#2008=CARTESIAN_POINT('Ctrl Pts',(8.63818748957004,-9.68646578042078,1.85580747095136));
#2009=CARTESIAN_POINT('Origin',(9.22131731388004,-9.23633239440869,1.74249435314889));
#2010=CARTESIAN_POINT('Ctrl Pts',(9.23843278801649,-9.09258478752389,1.01128138684495));
#2011=CARTESIAN_POINT('Ctrl Pts',(9.23042381708518,-9.09997428991772,1.00959699913132));
#2012=CARTESIAN_POINT('Ctrl Pts',(9.22242126250359,-9.10743260247466,1.00815604827018));
#2013=CARTESIAN_POINT('Ctrl Pts',(9.21443600029504,-9.11495960502788,1.00696134325784));
#2014=CARTESIAN_POINT('Ctrl Pts',(9.19618440610153,-9.13216377347057,1.00423065383317));
#2015=CARTESIAN_POINT('Ctrl Pts',(9.17802306499085,-9.14972707001408,1.00278557681909));
#2016=CARTESIAN_POINT('Ctrl Pts',(9.15999987569576,-9.16756626697246,1.00263651144537));
#2017=CARTESIAN_POINT('Ctrl Pts',(9.13472397948566,-9.19258413053751,1.0024274607134));
#2018=CARTESIAN_POINT('Ctrl Pts',(9.10997024775377,-9.21789619612064,1.00476709602284));
#2019=CARTESIAN_POINT('Ctrl Pts',(9.08584079072005,-9.24324397540456,1.00958109062716));
#2020=CARTESIAN_POINT('Ctrl Pts',(9.08303721272582,-9.24618910906851,1.01014042394817));
#2021=CARTESIAN_POINT('Ctrl Pts',(9.08024205691875,-9.24913473755221,1.01073321679504));
#2022=CARTESIAN_POINT('Ctrl Pts',(9.07745548011648,-9.25208046428994,1.01135939646666));
#2023=CARTESIAN_POINT('Origin',(9.22131731388004,-9.23633239440869,1.74249435314889));
#2024=CARTESIAN_POINT('Ctrl Pts',(9.07717205596672,-9.25205203987882,2.47365926907725));
#2025=CARTESIAN_POINT('Ctrl Pts',(9.08471677548963,-9.244054990696,2.47536331754791));
#2026=CARTESIAN_POINT('Ctrl Pts',(9.09233148096942,-9.23606515443729,2.47681955151051));
#2027=CARTESIAN_POINT('Ctrl Pts',(9.10001593105822,-9.22809368888311,2.47802509009448));
#2028=CARTESIAN_POINT('Ctrl Pts',(9.11742315026877,-9.21003630719314,2.48075593929716));
#2029=CARTESIAN_POINT('Ctrl Pts',(9.13518853057042,-9.19207310981793,2.48220121084791));
#2030=CARTESIAN_POINT('Ctrl Pts',(9.1532283299759,-9.17425106582585,2.48235051838444));
#2031=CARTESIAN_POINT('Ctrl Pts',(9.1785452496294,-9.14923974249199,2.48256005546527));
#2032=CARTESIAN_POINT('Ctrl Pts',(9.20415120630021,-9.12475428152686,2.48021740865497));
#2033=CARTESIAN_POINT('Ctrl Pts',(9.22978580058216,-9.10089437972852,2.47539702674726));
#2034=CARTESIAN_POINT('Ctrl Pts',(9.23276715210027,-9.09811942828337,2.47483640726717));
#2035=CARTESIAN_POINT('Ctrl Pts',(9.2357489037683,-9.09535293286858,2.47424221757696));
#2036=CARTESIAN_POINT('Ctrl Pts',(9.2387306549121,-9.09259504702949,2.47361453078383));
#2037=CARTESIAN_POINT('Origin',(9.22131731388004,-9.23633239440869,1.74249435314889));
#2038=CARTESIAN_POINT('Ctrl Pts',(9.67789774615427,-8.65800067651217,1.85515948495501));
#2039=CARTESIAN_POINT('Ctrl Pts',(9.67880932163797,-8.6565812545425,1.84445914921716));
#2040=CARTESIAN_POINT('Ctrl Pts',(9.67959015511573,-8.65536380549043,1.83371665134819));
#2041=CARTESIAN_POINT('Ctrl Pts',(9.68024338378129,-8.65435530021292,1.82293940364919));
#2042=CARTESIAN_POINT('Ctrl Pts',(9.6817611370405,-8.65201207455152,1.79789885707937));
#2043=CARTESIAN_POINT('Ctrl Pts',(9.68259070638186,-8.65079633365442,1.77267045964393));
#2044=CARTESIAN_POINT('Ctrl Pts',(9.68270688367995,-8.65069731483173,1.74734640628617));
#2045=CARTESIAN_POINT('Ctrl Pts',(9.68287002419405,-8.65055826889154,1.71178542189319));
#2046=CARTESIAN_POINT('Ctrl Pts',(9.68162621539021,-8.65262074515599,1.67638846179069));
#2047=CARTESIAN_POINT('Ctrl Pts',(9.67894968520213,-8.65675293891623,1.64140984362881));
#2048=CARTESIAN_POINT('Ctrl Pts',(9.6786545115715,-8.65720864632431,1.63755232475492));
#2049=CARTESIAN_POINT('Ctrl Pts',(9.67834188035722,-8.65768956477515,1.63369988227614));
#2050=CARTESIAN_POINT('Ctrl Pts',(9.67801173282463,-8.65819554611573,1.62985284994106));
#2051=CARTESIAN_POINT('Ctrl Pts',(9.54952441483081,-8.81586291662498,2.25461546313664));
#2052=CARTESIAN_POINT('Ctrl Pts',(9.60073242071537,-8.75886581081135,2.17698763664447));
#2053=CARTESIAN_POINT('Ctrl Pts',(9.65579282867863,-8.68935906937385,2.03488508422303));
#2054=CARTESIAN_POINT('Ctrl Pts',(9.69035626094834,-8.63916116735752,1.77068554015066));
#2055=CARTESIAN_POINT('Ctrl Pts',(9.67376815141927,-8.66550741842033,1.49756777890009));
#2056=CARTESIAN_POINT('Ctrl Pts',(9.60073252868567,-8.75886547868821,1.30800601354695));
#2057=CARTESIAN_POINT('Ctrl Pts',(9.54952458362567,-8.81586257021539,1.23037813689965));
#2058=CARTESIAN_POINT('Ctrl Pts',(9.56799831089211,-8.82372009881298,2.26067728597958));
#2059=CARTESIAN_POINT('Ctrl Pts',(9.62079634503249,-8.76600194298581,2.18230744376372));
#2060=CARTESIAN_POINT('Ctrl Pts',(9.67809356909045,-8.69552166803706,2.03836872034622));
#2061=CARTESIAN_POINT('Ctrl Pts',(9.71429584318863,-8.64479879356999,1.77099723757037));
#2062=CARTESIAN_POINT('Ctrl Pts',(9.69684052482409,-8.67136901172568,1.49472118247922));
#2063=CARTESIAN_POINT('Ctrl Pts',(9.6207964812184,-8.76600160499111,1.30268620203183));
#2064=CARTESIAN_POINT('Ctrl Pts',(9.56799850890987,-8.82371974742306,1.22431630688626));
#2065=CARTESIAN_POINT('Ctrl Pts',(9.60001763604201,-8.82807879562485,2.27800781663438));
#2066=CARTESIAN_POINT('Ctrl Pts',(9.65608513709659,-8.76752159423883,2.19799465541997));
#2067=CARTESIAN_POINT('Ctrl Pts',(9.71803241229326,-8.69266223239731,2.04978884236046));
#2068=CARTESIAN_POINT('Ctrl Pts',(9.75782002141559,-8.63827971355716,1.77220721185014));
#2069=CARTESIAN_POINT('Ctrl Pts',(9.73841521174771,-8.66691730483906,1.48474636442451));
#2070=CARTESIAN_POINT('Ctrl Pts',(9.65608532073433,-8.76752121653792,1.28699897383061));
#2071=CARTESIAN_POINT('Ctrl Pts',(9.60001788236774,-8.82807840831713,1.20698575150316));
#2072=CARTESIAN_POINT('Ctrl Pts',(9.63376114647209,-8.81217523642871,2.31137735578784));
#2073=CARTESIAN_POINT('Ctrl Pts',(9.6932598994787,-8.74510561967455,2.22819828284955));
#2074=CARTESIAN_POINT('Ctrl Pts',(9.7592552829762,-8.66021286170331,2.07220859291482));
#2075=CARTESIAN_POINT('Ctrl Pts',(9.80164292250319,-8.5971086564289,1.77470312781498));
#2076=CARTESIAN_POINT('Ctrl Pts',(9.7809698972934,-8.63076558309788,1.46486318882924));
#2077=CARTESIAN_POINT('Ctrl Pts',(9.6932600925652,-8.74510513578265,1.25679532620289));
#2078=CARTESIAN_POINT('Ctrl Pts',(9.63376140602131,-8.81217474710079,1.1736161771371));
#2079=CARTESIAN_POINT('Ctrl Pts',(9.64465521292253,-8.79475947193224,2.33120172971177));
#2080=CARTESIAN_POINT('Ctrl Pts',(9.70496704072126,-8.72360505883334,2.24584876591652));
#2081=CARTESIAN_POINT('Ctrl Pts',(9.77111819600098,-8.63278512658798,2.08506987374513));
#2082=CARTESIAN_POINT('Ctrl Pts',(9.81297598427729,-8.56476040662166,1.77610671845844));
#2083=CARTESIAN_POINT('Ctrl Pts',(9.79277288963921,-8.60119086515016,1.45355759288572));
#2084=CARTESIAN_POINT('Ctrl Pts',(9.7049672033592,-8.72360450879181,1.23914484290428));
#2085=CARTESIAN_POINT('Ctrl Pts',(9.64465544591996,-8.79475891542631,1.15379179474829));
#2086=CARTESIAN_POINT('Ctrl Pts',(9.64752752547587,-8.7846903083284,2.34046527390649));
#2087=CARTESIAN_POINT('Ctrl Pts',(9.70788007276662,-8.71163942934479,2.25395427567843));
#2088=CARTESIAN_POINT('Ctrl Pts',(9.7734795230552,-8.61824735865417,2.09081597060241));
#2089=CARTESIAN_POINT('Ctrl Pts',(9.81452534505405,-8.54823707919913,1.77671345167049));
#2090=CARTESIAN_POINT('Ctrl Pts',(9.79487162626873,-8.58574802801749,1.44857926352781));
#2091=CARTESIAN_POINT('Ctrl Pts',(9.70788021132817,-8.71163885006862,1.23103933769193));
#2092=CARTESIAN_POINT('Ctrl Pts',(9.64752773661172,-8.7846897205857,1.14452825161912));
#2093=CARTESIAN_POINT('',(9.64752773661173,-8.78468972058569,1.14452825161912));
#2094=CARTESIAN_POINT('Origin',(9.56108599974616,-8.73958905127691,1.16674886717234));
#2095=CARTESIAN_POINT('',(9.64752752547587,-8.78469030832839,2.34046527390649));
#2096=CARTESIAN_POINT('Ctrl Pts',(9.64752773661172,-8.7846897205857,1.14452825161912));
#2097=CARTESIAN_POINT('Ctrl Pts',(9.70788021132817,-8.71163885006862,1.23103933769193));
#2098=CARTESIAN_POINT('Ctrl Pts',(9.79487162626873,-8.58574802801749,1.44857926352781));
#2099=CARTESIAN_POINT('Ctrl Pts',(9.81452534505405,-8.54823707919913,1.77671345167049));
#2100=CARTESIAN_POINT('Ctrl Pts',(9.7734795230552,-8.61824735865417,2.09081597060241));
#2101=CARTESIAN_POINT('Ctrl Pts',(9.70788007276662,-8.71163942934479,2.25395427567843));
#2102=CARTESIAN_POINT('Ctrl Pts',(9.64752752547587,-8.7846903083284,2.34046527390649));
#2103=CARTESIAN_POINT('Origin',(9.56108585898748,-8.73958944310681,2.31824478221586));
#2104=CARTESIAN_POINT('Ctrl Pts',(9.55615319575473,-8.81845388187422,1.22803512941471));
#2105=CARTESIAN_POINT('Ctrl Pts',(9.55241692632452,-8.82278854851872,1.22215643780928));
#2106=CARTESIAN_POINT('Ctrl Pts',(9.54828840656057,-8.82687115067611,1.21634945097803));
#2107=CARTESIAN_POINT('Ctrl Pts',(9.54378893519414,-8.8306806263631,1.21064412665228));
#2108=CARTESIAN_POINT('Ctrl Pts',(9.57380698732844,-8.82475247955683,1.22135083948231));
#2109=CARTESIAN_POINT('Ctrl Pts',(9.56975589089233,-8.8294380289478,1.2149848059792));
#2110=CARTESIAN_POINT('Ctrl Pts',(9.56528556521031,-8.83385863641938,1.20869705006238));
#2111=CARTESIAN_POINT('Ctrl Pts',(9.56041983642178,-8.83799074065359,1.20252108444559));
#2112=CARTESIAN_POINT('Ctrl Pts',(9.61574220352765,-8.82821478863985,1.19699795115103));
#2113=CARTESIAN_POINT('Ctrl Pts',(9.61102360710315,-8.83364076901849,1.18961225001461));
#2114=CARTESIAN_POINT('Ctrl Pts',(9.60583350572136,-8.83877314907045,1.18231208855872));
#2115=CARTESIAN_POINT('Ctrl Pts',(9.60020266206885,-8.84358150801678,1.1751407361117));
#2116=CARTESIAN_POINT('Ctrl Pts',(9.6420764462855,-8.80379993968191,1.16210943279673));
#2117=CARTESIAN_POINT('Ctrl Pts',(9.63712754382003,-8.80948149316611,1.15438993960287));
#2118=CARTESIAN_POINT('Ctrl Pts',(9.63170873953518,-8.8148400330751,1.14676809325111));
#2119=CARTESIAN_POINT('Ctrl Pts',(9.62582667339536,-8.81986899326943,1.13925323300385));
#2120=CARTESIAN_POINT('Ctrl Pts',(9.64752773661172,-8.7846897205857,1.14452825161912));
#2121=CARTESIAN_POINT('Ctrl Pts',(9.64263991237984,-8.79030436907023,1.13690975828321));
#2122=CARTESIAN_POINT('Ctrl Pts',(9.63727703030598,-8.7956076084984,1.12936656916237));
#2123=CARTESIAN_POINT('Ctrl Pts',(9.63147002483267,-8.800568848371,1.12194219508806));
#2124=CARTESIAN_POINT('',(9.63147002483267,-8.800568848371,1.12194219508806));
#2125=CARTESIAN_POINT('Origin',(9.55038085856013,-8.75017513646711,1.15169149615164));
#2126=CARTESIAN_POINT('Ctrl Pts',(9.63147002483267,-8.800568848371,1.12194219508806));
#2127=CARTESIAN_POINT('Ctrl Pts',(9.63727703030598,-8.7956076084984,1.12936656916237));
#2128=CARTESIAN_POINT('Ctrl Pts',(9.64263991237984,-8.79030436907023,1.13690975828321));
#2129=CARTESIAN_POINT('Ctrl Pts',(9.64752773661172,-8.7846897205857,1.14452825161912));
#2130=CARTESIAN_POINT('Ctrl Pts',(9.53754165517904,-8.82769989023211,1.2135386255128));
#2131=CARTESIAN_POINT('Ctrl Pts',(9.47916253928368,-8.87906982063682,1.1370276767167));
#2132=CARTESIAN_POINT('Ctrl Pts',(9.37057754315244,-8.97138381986792,1.04897416105196));
#2133=CARTESIAN_POINT('Ctrl Pts',(9.17467520807293,-9.14907782622141,0.989082588507466));
#2134=CARTESIAN_POINT('Ctrl Pts',(8.98541942689361,-9.34618256240651,1.019411889312));
#2135=CARTESIAN_POINT('Ctrl Pts',(8.86118782284963,-9.49017770054831,1.13702678637162));
#2136=CARTESIAN_POINT('Ctrl Pts',(8.80916882061598,-9.54797940920422,1.21353758226964));
#2137=CARTESIAN_POINT('Ctrl Pts',(9.55491553591878,-8.83664798796372,1.20592901954025));
#2138=CARTESIAN_POINT('Ctrl Pts',(9.49643473118974,-8.88897026366425,1.12778012739159));
#2139=CARTESIAN_POINT('Ctrl Pts',(9.38716319117007,-8.98320159143079,1.0374501398439));
#2140=CARTESIAN_POINT('Ctrl Pts',(9.18955382589023,-9.16368040816233,0.97602392753144));
#2141=CARTESIAN_POINT('Ctrl Pts',(8.99773535554514,-9.36268496386942,1.0071272578621));
#2142=CARTESIAN_POINT('Ctrl Pts',(8.87089469676991,-9.50755946810975,1.12777916762944));
#2143=CARTESIAN_POINT('Ctrl Pts',(8.81792226960552,-9.56545222749611,1.20592790662799));
#2144=CARTESIAN_POINT('Ctrl Pts',(9.58525272977849,-8.84267571803057,1.18622860647169));
#2145=CARTESIAN_POINT('Ctrl Pts',(9.52580095571895,-8.89635276944912,1.10375738661731));
#2146=CARTESIAN_POINT('Ctrl Pts',(9.41360551190078,-8.99369636909997,1.00703991621681));
#2147=CARTESIAN_POINT('Ctrl Pts',(9.20867786782141,-9.18129813353247,0.940488414092345));
#2148=CARTESIAN_POINT('Ctrl Pts',(9.00897462793078,-9.38823953668227,0.974433278010842));
#2149=CARTESIAN_POINT('Ctrl Pts',(8.87794862379203,-9.53700638480517,1.10375624990964));
#2150=CARTESIAN_POINT('Ctrl Pts',(8.82361064725252,-9.59585493990416,1.1862273225257));
#2151=CARTESIAN_POINT('Ctrl Pts',(9.61771857997756,-8.82803959840644,1.15105491136318));
#2152=CARTESIAN_POINT('Ctrl Pts',(9.55445603097628,-8.88236492085682,1.06156232087913));
#2153=CARTESIAN_POINT('Ctrl Pts',(9.43370954725938,-8.98213195357824,0.954907134918598));
#2154=CARTESIAN_POINT('Ctrl Pts',(9.21153384612909,-9.18063512935285,0.880370014012694));
#2155=CARTESIAN_POINT('Ctrl Pts',(8.99779679659342,-9.40522275714643,0.918748528852529));
#2156=CARTESIAN_POINT('Ctrl Pts',(8.86364131878117,-9.56550329239893,1.06156095061679));
#2157=CARTESIAN_POINT('Ctrl Pts',(8.80861251644811,-9.62815518354667,1.1510533945926));
#2158=CARTESIAN_POINT('Ctrl Pts',(9.6284963364247,-8.81073880106561,1.13106401451609));
#2159=CARTESIAN_POINT('Ctrl Pts',(9.56204724164114,-8.86493332785276,1.03811989721506));
#2160=CARTESIAN_POINT('Ctrl Pts',(9.43500754447827,-8.96514819559022,0.927184766260883));
#2161=CARTESIAN_POINT('Ctrl Pts',(9.20195862631818,-9.16895537774215,0.849563377096817));
#2162=CARTESIAN_POINT('Ctrl Pts',(8.98080218847038,-9.40412084221292,0.889558571250399));
#2163=CARTESIAN_POINT('Ctrl Pts',(8.84612586223657,-9.57289913534029,1.03811845561321));
#2164=CARTESIAN_POINT('Ctrl Pts',(8.79119223293576,-9.63873885542142,1.13106241638148));
#2165=CARTESIAN_POINT('Ctrl Pts',(9.63147002483267,-8.800568848371,1.12194219508806));
#2166=CARTESIAN_POINT('Ctrl Pts',(9.56326910125235,-8.85463885730093,1.02763518688326));
#2167=CARTESIAN_POINT('Ctrl Pts',(9.43299213636096,-8.95493601585092,0.915283185014233));
#2168=CARTESIAN_POINT('Ctrl Pts',(9.1948928793117,-9.16094704920783,0.836843026233442));
#2169=CARTESIAN_POINT('Ctrl Pts',(8.97057650198134,-9.40086231823206,0.877207204082636));
#2170=CARTESIAN_POINT('Ctrl Pts',(8.8358183161321,-9.57400581742293,1.02763373542644));
#2171=CARTESIAN_POINT('Ctrl Pts',(8.78098961774808,-9.64159865544684,1.12194057853731));
#2172=CARTESIAN_POINT('',(8.78098961774808,-9.64159865544684,1.12194057853731));
#2173=CARTESIAN_POINT('Origin',(8.73150545506271,-9.55995145911942,1.1516904184562));
#2174=CARTESIAN_POINT('Ctrl Pts',(8.78098961774808,-9.64159865544684,1.12194057853731));
#2175=CARTESIAN_POINT('Ctrl Pts',(8.8358183161321,-9.57400581742293,1.02763373542644));
#2176=CARTESIAN_POINT('Ctrl Pts',(8.97057650198134,-9.40086231823206,0.877207204082636));
#2177=CARTESIAN_POINT('Ctrl Pts',(9.1948928793117,-9.16094704920783,0.836843026233442));
#2178=CARTESIAN_POINT('Ctrl Pts',(9.43299213636096,-8.95493601585092,0.915283185014233));
#2179=CARTESIAN_POINT('Ctrl Pts',(9.56326910125235,-8.85463885730093,1.02763518688326));
#2180=CARTESIAN_POINT('Ctrl Pts',(9.63147002483267,-8.800568848371,1.12194219508806));
#2181=CARTESIAN_POINT('Ctrl Pts',(8.8120734584324,-9.55424526523198,1.21065003331536));
#2182=CARTESIAN_POINT('Ctrl Pts',(8.80821412388419,-9.5587017143117,1.21635509502899));
#2183=CARTESIAN_POINT('Ctrl Pts',(8.80408582211664,-9.56278418535804,1.22216181709236));
#2184=CARTESIAN_POINT('Ctrl Pts',(8.79970985243126,-9.56647161563816,1.22804024089818));
#2185=CARTESIAN_POINT('Ctrl Pts',(8.82157675733285,-9.57652984741425,1.19982055838192));
#2186=CARTESIAN_POINT('Ctrl Pts',(8.81727912437192,-9.58147266977745,1.20615684934612));
#2187=CARTESIAN_POINT('Ctrl Pts',(8.81270023429723,-9.58600072584227,1.21259735196801));
#2188=CARTESIAN_POINT('Ctrl Pts',(8.80784902298842,-9.59010517900589,1.21912949750218));
#2189=CARTESIAN_POINT('Ctrl Pts',(8.82237359258625,-9.61637145206019,1.1694969428094));
#2190=CARTESIAN_POINT('Ctrl Pts',(8.81742819691507,-9.62203042889664,1.17677904165806));
#2191=CARTESIAN_POINT('Ctrl Pts',(8.8121601003634,-9.62724003832962,1.18418895681222));
#2192=CARTESIAN_POINT('Ctrl Pts',(8.80659867608056,-9.63197123348182,1.19168537337775));
#2193=CARTESIAN_POINT('Ctrl Pts',(8.79551299745037,-9.63752774216845,1.13492547624801));
#2194=CARTESIAN_POINT('Ctrl Pts',(8.79043768735052,-9.64333267076135,1.14241505430379));
#2195=CARTESIAN_POINT('Ctrl Pts',(8.78502859865019,-9.64868170685449,1.15002328490726));
#2196=CARTESIAN_POINT('Ctrl Pts',(8.77931092651138,-9.65354993509214,1.15771472971621));
#2197=CARTESIAN_POINT('Ctrl Pts',(8.78098961774807,-9.64159865544685,1.12194057853731));
#2198=CARTESIAN_POINT('Ctrl Pts',(8.77596367451432,-9.64735003241453,1.12936512980916));
#2199=CARTESIAN_POINT('Ctrl Pts',(8.77060069686951,-9.65265346952572,1.13690850271356));
#2200=CARTESIAN_POINT('Ctrl Pts',(8.76493162152999,-9.65747837360176,1.14452718300962));
#2201=CARTESIAN_POINT('',(8.76493162153,-9.65747837360175,1.14452718300963));
#2202=CARTESIAN_POINT('Origin',(8.72080012425066,-9.57053793788936,1.16674815477108));
#2203=CARTESIAN_POINT('Ctrl Pts',(8.76493162152999,-9.65747837360176,1.14452718300962));
#2204=CARTESIAN_POINT('Ctrl Pts',(8.77060069686951,-9.65265346952572,1.13690850271356));
#2205=CARTESIAN_POINT('Ctrl Pts',(8.77596367451432,-9.64735003241453,1.12936512980916));
#2206=CARTESIAN_POINT('Ctrl Pts',(8.78098961774807,-9.64159865544685,1.12194057853731));
#2207=CARTESIAN_POINT('Origin',(6.8909062356958,-7.79301294572768,0.5));
#2208=CARTESIAN_POINT('',(7.0809062356958,-7.79301294572768,0.5));
#2209=CARTESIAN_POINT('Origin',(6.8909062356958,-7.79301294572768,0.5));
#2210=CARTESIAN_POINT('',(7.0809062356958,-7.79301294572768,1.));
#2211=CARTESIAN_POINT('',(7.0809062356958,-7.79301294572768,0.5));
#2212=CARTESIAN_POINT('Origin',(6.8909062356958,-7.79301294572768,1.));
#2213=CARTESIAN_POINT('Origin',(6.8909062356958,-7.79301294572768,1.));
#2214=CARTESIAN_POINT('Origin',(6.81995547850271,-5.81791420294267,0.5));
#2215=CARTESIAN_POINT('',(7.00995547850271,-5.81791420294267,0.5));
#2216=CARTESIAN_POINT('Origin',(6.81995547850271,-5.81791420294267,0.5));
#2217=CARTESIAN_POINT('',(7.00995547850271,-5.81791420294267,1.));
#2218=CARTESIAN_POINT('',(7.00995547850271,-5.81791420294267,0.5));
#2219=CARTESIAN_POINT('Origin',(6.81995547850271,-5.81791420294267,1.));
#2220=CARTESIAN_POINT('Origin',(6.81995547850271,-5.81791420294267,1.));
#2221=CARTESIAN_POINT('Origin',(5.63794674922433,-6.78562104786601,2.985));
#2222=CARTESIAN_POINT('',(5.44774264837737,-6.78562104786601,2.985));
#2223=CARTESIAN_POINT('Origin',(5.63794674922433,-6.78562104786601,2.985));
#2224=CARTESIAN_POINT('',(5.44774264837737,-6.78562104786601,2.485));
#2225=CARTESIAN_POINT('',(5.44774264837737,-6.78562104786601,2.985));
#2226=CARTESIAN_POINT('Origin',(5.63794674922433,-6.78562104786601,2.485));
#2227=CARTESIAN_POINT('Origin',(5.63794674922433,-6.78562104786601,2.485));
#2228=CARTESIAN_POINT('Origin',(7.99504345624238,-6.88313824294624,2.985));
#2229=CARTESIAN_POINT('',(7.80504345624238,-6.88313824294624,2.985));
#2230=CARTESIAN_POINT('Origin',(7.99504345624238,-6.88313824294624,2.985));
#2231=CARTESIAN_POINT('',(7.80504345624238,-6.88313824294624,2.485));
#2232=CARTESIAN_POINT('',(7.80504345624238,-6.88313824294624,2.985));
#2233=CARTESIAN_POINT('Origin',(7.99504345624238,-6.88313824294624,2.485));
#2234=CARTESIAN_POINT('Origin',(7.99504345624238,-6.88313824294624,2.485));
#2235=CARTESIAN_POINT('Ctrl Pts',(8.809166402086,-9.54797403195808,2.27145353464935));
#2236=CARTESIAN_POINT('Ctrl Pts',(8.86118515845032,-9.49017242281067,2.34796374026454));
#2237=CARTESIAN_POINT('Ctrl Pts',(8.95470805689427,-9.38262115133067,2.43601655964032));
#2238=CARTESIAN_POINT('Ctrl Pts',(9.13457781134251,-9.18871998058289,2.49590518299238));
#2239=CARTESIAN_POINT('Ctrl Pts',(9.33378572181727,-9.00167703456638,2.46557375359396));
#2240=CARTESIAN_POINT('Ctrl Pts',(9.4791572916506,-8.87906709744162,2.34796284994256));
#2241=CARTESIAN_POINT('Ctrl Pts',(9.53753630530038,-8.827697411779,2.27145249142962));
#2242=CARTESIAN_POINT('Ctrl Pts',(8.81792126683041,-9.56544743188987,2.27906268884029));
#2243=CARTESIAN_POINT('Ctrl Pts',(8.87089350514803,-9.50755485799862,2.3572107140569));
#2244=CARTESIAN_POINT('Ctrl Pts',(8.96634190881507,-9.39933899606845,2.44753907341419));
#2245=CARTESIAN_POINT('Ctrl Pts',(9.14901498645164,-9.20376243952003,2.50896211174388));
#2246=CARTESIAN_POINT('Ctrl Pts',(9.35015073708722,-9.01417865329634,2.47785654096632));
#2247=CARTESIAN_POINT('Ctrl Pts',(9.49643013468264,-8.88896902060588,2.35720975432233));
#2248=CARTESIAN_POINT('Ctrl Pts',(9.55491075182262,-8.83664693166723,2.27906157595523));
#2249=CARTESIAN_POINT('Ctrl Pts',(8.82361144149717,-9.59585180533278,2.29876333212172));
#2250=CARTESIAN_POINT('Ctrl Pts',(8.87794936756657,-9.53700355797685,2.3812337091917));
#2251=CARTESIAN_POINT('Ctrl Pts',(8.97654240385533,-9.42589834500386,2.47795039797556));
#2252=CARTESIAN_POINT('Ctrl Pts',(9.16641992953893,-9.22308393980296,2.54449827946661));
#2253=CARTESIAN_POINT('Ctrl Pts',(9.37557977980653,-9.02570440611906,2.51055114412824));
#2254=CARTESIAN_POINT('Ctrl Pts',(9.52579812074978,-8.89635348158035,2.38123257250813));
#2255=CARTESIAN_POINT('Ctrl Pts',(9.58524958652611,-8.84267647718987,2.29876204819948));
#2256=CARTESIAN_POINT('Ctrl Pts',(8.80861389065785,-9.62815425705039,2.33393859410662));
#2257=CARTESIAN_POINT('Ctrl Pts',(8.86364275902352,-9.56550264801142,2.42343064826373));
#2258=CARTESIAN_POINT('Ctrl Pts',(8.96475491898747,-9.44587319326365,2.53008565295625));
#2259=CARTESIAN_POINT('Ctrl Pts',(9.16572665826224,-9.22593356368423,2.6046190794995));
#2260=CARTESIAN_POINT('Ctrl Pts',(9.39268892255309,-9.01471776971862,2.56623778524144));
#2261=CARTESIAN_POINT('Ctrl Pts',(9.55445537052409,-8.88236635379568,2.42342927801112));
#2262=CARTESIAN_POINT('Ctrl Pts',(9.61771763817491,-8.82804096216514,2.33393707734642));
#2263=CARTESIAN_POINT('Ctrl Pts',(8.79119310263892,-9.63873864686326,2.35393049188656));
#2264=CARTESIAN_POINT('Ctrl Pts',(8.84612681798625,-9.57289909995113,2.44687424097462));
#2265=CARTESIAN_POINT('Ctrl Pts',(8.94775695083738,-9.44698107758139,2.55780958058882));
#2266=CARTESIAN_POINT('Ctrl Pts',(9.15415439740039,-9.21622802496052,2.6354273270613));
#2267=CARTESIAN_POINT('Ctrl Pts',(9.39177727389421,-8.99771112261382,2.59542914167239));
#2268=CARTESIAN_POINT('Ctrl Pts',(9.56204719556545,-8.86493428313779,2.44687279937693));
#2269=CARTESIAN_POINT('Ctrl Pts',(9.62849611815414,-8.81073966837555,2.3539288937568));
#2270=CARTESIAN_POINT('Ctrl Pts',(8.78099007747692,-9.64159859061691,2.36305273180953));
#2271=CARTESIAN_POINT('Ctrl Pts',(8.83581886620055,-9.57400585782091,2.4573594243574));
#2272=CARTESIAN_POINT('Ctrl Pts',(8.93756739162646,-9.44485132454066,2.56971151803009));
#2273=CARTESIAN_POINT('Ctrl Pts',(9.14622520237216,-9.20907283388723,2.64814809494626));
#2274=CARTESIAN_POINT('Ctrl Pts',(9.38863313920238,-8.98744912942641,2.60778082064642));
#2275=CARTESIAN_POINT('Ctrl Pts',(9.56326913549472,-8.85463940777931,2.4573579729039));
#2276=CARTESIAN_POINT('Ctrl Pts',(9.63146995486474,-8.80056930734088,2.36305111526253));
#2277=CARTESIAN_POINT('',(9.63146995486474,-8.80056930734088,2.36305111526253));
#2278=CARTESIAN_POINT('Origin',(9.55038081191339,-8.75017544244847,2.33330200978655));
#2279=CARTESIAN_POINT('',(8.78099007747693,-9.6415985906169,2.36305273180953));
#2280=CARTESIAN_POINT('Ctrl Pts',(9.63146995486474,-8.80056930734088,2.36305111526253));
#2281=CARTESIAN_POINT('Ctrl Pts',(9.56326913549472,-8.85463940777931,2.4573579729039));
#2282=CARTESIAN_POINT('Ctrl Pts',(9.38863313920238,-8.98744912942641,2.60778082064642));
#2283=CARTESIAN_POINT('Ctrl Pts',(9.14622520237216,-9.20907283388723,2.64814809494626));
#2284=CARTESIAN_POINT('Ctrl Pts',(8.93756739162646,-9.44485132454066,2.56971151803009));
#2285=CARTESIAN_POINT('Ctrl Pts',(8.83581886620055,-9.57400585782091,2.4573594243574));
#2286=CARTESIAN_POINT('Ctrl Pts',(8.78099007747692,-9.64159859061691,2.36305273180953));
#2287=CARTESIAN_POINT('Origin',(8.73150576154946,-9.55995141589862,2.33330308748035));
#2288=CARTESIAN_POINT('Ctrl Pts',(9.54378373210492,-8.83067861340174,2.27434678945393));
#2289=CARTESIAN_POINT('Ctrl Pts',(9.5482830453962,-8.82686926690539,2.26864166615553));
#2290=CARTESIAN_POINT('Ctrl Pts',(9.55241142164426,-8.82278680370989,2.26283488522131));
#2291=CARTESIAN_POINT('Ctrl Pts',(9.55614756307636,-8.81845228485715,2.25695640301919));
#2292=CARTESIAN_POINT('Ctrl Pts',(9.5604152693462,-8.8379900337702,2.28246944496455));
#2293=CARTESIAN_POINT('Ctrl Pts',(9.56528085992732,-8.83385804089564,2.2762936558417));
#2294=CARTESIAN_POINT('Ctrl Pts',(9.56975106065566,-8.82943755384754,2.27000608008122));
#2295=CARTESIAN_POINT('Ctrl Pts',(9.57380204579768,-8.8247521335485,2.26364022980545));
#2296=CARTESIAN_POINT('Ctrl Pts',(9.60020034207769,-8.84358304239117,2.30985004174121));
#2297=CARTESIAN_POINT('Ctrl Pts',(9.60583110314908,-8.83877474455788,2.30267879515523));
#2298=CARTESIAN_POINT('Ctrl Pts',(9.61102112544601,-8.83364243919887,2.29537875016953));
#2299=CARTESIAN_POINT('Ctrl Pts',(9.61573965881172,-8.82821653470951,2.28799315846218));
#2300=CARTESIAN_POINT('Ctrl Pts',(9.62582631844735,-8.81987023926791,2.34573930344923));
#2301=CARTESIAN_POINT('Ctrl Pts',(9.63170833097457,-8.81484131414932,2.33822451090057));
#2302=CARTESIAN_POINT('Ctrl Pts',(9.63712708768466,-8.80948281764777,2.33060273704048));
#2303=CARTESIAN_POINT('Ctrl Pts',(9.64207595308938,-8.80380131147945,2.32288331484211));
#2304=CARTESIAN_POINT('Ctrl Pts',(9.63146995486474,-8.80056930734088,2.36305111526252));
#2305=CARTESIAN_POINT('Ctrl Pts',(9.63727690504751,-8.79560810420331,2.35562681092362));
#2306=CARTESIAN_POINT('Ctrl Pts',(9.64263973978131,-8.79030490797531,2.34808369393449));
#2307=CARTESIAN_POINT('Ctrl Pts',(9.64752752547587,-8.7846903083284,2.34046527390649));
#2308=CARTESIAN_POINT('Ctrl Pts',(9.64752752547587,-8.7846903083284,2.34046527390649));
#2309=CARTESIAN_POINT('Ctrl Pts',(9.64263973978131,-8.79030490797531,2.34808369393449));
#2310=CARTESIAN_POINT('Ctrl Pts',(9.63727690504751,-8.79560810420331,2.35562681092362));
#2311=CARTESIAN_POINT('Ctrl Pts',(9.63146995486474,-8.80056930734088,2.36305111526252));
#2312=CARTESIAN_POINT('Ctrl Pts',(8.79719024058806,-9.55981081630311,1.23038367149273));
#2313=CARTESIAN_POINT('Ctrl Pts',(8.73962501571775,-9.61037717380245,1.30801085116204));
#2314=CARTESIAN_POINT('Ctrl Pts',(8.66950625745741,-9.6646562982122,1.45011641328241));
#2315=CARTESIAN_POINT('Ctrl Pts',(8.61892747076957,-9.69865338312356,1.71431022386927));
#2316=CARTESIAN_POINT('Ctrl Pts',(8.6454589362773,-9.68236097528301,1.98742795165168));
#2317=CARTESIAN_POINT('Ctrl Pts',(8.73962534902587,-9.61037706958118,2.176982799035));
#2318=CARTESIAN_POINT('Ctrl Pts',(8.79719058886158,-9.5598106514206,2.25460992855177));
#2319=CARTESIAN_POINT('Ctrl Pts',(8.80484503229794,-9.57837366869648,1.22432377798496));
#2320=CARTESIAN_POINT('Ctrl Pts',(8.74654153967109,-9.63052191042609,1.3026929219765));
#2321=CARTESIAN_POINT('Ctrl Pts',(8.67542517948189,-9.68702688206595,1.44663451029828));
#2322=CARTESIAN_POINT('Ctrl Pts',(8.62430412103499,-9.72265669156309,1.71399876333037));
#2323=CARTESIAN_POINT('Ctrl Pts',(8.65106865294272,-9.70549962904159,1.9902729814386));
#2324=CARTESIAN_POINT('Ctrl Pts',(8.74654187915554,-9.63052177805233,2.18230072382746));
#2325=CARTESIAN_POINT('Ctrl Pts',(8.80484538586851,-9.5783734746438,2.26066981489284));
#2326=CARTESIAN_POINT('Ctrl Pts',(8.8088513620057,-9.61044600057618,1.20699351411574));
#2327=CARTESIAN_POINT('Ctrl Pts',(8.74767274633227,-9.66583236456412,1.2870060169046));
#2328=CARTESIAN_POINT('Ctrl Pts',(8.67212599076763,-9.72693922824689,1.43521497605692));
#2329=CARTESIAN_POINT('Ctrl Pts',(8.61730617037881,-9.76611390760082,1.71278898106395));
#2330=CARTESIAN_POINT('Ctrl Pts',(8.64615950326063,-9.7470299943819,2.00024746409834));
#2331=CARTESIAN_POINT('Ctrl Pts',(8.74767312604249,-9.66583218516873,2.19798761235365));
#2332=CARTESIAN_POINT('Ctrl Pts',(8.80885175202319,-9.61044575860365,2.27800005403309));
#2333=CARTESIAN_POINT('Ctrl Pts',(8.79257254781409,-9.64401747012571,1.17361963117573));
#2334=CARTESIAN_POINT('Ctrl Pts',(8.7248427756566,-9.70276297399023,1.25679835530705));
#2335=CARTESIAN_POINT('Ctrl Pts',(8.63921638746445,-9.76780695142618,1.41279244719987));
#2336=CARTESIAN_POINT('Ctrl Pts',(8.5756454425061,-9.80948496599887,1.71029295247053));
#2337=CARTESIAN_POINT('Ctrl Pts',(8.60953305799431,-9.78918838358268,2.02013374082256));
#2338=CARTESIAN_POINT('Ctrl Pts',(8.72484326166941,-9.7027627863196,2.22819525374644));
#2339=CARTESIAN_POINT('Ctrl Pts',(8.79257304000402,-9.64401721605671,2.31137390175178));
#2340=CARTESIAN_POINT('Ctrl Pts',(8.77503380861939,-9.65471844738525,1.15379209979472));
#2341=CARTESIAN_POINT('Ctrl Pts',(8.70320971942717,-9.71423151516874,1.23914500899599));
#2342=CARTESIAN_POINT('Ctrl Pts',(8.61165357658484,-9.77936512973895,1.39992918357127));
#2343=CARTESIAN_POINT('Ctrl Pts',(8.54316759896769,-9.82045835439259,1.70888925561476));
#2344=CARTESIAN_POINT('Ctrl Pts',(8.57982405680627,-9.80066276289691,2.03144148569949));
#2345=CARTESIAN_POINT('Ctrl Pts',(8.70321027125666,-9.71423135868693,2.24584859982441));
#2346=CARTESIAN_POINT('Ctrl Pts',(8.77503436769752,-9.6547182206193,2.33120142466502));
#2347=CARTESIAN_POINT('Ctrl Pts',(8.76493162153,-9.65747837360176,1.14452718300963));
#2348=CARTESIAN_POINT('Ctrl Pts',(8.69121043541187,-9.7170109410004,1.2310382971387));
#2349=CARTESIAN_POINT('Ctrl Pts',(8.59708802253246,-9.78156397803582,1.39418231080862));
#2350=CARTESIAN_POINT('Ctrl Pts',(8.52662545826024,-9.82182295172706,1.70828248968517));
#2351=CARTESIAN_POINT('Ctrl Pts',(8.56435644056689,-9.80258894802971,2.03642066905943));
#2352=CARTESIAN_POINT('Ctrl Pts',(8.69121101620955,-9.71701080892442,2.253955316232));
#2353=CARTESIAN_POINT('Ctrl Pts',(8.76493221160342,-9.65747816904886,2.34046634251588));
#2354=CARTESIAN_POINT('',(8.76493221160341,-9.65747816904887,2.34046634251587));
#2355=CARTESIAN_POINT('Origin',(8.72080051763378,-9.57053780151993,2.31824549461791));
#2356=CARTESIAN_POINT('Ctrl Pts',(8.76493221160342,-9.65747816904886,2.34046634251588));
#2357=CARTESIAN_POINT('Ctrl Pts',(8.69121101620955,-9.71701080892442,2.253955316232));
#2358=CARTESIAN_POINT('Ctrl Pts',(8.56435644056689,-9.80258894802971,2.03642066905943));
#2359=CARTESIAN_POINT('Ctrl Pts',(8.52662545826024,-9.82182295172706,1.70828248968517));
#2360=CARTESIAN_POINT('Ctrl Pts',(8.59708802253246,-9.78156397803582,1.39418231080862));
#2361=CARTESIAN_POINT('Ctrl Pts',(8.69121043541187,-9.7170109410004,1.2310382971387));
#2362=CARTESIAN_POINT('Ctrl Pts',(8.76493162153,-9.65747837360176,1.14452718300963));
#2363=CARTESIAN_POINT('Ctrl Pts',(8.79970837938772,-9.56646614483655,2.25695135978207));
#2364=CARTESIAN_POINT('Ctrl Pts',(8.80408420344158,-9.56277883775266,2.26282957910922));
#2365=CARTESIAN_POINT('Ctrl Pts',(8.80821236809964,-9.55869650525149,2.2686361001253));
#2366=CARTESIAN_POINT('Ctrl Pts',(8.81207157500015,-9.55424020913009,2.27434096556912));
#2367=CARTESIAN_POINT('Ctrl Pts',(8.80784915385615,-9.59010061606933,2.26586150518234));
#2368=CARTESIAN_POINT('Ctrl Pts',(8.81270024407726,-9.58599626464143,2.27239348026125));
#2369=CARTESIAN_POINT('Ctrl Pts',(8.81727902037863,-9.58146832428654,2.27883381383426));
#2370=CARTESIAN_POINT('Ctrl Pts',(8.82157654918918,-9.57652562932393,2.28516994040957));
#2371=CARTESIAN_POINT('Ctrl Pts',(8.80660049101592,-9.63196922573443,2.29330604161948));
#2372=CARTESIAN_POINT('Ctrl Pts',(8.81216184758715,-9.62723808485288,2.30080236069622));
#2373=CARTESIAN_POINT('Ctrl Pts',(8.81742987620224,-9.62202854615422,2.30821216996191));
#2374=CARTESIAN_POINT('Ctrl Pts',(8.82237521804498,-9.61636964233508,2.31549417471534));
#2375=CARTESIAN_POINT('Ctrl Pts',(8.77931208616916,-9.65354953125557,2.32727823145165));
#2376=CARTESIAN_POINT('Ctrl Pts',(8.78502970982165,-9.64868134025523,2.33496960414391));
#2377=CARTESIAN_POINT('Ctrl Pts',(8.79043875517666,-9.64333235065971,2.34257776309651));
#2378=CARTESIAN_POINT('Ctrl Pts',(8.7955140288098,-9.63752747609614,2.35006727243994));
#2379=CARTESIAN_POINT('Ctrl Pts',(8.76493221160342,-9.65747816904887,2.34046634251588));
#2380=CARTESIAN_POINT('Ctrl Pts',(8.77060123767668,-9.65265330296257,2.34808494950276));
#2381=CARTESIAN_POINT('Ctrl Pts',(8.77596417159422,-9.64734991270669,2.35562825027421));
#2382=CARTESIAN_POINT('Ctrl Pts',(8.78099007747692,-9.64159859061691,2.36305273180954));
#2383=CARTESIAN_POINT('Ctrl Pts',(8.78099007747692,-9.64159859061691,2.36305273180954));
#2384=CARTESIAN_POINT('Ctrl Pts',(8.77596417159422,-9.64734991270669,2.35562825027421));
#2385=CARTESIAN_POINT('Ctrl Pts',(8.77060123767668,-9.65265330296257,2.34808494950276));
#2386=CARTESIAN_POINT('Ctrl Pts',(8.76493221160342,-9.65747816904887,2.34046634251588));
#2387=CARTESIAN_POINT('Origin',(9.38820252601503,-8.64938771265934,1.21119009827879));
#2388=CARTESIAN_POINT('',(9.57771588026342,-8.59966408046638,0.984006804520064));
#2389=CARTESIAN_POINT('Origin',(9.38820252601503,-8.64938771265934,1.21119009827879));
#2390=CARTESIAN_POINT('',(9.61859213163433,-8.55924374083883,1.04150010456376));
#2391=CARTESIAN_POINT('Origin',(9.38820252601503,-8.64938771265934,1.21119009827879));
#2392=CARTESIAN_POINT('Origin',(9.38820252601503,-8.64938771265934,1.21119009827879));
#2393=CARTESIAN_POINT('Ctrl Pts',(8.58069821755569,-9.58560208902487,0.98400623962832));
#2394=CARTESIAN_POINT('Ctrl Pts',(8.61436833085617,-9.53797653642685,0.936714001446495));
#2395=CARTESIAN_POINT('Ctrl Pts',(8.72761541745946,-9.38526690883596,0.816972666315261));
#2396=CARTESIAN_POINT('Ctrl Pts',(8.95821329293668,-9.12146752989324,0.7270069643152));
#2397=CARTESIAN_POINT('Ctrl Pts',(9.26741257178257,-8.82986463042217,0.761638208289671));
#2398=CARTESIAN_POINT('Ctrl Pts',(9.48171833503862,-8.66593566314994,0.889422030077163));
#2399=CARTESIAN_POINT('Ctrl Pts',(9.57771588026341,-8.59966408046638,0.984006804520064));
#2400=CARTESIAN_POINT('Ctrl Pts',(8.64963456016361,-9.63148372163116,1.00643530272451));
#2401=CARTESIAN_POINT('Ctrl Pts',(8.68364104062265,-9.58828610679623,0.958603417494304));
#2402=CARTESIAN_POINT('Ctrl Pts',(8.79761511460241,-9.44773649036778,0.835189080876496));
#2403=CARTESIAN_POINT('Ctrl Pts',(9.02919039657643,-9.19271131256424,0.737761679848113));
#2404=CARTESIAN_POINT('Ctrl Pts',(9.33460824903007,-8.90117688277611,0.775829646907488));
#2405=CARTESIAN_POINT('Ctrl Pts',(9.5356743388803,-8.73615179277731,0.910772064157774));
#2406=CARTESIAN_POINT('Ctrl Pts',(9.62282398706115,-8.66910854016557,1.00643608515424));
#2407=CARTESIAN_POINT('Ctrl Pts',(8.72469116893732,-9.65246752144528,1.05812458752332));
#2408=CARTESIAN_POINT('Ctrl Pts',(8.75898831119179,-9.61433378997999,1.01353519697615));
#2409=CARTESIAN_POINT('Ctrl Pts',(8.87277070641865,-9.48949398637787,0.897823476160487));
#2410=CARTESIAN_POINT('Ctrl Pts',(9.09817466111165,-9.25500256140828,0.804379092181014));
#2411=CARTESIAN_POINT('Ctrl Pts',(9.38540432563001,-8.97563920262743,0.841169864864025));
#2412=CARTESIAN_POINT('Ctrl Pts',(9.56593855101693,-8.81213228118285,0.968946288117358));
#2413=CARTESIAN_POINT('Ctrl Pts',(9.64296753151754,-8.74439453264515,1.05812526548221));
#2414=CARTESIAN_POINT('Ctrl Pts',(8.78099068141988,-9.64159845010049,1.12194178423765));
#2415=CARTESIAN_POINT('Ctrl Pts',(8.81411951878365,-9.60710827831186,1.08238947598622));
#2416=CARTESIAN_POINT('Ctrl Pts',(8.92301122357465,-9.49437904721665,0.98004024114723));
#2417=CARTESIAN_POINT('Ctrl Pts',(9.13427423745748,-9.28068480182408,0.897167435752872));
#2418=CARTESIAN_POINT('Ctrl Pts',(9.39853612280462,-9.02129430869589,0.929855969245167));
#2419=CARTESIAN_POINT('Ctrl Pts',(9.56175380251489,-8.86605159842694,1.04283742898288));
#2420=CARTESIAN_POINT('Ctrl Pts',(9.63147002483267,-8.800568848371,1.12194219508806));
#2421=CARTESIAN_POINT('',(8.58069821755569,-9.58560208902486,0.984006239628313));
#2422=CARTESIAN_POINT('Origin',(8.63253712969198,-9.39665706646458,1.21119009829398));
#2423=CARTESIAN_POINT('Ctrl Pts',(8.58069821755569,-9.58560208902487,0.98400623962832));
#2424=CARTESIAN_POINT('Ctrl Pts',(8.61436833085617,-9.53797653642685,0.936714001446495));
#2425=CARTESIAN_POINT('Ctrl Pts',(8.72761541745946,-9.38526690883596,0.816972666315261));
#2426=CARTESIAN_POINT('Ctrl Pts',(8.95821329293668,-9.12146752989324,0.7270069643152));
#2427=CARTESIAN_POINT('Ctrl Pts',(9.26741257178257,-8.82986463042217,0.761638208289671));
#2428=CARTESIAN_POINT('Ctrl Pts',(9.48171833503862,-8.66593566314994,0.889422030077163));
#2429=CARTESIAN_POINT('Ctrl Pts',(9.57771588026341,-8.59966408046638,0.984006804520064));
#2430=CARTESIAN_POINT('Origin',(8.63253712969198,-9.39665706646458,1.21119009829398));
#2431=CARTESIAN_POINT('',(8.53982287895443,-9.62602433812187,1.04150002079188));
#2432=CARTESIAN_POINT('Origin',(8.63253712969198,-9.39665706646458,1.21119009829397));
#2433=CARTESIAN_POINT('Origin',(8.63253712969197,-9.39665706646458,1.21119009829398));
#2434=CARTESIAN_POINT('Ctrl Pts',(8.5398233667512,-9.62602455142832,2.44349385451513));
#2435=CARTESIAN_POINT('Ctrl Pts',(8.45826610021291,-9.67802518568725,2.32864483939077));
#2436=CARTESIAN_POINT('Ctrl Pts',(8.37164906655243,-9.72748723130374,2.12799414650676));
#2437=CARTESIAN_POINT('Ctrl Pts',(8.31730391357842,-9.75801685884293,1.77853419698654));
#2438=CARTESIAN_POINT('Ctrl Pts',(8.34338336193108,-9.7435407992277,1.42373658254188));
#2439=CARTESIAN_POINT('Ctrl Pts',(8.45826573360461,-9.67802494721216,1.15634908999994));
#2440=CARTESIAN_POINT('Ctrl Pts',(8.53982287895442,-9.62602433812187,1.04150002079188));
#2441=CARTESIAN_POINT('Ctrl Pts',(8.61279481374593,-9.66791487211087,2.42674083944024));
#2442=CARTESIAN_POINT('Ctrl Pts',(8.53522891870426,-9.7254867459692,2.31763885235019));
#2443=CARTESIAN_POINT('Ctrl Pts',(8.4502712820591,-9.78406946640028,2.12353417378924));
#2444=CARTESIAN_POINT('Ctrl Pts',(8.39578857185129,-9.82111206020642,1.77843701873252));
#2445=CARTESIAN_POINT('Ctrl Pts',(8.4223331121025,-9.80324871424754,1.4261431946526));
#2446=CARTESIAN_POINT('Ctrl Pts',(8.53522857936795,-9.72548666644308,1.16735502182999));
#2447=CARTESIAN_POINT('Ctrl Pts',(8.61279438670075,-9.66791482806225,1.05825296688025));
#2448=CARTESIAN_POINT('Ctrl Pts',(8.69715084716354,-9.67970162540724,2.38813288402716));
#2449=CARTESIAN_POINT('Ctrl Pts',(8.62954380856033,-9.73812464699762,2.28573813037484));
#2450=CARTESIAN_POINT('Ctrl Pts',(8.5555563360936,-9.79998585626955,2.10337030125219));
#2451=CARTESIAN_POINT('Ctrl Pts',(8.50768420015178,-9.83984109855994,1.77666234458236));
#2452=CARTESIAN_POINT('Ctrl Pts',(8.53115112667963,-9.82036906276143,1.44242118946256));
#2453=CARTESIAN_POINT('Ctrl Pts',(8.62954359670631,-9.73812467150434,1.19925573570526));
#2454=CARTESIAN_POINT('Ctrl Pts',(8.69715057561392,-9.67970168682793,1.09686092099301));
#2455=CARTESIAN_POINT('Ctrl Pts',(8.76493221160341,-9.65747816904887,2.34046634251587));
#2456=CARTESIAN_POINT('Ctrl Pts',(8.706973376495,-9.71133517626831,2.2448567403269));
#2457=CARTESIAN_POINT('Ctrl Pts',(8.64425610647135,-9.76872526557834,2.07603453132181));
#2458=CARTESIAN_POINT('Ctrl Pts',(8.6035474868937,-9.80588834428197,1.7740787862361));
#2459=CARTESIAN_POINT('Ctrl Pts',(8.62354764097286,-9.78765949861587,1.46520746818408));
#2460=CARTESIAN_POINT('Ctrl Pts',(8.70697327421095,-9.7113352023282,1.24013714483874));
#2461=CARTESIAN_POINT('Ctrl Pts',(8.76493206781132,-9.65747822728042,1.14452749685169));
#2462=CARTESIAN_POINT('',(8.5398233667512,-9.62602455142832,2.44349385451513));
#2463=CARTESIAN_POINT('Origin',(8.63253712969452,-9.39665706646206,2.27380379882197));
#2464=CARTESIAN_POINT('Ctrl Pts',(8.5398233667512,-9.62602455142832,2.44349385451513));
#2465=CARTESIAN_POINT('Ctrl Pts',(8.45826610021291,-9.67802518568725,2.32864483939077));
#2466=CARTESIAN_POINT('Ctrl Pts',(8.37164906655243,-9.72748723130374,2.12799414650676));
#2467=CARTESIAN_POINT('Ctrl Pts',(8.31730391357842,-9.75801685884293,1.77853419698654));
#2468=CARTESIAN_POINT('Ctrl Pts',(8.34338336193108,-9.7435407992277,1.42373658254188));
#2469=CARTESIAN_POINT('Ctrl Pts',(8.45826573360461,-9.67802494721216,1.15634908999994));
#2470=CARTESIAN_POINT('Ctrl Pts',(8.53982287895442,-9.62602433812187,1.04150002079188));
#2471=CARTESIAN_POINT('Ctrl Pts',(6.82392136162675,-8.57196277782625,0.727983192035029));
#2472=CARTESIAN_POINT('Ctrl Pts',(6.83191718146666,-8.58243529095233,0.750996882476455));
#2473=CARTESIAN_POINT('Ctrl Pts',(6.84117654571061,-8.59122618682245,0.774269001586818));
#2474=CARTESIAN_POINT('Ctrl Pts',(6.8516960188299,-8.59839730133644,0.797858090975059));
#2475=CARTESIAN_POINT('Ctrl Pts',(6.85185132915186,-8.59850260679087,0.798205785439416));
#2476=CARTESIAN_POINT('Ctrl Pts',(6.85200688932822,-8.59860753175141,0.79855348281509));
#2477=CARTESIAN_POINT('Ctrl Pts',(6.81606307003167,-8.56884973177739,0.73460349512052));
#2478=CARTESIAN_POINT('Ctrl Pts',(6.82696986221671,-8.57990077352799,0.755611104743061));
#2479=CARTESIAN_POINT('Ctrl Pts',(6.8388089473282,-8.58969272052966,0.776625793575258));
#2480=CARTESIAN_POINT('Ctrl Pts',(6.85162840497807,-8.59835311952955,0.797925581512623));
#2481=CARTESIAN_POINT('Ctrl Pts',(6.85181755887661,-8.59848045978543,0.798239530454886));
#2482=CARTESIAN_POINT('Ctrl Pts',(6.85200688932822,-8.59860753175141,0.79855348281509));
#2483=CARTESIAN_POINT('Ctrl Pts',(6.80908743161114,-8.56427582598333,0.741581462546797));
#2484=CARTESIAN_POINT('Ctrl Pts',(6.8223485198646,-8.57687030299284,0.760231558982564));
#2485=CARTESIAN_POINT('Ctrl Pts',(6.83645025799326,-8.58814586799142,0.778982795159234));
#2486=CARTESIAN_POINT('Ctrl Pts',(6.85156086451056,-8.59830882562827,0.79799307198855));
#2487=CARTESIAN_POINT('Ctrl Pts',(6.85178378860137,-8.59845831277999,0.798273275470356));
#2488=CARTESIAN_POINT('Ctrl Pts',(6.85200688932822,-8.59860753175141,0.79855348281509));
#2489=CARTESIAN_POINT('Ctrl Pts',(6.80335074596001,-8.55847468505058,0.748560675758752));
#2490=CARTESIAN_POINT('Ctrl Pts',(6.81805767939707,-8.57334686016099,0.764853842978375));
#2491=CARTESIAN_POINT('Ctrl Pts',(6.8341005434753,-8.58658567117665,0.781339930249982));
#2492=CARTESIAN_POINT('Ctrl Pts',(6.85149339747723,-8.59826441967754,0.798060562462155));
#2493=CARTESIAN_POINT('Ctrl Pts',(6.85175001832612,-8.59843616577454,0.798307020485826));
#2494=CARTESIAN_POINT('Ctrl Pts',(6.85200688932822,-8.59860753175141,0.79855348281509));
#2495=CARTESIAN_POINT('',(6.82392136162676,-8.57196277782625,0.727983192035026));
#2496=CARTESIAN_POINT('',(6.85200688932834,-8.59860753175149,0.798553482815112));
#2497=CARTESIAN_POINT('Ctrl Pts',(6.82392136162675,-8.57196277782625,0.727983192035029));
#2498=CARTESIAN_POINT('Ctrl Pts',(6.83191718146666,-8.58243529095233,0.750996882476455));
#2499=CARTESIAN_POINT('Ctrl Pts',(6.84117654571061,-8.59122618682245,0.774269001586818));
#2500=CARTESIAN_POINT('Ctrl Pts',(6.8516960188299,-8.59839730133644,0.797858090975059));
#2501=CARTESIAN_POINT('Ctrl Pts',(6.85185132915186,-8.59850260679087,0.798205785439416));
#2502=CARTESIAN_POINT('Ctrl Pts',(6.85200688932822,-8.59860753175141,0.79855348281509));
#2503=CARTESIAN_POINT('',(6.80335074596013,-8.55847468505069,0.748560675758546));
#2504=CARTESIAN_POINT('Ctrl Pts',(6.85200688932822,-8.59860753175141,0.79855348281509));
#2505=CARTESIAN_POINT('Ctrl Pts',(6.85175001832612,-8.59843616577454,0.798307020485826));
#2506=CARTESIAN_POINT('Ctrl Pts',(6.85149339747723,-8.59826441967754,0.798060562462155));
#2507=CARTESIAN_POINT('Ctrl Pts',(6.8341005434753,-8.58658567117665,0.781339930249982));
#2508=CARTESIAN_POINT('Ctrl Pts',(6.81805767939707,-8.57334686016099,0.764853842978375));
#2509=CARTESIAN_POINT('Ctrl Pts',(6.80335074596001,-8.55847468505058,0.748560675758752));
#2510=CARTESIAN_POINT('Origin',(6.87445533494611,-8.48816012450215,0.748560675758747));
#2511=CARTESIAN_POINT('Ctrl Pts',(6.80335074596006,-8.55847468505063,0.748560675758704));
#2512=CARTESIAN_POINT('Ctrl Pts',(6.79196887031265,-8.54696492685139,0.729638202965035));
#2513=CARTESIAN_POINT('Ctrl Pts',(6.75957260609284,-8.51420467016966,0.693557947667652));
#2514=CARTESIAN_POINT('Ctrl Pts',(6.7241083864529,-8.47834198765359,0.665140121172627));
#2515=CARTESIAN_POINT('Ctrl Pts',(6.70333112951641,-8.45733128513051,0.65));
#2516=CARTESIAN_POINT('Ctrl Pts',(6.80908743161117,-8.56427582598335,0.741581462546744));
#2517=CARTESIAN_POINT('Ctrl Pts',(6.79801951679721,-8.55308695364585,0.720057957648713));
#2518=CARTESIAN_POINT('Ctrl Pts',(6.76612700783337,-8.52082557635032,0.679361333527935));
#2519=CARTESIAN_POINT('Ctrl Pts',(6.73097755168548,-8.48526538254408,0.64750887488039));
#2520=CARTESIAN_POINT('Ctrl Pts',(6.71033932843195,-8.46441822558117,0.63054753038105));
#2521=CARTESIAN_POINT('Ctrl Pts',(6.81606307003167,-8.56884973177739,0.734603495120462));
#2522=CARTESIAN_POINT('Ctrl Pts',(6.80578307471162,-8.55751115731636,0.710480562954605));
#2523=CARTESIAN_POINT('Ctrl Pts',(6.77566863550698,-8.52448231439847,0.665172928203694));
#2524=CARTESIAN_POINT('Ctrl Pts',(6.74223963834365,-8.48781843289788,0.62990918499678));
#2525=CARTESIAN_POINT('Ctrl Pts',(6.72259659856263,-8.46627210316949,0.6111537806204));
#2526=CARTESIAN_POINT('Ctrl Pts',(6.82392136162673,-8.57196277782622,0.727983192034965));
#2527=CARTESIAN_POINT('Ctrl Pts',(6.81472996362303,-8.55992435798088,0.701528370313772));
#2528=CARTESIAN_POINT('Ctrl Pts',(6.78711774819538,-8.52469851071706,0.652542354820103));
#2529=CARTESIAN_POINT('Ctrl Pts',(6.75598785335719,-8.48554055159586,0.615313552842828));
#2530=CARTESIAN_POINT('Ctrl Pts',(6.73762744672569,-8.46251850652308,0.59573553600623));
#2531=CARTESIAN_POINT('',(6.70333112951641,-8.45733128513051,0.65));
#2532=CARTESIAN_POINT('',(6.73762744672569,-8.46251850652308,0.595735536006231));
#2533=CARTESIAN_POINT('Origin',(6.77443571850243,-8.387016724582,0.65));
#2534=CARTESIAN_POINT('Ctrl Pts',(6.73762744672569,-8.46251850652308,0.59573553600623));
#2535=CARTESIAN_POINT('Ctrl Pts',(6.75598785335719,-8.48554055159586,0.615313552842828));
#2536=CARTESIAN_POINT('Ctrl Pts',(6.78711774819538,-8.52469851071706,0.652542354820103));
#2537=CARTESIAN_POINT('Ctrl Pts',(6.81472996362303,-8.55992435798088,0.701528370313772));
#2538=CARTESIAN_POINT('Ctrl Pts',(6.82392136162673,-8.57196277782622,0.727983192034965));
#2539=CARTESIAN_POINT('Ctrl Pts',(6.80335074596006,-8.55847468505063,0.748560675758704));
#2540=CARTESIAN_POINT('Ctrl Pts',(6.79196887031265,-8.54696492685139,0.729638202965035));
#2541=CARTESIAN_POINT('Ctrl Pts',(6.75957260609284,-8.51420467016966,0.693557947667652));
#2542=CARTESIAN_POINT('Ctrl Pts',(6.7241083864529,-8.47834198765359,0.665140121172627));
#2543=CARTESIAN_POINT('Ctrl Pts',(6.70333112951641,-8.45733128513051,0.65));
#2544=CARTESIAN_POINT('Ctrl Pts',(6.79095112434142,-8.40977721689999,0.520735923759782));
#2545=CARTESIAN_POINT('Ctrl Pts',(6.78525364473427,-8.40861276577261,0.521253065568956));
#2546=CARTESIAN_POINT('Ctrl Pts',(6.77357537433981,-8.40680458233723,0.522820553935537));
#2547=CARTESIAN_POINT('Ctrl Pts',(6.75539557013763,-8.40652417937259,0.527738423183452));
#2548=CARTESIAN_POINT('Ctrl Pts',(6.73597700081575,-8.41038373379785,0.537364903476174));
#2549=CARTESIAN_POINT('Ctrl Pts',(6.72632204886414,-8.41929201578043,0.550186239949671));
#2550=CARTESIAN_POINT('Ctrl Pts',(6.72437120133746,-8.42464528234137,0.55688630487757));
#2551=CARTESIAN_POINT('Ctrl Pts',(6.72398749773657,-8.42583405508333,0.558359998966074));
#2552=CARTESIAN_POINT('Ctrl Pts',(6.72363164068645,-8.4273269393154,0.560176441523003));
#2553=CARTESIAN_POINT('Ctrl Pts',(6.72336738912225,-8.42911274578139,0.562303636328044));
#2554=CARTESIAN_POINT('Ctrl Pts',(6.72322083663539,-8.43148069402386,0.56506588379321));
#2555=CARTESIAN_POINT('Ctrl Pts',(6.72337114476171,-8.43439976221591,0.568372940925611));
#2556=CARTESIAN_POINT('Ctrl Pts',(6.724617308621,-8.4412452547435,0.575851623650528));
#2557=CARTESIAN_POINT('Ctrl Pts',(6.72901132331437,-8.45087805413437,0.585494424434795));
#2558=CARTESIAN_POINT('Ctrl Pts',(6.73459606463596,-8.45871746788036,0.592503121235583));
#2559=CARTESIAN_POINT('Ctrl Pts',(6.73762744672568,-8.46251850652308,0.59573553600623));
#2560=CARTESIAN_POINT('Ctrl Pts',(6.79635904457255,-8.39331930123052,0.507410803488925));
#2561=CARTESIAN_POINT('Ctrl Pts',(6.78963272243812,-8.39293388425563,0.508524495071248));
#2562=CARTESIAN_POINT('Ctrl Pts',(6.77582206575077,-8.39277814307027,0.511384776152423));
#2563=CARTESIAN_POINT('Ctrl Pts',(6.75410020441874,-8.39540008362656,0.518861509172203));
#2564=CARTESIAN_POINT('Ctrl Pts',(6.73046355773477,-8.40294205480128,0.532294606259949));
#2565=CARTESIAN_POINT('Ctrl Pts',(6.71764827143948,-8.41495574982662,0.54946625211511));
#2566=CARTESIAN_POINT('Ctrl Pts',(6.71442916163737,-8.42167187309963,0.558426733269881));
#2567=CARTESIAN_POINT('Ctrl Pts',(6.71377142359622,-8.42315736509433,0.560398228773294));
#2568=CARTESIAN_POINT('Ctrl Pts',(6.71309168988511,-8.42500683949527,0.562828403589773));
#2569=CARTESIAN_POINT('Ctrl Pts',(6.71246483234458,-8.42719985531637,0.565676248483892));
#2570=CARTESIAN_POINT('Ctrl Pts',(6.71186865449726,-8.43008351466978,0.569377048579005));
#2571=CARTESIAN_POINT('Ctrl Pts',(6.7115136751733,-8.43360074101532,0.573814871863978));
#2572=CARTESIAN_POINT('Ctrl Pts',(6.71170343338752,-8.4417518057494,0.583876654903075));
#2573=CARTESIAN_POINT('Ctrl Pts',(6.71497011611808,-8.45295836030808,0.596963347496187));
#2574=CARTESIAN_POINT('Ctrl Pts',(6.71987020625201,-8.46193108982048,0.606642106108211));
#2575=CARTESIAN_POINT('Ctrl Pts',(6.72259659856263,-8.46627210316949,0.611153780620399));
#2576=CARTESIAN_POINT('Ctrl Pts',(6.80316111777726,-8.37261856187115,0.500000000000001));
#2577=CARTESIAN_POINT('Ctrl Pts',(6.79528801297632,-8.37344964816036,0.500984422018358));
#2578=CARTESIAN_POINT('Ctrl Pts',(6.7791023191154,-8.37579490948667,0.503789537725233));
#2579=CARTESIAN_POINT('Ctrl Pts',(6.75348906802292,-8.38245065973255,0.512145040567665));
#2580=CARTESIAN_POINT('Ctrl Pts',(6.72530281551394,-8.39462816692328,0.528137797619043));
#2581=CARTESIAN_POINT('Ctrl Pts',(6.70933257756,-8.40976629874577,0.54958640649363));
#2582=CARTESIAN_POINT('Ctrl Pts',(6.70497582258511,-8.41757747348848,0.561002972461504));
#2583=CARTESIAN_POINT('Ctrl Pts',(6.70407511989855,-8.41929609070098,0.563518566052197));
#2584=CARTESIAN_POINT('Ctrl Pts',(6.70311498378465,-8.42141273867214,0.566628480606233));
#2585=CARTESIAN_POINT('Ctrl Pts',(6.70218410063757,-8.42389273513639,0.570285343972742));
#2586=CARTESIAN_POINT('Ctrl Pts',(6.70122436672478,-8.42711576397191,0.575053872880259));
#2587=CARTESIAN_POINT('Ctrl Pts',(6.70048512429815,-8.43098466780633,0.580800462207741));
#2588=CARTESIAN_POINT('Ctrl Pts',(6.69994580719652,-8.43978018478109,0.593913050702544));
#2589=CARTESIAN_POINT('Ctrl Pts',(6.70269295345651,-8.45135906786454,0.611246599868445));
#2590=CARTESIAN_POINT('Ctrl Pts',(6.70756224751056,-8.46020983343699,0.62436509896367));
#2591=CARTESIAN_POINT('Ctrl Pts',(6.71033932843194,-8.46441822558116,0.630547530381048));
#2592=CARTESIAN_POINT('Ctrl Pts',(6.80998378005713,-8.35185516380973,0.5));
#2593=CARTESIAN_POINT('Ctrl Pts',(6.80122106650975,-8.35365929879543,0.500000000000001));
#2594=CARTESIAN_POINT('Ctrl Pts',(6.78302629014661,-8.35816045688797,0.501097811754581));
#2595=CARTESIAN_POINT('Ctrl Pts',(6.75369755292122,-8.3686900370269,0.508135195360826));
#2596=CARTESIAN_POINT('Ctrl Pts',(6.72074445363499,-8.38572310298235,0.525023356812084));
#2597=CARTESIAN_POINT('Ctrl Pts',(6.70167809330403,-8.40392740874895,0.550566580242109));
#2598=CARTESIAN_POINT('Ctrl Pts',(6.69646390009056,-8.41255553135676,0.564494789117137));
#2599=CARTESIAN_POINT('Ctrl Pts',(6.6953861866334,-8.4144417966781,0.567566953216943));
#2600=CARTESIAN_POINT('Ctrl Pts',(6.69423695007465,-8.4167349538723,0.571375713122188));
#2601=CARTESIAN_POINT('Ctrl Pts',(6.69312366570661,-8.41938110573922,0.575864985929143));
#2602=CARTESIAN_POINT('Ctrl Pts',(6.6919775519389,-8.42276742182072,0.581731839290474));
#2603=CARTESIAN_POINT('Ctrl Pts',(6.69110039146307,-8.42674302221757,0.588818045016911));
#2604=CARTESIAN_POINT('Ctrl Pts',(6.69048898718508,-8.43552903813616,0.60501718732901));
#2605=CARTESIAN_POINT('Ctrl Pts',(6.69389517864412,-8.44630433210741,0.626445570404897));
#2606=CARTESIAN_POINT('Ctrl Pts',(6.69990071504823,-8.4538623277921,0.642500902663006));
#2607=CARTESIAN_POINT('Ctrl Pts',(6.70333112951641,-8.45733128513051,0.649999999999998));
#2608=CARTESIAN_POINT('',(6.80998378005714,-8.35185516380972,0.5));
#2609=CARTESIAN_POINT('Ctrl Pts',(6.70333112951641,-8.45733128513051,0.649999999999998));
#2610=CARTESIAN_POINT('Ctrl Pts',(6.69990071504823,-8.4538623277921,0.642500902663006));
#2611=CARTESIAN_POINT('Ctrl Pts',(6.69389517864412,-8.44630433210741,0.626445570404897));
#2612=CARTESIAN_POINT('Ctrl Pts',(6.69048898718508,-8.43552903813616,0.60501718732901));
#2613=CARTESIAN_POINT('Ctrl Pts',(6.69110039146307,-8.42674302221757,0.588818045016911));
#2614=CARTESIAN_POINT('Ctrl Pts',(6.6919775519389,-8.42276742182072,0.581731839290474));
#2615=CARTESIAN_POINT('Ctrl Pts',(6.69312366570661,-8.41938110573922,0.575864985929143));
#2616=CARTESIAN_POINT('Ctrl Pts',(6.69423695007465,-8.4167349538723,0.571375713122188));
#2617=CARTESIAN_POINT('Ctrl Pts',(6.6953861866334,-8.4144417966781,0.567566953216943));
#2618=CARTESIAN_POINT('Ctrl Pts',(6.69646390009056,-8.41255553135676,0.564494789117137));
#2619=CARTESIAN_POINT('Ctrl Pts',(6.70167809330403,-8.40392740874895,0.550566580242109));
#2620=CARTESIAN_POINT('Ctrl Pts',(6.72074445363499,-8.38572310298235,0.525023356812084));
#2621=CARTESIAN_POINT('Ctrl Pts',(6.75369755292122,-8.3686900370269,0.508135195360826));
#2622=CARTESIAN_POINT('Ctrl Pts',(6.78302629014661,-8.35816045688797,0.501097811754581));
#2623=CARTESIAN_POINT('Ctrl Pts',(6.80122106650975,-8.35365929879543,0.500000000000001));
#2624=CARTESIAN_POINT('Ctrl Pts',(6.80998378005713,-8.35185516380973,0.5));
#2625=CARTESIAN_POINT('',(6.79095112434142,-8.40977721689999,0.520735923759782));
#2626=CARTESIAN_POINT('Origin',(6.80998378005714,-8.35185516380972,0.6));
#2627=CARTESIAN_POINT('Ctrl Pts',(6.79095112434142,-8.40977721689999,0.520735923759782));
#2628=CARTESIAN_POINT('Ctrl Pts',(6.78525364473427,-8.40861276577261,0.521253065568956));
#2629=CARTESIAN_POINT('Ctrl Pts',(6.77357537433981,-8.40680458233723,0.522820553935537));
#2630=CARTESIAN_POINT('Ctrl Pts',(6.75539557013763,-8.40652417937259,0.527738423183452));
#2631=CARTESIAN_POINT('Ctrl Pts',(6.73597700081575,-8.41038373379785,0.537364903476174));
#2632=CARTESIAN_POINT('Ctrl Pts',(6.72632204886414,-8.41929201578043,0.550186239949671));
#2633=CARTESIAN_POINT('Ctrl Pts',(6.72437120133746,-8.42464528234137,0.55688630487757));
#2634=CARTESIAN_POINT('Ctrl Pts',(6.72398749773657,-8.42583405508333,0.558359998966074));
#2635=CARTESIAN_POINT('Ctrl Pts',(6.72363164068645,-8.4273269393154,0.560176441523003));
#2636=CARTESIAN_POINT('Ctrl Pts',(6.72336738912225,-8.42911274578139,0.562303636328044));
#2637=CARTESIAN_POINT('Ctrl Pts',(6.72322083663539,-8.43148069402386,0.56506588379321));
#2638=CARTESIAN_POINT('Ctrl Pts',(6.72337114476171,-8.43439976221591,0.568372940925611));
#2639=CARTESIAN_POINT('Ctrl Pts',(6.724617308621,-8.4412452547435,0.575851623650528));
#2640=CARTESIAN_POINT('Ctrl Pts',(6.72901132331437,-8.45087805413437,0.585494424434795));
#2641=CARTESIAN_POINT('Ctrl Pts',(6.73459606463596,-8.45871746788036,0.592503121235583));
#2642=CARTESIAN_POINT('Ctrl Pts',(6.73762744672568,-8.46251850652308,0.59573553600623));
#2643=CARTESIAN_POINT('Ctrl Pts',(6.80998378005714,-8.35185516380972,0.5));
#2644=CARTESIAN_POINT('Ctrl Pts',(6.83364286573025,-8.35962932249611,0.5));
#2645=CARTESIAN_POINT('Ctrl Pts',(6.88908085442435,-8.37559548694518,0.5));
#2646=CARTESIAN_POINT('Ctrl Pts',(6.94698116319496,-8.38609267914813,0.5));
#2647=CARTESIAN_POINT('Ctrl Pts',(6.98009949981758,-8.38369777565078,0.5));
#2648=CARTESIAN_POINT('Ctrl Pts',(6.80316111777727,-8.37261856187115,0.5));
#2649=CARTESIAN_POINT('Ctrl Pts',(6.82767844990132,-8.37931812657096,0.500012099909305));
#2650=CARTESIAN_POINT('Ctrl Pts',(6.88524739633267,-8.39256575584129,0.500017595037478));
#2651=CARTESIAN_POINT('Ctrl Pts',(6.94571038518844,-8.39966384090676,0.499996816083168));
#2652=CARTESIAN_POINT('Ctrl Pts',(6.98087374338857,-8.39440453658727,0.5));
#2653=CARTESIAN_POINT('Ctrl Pts',(6.79635904457255,-8.39331930123052,0.507410803488924));
#2654=CARTESIAN_POINT('Ctrl Pts',(6.82172617046126,-8.39896468832117,0.506523568244279));
#2655=CARTESIAN_POINT('Ctrl Pts',(6.88141432150237,-8.40952532634847,0.504516717836669));
#2656=CARTESIAN_POINT('Ctrl Pts',(6.9444397268089,-8.4132303121015,0.502627375915524));
#2657=CARTESIAN_POINT('Ctrl Pts',(6.98164784884848,-8.40510938763068,0.501743297070586));
#2658=CARTESIAN_POINT('Ctrl Pts',(6.79095112434142,-8.40977721689999,0.520735923759782));
#2659=CARTESIAN_POINT('Ctrl Pts',(6.81683465828162,-8.41506729468093,0.518386559041943));
#2660=CARTESIAN_POINT('Ctrl Pts',(6.87798312221452,-8.42441863489136,0.513002967552909));
#2661=CARTESIAN_POINT('Ctrl Pts',(6.94321448174372,-8.42582713020409,0.507713006454237));
#2662=CARTESIAN_POINT('Ctrl Pts',(6.98238228951345,-8.4152657272072,0.505140876528737));
#2663=CARTESIAN_POINT('',(6.98009949981759,-8.38369777565092,0.5));
#2664=CARTESIAN_POINT('',(6.98238228951346,-8.41526572720719,0.505140876528737));
#2665=CARTESIAN_POINT('Origin',(6.98009949981758,-8.38369777565078,0.6));
#2666=CARTESIAN_POINT('Ctrl Pts',(6.98238228951345,-8.4152657272072,0.505140876528737));
#2667=CARTESIAN_POINT('Ctrl Pts',(6.94321448174372,-8.42582713020409,0.507713006454237));
#2668=CARTESIAN_POINT('Ctrl Pts',(6.87798312221452,-8.42441863489136,0.513002967552909));
#2669=CARTESIAN_POINT('Ctrl Pts',(6.81683465828162,-8.41506729468093,0.518386559041943));
#2670=CARTESIAN_POINT('Ctrl Pts',(6.79095112434142,-8.40977721689999,0.520735923759782));
#2671=CARTESIAN_POINT('Ctrl Pts',(6.80998378005714,-8.35185516380972,0.5));
#2672=CARTESIAN_POINT('Ctrl Pts',(6.83364286573025,-8.35962932249611,0.5));
#2673=CARTESIAN_POINT('Ctrl Pts',(6.88908085442435,-8.37559548694518,0.5));
#2674=CARTESIAN_POINT('Ctrl Pts',(6.94698116319496,-8.38609267914813,0.5));
#2675=CARTESIAN_POINT('Ctrl Pts',(6.98009949981758,-8.38369777565078,0.5));
#2676=CARTESIAN_POINT('Ctrl Pts',(7.05975530948385,-8.39315979893956,0.50637517512415));
#2677=CARTESIAN_POINT('Ctrl Pts',(7.0593787072337,-8.39327346351067,0.506338350126858));
#2678=CARTESIAN_POINT('Ctrl Pts',(7.05900204036268,-8.39338705859438,0.506301970328547));
#2679=CARTESIAN_POINT('Ctrl Pts',(7.03344705092059,-8.40108770131792,0.503865439902858));
#2680=CARTESIAN_POINT('Ctrl Pts',(7.00793081072617,-8.4083766965499,0.503463118193356));
#2681=CARTESIAN_POINT('Ctrl Pts',(6.98238228951349,-8.41526572720718,0.505140876528734));
#2682=CARTESIAN_POINT('Ctrl Pts',(7.05975530948385,-8.39315979893956,0.50637517512415));
#2683=CARTESIAN_POINT('Ctrl Pts',(7.05937491589379,-8.39322164759253,0.506329958353236));
#2684=CARTESIAN_POINT('Ctrl Pts',(7.058994522,-8.39328346447016,0.506284922011817));
#2685=CARTESIAN_POINT('Ctrl Pts',(7.03318529307483,-8.39747201108024,0.503260967874333));
#2686=CARTESIAN_POINT('Ctrl Pts',(7.00749782177559,-8.40137901654219,0.501725395099212));
#2687=CARTESIAN_POINT('Ctrl Pts',(6.98164784884849,-8.40510938763065,0.501743297070576));
#2688=CARTESIAN_POINT('Ctrl Pts',(7.05975530948385,-8.39315979893955,0.506375175124149));
#2689=CARTESIAN_POINT('Ctrl Pts',(7.05937114006262,-8.3931698370482,0.506321519866901));
#2690=CARTESIAN_POINT('Ctrl Pts',(7.05898696968888,-8.39317984594518,0.506268045441787));
#2691=CARTESIAN_POINT('Ctrl Pts',(7.03292165361586,-8.39385389594951,0.502671680228778));
#2692=CARTESIAN_POINT('Ctrl Pts',(7.00698310493772,-8.39428832029202,0.500570601190987));
#2693=CARTESIAN_POINT('Ctrl Pts',(6.98087374338856,-8.39440453658721,0.49999999999999));
#2694=CARTESIAN_POINT('Ctrl Pts',(7.05975530948385,-8.39315979893955,0.506375175124148));
#2695=CARTESIAN_POINT('Ctrl Pts',(7.05936737864944,-8.39311803464758,0.50631303508634));
#2696=CARTESIAN_POINT('Ctrl Pts',(7.0589793845201,-8.39307620022639,0.506251340197082));
#2697=CARTESIAN_POINT('Ctrl Pts',(7.03265611299428,-8.39023354779629,0.502097607261366));
#2698=CARTESIAN_POINT('Ctrl Pts',(7.00638728142969,-8.38711235135655,0.499999999999978));
#2699=CARTESIAN_POINT('Ctrl Pts',(6.98009949981754,-8.3836977756507,0.499999999999999));
#2700=CARTESIAN_POINT('',(7.05975530948384,-8.39315979893955,0.506375175124146));
#2701=CARTESIAN_POINT('Ctrl Pts',(6.98009949981754,-8.3836977756507,0.499999999999999));
#2702=CARTESIAN_POINT('Ctrl Pts',(7.00638728142969,-8.38711235135655,0.499999999999978));
#2703=CARTESIAN_POINT('Ctrl Pts',(7.03265611299428,-8.39023354779629,0.502097607261366));
#2704=CARTESIAN_POINT('Ctrl Pts',(7.0589793845201,-8.39307620022639,0.506251340197082));
#2705=CARTESIAN_POINT('Ctrl Pts',(7.05936737864944,-8.39311803464758,0.50631303508634));
#2706=CARTESIAN_POINT('Ctrl Pts',(7.05975530948385,-8.39315979893955,0.506375175124148));
#2707=CARTESIAN_POINT('Ctrl Pts',(7.05975530948385,-8.39315979893956,0.50637517512415));
#2708=CARTESIAN_POINT('Ctrl Pts',(7.0593787072337,-8.39327346351067,0.506338350126858));
#2709=CARTESIAN_POINT('Ctrl Pts',(7.05900204036268,-8.39338705859438,0.506301970328547));
#2710=CARTESIAN_POINT('Ctrl Pts',(7.03344705092059,-8.40108770131792,0.503865439902858));
#2711=CARTESIAN_POINT('Ctrl Pts',(7.00793081072617,-8.4083766965499,0.503463118193356));
#2712=CARTESIAN_POINT('Ctrl Pts',(6.98238228951349,-8.41526572720718,0.505140876528734));
#2713=CARTESIAN_POINT('Ctrl Pts',(8.43985638241334,-7.03008156807697,0.506896929068603));
#2714=CARTESIAN_POINT('Ctrl Pts',(8.23267647380668,-7.22544233248587,0.503894307706444));
#2715=CARTESIAN_POINT('Ctrl Pts',(7.75356493703986,-7.6847622848316,0.50161733898637));
#2716=CARTESIAN_POINT('Ctrl Pts',(7.2874910958789,-8.15695353044003,0.502893432493411));
#2717=CARTESIAN_POINT('Ctrl Pts',(7.02394003160742,-8.43026592884437,0.506896921066067));
#2718=CARTESIAN_POINT('Ctrl Pts',(8.42473492400938,-7.01552372861433,0.50231667553843));
#2719=CARTESIAN_POINT('Ctrl Pts',(8.22078951167095,-7.21382778870613,0.501301999101652));
#2720=CARTESIAN_POINT('Ctrl Pts',(7.74667202434729,-7.67778409603628,0.500543963678786));
#2721=CARTESIAN_POINT('Ctrl Pts',(7.2769790797828,-8.14602661039315,0.500963773158098));
#2722=CARTESIAN_POINT('Ctrl Pts',(7.0095520532428,-8.41498277525855,0.502316672829749));
#2723=CARTESIAN_POINT('Ctrl Pts',(8.40925819501107,-7.00062386048356,0.5));
#2724=CARTESIAN_POINT('Ctrl Pts',(8.20878158202798,-7.20209277458911,0.500001653050113));
#2725=CARTESIAN_POINT('Ctrl Pts',(7.73971395357121,-7.67073777188152,0.500000328040097));
#2726=CARTESIAN_POINT('Ctrl Pts',(7.26642092790034,-8.135056305632,0.500002204060627));
#2727=CARTESIAN_POINT('Ctrl Pts',(6.99482603740672,-8.39934055256219,0.5));
#2728=CARTESIAN_POINT('Ctrl Pts',(8.39378091766022,-6.98572346443887,0.5));
#2729=CARTESIAN_POINT('Ctrl Pts',(8.19677379103428,-7.19035788688904,0.5));
#2730=CARTESIAN_POINT('Ctrl Pts',(7.73275568405228,-7.66369123894817,0.5));
#2731=CARTESIAN_POINT('Ctrl Pts',(7.25586311641463,-8.12408637234549,0.5));
#2732=CARTESIAN_POINT('Ctrl Pts',(6.98009949981767,-8.383697775651,0.5));
#2733=CARTESIAN_POINT('',(8.3937809176601,-6.98572346443876,0.5));
#2734=CARTESIAN_POINT('Ctrl Pts',(6.98009949981767,-8.383697775651,0.5));
#2735=CARTESIAN_POINT('Ctrl Pts',(7.25586311641463,-8.12408637234549,0.5));
#2736=CARTESIAN_POINT('Ctrl Pts',(7.73275568405228,-7.66369123894817,0.5));
#2737=CARTESIAN_POINT('Ctrl Pts',(8.19677379103428,-7.19035788688904,0.5));
#2738=CARTESIAN_POINT('Ctrl Pts',(8.39378091766022,-6.98572346443887,0.5));
#2739=CARTESIAN_POINT('',(8.40235208402212,-7.06548035837541,0.506375177784498));
#2740=CARTESIAN_POINT('Ctrl Pts',(8.40235208402212,-7.06548035837542,0.5063751777845));
#2741=CARTESIAN_POINT('Ctrl Pts',(8.40231465805103,-7.06509198363548,0.506313037748374));
#2742=CARTESIAN_POINT('Ctrl Pts',(8.40227716266241,-7.06470354482139,0.506251342860475));
#2743=CARTESIAN_POINT('Ctrl Pts',(8.39972888893249,-7.03835004336489,0.502097608268181));
#2744=CARTESIAN_POINT('Ctrl Pts',(8.39690147878523,-7.01204786812183,0.499999999999977));
#2745=CARTESIAN_POINT('Ctrl Pts',(8.39378091765984,-6.98572346443879,0.499999999999999));
#2746=CARTESIAN_POINT('Ctrl Pts',(8.40235293094341,-7.06548117545956,0.506374963185935));
#2747=CARTESIAN_POINT('Ctrl Pts',(8.20789230288001,-7.24921968020827,0.503778858527185));
#2748=CARTESIAN_POINT('Ctrl Pts',(7.75389343632725,-7.68508680106698,0.501706891201099));
#2749=CARTESIAN_POINT('Ctrl Pts',(7.31161784316204,-8.13252756916609,0.502829776793098));
#2750=CARTESIAN_POINT('Ctrl Pts',(7.05975708029965,-8.39316167630153,0.506373043841671));
#2751=CARTESIAN_POINT('Origin',(8.59314207099119,-6.83381328439156,0.5));
#2752=CARTESIAN_POINT('',(5.2450787252049,-6.76936741362817,0.5));
#2753=CARTESIAN_POINT('',(6.93262817836905,-8.47587754929259,0.5));
#2754=CARTESIAN_POINT('',(6.79893573434802,-5.23277498954989,0.5));
#2755=CARTESIAN_POINT('',(6.46379992380175,-5.56418717515808,0.5));
#2756=CARTESIAN_POINT('',(8.3638428913689,-6.81526486551928,0.5));
#2757=CARTESIAN_POINT('',(8.48648518751217,-6.93928512521433,0.5));
#2758=CARTESIAN_POINT('Ctrl Pts',(8.39378091765993,-6.9857234644388,0.5));
#2759=CARTESIAN_POINT('Ctrl Pts',(8.3958545692653,-6.96090671396158,0.5));
#2760=CARTESIAN_POINT('Ctrl Pts',(8.38911296771141,-6.90277252813008,0.5));
#2761=CARTESIAN_POINT('Ctrl Pts',(8.37385487073058,-6.84692377788043,0.5));
#2762=CARTESIAN_POINT('Ctrl Pts',(8.3638428913689,-6.81526486551928,0.5));
#2763=CARTESIAN_POINT('Origin',(6.93262817836905,-8.47587754929259,0.65));
#2764=CARTESIAN_POINT('',(5.13842184172588,-6.87483925445093,0.65));
#2765=CARTESIAN_POINT('',(6.82597129489002,-8.58134939011535,0.65));
#2766=CARTESIAN_POINT('Origin',(5.2450787252049,-6.76936741362817,0.65));
#2767=CARTESIAN_POINT('Origin',(6.82597129489002,-8.58134939011535,0.5));
#2768=CARTESIAN_POINT('',(6.80335074311487,-8.55847468217346,2.73643938934103));
#2769=CARTESIAN_POINT('Ctrl Pts',(6.80335074311494,-8.55847468217354,2.73643938934103));
#2770=CARTESIAN_POINT('Ctrl Pts',(6.80825681618105,-8.56343587806498,2.45251233382586));
#2771=CARTESIAN_POINT('Ctrl Pts',(6.81548592186256,-8.57074620730846,1.78984958477129));
#2772=CARTESIAN_POINT('Ctrl Pts',(6.80989217532305,-8.5650896114984,1.12713008316061));
#2773=CARTESIAN_POINT('Ctrl Pts',(6.80335074596024,-8.55847468505081,0.748560675758542));
#2774=CARTESIAN_POINT('',(6.70333186226993,-8.45733202611698,2.835));
#2775=CARTESIAN_POINT('Ctrl Pts',(6.70333186226993,-8.45733202611698,2.835));
#2776=CARTESIAN_POINT('Ctrl Pts',(6.72410897162476,-8.47834257940023,2.81985985274933));
#2777=CARTESIAN_POINT('Ctrl Pts',(6.75957298644679,-8.51420505479712,2.79144204812447));
#2778=CARTESIAN_POINT('Ctrl Pts',(6.79196894725023,-8.54696500465341,2.75536178657143));
#2779=CARTESIAN_POINT('Ctrl Pts',(6.8033507431148,-8.55847468217339,2.73643938934094));
#2780=CARTESIAN_POINT('',(5.13842184172588,-6.87483925445093,2.835));
#2781=CARTESIAN_POINT('',(6.82597129489002,-8.58134939011535,2.835));
#2782=CARTESIAN_POINT('',(5.13842184172588,-6.87483925445093,1.12125));
#2783=CARTESIAN_POINT('Ctrl Pts',(6.85322216990171,-8.59909437684578,0.746989162955735));
#2784=CARTESIAN_POINT('Ctrl Pts',(6.84403399576789,-8.59549561247606,1.12650844039682));
#2785=CARTESIAN_POINT('Ctrl Pts',(6.83748168203662,-8.59069293830654,1.78983033802374));
#2786=CARTESIAN_POINT('Ctrl Pts',(6.84633104373455,-8.59639530652832,2.4533714444349));
#2787=CARTESIAN_POINT('Ctrl Pts',(6.85322217802151,-8.59909438108856,2.73801090279234));
#2788=CARTESIAN_POINT('Ctrl Pts',(6.83520711409322,-8.58739310101051,0.747504913278434));
#2789=CARTESIAN_POINT('Ctrl Pts',(6.83199603832195,-8.58606967245476,1.12671719055345));
#2790=CARTESIAN_POINT('Ctrl Pts',(6.82981405383008,-8.58446279860693,1.78983568839456));
#2791=CARTESIAN_POINT('Ctrl Pts',(6.83279880938959,-8.58640053123349,2.45308594412492));
#2792=CARTESIAN_POINT('Ctrl Pts',(6.83520711804731,-8.58739310366586,2.7374951522601));
#2793=CARTESIAN_POINT('Ctrl Pts',(6.81845527957258,-8.57374892762522,0.748032785160548));
#2794=CARTESIAN_POINT('Ctrl Pts',(6.82060248052959,-8.57591711864726,1.12692364643695));
#2795=CARTESIAN_POINT('Ctrl Pts',(6.82245742794839,-8.57779510190148,1.78984263374257));
#2796=CARTESIAN_POINT('Ctrl Pts',(6.82006568032591,-8.57537507092543,2.45279913412993));
#2797=CARTESIAN_POINT('Ctrl Pts',(6.81845527979148,-8.57374892784658,2.73696728015852));
#2798=CARTESIAN_POINT('Ctrl Pts',(6.80335074596024,-8.55847468505081,0.748560675758542));
#2799=CARTESIAN_POINT('Ctrl Pts',(6.80989217532305,-8.5650896114984,1.12713008316061));
#2800=CARTESIAN_POINT('Ctrl Pts',(6.81548592186256,-8.57074620730846,1.78984958477129));
#2801=CARTESIAN_POINT('Ctrl Pts',(6.80825681618105,-8.56343587806498,2.45251233382586));
#2802=CARTESIAN_POINT('Ctrl Pts',(6.80335074311494,-8.55847468217354,2.73643938934103));
#2803=CARTESIAN_POINT('',(6.85200689309919,-8.59860753424483,2.68644642162313));
#2804=CARTESIAN_POINT('Ctrl Pts',(6.85200719129418,-8.5986108922011,0.798553421385888));
#2805=CARTESIAN_POINT('Ctrl Pts',(6.84370515213136,-8.59525405358345,1.16084337103171));
#2806=CARTESIAN_POINT('Ctrl Pts',(6.83786997588627,-8.59095778246289,1.7898358148731));
#2807=CARTESIAN_POINT('Ctrl Pts',(6.84588329932793,-8.59610717697355,2.41902536147735));
#2808=CARTESIAN_POINT('Ctrl Pts',(6.85200757166498,-8.59860855840505,2.68644644996733));
#2809=CARTESIAN_POINT('Ctrl Pts',(6.80335074311473,-8.55847468217333,2.73643938934091));
#2810=CARTESIAN_POINT('Ctrl Pts',(6.81805767894072,-8.57334685969951,2.7201461693319));
#2811=CARTESIAN_POINT('Ctrl Pts',(6.83410054502759,-8.58658567228737,2.70366002927812));
#2812=CARTESIAN_POINT('Ctrl Pts',(6.85149340125874,-8.59826442217982,2.68693934348273));
#2813=CARTESIAN_POINT('Ctrl Pts',(6.85175002210205,-8.59843616827227,2.6866928847055));
#2814=CARTESIAN_POINT('Ctrl Pts',(6.85200689309907,-8.59860753424475,2.68644642162315));
#2815=CARTESIAN_POINT('Ctrl Pts',(8.4253214941738,-6.98835894917659,0.505140913701589));
#2816=CARTESIAN_POINT('Ctrl Pts',(8.41814731816552,-7.0138289743958,0.503463143117991));
#2817=CARTESIAN_POINT('Ctrl Pts',(8.41057356219124,-7.03926224973157,0.503865453635508));
#2818=CARTESIAN_POINT('Ctrl Pts',(8.40258774935034,-7.06472967372983,0.506301973335553));
#2819=CARTESIAN_POINT('Ctrl Pts',(8.40246995106676,-7.06510504874905,0.506338352960708));
#2820=CARTESIAN_POINT('Ctrl Pts',(8.40235208402213,-7.06548035837542,0.506375177784502));
#2821=CARTESIAN_POINT('Ctrl Pts',(8.41517396464279,-6.98751103635567,0.501743309892878));
#2822=CARTESIAN_POINT('Ctrl Pts',(8.41115426684873,-7.01331839139891,0.501728057797036));
#2823=CARTESIAN_POINT('Ctrl Pts',(8.40696107152548,-7.03896034643272,0.503260420553421));
#2824=CARTESIAN_POINT('Ctrl Pts',(8.40248424016664,-7.06472098408612,0.506284965511547));
#2825=CARTESIAN_POINT('Ctrl Pts',(8.40241818672819,-7.06510069371119,0.506329914556596));
#2826=CARTESIAN_POINT('Ctrl Pts',(8.40235208402213,-7.06548035837542,0.506375177784501));
#2827=CARTESIAN_POINT('Ctrl Pts',(8.40447839528375,-6.98661733012315,0.49999999999999));
#2828=CARTESIAN_POINT('Ctrl Pts',(8.40407003511785,-7.0127244646471,0.500573303081884));
#2829=CARTESIAN_POINT('Ctrl Pts',(8.40334614456987,-7.03865627744104,0.50267113301306));
#2830=CARTESIAN_POINT('Ctrl Pts',(8.40238071126907,-7.0647122744202,0.506268088685251));
#2831=CARTESIAN_POINT('Ctrl Pts',(8.40236642238961,-7.06509633867334,0.506321476152485));
#2832=CARTESIAN_POINT('Ctrl Pts',(8.40235208402212,-7.06548035837542,0.506375177784501));
#2833=CARTESIAN_POINT('Ctrl Pts',(8.39378091765984,-6.98572346443879,0.499999999999999));
#2834=CARTESIAN_POINT('Ctrl Pts',(8.39690147878523,-7.01204786812183,0.499999999999977));
#2835=CARTESIAN_POINT('Ctrl Pts',(8.39972888893249,-7.03835004336489,0.502097608268181));
#2836=CARTESIAN_POINT('Ctrl Pts',(8.40227716266241,-7.06470354482139,0.506251342860475));
#2837=CARTESIAN_POINT('Ctrl Pts',(8.40231465805103,-7.06509198363548,0.506313037748374));
#2838=CARTESIAN_POINT('Ctrl Pts',(8.40235208402212,-7.06548035837542,0.5063751777845));
#2839=CARTESIAN_POINT('',(8.4253214941738,-6.98835894917659,0.505140913701589));
#2840=CARTESIAN_POINT('Ctrl Pts',(8.4253214941738,-6.98835894917659,0.505140913701589));
#2841=CARTESIAN_POINT('Ctrl Pts',(8.41814731816552,-7.0138289743958,0.503463143117991));
#2842=CARTESIAN_POINT('Ctrl Pts',(8.41057356219124,-7.03926224973157,0.503865453635508));
#2843=CARTESIAN_POINT('Ctrl Pts',(8.40258774935034,-7.06472967372983,0.506301973335553));
#2844=CARTESIAN_POINT('Ctrl Pts',(8.40246995106676,-7.06510504874905,0.506338352960708));
#2845=CARTESIAN_POINT('Ctrl Pts',(8.40235208402213,-7.06548035837542,0.506375177784502));
#2846=CARTESIAN_POINT('Origin',(8.39378091765992,-6.98572346443886,0.6));
#2847=CARTESIAN_POINT('Ctrl Pts',(8.39378091765993,-6.9857234644388,0.5));
#2848=CARTESIAN_POINT('Ctrl Pts',(8.3958545692653,-6.96090671396158,0.5));
#2849=CARTESIAN_POINT('Ctrl Pts',(8.38911296771141,-6.90277252813008,0.5));
#2850=CARTESIAN_POINT('Ctrl Pts',(8.37385487073058,-6.84692377788043,0.5));
#2851=CARTESIAN_POINT('Ctrl Pts',(8.3638428913689,-6.81526486551928,0.5));
#2852=CARTESIAN_POINT('Ctrl Pts',(8.40447839528381,-6.98661733012313,0.5));
#2853=CARTESIAN_POINT('Ctrl Pts',(8.40871731813862,-6.96029096032526,0.49999761207685));
#2854=CARTESIAN_POINT('Ctrl Pts',(8.40575673427877,-6.89941518282027,0.50000502726436));
#2855=CARTESIAN_POINT('Ctrl Pts',(8.393247670279,-6.84146199354682,0.50001613275418));
#2856=CARTESIAN_POINT('Ctrl Pts',(8.38468117145643,-6.8086748592743,0.5));
#2857=CARTESIAN_POINT('Ctrl Pts',(8.41517396464283,-6.98751103635562,0.501743309892889));
#2858=CARTESIAN_POINT('Ctrl Pts',(8.42157607121884,-6.95967521721601,0.502406360313041));
#2859=CARTESIAN_POINT('Ctrl Pts',(8.4223896065767,-6.89605848480544,0.504217515263592));
#2860=CARTESIAN_POINT('Ctrl Pts',(8.41260493175966,-6.8360091309977,0.506227759970431));
#2861=CARTESIAN_POINT('Ctrl Pts',(8.40545656825328,-6.80210473956874,0.507410718328503));
#2862=CARTESIAN_POINT('Ctrl Pts',(8.42532149417382,-6.98835894917651,0.505140913701594));
#2863=CARTESIAN_POINT('Ctrl Pts',(8.43357023794507,-6.95907395370941,0.50706998536572));
#2864=CARTESIAN_POINT('Ctrl Pts',(8.43713826734018,-6.89301124302768,0.512204858076925));
#2865=CARTESIAN_POINT('Ctrl Pts',(8.42864082869819,-6.83146880940753,0.517603268758803));
#2866=CARTESIAN_POINT('Ctrl Pts',(8.42197388486038,-6.79688121732344,0.520735701134083));
#2867=CARTESIAN_POINT('',(8.42197388486037,-6.79688121732344,0.520735701134082));
#2868=CARTESIAN_POINT('Origin',(8.3638428913689,-6.81526486551928,0.6));
#2869=CARTESIAN_POINT('Ctrl Pts',(8.42197388486038,-6.79688121732344,0.520735701134083));
#2870=CARTESIAN_POINT('Ctrl Pts',(8.42864082869819,-6.83146880940753,0.517603268758803));
#2871=CARTESIAN_POINT('Ctrl Pts',(8.43713826734018,-6.89301124302768,0.512204858076925));
#2872=CARTESIAN_POINT('Ctrl Pts',(8.43357023794507,-6.95907395370941,0.50706998536572));
#2873=CARTESIAN_POINT('Ctrl Pts',(8.42532149417382,-6.98835894917651,0.505140913701594));
#2874=CARTESIAN_POINT('Ctrl Pts',(8.47530885895223,-6.74415122523212,0.595735224914944));
#2875=CARTESIAN_POINT('Ctrl Pts',(8.47154254318672,-6.74107809627529,0.592503283406222));
#2876=CARTESIAN_POINT('Ctrl Pts',(8.46376546371189,-6.73543373865502,0.585489355666364));
#2877=CARTESIAN_POINT('Ctrl Pts',(8.45314666718127,-6.73049073938599,0.574794963713784));
#2878=CARTESIAN_POINT('Ctrl Pts',(8.44391495857754,-6.72918116010542,0.564535782523804));
#2879=CARTESIAN_POINT('Ctrl Pts',(8.43669386461089,-6.7303541478672,0.555889528060266));
#2880=CARTESIAN_POINT('Ctrl Pts',(8.42966462322452,-6.73477501189864,0.546628638531635));
#2881=CARTESIAN_POINT('Ctrl Pts',(8.42253453980296,-6.7451979547024,0.535770743312069));
#2882=CARTESIAN_POINT('Ctrl Pts',(8.41907429019238,-6.76118973444532,0.527708133009867));
#2883=CARTESIAN_POINT('Ctrl Pts',(8.41919432240194,-6.77946070649433,0.522822344797075));
#2884=CARTESIAN_POINT('Ctrl Pts',(8.42087340462517,-6.79117201046677,0.521252756624719));
#2885=CARTESIAN_POINT('Ctrl Pts',(8.42197388486037,-6.79688121732344,0.520735701134082));
#2886=CARTESIAN_POINT('Ctrl Pts',(8.47923023820148,-6.72916293842679,0.611153495342161));
#2887=CARTESIAN_POINT('Ctrl Pts',(8.47492065387946,-6.72638869942288,0.606642488048747));
#2888=CARTESIAN_POINT('Ctrl Pts',(8.4659971341188,-6.72142236571893,0.596954902025584));
#2889=CARTESIAN_POINT('Ctrl Pts',(8.45361324900767,-6.71771757076959,0.582439386334881));
#2890=CARTESIAN_POINT('Ctrl Pts',(8.44255461610685,-6.71787877604909,0.568657908235889));
#2891=CARTESIAN_POINT('Ctrl Pts',(8.4336554619634,-6.72052128265348,0.557091067996682));
#2892=CARTESIAN_POINT('Ctrl Pts',(8.42457837512018,-6.72688736210506,0.544707560495067));
#2893=CARTESIAN_POINT('Ctrl Pts',(8.41452811440425,-6.74030473513123,0.530066871947937));
#2894=CARTESIAN_POINT('Ctrl Pts',(8.40797053082735,-6.75976020340011,0.5188241711847));
#2895=CARTESIAN_POINT('Ctrl Pts',(8.40514485589809,-6.78154858445658,0.511387726334951));
#2896=CARTESIAN_POINT('Ctrl Pts',(8.40514645676252,-6.79537559883171,0.508524234743874));
#2897=CARTESIAN_POINT('Ctrl Pts',(8.40545656825328,-6.80210473956874,0.507410718328502));
#2898=CARTESIAN_POINT('Ctrl Pts',(8.47751336056383,-6.71688541247164,0.63054738620216));
#2899=CARTESIAN_POINT('Ctrl Pts',(8.47333694046495,-6.71406197769276,0.624365872211575));
#2900=CARTESIAN_POINT('Ctrl Pts',(8.46452927689531,-6.70913344871621,0.611237082957363));
#2901=CARTESIAN_POINT('Ctrl Pts',(8.45171714004873,-6.70600861522781,0.592014245021929));
#2902=CARTESIAN_POINT('Ctrl Pts',(8.43967983580857,-6.70723494348811,0.574104076167795));
#2903=CARTESIAN_POINT('Ctrl Pts',(8.42957117881644,-6.71112640572082,0.559269250163383));
#2904=CARTESIAN_POINT('Ctrl Pts',(8.41864850020337,-6.71933918723334,0.543627646791865));
#2905=CARTESIAN_POINT('Ctrl Pts',(8.40548326907535,-6.73580834582926,0.525489931827277));
#2906=CARTESIAN_POINT('Ctrl Pts',(8.39504371233803,-6.75899048574883,0.512090745554646));
#2907=CARTESIAN_POINT('Ctrl Pts',(8.38812878920322,-6.78463613171094,0.503792493253031));
#2908=CARTESIAN_POINT('Ctrl Pts',(8.38560012059528,-6.80081276145637,0.50098426874689));
#2909=CARTESIAN_POINT('Ctrl Pts',(8.38468117145643,-6.8086748592743,0.499999999999999));
#2910=CARTESIAN_POINT('Ctrl Pts',(8.47050497614562,-6.70979828443408,0.649999999999997));
#2911=CARTESIAN_POINT('Ctrl Pts',(8.4670751406497,-6.70632991257304,0.642502025443013));
#2912=CARTESIAN_POINT('Ctrl Pts',(8.45956740041184,-6.70028511814407,0.626440510471531));
#2913=CARTESIAN_POINT('Ctrl Pts',(8.44764356639764,-6.69644993140679,0.602684369088425));
#2914=CARTESIAN_POINT('Ctrl Pts',(8.43547310270882,-6.69791023795623,0.580560259418615));
#2915=CARTESIAN_POINT('Ctrl Pts',(8.42462783792831,-6.70258497612546,0.562347846189071));
#2916=CARTESIAN_POINT('Ctrl Pts',(8.41209415874257,-6.71241304705893,0.543435495262803));
#2917=CARTESIAN_POINT('Ctrl Pts',(8.39580202837225,-6.73194502011131,0.522240531218138));
#2918=CARTESIAN_POINT('Ctrl Pts',(8.38130523900778,-6.75902275689356,0.508052442450685));
#2919=CARTESIAN_POINT('Ctrl Pts',(8.37045493783779,-6.78835955839316,0.501099704586686));
#2920=CARTESIAN_POINT('Ctrl Pts',(8.36574462681111,-6.80652420895515,0.499999999999999));
#2921=CARTESIAN_POINT('Ctrl Pts',(8.3638428913689,-6.81526486551928,0.5));
#2922=CARTESIAN_POINT('',(8.47050497614562,-6.70979828443408,0.649999999999999));
#2923=CARTESIAN_POINT('Ctrl Pts',(8.3638428913689,-6.81526486551928,0.5));
#2924=CARTESIAN_POINT('Ctrl Pts',(8.36574462681111,-6.80652420895515,0.499999999999999));
#2925=CARTESIAN_POINT('Ctrl Pts',(8.37045493783779,-6.78835955839316,0.501099704586686));
#2926=CARTESIAN_POINT('Ctrl Pts',(8.38130523900778,-6.75902275689356,0.508052442450685));
#2927=CARTESIAN_POINT('Ctrl Pts',(8.39580202837225,-6.73194502011131,0.522240531218138));
#2928=CARTESIAN_POINT('Ctrl Pts',(8.41209415874257,-6.71241304705893,0.543435495262803));
#2929=CARTESIAN_POINT('Ctrl Pts',(8.42462783792831,-6.70258497612546,0.562347846189071));
#2930=CARTESIAN_POINT('Ctrl Pts',(8.43547310270882,-6.69791023795623,0.580560259418615));
#2931=CARTESIAN_POINT('Ctrl Pts',(8.44764356639764,-6.69644993140679,0.602684369088425));
#2932=CARTESIAN_POINT('Ctrl Pts',(8.45956740041184,-6.70028511814407,0.626440510471531));
#2933=CARTESIAN_POINT('Ctrl Pts',(8.4670751406497,-6.70632991257304,0.642502025443013));
#2934=CARTESIAN_POINT('Ctrl Pts',(8.47050497614562,-6.70979828443408,0.649999999999997));
#2935=CARTESIAN_POINT('',(8.47530885895223,-6.74415122523212,0.595735224914944));
#2936=CARTESIAN_POINT('Origin',(8.39940038715961,-6.78011284498258,0.649999999999999));
#2937=CARTESIAN_POINT('Ctrl Pts',(8.47530885895223,-6.74415122523212,0.595735224914944));
#2938=CARTESIAN_POINT('Ctrl Pts',(8.47154254318672,-6.74107809627529,0.592503283406222));
#2939=CARTESIAN_POINT('Ctrl Pts',(8.46376546371189,-6.73543373865502,0.585489355666364));
#2940=CARTESIAN_POINT('Ctrl Pts',(8.45314666718127,-6.73049073938599,0.574794963713784));
#2941=CARTESIAN_POINT('Ctrl Pts',(8.44391495857754,-6.72918116010542,0.564535782523804));
#2942=CARTESIAN_POINT('Ctrl Pts',(8.43669386461089,-6.7303541478672,0.555889528060266));
#2943=CARTESIAN_POINT('Ctrl Pts',(8.42966462322452,-6.73477501189864,0.546628638531635));
#2944=CARTESIAN_POINT('Ctrl Pts',(8.42253453980296,-6.7451979547024,0.535770743312069));
#2945=CARTESIAN_POINT('Ctrl Pts',(8.41907429019238,-6.76118973444532,0.527708133009867));
#2946=CARTESIAN_POINT('Ctrl Pts',(8.41919432240194,-6.77946070649433,0.522822344797075));
#2947=CARTESIAN_POINT('Ctrl Pts',(8.42087340462517,-6.79117201046677,0.521252756624719));
#2948=CARTESIAN_POINT('Ctrl Pts',(8.42197388486037,-6.79688121732344,0.520735701134082));
#2949=CARTESIAN_POINT('Ctrl Pts',(8.47050497614562,-6.70979828443408,0.649999999999999));
#2950=CARTESIAN_POINT('Ctrl Pts',(8.48608730333703,-6.72555568889978,0.661354858754264));
#2951=CARTESIAN_POINT('Ctrl Pts',(8.52147496477441,-6.76134095303359,0.689543855106093));
#2952=CARTESIAN_POINT('Ctrl Pts',(8.55534524583454,-6.79559178806455,0.723329234654424));
#2953=CARTESIAN_POINT('Ctrl Pts',(8.57052056000701,-6.81093760646333,0.748558278352664));
#2954=CARTESIAN_POINT('Ctrl Pts',(8.47751336056383,-6.71688541247164,0.630547386202161));
#2955=CARTESIAN_POINT('Ctrl Pts',(8.49297420569531,-6.73253718269448,0.643268159694754));
#2956=CARTESIAN_POINT('Ctrl Pts',(8.52805250834477,-6.76801740547259,0.674884017343641));
#2957=CARTESIAN_POINT('Ctrl Pts',(8.56150528961746,-6.80181651344672,0.712881791959321));
#2958=CARTESIAN_POINT('Ctrl Pts',(8.57625748065723,-6.81673898503552,0.741578763893571));
#2959=CARTESIAN_POINT('Ctrl Pts',(8.47923023820148,-6.7291629384268,0.611153495342161));
#2960=CARTESIAN_POINT('Ctrl Pts',(8.49522377765257,-6.74407422782359,0.625219810256175));
#2961=CARTESIAN_POINT('Ctrl Pts',(8.5314376081127,-6.77784050259428,0.6602319843236));
#2962=CARTESIAN_POINT('Ctrl Pts',(8.56578975022082,-6.80989140674116,0.702437735379751));
#2963=CARTESIAN_POINT('Ctrl Pts',(8.58075329556596,-6.82376563113449,0.734600495482196));
#2964=CARTESIAN_POINT('Ctrl Pts',(8.47530885895223,-6.74415122523212,0.595735224914943));
#2965=CARTESIAN_POINT('Ctrl Pts',(8.49241987335339,-6.75811297382434,0.610418485996191));
#2966=CARTESIAN_POINT('Ctrl Pts',(8.53115248069262,-6.78962363617469,0.647319159196865));
#2967=CARTESIAN_POINT('Ctrl Pts',(8.56786548546756,-6.81922530854399,0.692708122609173));
#2968=CARTESIAN_POINT('Ctrl Pts',(8.58377834988369,-6.83165861019883,0.727979936454878));
#2969=CARTESIAN_POINT('',(8.57052056000708,-6.8109376064634,0.748558278352578));
#2970=CARTESIAN_POINT('',(8.58377834988369,-6.83165861019882,0.727979936454884));
#2971=CARTESIAN_POINT('Origin',(8.49941597102099,-6.88125216701183,0.748558278352668));
#2972=CARTESIAN_POINT('Ctrl Pts',(8.58377834988369,-6.83165861019883,0.727979936454878));
#2973=CARTESIAN_POINT('Ctrl Pts',(8.56786548546756,-6.81922530854399,0.692708122609173));
#2974=CARTESIAN_POINT('Ctrl Pts',(8.53115248069262,-6.78962363617469,0.647319159196865));
#2975=CARTESIAN_POINT('Ctrl Pts',(8.49241987335339,-6.75811297382434,0.610418485996191));
#2976=CARTESIAN_POINT('Ctrl Pts',(8.47530885895223,-6.74415122523212,0.595735224914943));
#2977=CARTESIAN_POINT('Ctrl Pts',(8.47050497614562,-6.70979828443408,0.649999999999999));
#2978=CARTESIAN_POINT('Ctrl Pts',(8.48608730333703,-6.72555568889978,0.661354858754264));
#2979=CARTESIAN_POINT('Ctrl Pts',(8.52147496477441,-6.76134095303359,0.689543855106093));
#2980=CARTESIAN_POINT('Ctrl Pts',(8.55534524583454,-6.79559178806455,0.723329234654424));
#2981=CARTESIAN_POINT('Ctrl Pts',(8.57052056000701,-6.81093760646333,0.748558278352664));
#2982=CARTESIAN_POINT('Ctrl Pts',(8.61010874664437,-6.86004133515364,0.798553150532202));
#2983=CARTESIAN_POINT('Ctrl Pts',(8.61000556753041,-6.85988461152345,0.798205453212819));
#2984=CARTESIAN_POINT('Ctrl Pts',(8.60990200515282,-6.85972813347701,0.797857758804762));
#2985=CARTESIAN_POINT('Ctrl Pts',(8.60284866008246,-6.84912869373809,0.774267686962336));
#2986=CARTESIAN_POINT('Ctrl Pts',(8.5941613972467,-6.83977126399795,0.750994580717761));
#2987=CARTESIAN_POINT('Ctrl Pts',(8.5837783498837,-6.83165861019884,0.727979936454912));
#2988=CARTESIAN_POINT('Ctrl Pts',(8.61010874664437,-6.86004133515364,0.798553150532202));
#2989=CARTESIAN_POINT('Ctrl Pts',(8.60998375571921,-6.85985061774194,0.798239191883248));
#2990=CARTESIAN_POINT('Ctrl Pts',(8.60985862057705,-6.85966001091636,0.797925255377516));
#2991=CARTESIAN_POINT('Ctrl Pts',(8.60134114973085,-6.8467442351729,0.776624441282682));
#2992=CARTESIAN_POINT('Ctrl Pts',(8.59168417245611,-6.83479384310372,0.755608133932584));
#2993=CARTESIAN_POINT('Ctrl Pts',(8.58075329556596,-6.82376563113447,0.734600495482226));
#2994=CARTESIAN_POINT('Ctrl Pts',(8.61010874664437,-6.86004133515364,0.798553150532202));
#2995=CARTESIAN_POINT('Ctrl Pts',(8.60996198751977,-6.85981660156737,0.798272937808053));
#2996=CARTESIAN_POINT('Ctrl Pts',(8.60981508485223,-6.85959197982138,0.79799274496291));
#2997=CARTESIAN_POINT('Ctrl Pts',(8.59982069811438,-6.84436828720262,0.778981562947702));
#2998=CARTESIAN_POINT('Ctrl Pts',(8.58870532421419,-6.83013852607179,0.760228981600049));
#2999=CARTESIAN_POINT('Ctrl Pts',(8.5762574806572,-6.81673898503548,0.7415787638936));
#3000=CARTESIAN_POINT('Ctrl Pts',(8.61010874664437,-6.86004133515364,0.798553150532202));
#3001=CARTESIAN_POINT('Ctrl Pts',(8.60994026347946,-6.85978256414826,0.798306688263617));
#3002=CARTESIAN_POINT('Ctrl Pts',(8.60977139742137,-6.85952403902963,0.798060230300971));
#3003=CARTESIAN_POINT('Ctrl Pts',(8.59828736994916,-6.84200095836545,0.781338903118305));
#3004=CARTESIAN_POINT('Ctrl Pts',(8.58522813381877,-6.82581042914339,0.7648521184563));
#3005=CARTESIAN_POINT('Ctrl Pts',(8.57052056000695,-6.81093760646327,0.748558278352692));
#3006=CARTESIAN_POINT('',(8.61010874664444,-6.86004133515376,0.798553150532222));
#3007=CARTESIAN_POINT('Ctrl Pts',(8.57052056000695,-6.81093760646327,0.748558278352692));
#3008=CARTESIAN_POINT('Ctrl Pts',(8.58522813381877,-6.82581042914339,0.7648521184563));
#3009=CARTESIAN_POINT('Ctrl Pts',(8.59828736994916,-6.84200095836545,0.781338903118305));
#3010=CARTESIAN_POINT('Ctrl Pts',(8.60977139742137,-6.85952403902963,0.798060230300971));
#3011=CARTESIAN_POINT('Ctrl Pts',(8.60994026347946,-6.85978256414826,0.798306688263617));
#3012=CARTESIAN_POINT('Ctrl Pts',(8.61010874664437,-6.86004133515364,0.798553150532202));
#3013=CARTESIAN_POINT('Ctrl Pts',(8.61010874664437,-6.86004133515364,0.798553150532202));
#3014=CARTESIAN_POINT('Ctrl Pts',(8.61000556753041,-6.85988461152345,0.798205453212819));
#3015=CARTESIAN_POINT('Ctrl Pts',(8.60990200515282,-6.85972813347701,0.797857758804762));
#3016=CARTESIAN_POINT('Ctrl Pts',(8.60284866008246,-6.84912869373809,0.774267686962336));
#3017=CARTESIAN_POINT('Ctrl Pts',(8.5941613972467,-6.83977126399795,0.750994580717761));
#3018=CARTESIAN_POINT('Ctrl Pts',(8.5837783498837,-6.83165861019884,0.727979936454912));
#3019=CARTESIAN_POINT('Ctrl Pts',(8.61058198749917,-6.86126204747633,2.73801336506082));
#3020=CARTESIAN_POINT('Ctrl Pts',(8.60708624188196,-6.8520341306778,2.35849315551505));
#3021=CARTESIAN_POINT('Ctrl Pts',(8.60235717653164,-6.8454284416206,1.69516960766523));
#3022=CARTESIAN_POINT('Ctrl Pts',(8.60796017537597,-6.85434110541099,1.03162685758103));
#3023=CARTESIAN_POINT('Ctrl Pts',(8.61058198334723,-6.86126203930903,0.746986700698341));
#3024=CARTESIAN_POINT('Ctrl Pts',(8.59908239318399,-6.84311650903472,2.73749759392999));
#3025=CARTESIAN_POINT('Ctrl Pts',(8.5977949635422,-6.83989080206167,2.35828438994117));
#3026=CARTESIAN_POINT('Ctrl Pts',(8.59621259726205,-6.83769095405033,1.69516425919975));
#3027=CARTESIAN_POINT('Ctrl Pts',(8.59811681933659,-6.84069722666172,1.03191237443231));
#3028=CARTESIAN_POINT('Ctrl Pts',(8.59908239057287,-6.84311650505093,0.747502471619616));
#3029=CARTESIAN_POINT('Ctrl Pts',(8.58562573135219,-6.82621249393591,2.73696969970393));
#3030=CARTESIAN_POINT('Ctrl Pts',(8.58776980339707,-6.82838379147811,2.35807791848859));
#3031=CARTESIAN_POINT('Ctrl Pts',(8.58962694971736,-6.83025961061511,1.69515731559898));
#3032=CARTESIAN_POINT('Ctrl Pts',(8.58723378535259,-6.82784096705662,1.0321992014664));
#3033=CARTESIAN_POINT('Ctrl Pts',(8.58562573113331,-6.82621249371457,0.748030365626185));
#3034=CARTESIAN_POINT('Ctrl Pts',(8.57052055716161,-6.81093760358596,2.73644178675803));
#3035=CARTESIAN_POINT('Ctrl Pts',(8.57706200181055,-6.81755254549144,2.35787146619862));
#3036=CARTESIAN_POINT('Ctrl Pts',(8.58265576779069,-6.82320916096054,1.69515036631605));
#3037=CARTESIAN_POINT('Ctrl Pts',(8.57542664244979,-6.81589881183679,1.03248601880851));
#3038=CARTESIAN_POINT('Ctrl Pts',(8.57052056000716,-6.81093760646348,0.748558278352576));
#3039=CARTESIAN_POINT('',(8.57052055716153,-6.81093760358588,2.73644178675803));
#3040=CARTESIAN_POINT('Ctrl Pts',(8.57052056000716,-6.81093760646348,0.748558278352576));
#3041=CARTESIAN_POINT('Ctrl Pts',(8.57542664244979,-6.81589881183679,1.03248601880851));
#3042=CARTESIAN_POINT('Ctrl Pts',(8.58265576779069,-6.82320916096054,1.69515036631605));
#3043=CARTESIAN_POINT('Ctrl Pts',(8.57706200181055,-6.81755254549144,2.35787146619862));
#3044=CARTESIAN_POINT('Ctrl Pts',(8.57052055716161,-6.81093760358596,2.73644178675803));
#3045=CARTESIAN_POINT('',(8.61010874909565,-6.86004133895259,2.68644675391021));
#3046=CARTESIAN_POINT('Ctrl Pts',(8.61010874909557,-6.86004133895248,2.68644675391024));
#3047=CARTESIAN_POINT('Ctrl Pts',(8.60994026593517,-6.8597825679525,2.68669321693292));
#3048=CARTESIAN_POINT('Ctrl Pts',(8.60977139988153,-6.85952404283946,2.68693967564845));
#3049=CARTESIAN_POINT('Ctrl Pts',(8.59828737104438,-6.84200095993324,2.70366105641831));
#3050=CARTESIAN_POINT('Ctrl Pts',(8.58522813336233,-6.82581042868182,2.72014789386272));
#3051=CARTESIAN_POINT('Ctrl Pts',(8.57052055716139,-6.81093760358574,2.73644178675791));
#3052=CARTESIAN_POINT('Ctrl Pts',(8.61011210630816,-6.86004167857326,2.68644681534724));
#3053=CARTESIAN_POINT('Ctrl Pts',(8.60684836755987,-6.85170258890636,2.32415669806619));
#3054=CARTESIAN_POINT('Ctrl Pts',(8.60261766963215,-6.84581969202508,1.69516402337));
#3055=CARTESIAN_POINT('Ctrl Pts',(8.60767706364917,-6.85389014677508,1.06597425263633));
#3056=CARTESIAN_POINT('Ctrl Pts',(8.61010976329602,-6.86004202521293,0.798553122184258));
#3057=CARTESIAN_POINT('Origin',(8.5931420709912,-6.83381328439157,2.985));
#3058=CARTESIAN_POINT('',(6.90559261782705,-5.12730314872714,0.65));
#3059=CARTESIAN_POINT('',(8.5931420709912,-6.83381328439157,0.65));
#3060=CARTESIAN_POINT('',(6.90559261782705,-5.12730314872714,2.835));
#3061=CARTESIAN_POINT('',(6.90559261782705,-5.12730314872714,2.36375));
#3062=CARTESIAN_POINT('',(8.47050570887295,-6.70979902539406,2.835));
#3063=CARTESIAN_POINT('',(8.5931420709912,-6.83381328439157,2.835));
#3064=CARTESIAN_POINT('Ctrl Pts',(8.57052055716146,-6.8109376035858,2.73644178675793));
#3065=CARTESIAN_POINT('Ctrl Pts',(8.55913915131233,-6.79942832046333,2.75536349397089));
#3066=CARTESIAN_POINT('Ctrl Pts',(8.52674460929235,-6.76666980533143,2.79144290932081));
#3067=CARTESIAN_POINT('Ctrl Pts',(8.49128199755126,-6.73080874877997,2.81986016225239));
#3068=CARTESIAN_POINT('Ctrl Pts',(8.47050570887295,-6.70979902539406,2.835));
#3069=CARTESIAN_POINT('Origin',(8.48648518751217,-6.93928512521433,0.65));
#3070=CARTESIAN_POINT('Origin',(6.79893573434802,-5.23277498954989,0.65));
#3071=CARTESIAN_POINT('Ctrl Pts',(6.98238138022809,-8.41526642156037,2.97985897461031));
#3072=CARTESIAN_POINT('Ctrl Pts',(7.00793028494387,-8.40837730588963,2.98153678157253));
#3073=CARTESIAN_POINT('Ctrl Pts',(7.03344690727426,-8.40108820775239,2.98113444596313));
#3074=CARTESIAN_POINT('Ctrl Pts',(7.05900226368974,-8.3933874491163,2.97869784338161));
#3075=CARTESIAN_POINT('Ctrl Pts',(7.05937893047788,-8.39327385397758,2.97866146304369));
#3076=CARTESIAN_POINT('Ctrl Pts',(7.05975553264503,-8.39316018935024,2.97862463750689));
#3077=CARTESIAN_POINT('Ctrl Pts',(6.98164693383425,-8.4051099493159,2.98325665158171));
#3078=CARTESIAN_POINT('Ctrl Pts',(7.00749789433966,-8.40137891227779,2.98327190434329));
#3079=CARTESIAN_POINT('Ctrl Pts',(7.03318539760885,-8.39747253127104,2.98173949168775));
#3080=CARTESIAN_POINT('Ctrl Pts',(7.05899473155492,-8.39328384963573,2.97871485133464));
#3081=CARTESIAN_POINT('Ctrl Pts',(7.05937515430395,-8.39322204437684,2.97866990151239));
#3082=CARTESIAN_POINT('Ctrl Pts',(7.05975553264503,-8.39316018935024,2.97862463750689));
#3083=CARTESIAN_POINT('Ctrl Pts',(6.98087282112933,-8.39440494175167,2.98500000000001));
#3084=CARTESIAN_POINT('Ctrl Pts',(7.00698318087894,-8.39428840951029,2.98442668417365));
#3085=CARTESIAN_POINT('Ctrl Pts',(7.03292174955243,-8.39385439442689,2.98232879183832));
#3086=CARTESIAN_POINT('Ctrl Pts',(7.0589871796193,-8.39318023021842,2.97873172829012));
#3087=CARTESIAN_POINT('Ctrl Pts',(7.05937137813002,-8.39317023477609,2.97867833998109));
#3088=CARTESIAN_POINT('Ctrl Pts',(7.05975553264503,-8.39316018935024,2.9786246375069));
#3089=CARTESIAN_POINT('Ctrl Pts',(6.98009857030397,-8.38369802415511,2.985));
#3090=CARTESIAN_POINT('Ctrl Pts',(7.00638674188636,-8.38711266064822,2.98500000000002));
#3091=CARTESIAN_POINT('Ctrl Pts',(7.03265596250934,-8.39023390480779,2.98290232916419));
#3092=CARTESIAN_POINT('Ctrl Pts',(7.05897960797213,-8.39307659087037,2.97874847424418));
#3093=CARTESIAN_POINT('Ctrl Pts',(7.05936760195608,-8.39311842517535,2.97868677844979));
#3094=CARTESIAN_POINT('Ctrl Pts',(7.05975553264503,-8.39316018935023,2.9786246375069));
#3095=CARTESIAN_POINT('',(6.98238138022809,-8.41526642156037,2.97985897461031));
#3096=CARTESIAN_POINT('',(7.05975553264502,-8.39316018935024,2.9786246375069));
#3097=CARTESIAN_POINT('Ctrl Pts',(6.98238138022809,-8.41526642156037,2.97985897461031));
#3098=CARTESIAN_POINT('Ctrl Pts',(7.00793028494387,-8.40837730588963,2.98153678157253));
#3099=CARTESIAN_POINT('Ctrl Pts',(7.03344690727426,-8.40108820775239,2.98113444596313));
#3100=CARTESIAN_POINT('Ctrl Pts',(7.05900226368974,-8.3933874491163,2.97869784338161));
#3101=CARTESIAN_POINT('Ctrl Pts',(7.05937893047788,-8.39327385397758,2.97866146304369));
#3102=CARTESIAN_POINT('Ctrl Pts',(7.05975553264503,-8.39316018935024,2.97862463750689));
#3103=CARTESIAN_POINT('',(6.98009857030394,-8.38369802415537,2.985));
#3104=CARTESIAN_POINT('Ctrl Pts',(7.05975553264503,-8.39316018935023,2.9786246375069));
#3105=CARTESIAN_POINT('Ctrl Pts',(7.05936760195608,-8.39311842517535,2.97868677844979));
#3106=CARTESIAN_POINT('Ctrl Pts',(7.05897960797213,-8.39307659087037,2.97874847424418));
#3107=CARTESIAN_POINT('Ctrl Pts',(7.03265596250934,-8.39023390480779,2.98290232916419));
#3108=CARTESIAN_POINT('Ctrl Pts',(7.00638674188636,-8.38711266064822,2.98500000000002));
#3109=CARTESIAN_POINT('Ctrl Pts',(6.98009857030397,-8.38369802415511,2.985));
#3110=CARTESIAN_POINT('Origin',(6.98009857030405,-8.38369802415519,2.885));
#3111=CARTESIAN_POINT('Ctrl Pts',(6.98009857030399,-8.38369802415519,2.985));
#3112=CARTESIAN_POINT('Ctrl Pts',(6.94698064299172,-8.38609288545149,2.985));
#3113=CARTESIAN_POINT('Ctrl Pts',(6.88908103405589,-8.3755961319789,2.985));
#3114=CARTESIAN_POINT('Ctrl Pts',(6.83364366403374,-8.35963024484659,2.985));
#3115=CARTESIAN_POINT('Ctrl Pts',(6.80998485045427,-8.35185624623344,2.985));
#3116=CARTESIAN_POINT('Ctrl Pts',(6.98087282112931,-8.39440494175173,2.985));
#3117=CARTESIAN_POINT('Ctrl Pts',(6.94570989324337,-8.39966416831376,2.98500318401589));
#3118=CARTESIAN_POINT('Ctrl Pts',(6.88524760317878,-8.39256651536881,2.98498239383939));
#3119=CARTESIAN_POINT('Ctrl Pts',(6.82767927806347,-8.37931915196857,2.98498789998404));
#3120=CARTESIAN_POINT('Ctrl Pts',(6.80316221709239,-8.37261974502759,2.985));
#3121=CARTESIAN_POINT('Ctrl Pts',(6.9816469338342,-8.40510994931595,2.9832566515817));
#3122=CARTESIAN_POINT('Ctrl Pts',(6.94443926312619,-8.41323076034498,2.98237257029802));
#3123=CARTESIAN_POINT('Ctrl Pts',(6.88141455451976,-8.40952620237742,2.98048321822278));
#3124=CARTESIAN_POINT('Ctrl Pts',(6.82172702864131,-8.39896581576231,2.97847637272278));
#3125=CARTESIAN_POINT('Ctrl Pts',(6.79636017304164,-8.39332058383195,2.97758913586962));
#3126=CARTESIAN_POINT('Ctrl Pts',(6.98238138022802,-8.41526642156039,2.9798589746103));
#3127=CARTESIAN_POINT('Ctrl Pts',(6.94321404654044,-8.42582766852136,2.97728683987955));
#3128=CARTESIAN_POINT('Ctrl Pts',(6.87798338027897,-8.42441959491538,2.97199688569494));
#3129=CARTESIAN_POINT('Ctrl Pts',(6.81683555009836,-8.41506847548112,2.96661328441635));
#3130=CARTESIAN_POINT('Ctrl Pts',(6.79095228654788,-8.40977854643028,2.96426391771201));
#3131=CARTESIAN_POINT('',(6.80998485045428,-8.35185624623344,2.985));
#3132=CARTESIAN_POINT('',(6.79095228654788,-8.40977854643028,2.96426391771201));
#3133=CARTESIAN_POINT('Origin',(6.80998485045428,-8.35185624623344,2.885));
#3134=CARTESIAN_POINT('Ctrl Pts',(6.79095228654788,-8.40977854643028,2.96426391771201));
#3135=CARTESIAN_POINT('Ctrl Pts',(6.81683555009836,-8.41506847548112,2.96661328441635));
#3136=CARTESIAN_POINT('Ctrl Pts',(6.87798338027897,-8.42441959491538,2.97199688569494));
#3137=CARTESIAN_POINT('Ctrl Pts',(6.94321404654044,-8.42582766852136,2.97728683987955));
#3138=CARTESIAN_POINT('Ctrl Pts',(6.98238138022802,-8.41526642156039,2.9798589746103));
#3139=CARTESIAN_POINT('Ctrl Pts',(6.98009857030399,-8.38369802415519,2.985));
#3140=CARTESIAN_POINT('Ctrl Pts',(6.94698064299172,-8.38609288545149,2.985));
#3141=CARTESIAN_POINT('Ctrl Pts',(6.88908103405589,-8.3755961319789,2.985));
#3142=CARTESIAN_POINT('Ctrl Pts',(6.83364366403374,-8.35963024484659,2.985));
#3143=CARTESIAN_POINT('Ctrl Pts',(6.80998485045427,-8.35185624623344,2.985));
#3144=CARTESIAN_POINT('Ctrl Pts',(6.73762822860524,-8.46251940756649,2.88926427461805));
#3145=CARTESIAN_POINT('Ctrl Pts',(6.73383960763279,-8.45776886820613,2.89330418014512));
#3146=CARTESIAN_POINT('Ctrl Pts',(6.7283812217763,-8.44985440577862,2.90046749920454));
#3147=CARTESIAN_POINT('Ctrl Pts',(6.72406409111667,-8.43903641229214,2.91150337482837));
#3148=CARTESIAN_POINT('Ctrl Pts',(6.72303055308052,-8.43094165792072,2.92049101616055));
#3149=CARTESIAN_POINT('Ctrl Pts',(6.72427611632872,-8.42373196839553,2.92913813798088));
#3150=CARTESIAN_POINT('Ctrl Pts',(6.72880563750476,-8.41675393475118,2.93840480398368));
#3151=CARTESIAN_POINT('Ctrl Pts',(6.73931831705868,-8.40973206325693,2.94927599264115));
#3152=CARTESIAN_POINT('Ctrl Pts',(6.76159829016386,-8.40516904131928,2.96048877923497));
#3153=CARTESIAN_POINT('Ctrl Pts',(6.77955909985736,-8.4074500475863,2.96322978330254));
#3154=CARTESIAN_POINT('Ctrl Pts',(6.79095228654789,-8.40977854643028,2.96426391771201));
#3155=CARTESIAN_POINT('Ctrl Pts',(6.72259738103168,-8.46627293665389,2.87384607313189));
#3156=CARTESIAN_POINT('Ctrl Pts',(6.7191899382299,-8.46084753034395,2.87948481571105));
#3157=CARTESIAN_POINT('Ctrl Pts',(6.71443852619108,-8.4517822272379,2.88935163385961));
#3158=CARTESIAN_POINT('Ctrl Pts',(6.71147646742978,-8.43913008491571,2.90430614727257));
#3159=CARTESIAN_POINT('Ctrl Pts',(6.71175046430061,-8.42944902105889,2.9163774858776));
#3160=CARTESIAN_POINT('Ctrl Pts',(6.71448296844455,-8.42057868507465,2.92794500701368));
#3161=CARTESIAN_POINT('Ctrl Pts',(6.72098671069242,-8.4115694533103,2.94033861923924));
#3162=CARTESIAN_POINT('Ctrl Pts',(6.73452779048151,-8.40165952472446,2.95499455744753));
#3163=CARTESIAN_POINT('Ctrl Pts',(6.76168105405118,-8.39283452248442,2.97064512104279));
#3164=CARTESIAN_POINT('Ctrl Pts',(6.78290961416159,-8.39254991331411,2.9753620843953));
#3165=CARTESIAN_POINT('Ctrl Pts',(6.79636017304164,-8.39332058383196,2.97758913586962));
#3166=CARTESIAN_POINT('Ctrl Pts',(6.71034009657064,-8.46441900235038,2.85445239615858));
#3167=CARTESIAN_POINT('Ctrl Pts',(6.70686930295729,-8.45915934604487,2.86217927061346));
#3168=CARTESIAN_POINT('Ctrl Pts',(6.70218509448707,-8.45017707371657,2.87551768514848));
#3169=CARTESIAN_POINT('Ctrl Pts',(6.69992598869907,-8.4369807512914,2.89525390232025));
#3170=CARTESIAN_POINT('Ctrl Pts',(6.70114605953718,-8.42644913143608,2.9109400644227));
#3171=CARTESIAN_POINT('Ctrl Pts',(6.70513960862056,-8.41638470420736,2.92577626970857));
#3172=CARTESIAN_POINT('Ctrl Pts',(6.71351656514292,-8.40554443264963,2.9414286748215));
#3173=CARTESIAN_POINT('Ctrl Pts',(6.73014687541277,-8.3925509800309,2.95958531994928));
#3174=CARTESIAN_POINT('Ctrl Pts',(6.76254428918753,-8.37838396169384,2.97824013576867));
#3175=CARTESIAN_POINT('Ctrl Pts',(6.78741844396459,-8.37428171254841,2.98303145044217));
#3176=CARTESIAN_POINT('Ctrl Pts',(6.80316221709239,-8.37261974502759,2.985));
#3177=CARTESIAN_POINT('Ctrl Pts',(6.70333186226993,-8.45733202611698,2.835));
#3178=CARTESIAN_POINT('Ctrl Pts',(6.69904452738566,-8.45299652032111,2.84437246086819));
#3179=CARTESIAN_POINT('Ctrl Pts',(6.69327003349527,-8.44525752468778,2.86073074795748));
#3180=CARTESIAN_POINT('Ctrl Pts',(6.69044250328632,-8.43278503722082,2.88511651884537));
#3181=CARTESIAN_POINT('Ctrl Pts',(6.69187671600718,-8.42213099626865,2.90449422056092));
#3182=CARTESIAN_POINT('Ctrl Pts',(6.69666010039675,-8.41134041474813,2.92270997654925));
#3183=CARTESIAN_POINT('Ctrl Pts',(6.70667636065762,-8.39890098391267,2.94162903194045));
#3184=CARTESIAN_POINT('Ctrl Pts',(6.72640975706242,-8.38280955370578,2.96285032228391));
#3185=CARTESIAN_POINT('Ctrl Pts',(6.764269367987,-8.36307867734658,2.98258386782017));
#3186=CARTESIAN_POINT('Ctrl Pts',(6.79246213686696,-8.35546401298632,2.985));
#3187=CARTESIAN_POINT('Ctrl Pts',(6.80998485045427,-8.35185624623345,2.985));
#3188=CARTESIAN_POINT('Ctrl Pts',(6.80998485045427,-8.35185624623345,2.985));
#3189=CARTESIAN_POINT('Ctrl Pts',(6.79246213686696,-8.35546401298632,2.985));
#3190=CARTESIAN_POINT('Ctrl Pts',(6.764269367987,-8.36307867734658,2.98258386782017));
#3191=CARTESIAN_POINT('Ctrl Pts',(6.72640975706242,-8.38280955370578,2.96285032228391));
#3192=CARTESIAN_POINT('Ctrl Pts',(6.70667636065762,-8.39890098391267,2.94162903194045));
#3193=CARTESIAN_POINT('Ctrl Pts',(6.69666010039675,-8.41134041474813,2.92270997654925));
#3194=CARTESIAN_POINT('Ctrl Pts',(6.69187671600718,-8.42213099626865,2.90449422056092));
#3195=CARTESIAN_POINT('Ctrl Pts',(6.69044250328632,-8.43278503722082,2.88511651884537));
#3196=CARTESIAN_POINT('Ctrl Pts',(6.69327003349527,-8.44525752468778,2.86073074795748));
#3197=CARTESIAN_POINT('Ctrl Pts',(6.69904452738566,-8.45299652032111,2.84437246086819));
#3198=CARTESIAN_POINT('Ctrl Pts',(6.70333186226993,-8.45733202611698,2.835));
#3199=CARTESIAN_POINT('',(6.73762822860524,-8.46251940756649,2.88926427461804));
#3200=CARTESIAN_POINT('Origin',(6.77443645125595,-8.38701746556847,2.835));
#3201=CARTESIAN_POINT('Ctrl Pts',(6.73762822860524,-8.46251940756649,2.88926427461805));
#3202=CARTESIAN_POINT('Ctrl Pts',(6.73383960763279,-8.45776886820613,2.89330418014512));
#3203=CARTESIAN_POINT('Ctrl Pts',(6.7283812217763,-8.44985440577862,2.90046749920454));
#3204=CARTESIAN_POINT('Ctrl Pts',(6.72406409111667,-8.43903641229214,2.91150337482837));
#3205=CARTESIAN_POINT('Ctrl Pts',(6.72303055308052,-8.43094165792072,2.92049101616055));
#3206=CARTESIAN_POINT('Ctrl Pts',(6.72427611632872,-8.42373196839553,2.92913813798088));
#3207=CARTESIAN_POINT('Ctrl Pts',(6.72880563750476,-8.41675393475118,2.93840480398368));
#3208=CARTESIAN_POINT('Ctrl Pts',(6.73931831705868,-8.40973206325693,2.94927599264115));
#3209=CARTESIAN_POINT('Ctrl Pts',(6.76159829016386,-8.40516904131928,2.96048877923497));
#3210=CARTESIAN_POINT('Ctrl Pts',(6.77955909985736,-8.4074500475863,2.96322978330254));
#3211=CARTESIAN_POINT('Ctrl Pts',(6.79095228654789,-8.40977854643028,2.96426391771201));
#3212=CARTESIAN_POINT('Ctrl Pts',(6.70333186226993,-8.45733202611698,2.835));
#3213=CARTESIAN_POINT('Ctrl Pts',(6.72410897162476,-8.47834257940023,2.81985985274933));
#3214=CARTESIAN_POINT('Ctrl Pts',(6.75957298644679,-8.51420505479712,2.79144204812447));
#3215=CARTESIAN_POINT('Ctrl Pts',(6.79196894725023,-8.54696500465341,2.75536178657143));
#3216=CARTESIAN_POINT('Ctrl Pts',(6.8033507431148,-8.55847468217339,2.73643938934094));
#3217=CARTESIAN_POINT('Ctrl Pts',(6.71034009657064,-8.46441900235038,2.85445239615858));
#3218=CARTESIAN_POINT('Ctrl Pts',(6.73097816857154,-8.48526600658846,2.83749103403816));
#3219=CARTESIAN_POINT('Ctrl Pts',(6.76612741877901,-8.52082598357578,2.80563862134877));
#3220=CARTESIAN_POINT('Ctrl Pts',(6.79801961152381,-8.55308704942957,2.76494200878248));
#3221=CARTESIAN_POINT('Ctrl Pts',(6.80908744337041,-8.56427583787471,2.74341859926885));
#3222=CARTESIAN_POINT('Ctrl Pts',(6.72259738103168,-8.46627293665389,2.87384607313189));
#3223=CARTESIAN_POINT('Ctrl Pts',(6.74224027153276,-8.48781910453263,2.85509065922492));
#3224=CARTESIAN_POINT('Ctrl Pts',(6.77566906499555,-8.52448275696044,2.81982698741804));
#3225=CARTESIAN_POINT('Ctrl Pts',(6.80578318822982,-8.55751127007198,2.77451938036969));
#3226=CARTESIAN_POINT('Ctrl Pts',(6.81606309956665,-8.56884975528574,2.75039656340535));
#3227=CARTESIAN_POINT('Ctrl Pts',(6.73762822860524,-8.46251940756649,2.88926427461804));
#3228=CARTESIAN_POINT('Ctrl Pts',(6.75598849071992,-8.48554127976658,2.86968624743216));
#3229=CARTESIAN_POINT('Ctrl Pts',(6.787118185764,-8.52469899948897,2.83245753396746));
#3230=CARTESIAN_POINT('Ctrl Pts',(6.81473009526722,-8.5599244854531,2.78347155054429));
#3231=CARTESIAN_POINT('Ctrl Pts',(6.82392141030873,-8.57196280862172,2.75701686247108));
#3232=CARTESIAN_POINT('',(6.82392141030873,-8.57196280862172,2.75701686247108));
#3233=CARTESIAN_POINT('Origin',(6.87445533210081,-8.48816012162488,2.73643938934093));
#3234=CARTESIAN_POINT('Ctrl Pts',(6.82392141030873,-8.57196280862172,2.75701686247108));
#3235=CARTESIAN_POINT('Ctrl Pts',(6.81473009526722,-8.5599244854531,2.78347155054429));
#3236=CARTESIAN_POINT('Ctrl Pts',(6.787118185764,-8.52469899948897,2.83245753396746));
#3237=CARTESIAN_POINT('Ctrl Pts',(6.75598849071992,-8.48554127976658,2.86968624743216));
#3238=CARTESIAN_POINT('Ctrl Pts',(6.73762822860524,-8.46251940756649,2.88926427461804));
#3239=CARTESIAN_POINT('Ctrl Pts',(6.85200689309907,-8.59860753424475,2.68644642162315));
#3240=CARTESIAN_POINT('Ctrl Pts',(6.85185133316599,-8.59850260944431,2.68679411968397));
#3241=CARTESIAN_POINT('Ctrl Pts',(6.85169602308791,-8.5983973041502,2.68714181483353));
#3242=CARTESIAN_POINT('Ctrl Pts',(6.84117656491866,-8.5912261994766,2.71073095419929));
#3243=CARTESIAN_POINT('Ctrl Pts',(6.83191721557454,-8.58243531308369,2.73400312251685));
#3244=CARTESIAN_POINT('Ctrl Pts',(6.82392141030873,-8.57196280862173,2.75701686247105));
#3245=CARTESIAN_POINT('Ctrl Pts',(6.85200689309907,-8.59860753424475,2.68644642162315));
#3246=CARTESIAN_POINT('Ctrl Pts',(6.85181758530616,-8.59848041884903,2.6867603810365));
#3247=CARTESIAN_POINT('Ctrl Pts',(6.85162838971726,-8.59835316045948,2.68707431831041));
#3248=CARTESIAN_POINT('Ctrl Pts',(6.83880920116384,-8.58969218009867,2.70837429691286));
#3249=CARTESIAN_POINT('Ctrl Pts',(6.82696801096612,-8.57990266634756,2.72938976365446));
#3250=CARTESIAN_POINT('Ctrl Pts',(6.81606309956662,-8.56884975528573,2.75039656340532));
#3251=CARTESIAN_POINT('Ctrl Pts',(6.85200689309907,-8.59860753424475,2.68644642162315));
#3252=CARTESIAN_POINT('Ctrl Pts',(6.85178381457078,-8.59845827160498,2.68672663513587));
#3253=CARTESIAN_POINT('Ctrl Pts',(6.85156084949288,-8.59830886665933,2.68700682877342));
#3254=CARTESIAN_POINT('Ctrl Pts',(6.83645049193265,-8.58814531572788,2.70601727232931));
#3255=CARTESIAN_POINT('Ctrl Pts',(6.82234647247439,-8.57687206920553,2.72476911097025));
#3256=CARTESIAN_POINT('Ctrl Pts',(6.80908744337036,-8.56427583787467,2.74341859926882));
#3257=CARTESIAN_POINT('Ctrl Pts',(6.85200689309907,-8.59860753424475,2.68644642162315));
#3258=CARTESIAN_POINT('Ctrl Pts',(6.85175002210205,-8.59843616827227,2.6866928847055));
#3259=CARTESIAN_POINT('Ctrl Pts',(6.85149340125874,-8.59826442217982,2.68693934348273));
#3260=CARTESIAN_POINT('Ctrl Pts',(6.83410054502759,-8.58658567228737,2.70366002927812));
#3261=CARTESIAN_POINT('Ctrl Pts',(6.81805767894072,-8.57334685969951,2.7201461693319));
#3262=CARTESIAN_POINT('Ctrl Pts',(6.80335074311473,-8.55847468217333,2.73643938934091));
#3263=CARTESIAN_POINT('Ctrl Pts',(6.85200689309907,-8.59860753424475,2.68644642162315));
#3264=CARTESIAN_POINT('Ctrl Pts',(6.85185133316599,-8.59850260944431,2.68679411968397));
#3265=CARTESIAN_POINT('Ctrl Pts',(6.85169602308791,-8.5983973041502,2.68714181483353));
#3266=CARTESIAN_POINT('Ctrl Pts',(6.84117656491866,-8.5912261994766,2.71073095419929));
#3267=CARTESIAN_POINT('Ctrl Pts',(6.83191721557454,-8.58243531308369,2.73400312251685));
#3268=CARTESIAN_POINT('Ctrl Pts',(6.82392141030873,-8.57196280862173,2.75701686247105));
#3269=CARTESIAN_POINT('Origin',(6.93262817836905,-8.47587754929259,2.835));
#3270=CARTESIAN_POINT('',(5.2450787252049,-6.76936741362817,2.985));
#3271=CARTESIAN_POINT('',(6.93262817836905,-8.47587754929259,2.985));
#3272=CARTESIAN_POINT('Origin',(5.2450787252049,-6.76936741362817,2.835));
#3273=CARTESIAN_POINT('Origin',(6.82597129489002,-8.58134939011535,2.985));
#3274=CARTESIAN_POINT('',(8.39378117654151,-6.98572253775174,2.985));
#3275=CARTESIAN_POINT('Ctrl Pts',(8.39378117654163,-6.98572253775186,2.985));
#3276=CARTESIAN_POINT('Ctrl Pts',(8.13110478621403,-7.25856866307422,2.985));
#3277=CARTESIAN_POINT('Ctrl Pts',(7.6654088511651,-7.73028699889212,2.985));
#3278=CARTESIAN_POINT('Ctrl Pts',(7.18692145613859,-8.18898930748345,2.985));
#3279=CARTESIAN_POINT('Ctrl Pts',(6.98009857030405,-8.38369802415549,2.985));
#3280=CARTESIAN_POINT('',(8.36384396173985,-6.81526594791652,2.985));
#3281=CARTESIAN_POINT('Ctrl Pts',(8.36384396173985,-6.81526594791652,2.985));
#3282=CARTESIAN_POINT('Ctrl Pts',(8.37135278924288,-6.83900985832446,2.985));
#3283=CARTESIAN_POINT('Ctrl Pts',(8.38669752625643,-6.89462148168889,2.985));
#3284=CARTESIAN_POINT('Ctrl Pts',(8.39654599857592,-6.95263394592295,2.985));
#3285=CARTESIAN_POINT('Ctrl Pts',(8.39378117654134,-6.98572253775179,2.985));
#3286=CARTESIAN_POINT('',(6.79893573434802,-5.23277498954989,2.985));
#3287=CARTESIAN_POINT('',(8.48648518751217,-6.93928512521433,2.985));
#3288=CARTESIAN_POINT('',(5.58021453575117,-6.43795522801998,2.985));
#3289=CARTESIAN_POINT('Ctrl Pts',(7.02393973730469,-8.43026685185054,2.97810287675683));
#3290=CARTESIAN_POINT('Ctrl Pts',(7.2216032133142,-8.22528238643305,2.98110553847844));
#3291=CARTESIAN_POINT('Ctrl Pts',(7.68624927830302,-7.75133377929242,2.98338432214408));
#3292=CARTESIAN_POINT('Ctrl Pts',(8.16361720572862,-7.29056253788717,2.98210642429319));
#3293=CARTESIAN_POINT('Ctrl Pts',(8.43985730865809,-7.03008128409766,2.97810286875398));
#3294=CARTESIAN_POINT('Ctrl Pts',(7.00955155712833,-8.41498348397239,2.98268325873779));
#3295=CARTESIAN_POINT('Ctrl Pts',(7.21012199902318,-8.21326618978377,2.98369794920493));
#3296=CARTESIAN_POINT('Ctrl Pts',(7.6793471679898,-7.74436188182346,2.98445653250193));
#3297=CARTESIAN_POINT('Ctrl Pts',(8.15280819184444,-7.2799288806622,2.98403617889597));
#3298=CARTESIAN_POINT('Ctrl Pts',(8.42473563822971,-7.01552324044152,2.98268325602901));
#3299=CARTESIAN_POINT('Ctrl Pts',(6.99482532461185,-8.39934103119171,2.985));
#3300=CARTESIAN_POINT('Ctrl Pts',(7.19852166515123,-8.20112767860721,2.98499834688092));
#3301=CARTESIAN_POINT('Ctrl Pts',(7.67237810873344,-7.7373245366789,2.98499955742684));
#3302=CARTESIAN_POINT('Ctrl Pts',(8.14195630519722,-7.26924859959813,2.98499779583504));
#3303=CARTESIAN_POINT('Ctrl Pts',(8.40925868158209,-7.00062315307305,2.985));
#3304=CARTESIAN_POINT('Ctrl Pts',(6.98009857030405,-8.38369802415549,2.985));
#3305=CARTESIAN_POINT('Ctrl Pts',(7.18692145613859,-8.18898930748345,2.985));
#3306=CARTESIAN_POINT('Ctrl Pts',(7.6654088511651,-7.73028699889212,2.985));
#3307=CARTESIAN_POINT('Ctrl Pts',(8.13110478621403,-7.25856866307422,2.985));
#3308=CARTESIAN_POINT('Ctrl Pts',(8.39378117654163,-6.98572253775186,2.985));
#3309=CARTESIAN_POINT('',(8.40235247191841,-7.06548058588183,2.97862463484639));
#3310=CARTESIAN_POINT('Ctrl Pts',(7.05975634711854,-8.39316105266443,2.97862485999488));
#3311=CARTESIAN_POINT('Ctrl Pts',(7.24565618496555,-8.20076536635168,2.98122107967182));
#3312=CARTESIAN_POINT('Ctrl Pts',(7.68656981513821,-7.75166602123926,2.98329467729395));
#3313=CARTESIAN_POINT('Ctrl Pts',(8.13892270999553,-7.31441552099864,2.98217017232152));
#3314=CARTESIAN_POINT('Ctrl Pts',(8.40235433495545,-7.06548238294024,2.97862677215235));
#3315=CARTESIAN_POINT('Ctrl Pts',(8.39378117654125,-6.98572253775177,2.985));
#3316=CARTESIAN_POINT('Ctrl Pts',(8.39690179409179,-7.0120473320616,2.98500000000002));
#3317=CARTESIAN_POINT('Ctrl Pts',(8.39972924761223,-7.03834989687505,2.98290232815652));
#3318=CARTESIAN_POINT('Ctrl Pts',(8.40227755078864,-7.06470377262114,2.97874847158066));
#3319=CARTESIAN_POINT('Ctrl Pts',(8.40231504606274,-7.06509221128926,2.97868677578752));
#3320=CARTESIAN_POINT('Ctrl Pts',(8.4023524719184,-7.06548058588184,2.97862463484639));
#3321=CARTESIAN_POINT('Ctrl Pts',(8.40235247191841,-7.06548058588184,2.97862463484639));
#3322=CARTESIAN_POINT('Ctrl Pts',(8.40247033901809,-7.06510527633965,2.97866146020964));
#3323=CARTESIAN_POINT('Ctrl Pts',(8.40258813735593,-7.06472990140328,2.97869784037446));
#3324=CARTESIAN_POINT('Ctrl Pts',(8.41057407020889,-7.03926211174806,2.9811344322295));
#3325=CARTESIAN_POINT('Ctrl Pts',(8.41814793334868,-7.01382845544933,2.98153675664714));
#3326=CARTESIAN_POINT('Ctrl Pts',(8.42532219865168,-6.98835804769967,2.97985893743633));
#3327=CARTESIAN_POINT('Ctrl Pts',(8.40235247191841,-7.06548058588184,2.97862463484639));
#3328=CARTESIAN_POINT('Ctrl Pts',(8.40241856857189,-7.06510090610696,2.97866985216016));
#3329=CARTESIAN_POINT('Ctrl Pts',(8.40248463345578,-7.06472122567673,2.97871488905242));
#3330=CARTESIAN_POINT('Ctrl Pts',(8.40696146911892,-7.03895995456015,2.98173892561891));
#3331=CARTESIAN_POINT('Ctrl Pts',(8.41115541006829,-7.01331727806488,2.98327454207592));
#3332=CARTESIAN_POINT('Ctrl Pts',(8.41517453652469,-6.98751012766747,2.98325663875901));
#3333=CARTESIAN_POINT('Ctrl Pts',(8.4023524719184,-7.06548058588184,2.97862463484639));
#3334=CARTESIAN_POINT('Ctrl Pts',(8.4023668033259,-7.06509655144349,2.97867829082564));
#3335=CARTESIAN_POINT('Ctrl Pts',(8.40238110553528,-7.06471251572946,2.97873176598066));
#3336=CARTESIAN_POINT('Ctrl Pts',(8.40334646422029,-7.03865588873579,2.98232823436125));
#3337=CARTESIAN_POINT('Ctrl Pts',(8.40407078485458,-7.01272333435236,2.98442937772562));
#3338=CARTESIAN_POINT('Ctrl Pts',(8.40447881073497,-6.98661641244099,2.98500000000001));
#3339=CARTESIAN_POINT('Ctrl Pts',(8.4023524719184,-7.06548058588184,2.97862463484639));
#3340=CARTESIAN_POINT('Ctrl Pts',(8.40231504606274,-7.06509221128926,2.97868677578752));
#3341=CARTESIAN_POINT('Ctrl Pts',(8.40227755078864,-7.06470377262114,2.97874847158066));
#3342=CARTESIAN_POINT('Ctrl Pts',(8.39972924761223,-7.03834989687505,2.98290232815652));
#3343=CARTESIAN_POINT('Ctrl Pts',(8.39690179409179,-7.0120473320616,2.98500000000002));
#3344=CARTESIAN_POINT('Ctrl Pts',(8.39378117654125,-6.98572253775177,2.985));
#3345=CARTESIAN_POINT('',(8.42532219865168,-6.98835804769967,2.97985893743633));
#3346=CARTESIAN_POINT('Origin',(8.39378117654134,-6.98572253775185,2.885));
#3347=CARTESIAN_POINT('Ctrl Pts',(8.40235247191841,-7.06548058588184,2.97862463484639));
#3348=CARTESIAN_POINT('Ctrl Pts',(8.40247033901809,-7.06510527633965,2.97866146020964));
#3349=CARTESIAN_POINT('Ctrl Pts',(8.40258813735593,-7.06472990140328,2.97869784037446));
#3350=CARTESIAN_POINT('Ctrl Pts',(8.41057407020889,-7.03926211174806,2.9811344322295));
#3351=CARTESIAN_POINT('Ctrl Pts',(8.41814793334868,-7.01382845544933,2.98153675664714));
#3352=CARTESIAN_POINT('Ctrl Pts',(8.42532219865168,-6.98835804769967,2.97985893743633));
#3353=CARTESIAN_POINT('Ctrl Pts',(8.36384396173985,-6.81526594791652,2.985));
#3354=CARTESIAN_POINT('Ctrl Pts',(8.37135278924288,-6.83900985832446,2.985));
#3355=CARTESIAN_POINT('Ctrl Pts',(8.38669752625643,-6.89462148168889,2.985));
#3356=CARTESIAN_POINT('Ctrl Pts',(8.39654599857592,-6.95263394592295,2.985));
#3357=CARTESIAN_POINT('Ctrl Pts',(8.39378117654134,-6.98572253775179,2.985));
#3358=CARTESIAN_POINT('Ctrl Pts',(8.38468234223122,-6.80867597171361,2.985));
#3359=CARTESIAN_POINT('Ctrl Pts',(8.39110706163371,-6.83326604952149,2.98498790032771));
#3360=CARTESIAN_POINT('Ctrl Pts',(8.40370965192187,-6.89097807025511,2.98498239473934));
#3361=CARTESIAN_POINT('Ctrl Pts',(8.41013062531386,-6.95151501545582,2.98500318399659));
#3362=CARTESIAN_POINT('Ctrl Pts',(8.40447881073504,-6.98661641244098,2.985));
#3363=CARTESIAN_POINT('Ctrl Pts',(8.40545783814163,-6.80210588227168,2.97758922102976));
#3364=CARTESIAN_POINT('Ctrl Pts',(8.41081895864574,-6.82753390383975,2.9784764414068));
#3365=CARTESIAN_POINT('Ctrl Pts',(8.42071107753306,-6.88733492151165,2.98048325148269));
#3366=CARTESIAN_POINT('Ctrl Pts',(8.42371056014877,-6.9503961521766,2.98237256909342));
#3367=CARTESIAN_POINT('Ctrl Pts',(8.41517453652473,-6.98751012766743,2.983256638759));
#3368=CARTESIAN_POINT('Ctrl Pts',(8.42197520129822,-6.79688239428605,2.96426414033674));
#3369=CARTESIAN_POINT('Ctrl Pts',(8.4269752634818,-6.82282281631663,2.96661346660464));
#3370=CARTESIAN_POINT('Ctrl Pts',(8.43564186365896,-6.88407051402476,2.97199697758847));
#3371=CARTESIAN_POINT('Ctrl Pts',(8.43632036235764,-6.94931185937796,2.97728683707899));
#3372=CARTESIAN_POINT('Ctrl Pts',(8.4253221986517,-6.9883580476996,2.97985893743632));
#3373=CARTESIAN_POINT('',(8.42197520129822,-6.79688239428604,2.96426414033674));
#3374=CARTESIAN_POINT('Ctrl Pts',(8.4253221986517,-6.9883580476996,2.97985893743632));
#3375=CARTESIAN_POINT('Ctrl Pts',(8.43632036235764,-6.94931185937796,2.97728683707899));
#3376=CARTESIAN_POINT('Ctrl Pts',(8.43564186365896,-6.88407051402476,2.97199697758847));
#3377=CARTESIAN_POINT('Ctrl Pts',(8.4269752634818,-6.82282281631663,2.96661346660464));
#3378=CARTESIAN_POINT('Ctrl Pts',(8.42197520129822,-6.79688239428605,2.96426414033674));
#3379=CARTESIAN_POINT('Origin',(8.36384396173985,-6.81526594791652,2.885));
#3380=CARTESIAN_POINT('Ctrl Pts',(8.42197520129822,-6.79688239428604,2.96426414033674));
#3381=CARTESIAN_POINT('Ctrl Pts',(8.42087474380823,-6.79117319894632,2.96374708002969));
#3382=CARTESIAN_POINT('Ctrl Pts',(8.41920010739656,-6.77950964252495,2.96218280602046));
#3383=CARTESIAN_POINT('Ctrl Pts',(8.41907565564495,-6.76417047507444,2.95811515480818));
#3384=CARTESIAN_POINT('Ctrl Pts',(8.42088783122337,-6.75324638361029,2.95318493002153));
#3385=CARTESIAN_POINT('Ctrl Pts',(8.42273540826761,-6.74713693816511,2.94949362538361));
#3386=CARTESIAN_POINT('Ctrl Pts',(8.42519880594184,-6.74128249867715,2.94516856840533));
#3387=CARTESIAN_POINT('Ctrl Pts',(8.42964977662346,-6.73480043801704,2.93839590639604));
#3388=CARTESIAN_POINT('Ctrl Pts',(8.43904802750069,-6.72885755087831,2.92600638985141));
#3389=CARTESIAN_POINT('Ctrl Pts',(8.45107450244997,-6.72955903429389,2.91229645875119));
#3390=CARTESIAN_POINT('Ctrl Pts',(8.46373771812303,-6.73541502113864,2.89954014267396));
#3391=CARTESIAN_POINT('Ctrl Pts',(8.47154345859393,-6.74107890817068,2.89249653329256));
#3392=CARTESIAN_POINT('Ctrl Pts',(8.47530975117818,-6.74415201710523,2.88926458570971));
#3393=CARTESIAN_POINT('Ctrl Pts',(8.40545783814163,-6.80210588227168,2.97758922102976));
#3394=CARTESIAN_POINT('Ctrl Pts',(8.40514774906564,-6.79537675147425,2.97647569942264));
#3395=CARTESIAN_POINT('Ctrl Pts',(8.40514712995266,-6.78160255388805,2.97361718171154));
#3396=CARTESIAN_POINT('Ctrl Pts',(8.4074869063729,-6.76331859620581,2.96742506490068));
#3397=CARTESIAN_POINT('Ctrl Pts',(8.41134218464374,-6.75008018364413,2.96045564229575));
#3398=CARTESIAN_POINT('Ctrl Pts',(8.414473938728,-6.74256401337971,2.9553573812397));
#3399=CARTESIAN_POINT('Ctrl Pts',(8.41829145968224,-6.73526175186474,2.94945038210971));
#3400=CARTESIAN_POINT('Ctrl Pts',(8.42456194002166,-6.72691455873167,2.94031858433391));
#3401=CARTESIAN_POINT('Ctrl Pts',(8.43670332085304,-6.71836484032881,2.92375012874176));
#3402=CARTESIAN_POINT('Ctrl Pts',(8.4511900511468,-6.71703473834546,2.90540242773397));
#3403=CARTESIAN_POINT('Ctrl Pts',(8.46596832812029,-6.72140312123703,2.8880809263193));
#3404=CARTESIAN_POINT('Ctrl Pts',(8.47492149994926,-6.72638951072897,2.87835737814217));
#3405=CARTESIAN_POINT('Ctrl Pts',(8.47923106286624,-6.72916373013378,2.87384635841023));
#3406=CARTESIAN_POINT('Ctrl Pts',(8.38468234223122,-6.80867597171361,2.985));
#3407=CARTESIAN_POINT('Ctrl Pts',(8.38560131637271,-6.8008138832879,2.98401572730841));
#3408=CARTESIAN_POINT('Ctrl Pts',(8.3881225104975,-6.78469805229344,2.98121079141973));
#3409=CARTESIAN_POINT('Ctrl Pts',(8.39388920335773,-6.76318171165133,2.97430936889465));
#3410=CARTESIAN_POINT('Ctrl Pts',(8.40035403594844,-6.74744773439112,2.96607813219049));
#3411=CARTESIAN_POINT('Ctrl Pts',(8.40503466100339,-6.73843837854956,2.95992775938861));
#3412=CARTESIAN_POINT('Ctrl Pts',(8.41041592638356,-6.72961978330648,2.95271911676183));
#3413=CARTESIAN_POINT('Ctrl Pts',(8.41862620369417,-6.71937200967329,2.94140454777794));
#3414=CARTESIAN_POINT('Ctrl Pts',(8.43324135032476,-6.70834735907981,2.92047957579528));
#3415=CARTESIAN_POINT('Ctrl Pts',(8.44920311393888,-6.7054460388358,2.89674868988518));
#3416=CARTESIAN_POINT('Ctrl Pts',(8.46450126004318,-6.70911370541206,2.87381015332747));
#3417=CARTESIAN_POINT('Ctrl Pts',(8.47333772914724,-6.71406277420268,2.86063407195108));
#3418=CARTESIAN_POINT('Ctrl Pts',(8.4775141286768,-6.71688618921485,2.85445254033751));
#3419=CARTESIAN_POINT('Ctrl Pts',(8.36384396173985,-6.81526594791652,2.985));
#3420=CARTESIAN_POINT('Ctrl Pts',(8.36574572252048,-6.80652530264215,2.985));
#3421=CARTESIAN_POINT('Ctrl Pts',(8.37043352608317,-6.78843592681653,2.98390284813754));
#3422=CARTESIAN_POINT('Ctrl Pts',(8.3795094039093,-6.76381522874779,2.97813797683526));
#3423=CARTESIAN_POINT('Ctrl Pts',(8.38863891220344,-6.74553552535965,2.96968248047116));
#3424=CARTESIAN_POINT('Ctrl Pts',(8.39491525635001,-6.73498825788515,2.9629596777039));
#3425=CARTESIAN_POINT('Ctrl Pts',(8.40190227705661,-6.72461285502409,2.95483673607908));
#3426=CARTESIAN_POINT('Ctrl Pts',(8.41205793402165,-6.71245945922356,2.9416127334788));
#3427=CARTESIAN_POINT('Ctrl Pts',(8.42883507578808,-6.69926741299319,2.9163164545468));
#3428=CARTESIAN_POINT('Ctrl Pts',(8.44529694841998,-6.69575458119952,2.88695593205852));
#3429=CARTESIAN_POINT('Ctrl Pts',(8.459539658366,-6.70026538764029,2.85862634719538));
#3430=CARTESIAN_POINT('Ctrl Pts',(8.46707589310603,-6.7063306734837,2.84249799759997));
#3431=CARTESIAN_POINT('Ctrl Pts',(8.47050570887295,-6.70979902539406,2.835));
#3432=CARTESIAN_POINT('',(8.47530975117818,-6.74415201710522,2.88926458570971));
#3433=CARTESIAN_POINT('Origin',(8.39940111988694,-6.78011358594257,2.835));
#3434=CARTESIAN_POINT('Ctrl Pts',(8.47050570887295,-6.70979902539406,2.835));
#3435=CARTESIAN_POINT('Ctrl Pts',(8.46707589310603,-6.7063306734837,2.84249799759997));
#3436=CARTESIAN_POINT('Ctrl Pts',(8.459539658366,-6.70026538764029,2.85862634719538));
#3437=CARTESIAN_POINT('Ctrl Pts',(8.44529694841998,-6.69575458119952,2.88695593205852));
#3438=CARTESIAN_POINT('Ctrl Pts',(8.42883507578808,-6.69926741299319,2.9163164545468));
#3439=CARTESIAN_POINT('Ctrl Pts',(8.41205793402165,-6.71245945922356,2.9416127334788));
#3440=CARTESIAN_POINT('Ctrl Pts',(8.40190227705661,-6.72461285502409,2.95483673607908));
#3441=CARTESIAN_POINT('Ctrl Pts',(8.39491525635001,-6.73498825788515,2.9629596777039));
#3442=CARTESIAN_POINT('Ctrl Pts',(8.38863891220344,-6.74553552535965,2.96968248047116));
#3443=CARTESIAN_POINT('Ctrl Pts',(8.3795094039093,-6.76381522874779,2.97813797683526));
#3444=CARTESIAN_POINT('Ctrl Pts',(8.37043352608317,-6.78843592681653,2.98390284813754));
#3445=CARTESIAN_POINT('Ctrl Pts',(8.36574572252048,-6.80652530264215,2.985));
#3446=CARTESIAN_POINT('Ctrl Pts',(8.36384396173985,-6.81526594791652,2.985));
#3447=CARTESIAN_POINT('Ctrl Pts',(8.42197520129822,-6.79688239428604,2.96426414033674));
#3448=CARTESIAN_POINT('Ctrl Pts',(8.42087474380823,-6.79117319894632,2.96374708002969));
#3449=CARTESIAN_POINT('Ctrl Pts',(8.41920010739656,-6.77950964252495,2.96218280602046));
#3450=CARTESIAN_POINT('Ctrl Pts',(8.41907565564495,-6.76417047507444,2.95811515480818));
#3451=CARTESIAN_POINT('Ctrl Pts',(8.42088783122337,-6.75324638361029,2.95318493002153));
#3452=CARTESIAN_POINT('Ctrl Pts',(8.42273540826761,-6.74713693816511,2.94949362538361));
#3453=CARTESIAN_POINT('Ctrl Pts',(8.42519880594184,-6.74128249867715,2.94516856840533));
#3454=CARTESIAN_POINT('Ctrl Pts',(8.42964977662346,-6.73480043801704,2.93839590639604));
#3455=CARTESIAN_POINT('Ctrl Pts',(8.43904802750069,-6.72885755087831,2.92600638985141));
#3456=CARTESIAN_POINT('Ctrl Pts',(8.45107450244997,-6.72955903429389,2.91229645875119));
#3457=CARTESIAN_POINT('Ctrl Pts',(8.46373771812303,-6.73541502113864,2.89954014267396));
#3458=CARTESIAN_POINT('Ctrl Pts',(8.47154345859393,-6.74107890817068,2.89249653329256));
#3459=CARTESIAN_POINT('Ctrl Pts',(8.47530975117818,-6.74415201710523,2.88926458570971));
#3460=CARTESIAN_POINT('Ctrl Pts',(8.57052055716146,-6.8109376035858,2.73644178675793));
#3461=CARTESIAN_POINT('Ctrl Pts',(8.55913915131233,-6.79942832046333,2.75536349397089));
#3462=CARTESIAN_POINT('Ctrl Pts',(8.52674460929235,-6.76666980533143,2.79144290932081));
#3463=CARTESIAN_POINT('Ctrl Pts',(8.49128199755126,-6.73080874877997,2.81986016225239));
#3464=CARTESIAN_POINT('Ctrl Pts',(8.47050570887295,-6.70979902539406,2.835));
#3465=CARTESIAN_POINT('Ctrl Pts',(8.57625749241682,-6.81673899692724,2.74342129793293));
#3466=CARTESIAN_POINT('Ctrl Pts',(8.56519343209447,-6.80554722713237,2.76494393150233));
#3467=CARTESIAN_POINT('Ctrl Pts',(8.53329209820235,-6.77329800600575,2.80563964080295));
#3468=CARTESIAN_POINT('Ctrl Pts',(8.4981284378314,-6.73775506323388,2.83749149139585));
#3469=CARTESIAN_POINT('Ctrl Pts',(8.4775141286768,-6.71688618921485,2.85445254033751));
#3470=CARTESIAN_POINT('Ctrl Pts',(8.58075331874358,-6.82376566093156,2.75039956305447));
#3471=CARTESIAN_POINT('Ctrl Pts',(8.56953074803535,-6.81336007760884,2.77452151793354));
#3472=CARTESIAN_POINT('Ctrl Pts',(8.53684213010787,-6.78288022643398,2.81982816406907));
#3473=CARTESIAN_POINT('Ctrl Pts',(8.50055562196732,-6.7490452982554,2.85509126233059));
#3474=CARTESIAN_POINT('Ctrl Pts',(8.47923106286625,-6.72916373013378,2.87384635841023));
#3475=CARTESIAN_POINT('Ctrl Pts',(8.58377838013401,-6.83165865922411,2.75702011806187));
#3476=CARTESIAN_POINT('Ctrl Pts',(8.57184382756288,-6.82233376701718,2.78347384480264));
#3477=CARTESIAN_POINT('Ctrl Pts',(8.53693039611942,-6.79433139397819,2.83245878707958));
#3478=CARTESIAN_POINT('Ctrl Pts',(8.49812426580372,-6.76276753546039,2.86968689392174));
#3479=CARTESIAN_POINT('Ctrl Pts',(8.47530975117819,-6.74415201710523,2.88926458570971));
#3480=CARTESIAN_POINT('',(8.58377838013401,-6.8316586592241,2.75702011806187));
#3481=CARTESIAN_POINT('Ctrl Pts',(8.47530975117819,-6.74415201710523,2.88926458570971));
#3482=CARTESIAN_POINT('Ctrl Pts',(8.49812426580372,-6.76276753546039,2.86968689392174));
#3483=CARTESIAN_POINT('Ctrl Pts',(8.53693039611942,-6.79433139397819,2.83245878707958));
#3484=CARTESIAN_POINT('Ctrl Pts',(8.57184382756288,-6.82233376701718,2.78347384480264));
#3485=CARTESIAN_POINT('Ctrl Pts',(8.58377838013401,-6.83165865922411,2.75702011806187));
#3486=CARTESIAN_POINT('Origin',(8.49941596817544,-6.88125216413431,2.73644178675793));
#3487=CARTESIAN_POINT('Ctrl Pts',(8.58377838013402,-6.83165865922411,2.75702011806183));
#3488=CARTESIAN_POINT('Ctrl Pts',(8.59416141899615,-6.83977129835259,2.73400542428411));
#3489=CARTESIAN_POINT('Ctrl Pts',(8.60284867252293,-6.84912871308956,2.71073226883347));
#3490=CARTESIAN_POINT('Ctrl Pts',(8.60990200791909,-6.85972813776674,2.68714214700854));
#3491=CARTESIAN_POINT('Ctrl Pts',(8.61000557013928,-6.85988461556782,2.68679445191553));
#3492=CARTESIAN_POINT('Ctrl Pts',(8.61010874909557,-6.86004133895248,2.68644675391024));
#3493=CARTESIAN_POINT('Ctrl Pts',(8.58075331874357,-6.82376566093153,2.75039956305444));
#3494=CARTESIAN_POINT('Ctrl Pts',(8.59168228991997,-6.83479571735033,2.72939101236551));
#3495=CARTESIAN_POINT('Ctrl Pts',(8.60134171043726,-6.84674401417643,2.70837538226697));
#3496=CARTESIAN_POINT('Ctrl Pts',(8.60985858480119,-6.8596600339802,2.68707465651337));
#3497=CARTESIAN_POINT('Ctrl Pts',(8.60998380207124,-6.85985059969604,2.68676070692133));
#3498=CARTESIAN_POINT('Ctrl Pts',(8.61010874909557,-6.86004133895248,2.68644675391024));
#3499=CARTESIAN_POINT('Ctrl Pts',(8.57625749241678,-6.81673899692719,2.7434212979329));
#3500=CARTESIAN_POINT('Ctrl Pts',(8.58870355129949,-6.83014057468186,2.72477036806409));
#3501=CARTESIAN_POINT('Ctrl Pts',(8.59982126286892,-6.84436807438166,2.70601828610092));
#3502=CARTESIAN_POINT('Ctrl Pts',(8.60981504877385,-6.85959200232096,2.68700716607975));
#3503=CARTESIAN_POINT('Ctrl Pts',(8.60996203400321,-6.85981658382427,2.68672696192712));
#3504=CARTESIAN_POINT('Ctrl Pts',(8.61010874909557,-6.86004133895248,2.68644675391024));
#3505=CARTESIAN_POINT('Ctrl Pts',(8.57052055716139,-6.81093760358574,2.73644178675791));
#3506=CARTESIAN_POINT('Ctrl Pts',(8.58522813336233,-6.82581042868182,2.72014789386272));
#3507=CARTESIAN_POINT('Ctrl Pts',(8.59828737104438,-6.84200095993324,2.70366105641831));
#3508=CARTESIAN_POINT('Ctrl Pts',(8.60977139988153,-6.85952404283946,2.68693967564845));
#3509=CARTESIAN_POINT('Ctrl Pts',(8.60994026593517,-6.8597825679525,2.68669321693292));
#3510=CARTESIAN_POINT('Ctrl Pts',(8.61010874909557,-6.86004133895248,2.68644675391024));
#3511=CARTESIAN_POINT('Ctrl Pts',(8.58377838013402,-6.83165865922411,2.75702011806183));
#3512=CARTESIAN_POINT('Ctrl Pts',(8.59416141899615,-6.83977129835259,2.73400542428411));
#3513=CARTESIAN_POINT('Ctrl Pts',(8.60284867252293,-6.84912871308956,2.71073226883347));
#3514=CARTESIAN_POINT('Ctrl Pts',(8.60990200791909,-6.85972813776674,2.68714214700854));
#3515=CARTESIAN_POINT('Ctrl Pts',(8.61000557013928,-6.85988461556782,2.68679445191553));
#3516=CARTESIAN_POINT('Ctrl Pts',(8.61010874909557,-6.86004133895248,2.68644675391024));
#3517=CARTESIAN_POINT('Ctrl Pts',(9.61859233947226,-8.55924423098941,2.44349377073862));
#3518=CARTESIAN_POINT('Ctrl Pts',(9.5264521071442,-8.36095480628515,2.46325729464468));
#3519=CARTESIAN_POINT('Ctrl Pts',(9.31918605897535,-7.98392203369304,2.50318248329966));
#3520=CARTESIAN_POINT('Ctrl Pts',(8.93089476397312,-7.35527491000083,2.59593011996549));
#3521=CARTESIAN_POINT('Ctrl Pts',(8.64676388861845,-6.91611945165189,2.67504999679445));
#3522=CARTESIAN_POINT('Ctrl Pts',(8.47625880093282,-6.65350911613627,2.72534953149649));
#3523=CARTESIAN_POINT('Ctrl Pts',(9.61234125905018,-8.56640062346603,2.45578257816222));
#3524=CARTESIAN_POINT('Ctrl Pts',(9.51579902761003,-8.37426142602583,2.48833254430056));
#3525=CARTESIAN_POINT('Ctrl Pts',(9.30977218890506,-8.00236952370536,2.55191548713044));
#3526=CARTESIAN_POINT('Ctrl Pts',(8.93174860522492,-7.37285233614771,2.67006118118534));
#3527=CARTESIAN_POINT('Ctrl Pts',(8.65484901989582,-6.93135878049727,2.75932163216595));
#3528=CARTESIAN_POINT('Ctrl Pts',(8.48856915785592,-6.66718517013401,2.81449988432642));
#3529=CARTESIAN_POINT('Ctrl Pts',(9.59977694809291,-8.57956000485173,2.47609089520527));
#3530=CARTESIAN_POINT('Ctrl Pts',(9.49234590639276,-8.39954782489623,2.5289447177247));
#3531=CARTESIAN_POINT('Ctrl Pts',(9.2750544238665,-8.04397160222329,2.62899761502985));
#3532=CARTESIAN_POINT('Ctrl Pts',(8.88940353997178,-7.43010341763786,2.79246916936939));
#3533=CARTESIAN_POINT('Ctrl Pts',(8.61173787240936,-6.99451883988793,2.90446928148944));
#3534=CARTESIAN_POINT('Ctrl Pts',(8.44500530849991,-6.73342298702416,2.9711615520182));
#3535=CARTESIAN_POINT('Ctrl Pts',(9.58463486541991,-8.59355440533415,2.49387813115757));
#3536=CARTESIAN_POINT('Ctrl Pts',(9.46149002359234,-8.42727047106353,2.56219183410555));
#3537=CARTESIAN_POINT('Ctrl Pts',(9.21403654007924,-8.09481953640544,2.67797893964133));
#3538=CARTESIAN_POINT('Ctrl Pts',(8.79058303229879,-7.50781095288933,2.84967405976929));
#3539=CARTESIAN_POINT('Ctrl Pts',(8.49416795364887,-7.08449324940654,2.96163448337277));
#3540=CARTESIAN_POINT('Ctrl Pts',(8.31781598955893,-6.82956374371775,3.02801723937325));
#3541=CARTESIAN_POINT('Ctrl Pts',(9.57771632515234,-8.59966457191541,2.50098682903059));
#3542=CARTESIAN_POINT('Ctrl Pts',(9.44708059566747,-8.43944095624101,2.5748939865787));
#3543=CARTESIAN_POINT('Ctrl Pts',(9.18449591649169,-8.1171067843411,2.69261648270301));
#3544=CARTESIAN_POINT('Ctrl Pts',(8.74417648147238,-7.53990345074564,2.85852448659913));
#3545=CARTESIAN_POINT('Ctrl Pts',(8.44040337769238,-7.12016919956608,2.96526143135162));
#3546=CARTESIAN_POINT('Ctrl Pts',(8.26057878657979,-6.86677348153129,3.02866390696391));
#3547=CARTESIAN_POINT('',(9.57771632515235,-8.59966457191541,2.50098682903058));
#3548=CARTESIAN_POINT('Ctrl Pts',(8.40236326040095,-7.06548266196914,2.97866338029278));
#3549=CARTESIAN_POINT('Ctrl Pts',(8.53611731139375,-7.2518705006437,2.93143303869789));
#3550=CARTESIAN_POINT('Ctrl Pts',(8.79358833066082,-7.60467616301402,2.8399065910086));
#3551=CARTESIAN_POINT('Ctrl Pts',(9.18449591649169,-8.1171067843411,2.69261648270301));
#3552=CARTESIAN_POINT('Ctrl Pts',(9.44708059566747,-8.43944095624101,2.5748939865787));
#3553=CARTESIAN_POINT('Ctrl Pts',(9.57771632515234,-8.59966457191541,2.50098682903059));
#3554=CARTESIAN_POINT('',(9.61859233947226,-8.5592442309894,2.44349377073861));
#3555=CARTESIAN_POINT('Origin',(9.38820252601067,-8.64938771266364,2.27380379883461));
#3556=CARTESIAN_POINT('Ctrl Pts',(9.61859233947226,-8.55924423098941,2.44349377073862));
#3557=CARTESIAN_POINT('Ctrl Pts',(9.5264521071442,-8.36095480628515,2.46325729464468));
#3558=CARTESIAN_POINT('Ctrl Pts',(9.31918605897535,-7.98392203369304,2.50318248329966));
#3559=CARTESIAN_POINT('Ctrl Pts',(8.97446689467635,-7.4258185842791,2.58552243841498));
#3560=CARTESIAN_POINT('Ctrl Pts',(8.73587109085024,-7.05434684934444,2.65050803999274));
#3561=CARTESIAN_POINT('Ctrl Pts',(8.61014267028599,-6.86002053984001,2.68645295904022));
#3562=CARTESIAN_POINT('Ctrl Pts',(6.76417346829252,-5.12651312028962,2.835));
#3563=CARTESIAN_POINT('Ctrl Pts',(6.76417346829252,-5.12651312028962,2.885));
#3564=CARTESIAN_POINT('Ctrl Pts',(6.72862117379951,-5.16167040056388,2.885));
#3565=CARTESIAN_POINT('Ctrl Pts',(6.83527805727854,-5.05619855974112,2.835));
#3566=CARTESIAN_POINT('Ctrl Pts',(6.83527805727854,-5.05619855974112,2.985));
#3567=CARTESIAN_POINT('Ctrl Pts',(6.72862117379951,-5.16167040056388,2.985));
#3568=CARTESIAN_POINT('Ctrl Pts',(6.90559261782705,-5.12730314872714,2.835));
#3569=CARTESIAN_POINT('Ctrl Pts',(6.90559261782705,-5.12730314872713,2.985));
#3570=CARTESIAN_POINT('Ctrl Pts',(6.79893573434802,-5.23277498954989,2.985));
#3571=CARTESIAN_POINT('Origin',(6.83448802884103,-5.19761770927564,2.835));
#3572=CARTESIAN_POINT('Origin',(6.79893573434802,-5.23277498954989,2.885));
#3573=CARTESIAN_POINT('Origin',(6.79893573434802,-5.23277498954989,2.835));
#3574=CARTESIAN_POINT('Origin',(5.58021453575117,-6.43795522801998,2.885));
#3575=CARTESIAN_POINT('Origin',(5.2450787252049,-6.76936741362817,2.885));
#3576=CARTESIAN_POINT('Ctrl Pts',(5.1747641646564,-6.69826282464215,2.885));
#3577=CARTESIAN_POINT('Ctrl Pts',(5.13921187016339,-6.7334201049164,2.885));
#3578=CARTESIAN_POINT('Ctrl Pts',(5.13921187016339,-6.7334201049164,2.835));
#3579=CARTESIAN_POINT('Ctrl Pts',(5.1747641646564,-6.69826282464215,2.985));
#3580=CARTESIAN_POINT('Ctrl Pts',(5.06810728117737,-6.80373466546491,2.985));
#3581=CARTESIAN_POINT('Ctrl Pts',(5.06810728117737,-6.80373466546491,2.835));
#3582=CARTESIAN_POINT('Ctrl Pts',(5.2450787252049,-6.76936741362817,2.985));
#3583=CARTESIAN_POINT('Ctrl Pts',(5.13842184172588,-6.87483925445093,2.985));
#3584=CARTESIAN_POINT('Ctrl Pts',(5.13842184172588,-6.87483925445093,2.835));
#3585=CARTESIAN_POINT('Origin',(5.20952643071189,-6.80452469390242,2.835));
#3586=CARTESIAN_POINT('Origin',(5.20952643071189,-6.80452469390242,1.12125));
#3587=CARTESIAN_POINT('Origin',(5.20952643071189,-6.80452469390242,0.65));
#3588=CARTESIAN_POINT('Ctrl Pts',(5.13921187016339,-6.7334201049164,0.65));
#3589=CARTESIAN_POINT('Ctrl Pts',(5.13921187016339,-6.7334201049164,0.6));
#3590=CARTESIAN_POINT('Ctrl Pts',(5.1747641646564,-6.69826282464215,0.6));
#3591=CARTESIAN_POINT('Ctrl Pts',(5.06810728117737,-6.80373466546491,0.65));
#3592=CARTESIAN_POINT('Ctrl Pts',(5.06810728117737,-6.80373466546491,0.499999999999999));
#3593=CARTESIAN_POINT('Ctrl Pts',(5.1747641646564,-6.69826282464215,0.499999999999999));
#3594=CARTESIAN_POINT('Ctrl Pts',(5.13842184172588,-6.87483925445093,0.65));
#3595=CARTESIAN_POINT('Ctrl Pts',(5.13842184172588,-6.87483925445093,0.5));
#3596=CARTESIAN_POINT('Ctrl Pts',(5.2450787252049,-6.76936741362817,0.5));
#3597=CARTESIAN_POINT('Origin',(5.2450787252049,-6.76936741362817,0.6));
#3598=CARTESIAN_POINT('Origin',(6.46379992380175,-5.56418717515808,0.6));
#3599=CARTESIAN_POINT('Origin',(6.79893573434802,-5.23277498954989,0.6));
#3600=CARTESIAN_POINT('Ctrl Pts',(6.72862117379951,-5.16167040056388,0.600000000000001));
#3601=CARTESIAN_POINT('Ctrl Pts',(6.76417346829252,-5.12651312028962,0.6));
#3602=CARTESIAN_POINT('Ctrl Pts',(6.76417346829252,-5.12651312028962,0.65));
#3603=CARTESIAN_POINT('Ctrl Pts',(6.72862117379951,-5.16167040056388,0.499999999999999));
#3604=CARTESIAN_POINT('Ctrl Pts',(6.83527805727854,-5.05619855974112,0.499999999999999));
#3605=CARTESIAN_POINT('Ctrl Pts',(6.83527805727854,-5.05619855974112,0.65));
#3606=CARTESIAN_POINT('Ctrl Pts',(6.79893573434802,-5.23277498954989,0.5));
#3607=CARTESIAN_POINT('Ctrl Pts',(6.90559261782705,-5.12730314872713,0.5));
#3608=CARTESIAN_POINT('Ctrl Pts',(6.90559261782705,-5.12730314872714,0.65));
#3609=CARTESIAN_POINT('Origin',(6.83448802884103,-5.19761770927564,0.65));
#3610=CARTESIAN_POINT('Origin',(6.83448802884103,-5.19761770927564,2.36375));
#3611=CARTESIAN_POINT('Origin',(8.48648518751217,-6.93928512521433,2.835));
#3612=CARTESIAN_POINT('Ctrl Pts',(8.58069870400229,-9.58560253938212,2.50098739392684));
#3613=CARTESIAN_POINT('Ctrl Pts',(8.42194585530488,-9.45318341366358,2.57489456391491));
#3614=CARTESIAN_POINT('Ctrl Pts',(8.10256798371105,-9.18701099067273,2.69261696646553));
#3615=CARTESIAN_POINT('Ctrl Pts',(7.53032415589917,-8.74026541087064,2.85852500316192));
#3616=CARTESIAN_POINT('Ctrl Pts',(7.11401275347336,-8.43181834319105,2.96526205818713));
#3617=CARTESIAN_POINT('Ctrl Pts',(6.86264358707166,-8.24917179612908,3.02866460075885));
#3618=CARTESIAN_POINT('Ctrl Pts',(8.57244908309857,-9.59473571370103,2.49150907177879));
#3619=CARTESIAN_POINT('Ctrl Pts',(8.40550381701576,-9.47221572912246,2.5579603943479));
#3620=CARTESIAN_POINT('Ctrl Pts',(8.07248761812041,-9.22589812577576,2.67294842782187));
#3621=CARTESIAN_POINT('Ctrl Pts',(7.48682625276203,-8.80170600780558,2.8467709946166));
#3622=CARTESIAN_POINT('Ctrl Pts',(7.06571092313487,-8.50282272192887,2.96029552389609));
#3623=CARTESIAN_POINT('Ctrl Pts',(6.81218033073842,-8.32492873226366,3.02780256858307));
#3624=CARTESIAN_POINT('Ctrl Pts',(8.55837803002636,-9.60938588259212,2.47331972423633));
#3625=CARTESIAN_POINT('Ctrl Pts',(8.37767705061006,-9.50182906827155,2.52349939058621));
#3626=CARTESIAN_POINT('Ctrl Pts',(8.02131884182234,-9.2837736632445,2.61900401049984));
#3627=CARTESIAN_POINT('Ctrl Pts',(7.40748265184918,-8.8955542274018,2.77640217185615));
#3628=CARTESIAN_POINT('Ctrl Pts',(6.97277413964809,-8.61526674370366,2.88522994846472));
#3629=CARTESIAN_POINT('Ctrl Pts',(6.71237162019347,-8.44679955819667,2.95025258106727));
#3630=CARTESIAN_POINT('Ctrl Pts',(8.54524280791971,-9.62139649817578,2.45271055087497));
#3631=CARTESIAN_POINT('Ctrl Pts',(8.35264581790372,-9.52379366876119,2.48206230895396));
#3632=CARTESIAN_POINT('Ctrl Pts',(7.9817520848543,-9.313414085179,2.53985967153065));
#3633=CARTESIAN_POINT('Ctrl Pts',(7.35680780779086,-8.92566068491169,2.65149384170575));
#3634=CARTESIAN_POINT('Ctrl Pts',(6.91898970462548,-8.64217612774388,2.73836549106822));
#3635=CARTESIAN_POINT('Ctrl Pts',(6.6571336710263,-8.47180117729924,2.79221286051397));
#3636=CARTESIAN_POINT('Ctrl Pts',(8.53982336675119,-9.62602455142832,2.44349385451512));
#3637=CARTESIAN_POINT('Ctrl Pts',(8.3425765016032,-9.53167306365294,2.46325732470505));
#3638=CARTESIAN_POINT('Ctrl Pts',(7.96788484525269,-9.32020425680406,2.5031824086247));
#3639=CARTESIAN_POINT('Ctrl Pts',(7.34361881483755,-8.92490822788761,2.595930243237));
#3640=CARTESIAN_POINT('Ctrl Pts',(6.90766788432537,-8.63588490756467,2.67505034185271));
#3641=CARTESIAN_POINT('Ctrl Pts',(6.64698050060398,-8.46245421807456,2.72534997369345));
#3642=CARTESIAN_POINT('Ctrl Pts',(6.85198571592331,-8.59864121893901,2.6864526198281));
#3643=CARTESIAN_POINT('Ctrl Pts',(7.04489277953254,-8.7265337178271,2.65050787474016));
#3644=CARTESIAN_POINT('Ctrl Pts',(7.41367214441317,-8.96926720570225,2.58552234931204));
#3645=CARTESIAN_POINT('Ctrl Pts',(7.96788484525269,-9.32020425680406,2.5031824086247));
#3646=CARTESIAN_POINT('Ctrl Pts',(8.3425765016032,-9.53167306365294,2.46325732470505));
#3647=CARTESIAN_POINT('Ctrl Pts',(8.53982336675119,-9.62602455142832,2.44349385451512));
#3648=CARTESIAN_POINT('',(8.58069870400229,-9.58560253938211,2.50098739392684));
#3649=CARTESIAN_POINT('Origin',(8.63253712969451,-9.39665706646207,2.27380379882197));
#3650=CARTESIAN_POINT('Ctrl Pts',(8.58069870400229,-9.58560253938212,2.50098739392684));
#3651=CARTESIAN_POINT('Ctrl Pts',(8.42194585530488,-9.45318341366358,2.57489456391491));
#3652=CARTESIAN_POINT('Ctrl Pts',(8.10256798371105,-9.18701099067273,2.69261696646553));
#3653=CARTESIAN_POINT('Ctrl Pts',(7.59454114000687,-8.79039902945074,2.83990686655989));
#3654=CARTESIAN_POINT('Ctrl Pts',(7.24463726745051,-8.52900005972186,2.931433198099));
#3655=CARTESIAN_POINT('Ctrl Pts',(7.05975749217036,-8.39317099417411,2.97866338149647));
#3656=CARTESIAN_POINT('Ctrl Pts',(8.53982287895442,-9.62602433812188,1.04150002079189));
#3657=CARTESIAN_POINT('Ctrl Pts',(8.34257652504138,-9.53167307845933,1.0217372677669));
#3658=CARTESIAN_POINT('Ctrl Pts',(7.96788520450222,-9.32020291586035,0.981818496795213));
#3659=CARTESIAN_POINT('Ctrl Pts',(7.34362113553032,-8.92490806613171,0.889071870030648));
#3660=CARTESIAN_POINT('Ctrl Pts',(6.90767139783614,-8.63588723399567,0.809950005001175));
#3661=CARTESIAN_POINT('Ctrl Pts',(6.64698462977312,-8.46245696536322,0.759651476204729));
#3662=CARTESIAN_POINT('Ctrl Pts',(8.54704879328349,-9.61985356424773,1.0292110358899));
#3663=CARTESIAN_POINT('Ctrl Pts',(8.35600147217114,-9.52116934937923,0.996661800435204));
#3664=CARTESIAN_POINT('Ctrl Pts',(7.98643549900304,-9.31099978322841,0.933081402241421));
#3665=CARTESIAN_POINT('Ctrl Pts',(7.36118621124494,-8.92596211337096,0.814938012387737));
#3666=CARTESIAN_POINT('Ctrl Pts',(6.92281920319346,-8.6441421625866,0.725678182325738));
#3667=CARTESIAN_POINT('Ctrl Pts',(6.66052200061025,-8.47491937180901,0.670500941670726));
#3668=CARTESIAN_POINT('Ctrl Pts',(8.56034798683742,-9.60743695767122,1.00890244058337));
#3669=CARTESIAN_POINT('Ctrl Pts',(8.38154865149157,-9.49800016419941,0.956049308056973));
#3670=CARTESIAN_POINT('Ctrl Pts',(8.02842497809112,-9.27674746250367,0.855997536588055));
#3671=CARTESIAN_POINT('Ctrl Pts',(7.41890878501519,-8.88425788000239,0.692528425134616));
#3672=CARTESIAN_POINT('Ctrl Pts',(6.98645619684853,-8.6017416553471,0.580528587052655));
#3673=CARTESIAN_POINT('Ctrl Pts',(6.72724159281734,-8.43210058873467,0.513837328978469));
#3674=CARTESIAN_POINT('Ctrl Pts',(8.57451099658942,-9.59245200941128,0.991115006842106));
#3675=CARTESIAN_POINT('Ctrl Pts',(8.40961475287913,-9.46745579496785,0.922802039977123));
#3676=CARTESIAN_POINT('Ctrl Pts',(8.079954166396,-9.21629778028015,0.807016030877093));
#3677=CARTESIAN_POINT('Ctrl Pts',(7.49771831575993,-8.78630871488028,0.635323480380656));
#3678=CARTESIAN_POINT('Ctrl Pts',(7.07774061369476,-8.48518259284154,0.523365123300352));
#3679=CARTESIAN_POINT('Ctrl Pts',(6.82479951801065,-8.30599168210855,0.456983397329517));
#3680=CARTESIAN_POINT('Ctrl Pts',(8.58069821755569,-9.58560208902488,0.984006239628323));
#3681=CARTESIAN_POINT('Ctrl Pts',(8.42194567480513,-9.45318316714353,0.910099857520723));
#3682=CARTESIAN_POINT('Ctrl Pts',(8.10257070661528,-9.18700650491404,0.792379889566679));
#3683=CARTESIAN_POINT('Ctrl Pts',(7.53032754299985,-8.74026306690788,0.626474662299027));
#3684=CARTESIAN_POINT('Ctrl Pts',(7.11401551999437,-8.4318201593627,0.519738314435197));
#3685=CARTESIAN_POINT('Ctrl Pts',(6.86264694216061,-8.24917400216765,0.456336876678627));
#3686=CARTESIAN_POINT('Ctrl Pts',(7.05975748791549,-8.39317025982631,0.506336563078014));
#3687=CARTESIAN_POINT('Ctrl Pts',(7.24463816640132,-8.5289991129922,0.55356638780361));
#3688=CARTESIAN_POINT('Ctrl Pts',(7.59454345044011,-8.79039566278425,0.645092193089198));
#3689=CARTESIAN_POINT('Ctrl Pts',(8.10257070661528,-9.18700650491404,0.792379889566679));
#3690=CARTESIAN_POINT('Ctrl Pts',(8.42194567480513,-9.45318316714353,0.910099857520723));
#3691=CARTESIAN_POINT('Ctrl Pts',(8.58069821755569,-9.58560208902488,0.984006239628323));
#3692=CARTESIAN_POINT('Ctrl Pts',(8.53982287895442,-9.62602433812188,1.04150002079189));
#3693=CARTESIAN_POINT('Ctrl Pts',(8.34257652504138,-9.53167307845933,1.0217372677669));
#3694=CARTESIAN_POINT('Ctrl Pts',(7.96788520450222,-9.32020291586035,0.981818496795213));
#3695=CARTESIAN_POINT('Ctrl Pts',(7.41367301688068,-8.9692661339558,0.899479445953538));
#3696=CARTESIAN_POINT('Ctrl Pts',(7.04489350308905,-8.72653371678587,0.83449253754499));
#3697=CARTESIAN_POINT('Ctrl Pts',(6.85198574248593,-8.59864105906323,0.798547682068733));
#3698=CARTESIAN_POINT('Ctrl Pts',(9.57771588026341,-8.59966408046638,0.98400680452006));
#3699=CARTESIAN_POINT('Ctrl Pts',(9.44707998443913,-8.4394403231948,0.91010022736837));
#3700=CARTESIAN_POINT('Ctrl Pts',(9.18449031374585,-8.11710808819079,0.79237991185797));
#3701=CARTESIAN_POINT('Ctrl Pts',(8.74417184404615,-7.53990377628002,0.626474359886758));
#3702=CARTESIAN_POINT('Ctrl Pts',(8.44040210217644,-7.1201677386838,0.519737860537423));
#3703=CARTESIAN_POINT('Ctrl Pts',(8.26057742113818,-6.86677188147671,0.456336324527157));
#3704=CARTESIAN_POINT('Ctrl Pts',(9.58694065355865,-8.5915171852313,0.993485102487834));
#3705=CARTESIAN_POINT('Ctrl Pts',(9.46629485015072,-8.42321225106091,0.927034403222148));
#3706=CARTESIAN_POINT('Ctrl Pts',(9.22371519103103,-8.08746325919325,0.812044990224807));
#3707=CARTESIAN_POINT('Ctrl Pts',(8.80609771102877,-7.49709500983734,0.638224833601195));
#3708=CARTESIAN_POINT('Ctrl Pts',(8.51194200858308,-7.07266290662343,0.52470450509537));
#3709=CARTESIAN_POINT('Ctrl Pts',(8.33689375425021,-6.81715888012179,0.457198466801692));
#3710=CARTESIAN_POINT('Ctrl Pts',(9.60174713326504,-8.57761097830785,1.01167438233421));
#3711=CARTESIAN_POINT('Ctrl Pts',(9.49621733471299,-8.3957185846449,0.961495360448508));
#3712=CARTESIAN_POINT('Ctrl Pts',(9.28216014666447,-8.03694425467483,0.86599169752408));
#3713=CARTESIAN_POINT('Ctrl Pts',(8.90082801563184,-7.41880523896212,0.708595922524166));
#3714=CARTESIAN_POINT('Ctrl Pts',(8.62541972174954,-6.98098899859417,0.599767967243628));
#3715=CARTESIAN_POINT('Ctrl Pts',(8.45987452641058,-6.71871888003731,0.534746341838139));
#3716=CARTESIAN_POINT('Ctrl Pts',(9.61390379422701,-8.56461102947167,1.0322834566795));
#3717=CARTESIAN_POINT('Ctrl Pts',(9.51846038130755,-8.37093475590467,1.00293232133466));
#3718=CARTESIAN_POINT('Ctrl Pts',(9.31224044838941,-7.99771080396534,0.945139804939259));
#3719=CARTESIAN_POINT('Ctrl Pts',(8.93149876876678,-7.36846983085492,0.833507585089935));
#3720=CARTESIAN_POINT('Ctrl Pts',(8.65292738003314,-6.92750984218557,0.746634435794036));
#3721=CARTESIAN_POINT('Ctrl Pts',(8.48549082560199,-6.66376499011696,0.692788080192631));
#3722=CARTESIAN_POINT('Ctrl Pts',(9.61859213163433,-8.55924374083882,1.04150010456377));
#3723=CARTESIAN_POINT('Ctrl Pts',(9.52645186301901,-8.36095427321739,1.02173724234103));
#3724=CARTESIAN_POINT('Ctrl Pts',(9.31918382061324,-7.98392081807161,0.981818232455727));
#3725=CARTESIAN_POINT('Ctrl Pts',(8.93089252599271,-7.35527399048417,0.889071463145515));
#3726=CARTESIAN_POINT('Ctrl Pts',(8.64676330739421,-6.91611855316606,0.809949539857907));
#3727=CARTESIAN_POINT('Ctrl Pts',(8.47625815119987,-6.65350811507896,0.759650929947338));
#3728=CARTESIAN_POINT('Ctrl Pts',(8.61014251151527,-6.86002056390975,0.798547341793457));
#3729=CARTESIAN_POINT('Ctrl Pts',(8.73587044603394,-7.05434658735276,0.834492187192179));
#3730=CARTESIAN_POINT('Ctrl Pts',(8.97446486049452,-7.42581796155596,0.899479096054967));
#3731=CARTESIAN_POINT('Ctrl Pts',(9.31918382061324,-7.98392081807161,0.981818232455727));
#3732=CARTESIAN_POINT('Ctrl Pts',(9.52645186301901,-8.36095427321739,1.02173724234103));
#3733=CARTESIAN_POINT('Ctrl Pts',(9.61859213163433,-8.55924374083882,1.04150010456377));
#3734=CARTESIAN_POINT('Ctrl Pts',(9.57771588026341,-8.59966408046638,0.98400680452006));
#3735=CARTESIAN_POINT('Ctrl Pts',(9.44707998443913,-8.4394403231948,0.91010022736837));
#3736=CARTESIAN_POINT('Ctrl Pts',(9.18449031374585,-8.11710808819079,0.79237991185797));
#3737=CARTESIAN_POINT('Ctrl Pts',(8.79358391119952,-7.6046770260617,0.645092103268517));
#3738=CARTESIAN_POINT('Ctrl Pts',(8.53611567928256,-7.25187044270997,0.553566306309722));
#3739=CARTESIAN_POINT('Ctrl Pts',(8.40236252722847,-7.06548264910604,0.506336562796205));
#3740=CARTESIAN_POINT('Ctrl Pts',(9.57771632518329,-8.599664571967,2.50098682901606));
#3741=CARTESIAN_POINT('Ctrl Pts',(9.2373261448287,-8.03215375391236,2.66072682348631));
#3742=CARTESIAN_POINT('Ctrl Pts',(8.89693596447412,-7.46464293585772,2.82046681795655));
#3743=CARTESIAN_POINT('Ctrl Pts',(8.55654578411954,-6.89713211780307,2.9802068124268));
#3744=CARTESIAN_POINT('Ctrl Pts',(9.49808657842479,-8.67840956901654,2.58464793869116));
#3745=CARTESIAN_POINT('Ctrl Pts',(9.1313690520404,-8.13693357927457,2.71672805716545));
#3746=CARTESIAN_POINT('Ctrl Pts',(8.76466740365123,-7.59544188795451,2.84895519081024));
#3747=CARTESIAN_POINT('Ctrl Pts',(8.39794987726685,-7.05396589821254,2.98103530928452));
#3748=CARTESIAN_POINT('Ctrl Pts',(9.31334401407541,-8.86109949679863,2.71223998830095));
#3749=CARTESIAN_POINT('Ctrl Pts',(8.9024286060108,-8.36333031518026,2.80214994626696));
#3750=CARTESIAN_POINT('Ctrl Pts',(8.49142111250495,-7.86565219586077,2.89238889674101));
#3751=CARTESIAN_POINT('Ctrl Pts',(8.08050570444034,-7.3678830142424,2.98229885470703));
#3752=CARTESIAN_POINT('Ctrl Pts',(8.9479157341687,-9.22246757838179,2.75988103193287));
#3753=CARTESIAN_POINT('Ctrl Pts',(8.47345825395659,-8.78753446603979,2.83417796937019));
#3754=CARTESIAN_POINT('Ctrl Pts',(7.99901868032851,-8.35258364607013,2.90847370703082));
#3755=CARTESIAN_POINT('Ctrl Pts',(7.52456120011639,-7.91765053372813,2.98277064446813));
#3756=CARTESIAN_POINT('Ctrl Pts',(8.70014460085428,-9.46748577768584,2.62647865670641));
#3757=CARTESIAN_POINT('Ctrl Pts',(8.1760422146421,-9.08164597702241,2.74458541306983));
#3758=CARTESIAN_POINT('Ctrl Pts',(7.65169157460177,-8.69605167188998,2.86334280296591));
#3759=CARTESIAN_POINT('Ctrl Pts',(7.12758918838959,-8.31021187122654,2.98144955932933));
#3760=CARTESIAN_POINT('Ctrl Pts',(8.58069994865166,-9.58560330496876,2.50098704120125));
#3761=CARTESIAN_POINT('Ctrl Pts',(8.01703174169878,-9.23888971736409,2.66072696564353));
#3762=CARTESIAN_POINT('Ctrl Pts',(7.4533635347459,-8.89217612975942,2.8204668900858));
#3763=CARTESIAN_POINT('Ctrl Pts',(6.88969532779301,-8.54546254215476,2.98020681452808));
#3764=CARTESIAN_POINT('Ctrl Pts',(9.57771632515235,-8.59966457191541,2.50098682903058));
#3765=CARTESIAN_POINT('Ctrl Pts',(9.48171892328799,-8.66593618932905,2.59557164584889));
#3766=CARTESIAN_POINT('Ctrl Pts',(9.26741686600337,-8.82986489185148,2.72335200088959));
#3767=CARTESIAN_POINT('Ctrl Pts',(8.95821591301851,-9.12146791713225,2.75798498254592));
#3768=CARTESIAN_POINT('Ctrl Pts',(8.72761738556631,-9.38526745475018,2.66801950790808));
#3769=CARTESIAN_POINT('Ctrl Pts',(8.61436883386563,-9.53797705865292,2.54827965329719));
#3770=CARTESIAN_POINT('Ctrl Pts',(8.58069870400229,-9.58560253938211,2.50098739392684));
#3771=CARTESIAN_POINT('Origin',(8.63253712969452,-9.39665706646206,2.27380379882197));
#3772=CARTESIAN_POINT('Origin',(8.63253712969452,-9.39665706646206,2.27380379882197));
#3773=CARTESIAN_POINT('Origin',(9.38820252601067,-8.64938771266365,2.27380379883461));
#3774=CARTESIAN_POINT('Origin',(9.38820252601067,-8.64938771266365,2.27380379883461));
#3775=CARTESIAN_POINT('Origin',(9.38820252601068,-8.64938771266365,2.27380379883461));
#3776=CARTESIAN_POINT('Ctrl Pts',(9.61859213163432,-8.55924374083883,1.04150010456376));
#3777=CARTESIAN_POINT('Ctrl Pts',(9.64504658237876,-8.5187582873379,1.09892452800843));
#3778=CARTESIAN_POINT('Ctrl Pts',(9.70980926168415,-8.41401069102736,1.28680510554996));
#3779=CARTESIAN_POINT('Ctrl Pts',(9.7558873139774,-8.33269336229859,1.63620797105205));
#3780=CARTESIAN_POINT('Ctrl Pts',(9.73834588379533,-8.36419797808708,2.06103967618985));
#3781=CARTESIAN_POINT('Ctrl Pts',(9.67150126748218,-8.47827320309019,2.32864497793392));
#3782=CARTESIAN_POINT('Ctrl Pts',(9.61859233947226,-8.55924423098941,2.44349377073861));
#3783=CARTESIAN_POINT('Ctrl Pts',(9.65966432738277,-8.63267891044563,1.05825341487095));
#3784=CARTESIAN_POINT('Ctrl Pts',(9.68888185378483,-8.59422015934302,1.1128043350833));
#3785=CARTESIAN_POINT('Ctrl Pts',(9.7626954257881,-8.49339812326896,1.29265307029554));
#3786=CARTESIAN_POINT('Ctrl Pts',(9.81894676777882,-8.41175964766243,1.63658100183392));
#3787=CARTESIAN_POINT('Ctrl Pts',(9.79712833759751,-8.44382316491259,2.05867330194777));
#3788=CARTESIAN_POINT('Ctrl Pts',(9.71809945591164,-8.55576174844553,2.31763861888112));
#3789=CARTESIAN_POINT('Ctrl Pts',(9.6596643666527,-8.63267933795573,2.42674039144561));
#3790=CARTESIAN_POINT('Ctrl Pts',(9.67050744261857,-8.71716148279604,1.09686174244372));
#3791=CARTESIAN_POINT('Ctrl Pts',(9.70009480974935,-8.68368658873019,1.14805904228619));
#3792=CARTESIAN_POINT('Ctrl Pts',(9.77619013148031,-8.59612297165663,1.31672682187913));
#3793=CARTESIAN_POINT('Ctrl Pts',(9.83682198474669,-8.52457866092403,1.64183120560012));
#3794=CARTESIAN_POINT('Ctrl Pts',(9.81300556844032,-8.55280458018603,2.04243494515016));
#3795=CARTESIAN_POINT('Ctrl Pts',(9.72968215000419,-8.65021190623131,2.28573752394875));
#3796=CARTESIAN_POINT('Ctrl Pts',(9.67050737816455,-8.717161753641,2.38813206257364));
#3797=CARTESIAN_POINT('Ctrl Pts',(9.64752758531201,-8.78469016519711,1.14452856545901));
#3798=CARTESIAN_POINT('Ctrl Pts',(9.67477815026684,-8.75601353097918,1.19233327827875));
#3799=CARTESIAN_POINT('Ctrl Pts',(9.74500722452799,-8.68151944917919,1.34900963459458));
#3800=CARTESIAN_POINT('Ctrl Pts',(9.80152782725926,-8.62085019223562,1.64943997776777));
#3801=CARTESIAN_POINT('Ctrl Pts',(9.77925779101024,-8.64480745136528,2.01967334212945));
#3802=CARTESIAN_POINT('Ctrl Pts',(9.70202868801845,-8.72733699874748,2.24485589406495));
#3803=CARTESIAN_POINT('Ctrl Pts',(9.64752752547587,-8.7846903083284,2.3404652739065));
#3804=CARTESIAN_POINT('Ctrl Pts',(9.61859213163432,-8.55924374083883,1.04150010456376));
#3805=CARTESIAN_POINT('Ctrl Pts',(9.64504658237876,-8.5187582873379,1.09892452800843));
#3806=CARTESIAN_POINT('Ctrl Pts',(9.70980926168415,-8.41401069102736,1.28680510554996));
#3807=CARTESIAN_POINT('Ctrl Pts',(9.7558873139774,-8.33269336229859,1.63620797105205));
#3808=CARTESIAN_POINT('Ctrl Pts',(9.73834588379533,-8.36419797808708,2.06103967618985));
#3809=CARTESIAN_POINT('Ctrl Pts',(9.67150126748218,-8.47827320309019,2.32864497793392));
#3810=CARTESIAN_POINT('Ctrl Pts',(9.61859233947226,-8.55924423098941,2.44349377073861));
#3811=CARTESIAN_POINT('Ctrl Pts',(9.57771632515235,-8.59966457191541,2.50098682903058));
#3812=CARTESIAN_POINT('Ctrl Pts',(9.48171892328799,-8.66593618932905,2.59557164584889));
#3813=CARTESIAN_POINT('Ctrl Pts',(9.26741686600337,-8.82986489185148,2.72335200088959));
#3814=CARTESIAN_POINT('Ctrl Pts',(8.95821591301851,-9.12146791713225,2.75798498254592));
#3815=CARTESIAN_POINT('Ctrl Pts',(8.72761738556631,-9.38526745475018,2.66801950790808));
#3816=CARTESIAN_POINT('Ctrl Pts',(8.61436883386563,-9.53797705865292,2.54827965329719));
#3817=CARTESIAN_POINT('Ctrl Pts',(8.58069870400229,-9.58560253938211,2.50098739392684));
#3818=CARTESIAN_POINT('Ctrl Pts',(9.6228243058417,-8.66910908463471,2.47855740061984));
#3819=CARTESIAN_POINT('Ctrl Pts',(9.53567478788782,-8.73615236257686,2.57422141257278));
#3820=CARTESIAN_POINT('Ctrl Pts',(9.3346125289636,-8.90117821300123,2.70916522267741));
#3821=CARTESIAN_POINT('Ctrl Pts',(9.02919315461724,-9.19271295532609,2.74723448969207));
#3822=CARTESIAN_POINT('Ctrl Pts',(8.79761706458793,-9.4477379344448,2.64980589082185));
#3823=CARTESIAN_POINT('Ctrl Pts',(8.68364159343278,-9.58828649689573,2.52639006376188));
#3824=CARTESIAN_POINT('Ctrl Pts',(8.64963510103703,-9.63148404648032,2.47855818305258));
#3825=CARTESIAN_POINT('Ctrl Pts',(9.64296765816424,-8.74439506793657,2.42686809712244));
#3826=CARTESIAN_POINT('Ctrl Pts',(9.56593878235516,-8.81213281574717,2.51604702966611));
#3827=CARTESIAN_POINT('Ctrl Pts',(9.38540791813206,-8.97564085752795,2.64382494659954));
#3828=CARTESIAN_POINT('Ctrl Pts',(9.09817725385598,-9.25500445076749,2.68061672358881));
#3829=CARTESIAN_POINT('Ctrl Pts',(8.87277255525286,-9.48949545116714,2.58717128640593));
#3830=CARTESIAN_POINT('Ctrl Pts',(8.75898884408666,-9.61433397494185,2.4714581432199));
#3831=CARTESIAN_POINT('Ctrl Pts',(8.72469170278075,-9.65246765406899,2.42686877508261));
#3832=CARTESIAN_POINT('Ctrl Pts',(9.63146995486473,-8.80056930734088,2.36305111526253));
#3833=CARTESIAN_POINT('Ctrl Pts',(9.56175381571232,-8.8660520312797,2.44215582759369));
#3834=CARTESIAN_POINT('Ctrl Pts',(9.3985370563681,-9.02129425242901,2.55513514765109));
#3835=CARTESIAN_POINT('Ctrl Pts',(9.13427500041737,-9.28068477358093,2.58782468093025));
#3836=CARTESIAN_POINT('Ctrl Pts',(8.92301192557364,-9.49437897508935,2.50495210739015));
#3837=CARTESIAN_POINT('Ctrl Pts',(8.81411996498411,-9.60710825491319,2.40260380747821));
#3838=CARTESIAN_POINT('Ctrl Pts',(8.78099114114284,-9.64159838526769,2.36305152611328));
#3839=CARTESIAN_POINT('Ctrl Pts',(9.61859239207305,-8.55924417905511,1.04150022537124));
#3840=CARTESIAN_POINT('Ctrl Pts',(9.28016254376135,-7.98979941518079,0.884515679900393));
#3841=CARTESIAN_POINT('Ctrl Pts',(8.94173269544965,-7.42035465130647,0.72753113442955));
#3842=CARTESIAN_POINT('Ctrl Pts',(8.60330284713796,-6.85090988743216,0.570546588958707));
#3843=CARTESIAN_POINT('Ctrl Pts',(9.70779580148966,-8.47103189034065,1.20947318164671));
#3844=CARTESIAN_POINT('Ctrl Pts',(9.33977199785203,-7.93085226945231,1.10812182949343));
#3845=CARTESIAN_POINT('Ctrl Pts',(8.97221053159942,-7.39021544811437,1.00642162733392));
#3846=CARTESIAN_POINT('Ctrl Pts',(8.6041867279618,-6.85003582722603,0.905070275180645));
#3847=CARTESIAN_POINT('Ctrl Pts',(9.80260493030503,-8.37727616622065,1.55789020151564));
#3848=CARTESIAN_POINT('Ctrl Pts',(9.40344099581516,-7.86789068460691,1.5263506779458));
#3849=CARTESIAN_POINT('Ctrl Pts',(9.00429008810181,-7.35849232095447,1.4948276392188));
#3850=CARTESIAN_POINT('Ctrl Pts',(8.60512615361194,-6.84910683934073,1.46328811564896));
#3851=CARTESIAN_POINT('Ctrl Pts',(9.76874804053162,-8.41075687906782,2.07172904695797));
#3852=CARTESIAN_POINT('Ctrl Pts',(9.38068180191157,-7.89039700579645,2.12954728357409));
#3853=CARTESIAN_POINT('Ctrl Pts',(8.99285691788385,-7.36979845957389,2.18723302441315));
#3854=CARTESIAN_POINT('Ctrl Pts',(8.60479067926381,-6.84943858630252,2.24505126102927));
#3855=CARTESIAN_POINT('Ctrl Pts',(9.6780612872093,-8.50043603055948,2.3315118103476));
#3856=CARTESIAN_POINT('Ctrl Pts',(9.31997006664864,-7.95043418547819,2.45147968820107));
#3857=CARTESIAN_POINT('Ctrl Pts',(8.96198332114051,-7.40032902614516,2.57146987915003));
#3858=CARTESIAN_POINT('Ctrl Pts',(8.60389210057985,-6.85032718106387,2.6914377570035));
#3859=CARTESIAN_POINT('Ctrl Pts',(9.61859233950297,-8.55924423104109,2.44349377072437));
#3860=CARTESIAN_POINT('Ctrl Pts',(9.28016250854101,-7.98979945000982,2.60048036305436));
#3861=CARTESIAN_POINT('Ctrl Pts',(8.94173267757904,-7.42035466897855,2.75746695538436));
#3862=CARTESIAN_POINT('Ctrl Pts',(8.60330284661707,-6.85090988794728,2.91445354771435));
#3863=CARTESIAN_POINT('Ctrl Pts',(8.58069946220758,-9.58560285461318,0.984006592350117));
#3864=CARTESIAN_POINT('Ctrl Pts',(8.01703134772763,-9.23888927392781,0.824268732111499));
#3865=CARTESIAN_POINT('Ctrl Pts',(7.45336323324768,-8.89217569324244,0.664530871872881));
#3866=CARTESIAN_POINT('Ctrl Pts',(6.88969511876773,-8.54546211255708,0.504793011634263));
#3867=CARTESIAN_POINT('Ctrl Pts',(8.66032924948403,-9.50685781749587,0.900345577891275));
#3868=CARTESIAN_POINT('Ctrl Pts',(8.12298846187196,-9.13410942744685,0.768267568567643));
#3869=CARTESIAN_POINT('Ctrl Pts',(7.58563179632053,-8.76137673892068,0.636042544193378));
#3870=CARTESIAN_POINT('Ctrl Pts',(7.04829100870847,-8.38862834887166,0.503964534869745));
#3871=CARTESIAN_POINT('Ctrl Pts',(8.84507256925274,-9.32416714268776,0.772750210686745));
#3872=CARTESIAN_POINT('Ctrl Pts',(8.35192963468102,-8.9077119728368,0.682842312956523));
#3873=CARTESIAN_POINT('Ctrl Pts',(7.8588780831279,-8.49116643530513,0.592608883530275));
#3874=CARTESIAN_POINT('Ctrl Pts',(7.36573514855618,-8.07471126545417,0.502700985800052));
#3875=CARTESIAN_POINT('Ctrl Pts',(9.21050217460983,-8.96279775038101,0.725106429219408));
#3876=CARTESIAN_POINT('Ctrl Pts',(8.78090128779099,-8.48350653537727,0.650811490902145));
#3877=CARTESIAN_POINT('Ctrl Pts',(8.35128047237701,-8.00423502754615,0.576524118149209));
#3878=CARTESIAN_POINT('Ctrl Pts',(7.92167958555816,-7.5249438125424,0.502229179831946));
#3879=CARTESIAN_POINT('Ctrl Pts',(9.45827123144444,-8.71778160448544,0.858515233838983));
#3880=CARTESIAN_POINT('Ctrl Pts',(9.07831524382981,-8.18939708452347,0.740410466188741));
#3881=CARTESIAN_POINT('Ctrl Pts',(8.69860750990682,-7.66076706916549,0.621655065753637));
#3882=CARTESIAN_POINT('Ctrl Pts',(8.3186515222922,-7.13238254920352,0.503550298103394));
#3883=CARTESIAN_POINT('Ctrl Pts',(9.57771588029436,-8.59966408051797,0.984006804534585));
#3884=CARTESIAN_POINT('Ctrl Pts',(9.23732570582483,-8.03215335500844,0.824268874268217));
#3885=CARTESIAN_POINT('Ctrl Pts',(8.8969355313553,-7.46464262949892,0.664530944001848));
#3886=CARTESIAN_POINT('Ctrl Pts',(8.55654535688577,-6.89713190398939,0.50479301373548));
#3887=CARTESIAN_POINT('Ctrl Pts',(8.53982336680254,-9.62602455145961,2.44349385450088));
#3888=CARTESIAN_POINT('Ctrl Pts',(7.9741995920329,-9.28124969145187,2.60048027212951));
#3889=CARTESIAN_POINT('Ctrl Pts',(7.40857581726327,-8.93647483144413,2.75746668975815));
#3890=CARTESIAN_POINT('Ctrl Pts',(6.84295204249364,-8.59169997143639,2.91445310738679));
#3891=CARTESIAN_POINT('Ctrl Pts',(8.48035454667328,-9.68483262578164,2.33151181691963));
#3892=CARTESIAN_POINT('Ctrl Pts',(7.93439213232923,-9.32061485867289,2.45147956887073));
#3893=CARTESIAN_POINT('Ctrl Pts',(7.3883252431935,-8.95650040555793,2.57146963384356));
#3894=CARTESIAN_POINT('Ctrl Pts',(6.84236282884945,-8.59228263844919,2.69143738579465));
#3895=CARTESIAN_POINT('Ctrl Pts',(8.38966798260595,-9.77451159012108,2.07172899404913));
#3896=CARTESIAN_POINT('Ctrl Pts',(7.87368053923973,-9.38065189776086,2.12954717684943));
#3897=CARTESIAN_POINT('Ctrl Pts',(7.35745175496281,-8.98703086482221,2.18723286972111));
#3898=CARTESIAN_POINT('Ctrl Pts',(6.84146431159658,-8.59317117246198,2.24505105252141));
#3899=CARTESIAN_POINT('Ctrl Pts',(8.3558111602727,-9.80799223627741,1.55789021798051));
#3900=CARTESIAN_POINT('Ctrl Pts',(7.85092139456109,-9.40315817027238,1.52635072294635));
#3901=CARTESIAN_POINT('Ctrl Pts',(7.34601862586281,-8.99833696278051,1.4948277275111));
#3902=CARTESIAN_POINT('Ctrl Pts',(6.8411288601512,-8.59350289677548,1.46328823247693));
#3903=CARTESIAN_POINT('Ctrl Pts',(8.45062009618187,-9.71423670292026,1.209473213682));
#3904=CARTESIAN_POINT('Ctrl Pts',(7.91459025003549,-9.34019672633253,1.10812196266065));
#3905=CARTESIAN_POINT('Ctrl Pts',(7.37809806777318,-8.96661394893941,1.00642186285394));
#3906=CARTESIAN_POINT('Ctrl Pts',(6.8420682216268,-8.59257397235168,0.905070611832588));
#3907=CARTESIAN_POINT('Ctrl Pts',(8.53982331423298,-9.62602460344508,1.04150014159998));
#3908=CARTESIAN_POINT('Ctrl Pts',(7.97419955681292,-9.28124972628054,0.884515770829564));
#3909=CARTESIAN_POINT('Ctrl Pts',(7.40857579939285,-8.936474849116,0.727531400059149));
#3910=CARTESIAN_POINT('Ctrl Pts',(6.84295204197278,-8.59169997195146,0.570547029288735));
#3911=UNCERTAINTY_MEASURE_WITH_UNIT(LENGTH_MEASURE(0.001),#3915,
'DISTANCE_ACCURACY_VALUE',
'Maximum model space distance between geometric entities at asserted c
onnectivities');
#3912=UNCERTAINTY_MEASURE_WITH_UNIT(LENGTH_MEASURE(0.001),#3915,
'DISTANCE_ACCURACY_VALUE',
'Maximum model space distance between geometric entities at asserted c
onnectivities');
#3913=(
GEOMETRIC_REPRESENTATION_CONTEXT(3)
GLOBAL_UNCERTAINTY_ASSIGNED_CONTEXT((#3911))
GLOBAL_UNIT_ASSIGNED_CONTEXT((#3915,#3917,#3918))
REPRESENTATION_CONTEXT('','3D')
);
#3914=(
GEOMETRIC_REPRESENTATION_CONTEXT(3)
GLOBAL_UNCERTAINTY_ASSIGNED_CONTEXT((#3912))
GLOBAL_UNIT_ASSIGNED_CONTEXT((#3915,#3917,#3918))
REPRESENTATION_CONTEXT('','3D')
);
#3915=(
LENGTH_UNIT()
NAMED_UNIT(*)
SI_UNIT(.CENTI.,.METRE.)
);
#3916=(
LENGTH_UNIT()
NAMED_UNIT(*)
SI_UNIT($,.METRE.)
);
#3917=(
NAMED_UNIT(*)
PLANE_ANGLE_UNIT()
SI_UNIT($,.RADIAN.)
);
#3918=(
NAMED_UNIT(*)
SI_UNIT($,.STERADIAN.)
SOLID_ANGLE_UNIT()
);
#3919=SHAPE_DEFINITION_REPRESENTATION(#3920,#3921);
#3920=PRODUCT_DEFINITION_SHAPE('',$,#3923);
#3921=SHAPE_REPRESENTATION('',(#1348),#3913);
#3922=PRODUCT_DEFINITION_CONTEXT('part definition',#3927,'design');
#3923=PRODUCT_DEFINITION('(Unsaved)','(Unsaved)',#3924,#3922);
#3924=PRODUCT_DEFINITION_FORMATION('',$,#3929);
#3925=PRODUCT_RELATED_PRODUCT_CATEGORY('(Unsaved)','(Unsaved)',(#3929));
#3926=APPLICATION_PROTOCOL_DEFINITION('international standard',
'automotive_design',2009,#3927);
#3927=APPLICATION_CONTEXT(
'Core Data for Automotive Mechanical Design Process');
#3928=PRODUCT_CONTEXT('part definition',#3927,'mechanical');
#3929=PRODUCT('(Unsaved)','(Unsaved)',$,(#3928));
#3930=PRESENTATION_STYLE_ASSIGNMENT((#3935));
#3931=PRESENTATION_STYLE_ASSIGNMENT((#3936));
#3932=PRESENTATION_STYLE_ASSIGNMENT((#3937));
#3933=PRESENTATION_STYLE_ASSIGNMENT((#3938));
#3934=PRESENTATION_STYLE_ASSIGNMENT((#3939));
#3935=SURFACE_STYLE_USAGE(.BOTH.,#3940);
#3936=SURFACE_STYLE_USAGE(.BOTH.,#3941);
#3937=SURFACE_STYLE_USAGE(.BOTH.,#3942);
#3938=SURFACE_STYLE_USAGE(.BOTH.,#3943);
#3939=SURFACE_STYLE_USAGE(.BOTH.,#3944);
#3940=SURFACE_SIDE_STYLE('',(#3945));
#3941=SURFACE_SIDE_STYLE('',(#3946));
#3942=SURFACE_SIDE_STYLE('',(#3947));
#3943=SURFACE_SIDE_STYLE('',(#3948));
#3944=SURFACE_SIDE_STYLE('',(#3949));
#3945=SURFACE_STYLE_FILL_AREA(#3950);
#3946=SURFACE_STYLE_FILL_AREA(#3951);
#3947=SURFACE_STYLE_FILL_AREA(#3952);
#3948=SURFACE_STYLE_FILL_AREA(#3953);
#3949=SURFACE_STYLE_FILL_AREA(#3954);
#3950=FILL_AREA_STYLE('ABS (White)',(#3955));
#3951=FILL_AREA_STYLE('Paint - Enamel Glossy (Black)',(#3956));
#3952=FILL_AREA_STYLE('Polymide (Kapton)',(#3957));
#3953=FILL_AREA_STYLE('Carbon Fiber - Plain',(#3958));
#3954=FILL_AREA_STYLE('Tough 2000 (with Formlabs SLA 3D Printers)',(#3959));
#3955=FILL_AREA_STYLE_COLOUR('ABS (White)',#3960);
#3956=FILL_AREA_STYLE_COLOUR('Paint - Enamel Glossy (Black)',#3961);
#3957=FILL_AREA_STYLE_COLOUR('Polymide (Kapton)',#3962);
#3958=FILL_AREA_STYLE_COLOUR('Carbon Fiber - Plain',#3963);
#3959=FILL_AREA_STYLE_COLOUR(
'Tough 2000 (with Formlabs SLA 3D Printers)',#3964);
#3960=COLOUR_RGB('ABS (White)',0.964705882352941,0.964705882352941,0.952941176470588);
#3961=COLOUR_RGB('Paint - Enamel Glossy (Black)',0.0980392156862745,0.0980392156862745,
0.0980392156862745);
#3962=COLOUR_RGB('Polymide (Kapton)',0.784313725490196,0.556862745098039,
0.0274509803921569);
#3963=COLOUR_RGB('Carbon Fiber - Plain',0.0980392156862745,0.0980392156862745,
0.0980392156862745);
#3964=COLOUR_RGB('Tough 2000 (with Formlabs SLA 3D Printers)',0.247058823529412,
0.247058823529412,0.247058823529412);
ENDSEC;
END-ISO-10303-21;
